iteration,avg_val_score,retrained_test_score,cv_ensembled_test_score,dataset_id,repetition,outer_fold,optimizer,metric,problem_type,model,mitigation,reshuffling,inner_split,selection_set_size,random_state,outer_n_folds,outer_n_repeats,experiment_source,raw_experiment_id,experiment_id,normalized_avg_val_score,normalized_retrained_test_score,normalized_cv_ensembled_test_score
0,0.244451530612245,0.2142949047864129,0.21709341224909928,363700,1,0,smac,roc_auc,binary,LGBM,,False,cv,0.0,78,3,3,LGBM_363700_20260405_160514,363700_rep1_fold0_smac_roc_auc_cv,LGBM_363700_20260405_160514::363700_rep1_fold0_smac_roc_auc_cv,0.9836951405507198,0.19523677651620325,0.1959747916243106
1,0.24156776841171246,0.21243995539543659,0.2185838051123693,363700,1,0,smac,roc_auc,binary,LGBM,,False,cv,0.0,78,3,3,LGBM_363700_20260405_160514,363700_rep1_fold0_smac_roc_auc_cv,LGBM_363700_20260405_160514::363700_rep1_fold0_smac_roc_auc_cv,0.957687389281928,0.14732761008030906,0.22423256759503943
2,0.24156776841171246,0.21243995539543659,0.2185838051123693,363700,1,0,smac,roc_auc,binary,LGBM,,False,cv,0.0,78,3,3,LGBM_363700_20260405_160514,363700_rep1_fold0_smac_roc_auc_cv,LGBM_363700_20260405_160514::363700_rep1_fold0_smac_roc_auc_cv,0.957687389281928,0.14732761008030906,0.22423256759503943
3,0.23739185891748016,0.21493823983530624,0.21817635958140336,363700,1,0,smac,roc_auc,binary,LGBM,,False,cv,0.0,78,3,3,LGBM_363700_20260405_160514,363700_rep1_fold0_smac_roc_auc_cv,LGBM_363700_20260405_160514::363700_rep1_fold0_smac_roc_auc_cv,0.9200261648484697,0.2118526723899197,0.21650742020735741
4,0.2363575865128661,0.2080331103105164,0.2105850060044605,363700,1,0,smac,roc_auc,binary,LGBM,,False,cv,0.0,78,3,3,LGBM_363700_20260405_160514,363700_rep1_fold0_smac_roc_auc_cv,LGBM_363700_20260405_160514::363700_rep1_fold0_smac_roc_auc_cv,0.910698384826105,0.033508723345333835,0.07257572677373306
5,0.2363575865128661,0.2080331103105164,0.2105850060044605,363700,1,0,smac,roc_auc,binary,LGBM,,False,cv,0.0,78,3,3,LGBM_363700_20260405_160514,363700_rep1_fold0_smac_roc_auc_cv,LGBM_363700_20260405_160514::363700_rep1_fold0_smac_roc_auc_cv,0.910698384826105,0.033508723345333835,0.07257572677373306
6,0.23647959183673484,0.20914822439526504,0.21302967919025562,363700,1,0,smac,roc_auc,binary,LGBM,,False,cv,0.0,78,3,3,LGBM_363700_20260405_160514,363700_rep1_fold0_smac_roc_auc_cv,LGBM_363700_20260405_160514::363700_rep1_fold0_smac_roc_auc_cv,0.9117987127644006,0.06230960952644596,0.11892661109981462
7,0.23647959183673484,0.20914822439526504,0.21302967919025562,363700,1,0,smac,roc_auc,binary,LGBM,,False,cv,0.0,78,3,3,LGBM_363700_20260405_160514,363700_rep1_fold0_smac_roc_auc_cv,LGBM_363700_20260405_160514::363700_rep1_fold0_smac_roc_auc_cv,0.9117987127644006,0.06230960952644596,0.11892661109981462
8,0.23647959183673484,0.20914822439526504,0.21302967919025562,363700,1,0,smac,roc_auc,binary,LGBM,,False,cv,0.0,78,3,3,LGBM_363700_20260405_160514,363700_rep1_fold0_smac_roc_auc_cv,LGBM_363700_20260405_160514::363700_rep1_fold0_smac_roc_auc_cv,0.9117987127644006,0.06230960952644596,0.11892661109981462
9,0.23647959183673484,0.20914822439526504,0.21302967919025562,363700,1,0,smac,roc_auc,binary,LGBM,,False,cv,0.0,78,3,3,LGBM_363700_20260405_160514,363700_rep1_fold0_smac_roc_auc_cv,LGBM_363700_20260405_160514::363700_rep1_fold0_smac_roc_auc_cv,0.9117987127644006,0.06230960952644596,0.11892661109981462
10,0.23647959183673484,0.20914822439526504,0.21302967919025562,363700,1,0,smac,roc_auc,binary,LGBM,,False,cv,0.0,78,3,3,LGBM_363700_20260405_160514,363700_rep1_fold0_smac_roc_auc_cv,LGBM_363700_20260405_160514::363700_rep1_fold0_smac_roc_auc_cv,0.9117987127644006,0.06230960952644596,0.11892661109981462
11,0.23538154392191657,0.21249356664951113,0.21361940298507465,363700,1,0,smac,roc_auc,binary,LGBM,,False,cv,0.0,78,3,3,LGBM_363700_20260405_160514,363700_rep1_fold0_smac_roc_auc_cv,LGBM_363700_20260405_160514::363700_rep1_fold0_smac_roc_auc_cv,0.9018957613197444,0.14871226806978805,0.1301077454767209
12,0.23538154392191657,0.21249356664951113,0.21361940298507465,363700,1,0,smac,roc_auc,binary,LGBM,,False,cv,0.0,78,3,3,LGBM_363700_20260405_160514,363700_rep1_fold0_smac_roc_auc_cv,LGBM_363700_20260405_160514::363700_rep1_fold0_smac_roc_auc_cv,0.9018957613197444,0.14871226806978805,0.1301077454767209
13,0.23538154392191657,0.21249356664951113,0.21361940298507465,363700,1,0,smac,roc_auc,binary,LGBM,,False,cv,0.0,78,3,3,LGBM_363700_20260405_160514,363700_rep1_fold0_smac_roc_auc_cv,LGBM_363700_20260405_160514::363700_rep1_fold0_smac_roc_auc_cv,0.9018957613197444,0.14871226806978805,0.1301077454767209
14,0.23538154392191657,0.21249356664951113,0.21361940298507465,363700,1,0,smac,roc_auc,binary,LGBM,,False,cv,0.0,78,3,3,LGBM_363700_20260405_160514,363700_rep1_fold0_smac_roc_auc_cv,LGBM_363700_20260405_160514::363700_rep1_fold0_smac_roc_auc_cv,0.9018957613197444,0.14871226806978805,0.1301077454767209
15,0.23567823868677895,0.21663235546405912,0.21695402298850575,363700,1,0,smac,roc_auc,binary,LGBM,,False,cv,0.0,78,3,3,LGBM_363700_20260405_160514,363700_rep1_fold0_smac_roc_auc_cv,LGBM_363700_20260405_160514::363700_rep1_fold0_smac_roc_auc_cv,0.9045715588060518,0.2556078648573826,0.19333197804431557
16,0.23567823868677895,0.21663235546405912,0.21695402298850575,363700,1,0,smac,roc_auc,binary,LGBM,,False,cv,0.0,78,3,3,LGBM_363700_20260405_160514,363700_rep1_fold0_smac_roc_auc_cv,LGBM_363700_20260405_160514::363700_rep1_fold0_smac_roc_auc_cv,0.9045715588060518,0.2556078648573826,0.19333197804431557
17,0.23535658828748895,0.21574240864642313,0.2177903585520672,363700,1,0,smac,roc_auc,binary,LGBM,,False,cv,0.0,78,3,3,LGBM_363700_20260405_160514,363700_rep1_fold0_smac_roc_auc_cv,LGBM_363700_20260405_160514::363700_rep1_fold0_smac_roc_auc_cv,0.9016706942414573,0.23262254223207027,0.20918885952429003
18,0.23535658828748895,0.21574240864642313,0.2177903585520672,363700,1,0,smac,roc_auc,binary,LGBM,,False,cv,0.0,78,3,3,LGBM_363700_20260405_160514,363700_rep1_fold0_smac_roc_auc_cv,LGBM_363700_20260405_160514::363700_rep1_fold0_smac_roc_auc_cv,0.9016706942414573,0.23262254223207027,0.20918885952429003
19,0.2353260869565218,0.21300823468862573,0.21253645565277057,363700,1,0,smac,roc_auc,binary,LGBM,,False,cv,0.0,78,3,3,LGBM_363700_20260405_160514,363700_rep1_fold0_smac_roc_auc_cv,LGBM_363700_20260405_160514::363700_rep1_fold0_smac_roc_auc_cv,0.9013956122568837,0.1620049847687589,0.10957511689367412
20,0.2353260869565218,0.21300823468862573,0.21253645565277057,363700,1,0,smac,roc_auc,binary,LGBM,,False,cv,0.0,78,3,3,LGBM_363700_20260405_160514,363700_rep1_fold0_smac_roc_auc_cv,LGBM_363700_20260405_160514::363700_rep1_fold0_smac_roc_auc_cv,0.9013956122568837,0.1620049847687589,0.10957511689367412
21,0.23392857142857137,0.21455223880597019,0.21240778864299192,363700,1,0,smac,roc_auc,binary,LGBM,,False,cv,0.0,78,3,3,LGBM_363700_20260405_160514,363700_rep1_fold0_smac_roc_auc_cv,LGBM_363700_20260405_160514::363700_rep1_fold0_smac_roc_auc_cv,0.8887918558727766,0.20188313486568868,0.10713559666598639
22,0.23392857142857137,0.21455223880597019,0.21240778864299192,363700,1,0,smac,roc_auc,binary,LGBM,,False,cv,0.0,78,3,3,LGBM_363700_20260405_160514,363700_rep1_fold0_smac_roc_auc_cv,LGBM_363700_20260405_160514::363700_rep1_fold0_smac_roc_auc_cv,0.8887918558727766,0.20188313486568868,0.10713559666598639
23,0.23392857142857137,0.21455223880597019,0.21240778864299192,363700,1,0,smac,roc_auc,binary,LGBM,,False,cv,0.0,78,3,3,LGBM_363700_20260405_160514,363700_rep1_fold0_smac_roc_auc_cv,LGBM_363700_20260405_160514::363700_rep1_fold0_smac_roc_auc_cv,0.8887918558727766,0.20188313486568868,0.10713559666598639
24,0.23392857142857137,0.21455223880597019,0.21240778864299192,363700,1,0,smac,roc_auc,binary,LGBM,,False,cv,0.0,78,3,3,LGBM_363700_20260405_160514,363700_rep1_fold0_smac_roc_auc_cv,LGBM_363700_20260405_160514::363700_rep1_fold0_smac_roc_auc_cv,0.8887918558727766,0.20188313486568868,0.10713559666598639
25,0.23309117125110923,0.21431634928804255,0.211807342597358,363700,1,0,smac,roc_auc,binary,LGBM,,False,cv,0.0,78,3,3,LGBM_363700_20260405_160514,363700_rep1_fold0_smac_roc_auc_cv,LGBM_363700_20260405_160514::363700_rep1_fold0_smac_roc_auc_cv,0.8812396050235715,0.19579063971199084,0.09575116893677278
26,0.22869343389529728,0.21966675244467315,0.2091696688968947,363700,1,0,smac,roc_auc,binary,LGBM,,False,cv,0.0,78,3,3,LGBM_363700_20260405_160514,363700_rep1_fold0_smac_roc_auc_cv,LGBM_363700_20260405_160514::363700_rep1_fold0_smac_roc_auc_cv,0.8415777843386656,0.33397950706175455,0.04574100426915542
27,0.22869343389529728,0.21966675244467315,0.2091696688968947,363700,1,0,smac,roc_auc,binary,LGBM,,False,cv,0.0,78,3,3,LGBM_363700_20260405_160514,363700_rep1_fold0_smac_roc_auc_cv,LGBM_363700_20260405_160514::363700_rep1_fold0_smac_roc_auc_cv,0.8415777843386656,0.33397950706175455,0.04574100426915542
28,0.22869343389529728,0.21966675244467315,0.2091696688968947,363700,1,0,smac,roc_auc,binary,LGBM,,False,cv,0.0,78,3,3,LGBM_363700_20260405_160514,363700_rep1_fold0_smac_roc_auc_cv,LGBM_363700_20260405_160514::363700_rep1_fold0_smac_roc_auc_cv,0.8415777843386656,0.33397950706175455,0.04574100426915542
29,0.22869343389529728,0.21966675244467315,0.2091696688968947,363700,1,0,smac,roc_auc,binary,LGBM,,False,cv,0.0,78,3,3,LGBM_363700_20260405_160514,363700_rep1_fold0_smac_roc_auc_cv,LGBM_363700_20260405_160514::363700_rep1_fold0_smac_roc_auc_cv,0.8415777843386656,0.33397950706175455,0.04574100426915542
30,0.22869343389529728,0.21966675244467315,0.2091696688968947,363700,1,0,smac,roc_auc,binary,LGBM,,False,cv,0.0,78,3,3,LGBM_363700_20260405_160514,363700_rep1_fold0_smac_roc_auc_cv,LGBM_363700_20260405_160514::363700_rep1_fold0_smac_roc_auc_cv,0.8415777843386656,0.33397950706175455,0.04574100426915542
31,0.22869343389529728,0.21966675244467315,0.2091696688968947,363700,1,0,smac,roc_auc,binary,LGBM,,False,cv,0.0,78,3,3,LGBM_363700_20260405_160514,363700_rep1_fold0_smac_roc_auc_cv,LGBM_363700_20260405_160514::363700_rep1_fold0_smac_roc_auc_cv,0.8415777843386656,0.33397950706175455,0.04574100426915542
32,0.22768411712511094,0.21519557385486343,0.21197889861039632,363700,1,0,smac,roc_auc,binary,LGBM,,False,cv,0.0,78,3,3,LGBM_363700_20260405_160514,363700_rep1_fold0_smac_roc_auc_cv,LGBM_363700_20260405_160514::363700_rep1_fold0_smac_roc_auc_cv,0.832475071394589,0.21849903073940224,0.09900386257369186
33,0.22768411712511094,0.21519557385486343,0.21197889861039632,363700,1,0,smac,roc_auc,binary,LGBM,,False,cv,0.0,78,3,3,LGBM_363700_20260405_160514,363700_rep1_fold0_smac_roc_auc_cv,LGBM_363700_20260405_160514::363700_rep1_fold0_smac_roc_auc_cv,0.832475071394589,0.21849903073940224,0.09900386257369186
34,0.22768411712511094,0.21519557385486343,0.21197889861039632,363700,1,0,smac,roc_auc,binary,LGBM,,False,cv,0.0,78,3,3,LGBM_363700_20260405_160514,363700_rep1_fold0_smac_roc_auc_cv,LGBM_363700_20260405_160514::363700_rep1_fold0_smac_roc_auc_cv,0.832475071394589,0.21849903073940224,0.09900386257369186
35,0.22768411712511094,0.21519557385486343,0.21197889861039632,363700,1,0,smac,roc_auc,binary,LGBM,,False,cv,0.0,78,3,3,LGBM_363700_20260405_160514,363700_rep1_fold0_smac_roc_auc_cv,LGBM_363700_20260405_160514::363700_rep1_fold0_smac_roc_auc_cv,0.832475071394589,0.21849903073940224,0.09900386257369186
36,0.22768411712511094,0.21519557385486343,0.21197889861039632,363700,1,0,smac,roc_auc,binary,LGBM,,False,cv,0.0,78,3,3,LGBM_363700_20260405_160514,363700_rep1_fold0_smac_roc_auc_cv,LGBM_363700_20260405_160514::363700_rep1_fold0_smac_roc_auc_cv,0.832475071394589,0.21849903073940224,0.09900386257369186
37,0.22768411712511094,0.21519557385486343,0.21197889861039632,363700,1,0,smac,roc_auc,binary,LGBM,,False,cv,0.0,78,3,3,LGBM_363700_20260405_160514,363700_rep1_fold0_smac_roc_auc_cv,LGBM_363700_20260405_160514::363700_rep1_fold0_smac_roc_auc_cv,0.832475071394589,0.21849903073940224,0.09900386257369186
38,0.22768411712511094,0.21519557385486343,0.21197889861039632,363700,1,0,smac,roc_auc,binary,LGBM,,False,cv,0.0,78,3,3,LGBM_363700_20260405_160514,363700_rep1_fold0_smac_roc_auc_cv,LGBM_363700_20260405_160514::363700_rep1_fold0_smac_roc_auc_cv,0.832475071394589,0.21849903073940224,0.09900386257369186
39,0.22768411712511094,0.21519557385486343,0.21197889861039632,363700,1,0,smac,roc_auc,binary,LGBM,,False,cv,0.0,78,3,3,LGBM_363700_20260405_160514,363700_rep1_fold0_smac_roc_auc_cv,LGBM_363700_20260405_160514::363700_rep1_fold0_smac_roc_auc_cv,0.832475071394589,0.21849903073940224,0.09900386257369186
40,0.22768411712511094,0.21519557385486343,0.21197889861039632,363700,1,0,smac,roc_auc,binary,LGBM,,False,cv,0.0,78,3,3,LGBM_363700_20260405_160514,363700_rep1_fold0_smac_roc_auc_cv,LGBM_363700_20260405_160514::363700_rep1_fold0_smac_roc_auc_cv,0.832475071394589,0.21849903073940224,0.09900386257369186
41,0.22768411712511094,0.21519557385486343,0.21197889861039632,363700,1,0,smac,roc_auc,binary,LGBM,,False,cv,0.0,78,3,3,LGBM_363700_20260405_160514,363700_rep1_fold0_smac_roc_auc_cv,LGBM_363700_20260405_160514::363700_rep1_fold0_smac_roc_auc_cv,0.832475071394589,0.21849903073940224,0.09900386257369186
42,0.22732364685004436,0.214369960542117,0.21281523417395787,363700,1,0,smac,roc_auc,binary,LGBM,,False,cv,0.0,78,3,3,LGBM_363700_20260405_160514,363700_rep1_fold0_smac_roc_auc_cv,LGBM_363700_20260405_160514::363700_rep1_fold0_smac_roc_auc_cv,0.8292241024859899,0.19717529770146697,0.1148607440536684
43,0.22732364685004436,0.214369960542117,0.21281523417395787,363700,1,0,smac,roc_auc,binary,LGBM,,False,cv,0.0,78,3,3,LGBM_363700_20260405_160514,363700_rep1_fold0_smac_roc_auc_cv,LGBM_363700_20260405_160514::363700_rep1_fold0_smac_roc_auc_cv,0.8292241024859899,0.19717529770146697,0.1148607440536684
44,0.22732364685004436,0.214369960542117,0.21281523417395787,363700,1,0,smac,roc_auc,binary,LGBM,,False,cv,0.0,78,3,3,LGBM_363700_20260405_160514,363700_rep1_fold0_smac_roc_auc_cv,LGBM_363700_20260405_160514::363700_rep1_fold0_smac_roc_auc_cv,0.8292241024859899,0.19717529770146697,0.1148607440536684
45,0.22732364685004436,0.214369960542117,0.21281523417395787,363700,1,0,smac,roc_auc,binary,LGBM,,False,cv,0.0,78,3,3,LGBM_363700_20260405_160514,363700_rep1_fold0_smac_roc_auc_cv,LGBM_363700_20260405_160514::363700_rep1_fold0_smac_roc_auc_cv,0.8292241024859899,0.19717529770146697,0.1148607440536684
46,0.22732364685004436,0.214369960542117,0.21281523417395787,363700,1,0,smac,roc_auc,binary,LGBM,,False,cv,0.0,78,3,3,LGBM_363700_20260405_160514,363700_rep1_fold0_smac_roc_auc_cv,LGBM_363700_20260405_160514::363700_rep1_fold0_smac_roc_auc_cv,0.8292241024859899,0.19717529770146697,0.1148607440536684
47,0.22732364685004436,0.214369960542117,0.21281523417395787,363700,1,0,smac,roc_auc,binary,LGBM,,False,cv,0.0,78,3,3,LGBM_363700_20260405_160514,363700_rep1_fold0_smac_roc_auc_cv,LGBM_363700_20260405_160514::363700_rep1_fold0_smac_roc_auc_cv,0.8292241024859899,0.19717529770146697,0.1148607440536684
48,0.22732364685004436,0.214369960542117,0.21281523417395787,363700,1,0,smac,roc_auc,binary,LGBM,,False,cv,0.0,78,3,3,LGBM_363700_20260405_160514,363700_rep1_fold0_smac_roc_auc_cv,LGBM_363700_20260405_160514::363700_rep1_fold0_smac_roc_auc_cv,0.8292241024859899,0.19717529770146697,0.1148607440536684
49,0.22732364685004436,0.214369960542117,0.21281523417395787,363700,1,0,smac,roc_auc,binary,LGBM,,False,cv,0.0,78,3,3,LGBM_363700_20260405_160514,363700_rep1_fold0_smac_roc_auc_cv,LGBM_363700_20260405_160514::363700_rep1_fold0_smac_roc_auc_cv,0.8292241024859899,0.19717529770146697,0.1148607440536684
50,0.22732364685004436,0.214369960542117,0.21281523417395787,363700,1,0,smac,roc_auc,binary,LGBM,,False,cv,0.0,78,3,3,LGBM_363700_20260405_160514,363700_rep1_fold0_smac_roc_auc_cv,LGBM_363700_20260405_160514::363700_rep1_fold0_smac_roc_auc_cv,0.8292241024859899,0.19717529770146697,0.1148607440536684
51,0.22732364685004436,0.214369960542117,0.21281523417395787,363700,1,0,smac,roc_auc,binary,LGBM,,False,cv,0.0,78,3,3,LGBM_363700_20260405_160514,363700_rep1_fold0_smac_roc_auc_cv,LGBM_363700_20260405_160514::363700_rep1_fold0_smac_roc_auc_cv,0.8292241024859899,0.19717529770146697,0.1148607440536684
52,0.22732364685004436,0.214369960542117,0.21281523417395787,363700,1,0,smac,roc_auc,binary,LGBM,,False,cv,0.0,78,3,3,LGBM_363700_20260405_160514,363700_rep1_fold0_smac_roc_auc_cv,LGBM_363700_20260405_160514::363700_rep1_fold0_smac_roc_auc_cv,0.8292241024859899,0.19717529770146697,0.1148607440536684
53,0.22732364685004436,0.214369960542117,0.21281523417395787,363700,1,0,smac,roc_auc,binary,LGBM,,False,cv,0.0,78,3,3,LGBM_363700_20260405_160514,363700_rep1_fold0_smac_roc_auc_cv,LGBM_363700_20260405_160514::363700_rep1_fold0_smac_roc_auc_cv,0.8292241024859899,0.19717529770146697,0.1148607440536684
54,0.22713509316770208,0.21403757076685537,0.21309401269514494,363700,1,0,smac,roc_auc,binary,LGBM,,False,cv,0.0,78,3,3,LGBM_363700_20260405_160514,363700_rep1_fold0_smac_roc_auc_cv,LGBM_363700_20260405_160514::363700_rep1_fold0_smac_roc_auc_cv,0.8275235956722633,0.1885904181667121,0.12014637121365848
55,0.22610636645962723,0.20963072568193508,0.21039200548979242,363700,1,0,smac,roc_auc,binary,LGBM,,False,cv,0.0,78,3,3,LGBM_363700_20260405_160514,363700_rep1_fold0_smac_roc_auc_cv,LGBM_363700_20260405_160514::363700_rep1_fold0_smac_roc_auc_cv,0.8182458305561823,0.074771531431734,0.06891644643219937
56,0.225463065661047,0.21396251501115104,0.2093626694115629,363700,1,0,smac,roc_auc,binary,LGBM,,False,cv,0.0,78,3,3,LGBM_363700_20260405_160514,363700_rep1_fold0_smac_roc_auc_cv,LGBM_363700_20260405_160514::363700_rep1_fold0_smac_roc_auc_cv,0.8124441014269914,0.18665189698144263,0.04940028461069122
57,0.225463065661047,0.21396251501115104,0.2093626694115629,363700,1,0,smac,roc_auc,binary,LGBM,,False,cv,0.0,78,3,3,LGBM_363700_20260405_160514,363700_rep1_fold0_smac_roc_auc_cv,LGBM_363700_20260405_160514::363700_rep1_fold0_smac_roc_auc_cv,0.8124441014269914,0.18665189698144263,0.04940028461069122
58,0.225463065661047,0.21396251501115104,0.2093626694115629,363700,1,0,smac,roc_auc,binary,LGBM,,False,cv,0.0,78,3,3,LGBM_363700_20260405_160514,363700_rep1_fold0_smac_roc_auc_cv,LGBM_363700_20260405_160514::363700_rep1_fold0_smac_roc_auc_cv,0.8124441014269914,0.18665189698144263,0.04940028461069122
59,0.225463065661047,0.21396251501115104,0.2093626694115629,363700,1,0,smac,roc_auc,binary,LGBM,,False,cv,0.0,78,3,3,LGBM_363700_20260405_160514,363700_rep1_fold0_smac_roc_auc_cv,LGBM_363700_20260405_160514::363700_rep1_fold0_smac_roc_auc_cv,0.8124441014269914,0.18665189698144263,0.04940028461069122
60,0.225463065661047,0.21396251501115104,0.2093626694115629,363700,1,0,smac,roc_auc,binary,LGBM,,False,cv,0.0,78,3,3,LGBM_363700_20260405_160514,363700_rep1_fold0_smac_roc_auc_cv,LGBM_363700_20260405_160514::363700_rep1_fold0_smac_roc_auc_cv,0.8124441014269914,0.18665189698144263,0.04940028461069122
61,0.225463065661047,0.21396251501115104,0.2093626694115629,363700,1,0,smac,roc_auc,binary,LGBM,,False,cv,0.0,78,3,3,LGBM_363700_20260405_160514,363700_rep1_fold0_smac_roc_auc_cv,LGBM_363700_20260405_160514::363700_rep1_fold0_smac_roc_auc_cv,0.8124441014269914,0.18665189698144263,0.04940028461069122
62,0.225463065661047,0.21396251501115104,0.2093626694115629,363700,1,0,smac,roc_auc,binary,LGBM,,False,cv,0.0,78,3,3,LGBM_363700_20260405_160514,363700_rep1_fold0_smac_roc_auc_cv,LGBM_363700_20260405_160514::363700_rep1_fold0_smac_roc_auc_cv,0.8124441014269914,0.18665189698144263,0.04940028461069122
63,0.225463065661047,0.21396251501115104,0.2093626694115629,363700,1,0,smac,roc_auc,binary,LGBM,,False,cv,0.0,78,3,3,LGBM_363700_20260405_160514,363700_rep1_fold0_smac_roc_auc_cv,LGBM_363700_20260405_160514::363700_rep1_fold0_smac_roc_auc_cv,0.8124441014269914,0.18665189698144263,0.04940028461069122
64,0.225463065661047,0.21396251501115104,0.2093626694115629,363700,1,0,smac,roc_auc,binary,LGBM,,False,cv,0.0,78,3,3,LGBM_363700_20260405_160514,363700_rep1_fold0_smac_roc_auc_cv,LGBM_363700_20260405_160514::363700_rep1_fold0_smac_roc_auc_cv,0.8124441014269914,0.18665189698144263,0.04940028461069122
65,0.225463065661047,0.21396251501115104,0.2093626694115629,363700,1,0,smac,roc_auc,binary,LGBM,,False,cv,0.0,78,3,3,LGBM_363700_20260405_160514,363700_rep1_fold0_smac_roc_auc_cv,LGBM_363700_20260405_160514::363700_rep1_fold0_smac_roc_auc_cv,0.8124441014269914,0.18665189698144263,0.04940028461069122
66,0.225463065661047,0.21396251501115104,0.2093626694115629,363700,1,0,smac,roc_auc,binary,LGBM,,False,cv,0.0,78,3,3,LGBM_363700_20260405_160514,363700_rep1_fold0_smac_roc_auc_cv,LGBM_363700_20260405_160514::363700_rep1_fold0_smac_roc_auc_cv,0.8124441014269914,0.18665189698144263,0.04940028461069122
67,0.225463065661047,0.21396251501115104,0.2093626694115629,363700,1,0,smac,roc_auc,binary,LGBM,,False,cv,0.0,78,3,3,LGBM_363700_20260405_160514,363700_rep1_fold0_smac_roc_auc_cv,LGBM_363700_20260405_160514::363700_rep1_fold0_smac_roc_auc_cv,0.8124441014269914,0.18665189698144263,0.04940028461069122
68,0.225463065661047,0.21396251501115104,0.2093626694115629,363700,1,0,smac,roc_auc,binary,LGBM,,False,cv,0.0,78,3,3,LGBM_363700_20260405_160514,363700_rep1_fold0_smac_roc_auc_cv,LGBM_363700_20260405_160514::363700_rep1_fold0_smac_roc_auc_cv,0.8124441014269914,0.18665189698144263,0.04940028461069122
69,0.225463065661047,0.21396251501115104,0.2093626694115629,363700,1,0,smac,roc_auc,binary,LGBM,,False,cv,0.0,78,3,3,LGBM_363700_20260405_160514,363700_rep1_fold0_smac_roc_auc_cv,LGBM_363700_20260405_160514::363700_rep1_fold0_smac_roc_auc_cv,0.8124441014269914,0.18665189698144263,0.04940028461069122
70,0.22535492457852713,0.211914565105507,0.20822611082518439,363700,1,0,smac,roc_auc,binary,LGBM,,False,cv,0.0,78,3,3,LGBM_363700_20260405_160514,363700_rep1_fold0_smac_roc_auc_cv,LGBM_363700_20260405_160514::363700_rep1_fold0_smac_roc_auc_cv,0.8114688107544125,0.1337579617834401,0.027851189266107874
71,0.22535492457852713,0.211914565105507,0.20822611082518439,363700,1,0,smac,roc_auc,binary,LGBM,,False,cv,0.0,78,3,3,LGBM_363700_20260405_160514,363700_rep1_fold0_smac_roc_auc_cv,LGBM_363700_20260405_160514::363700_rep1_fold0_smac_roc_auc_cv,0.8114688107544125,0.1337579617834401,0.027851189266107874
72,0.22535492457852713,0.211914565105507,0.20822611082518439,363700,1,0,smac,roc_auc,binary,LGBM,,False,cv,0.0,78,3,3,LGBM_363700_20260405_160514,363700_rep1_fold0_smac_roc_auc_cv,LGBM_363700_20260405_160514::363700_rep1_fold0_smac_roc_auc_cv,0.8114688107544125,0.1337579617834401,0.027851189266107874
73,0.22535492457852713,0.211914565105507,0.20822611082518439,363700,1,0,smac,roc_auc,binary,LGBM,,False,cv,0.0,78,3,3,LGBM_363700_20260405_160514,363700_rep1_fold0_smac_roc_auc_cv,LGBM_363700_20260405_160514::363700_rep1_fold0_smac_roc_auc_cv,0.8114688107544125,0.1337579617834401,0.027851189266107874
74,0.22535492457852713,0.211914565105507,0.20822611082518439,363700,1,0,smac,roc_auc,binary,LGBM,,False,cv,0.0,78,3,3,LGBM_363700_20260405_160514,363700_rep1_fold0_smac_roc_auc_cv,LGBM_363700_20260405_160514::363700_rep1_fold0_smac_roc_auc_cv,0.8114688107544125,0.1337579617834401,0.027851189266107874
75,0.22535492457852713,0.211914565105507,0.20822611082518439,363700,1,0,smac,roc_auc,binary,LGBM,,False,cv,0.0,78,3,3,LGBM_363700_20260405_160514,363700_rep1_fold0_smac_roc_auc_cv,LGBM_363700_20260405_160514::363700_rep1_fold0_smac_roc_auc_cv,0.8114688107544125,0.1337579617834401,0.027851189266107874
76,0.22318378438331865,0.21731857951621203,0.21380168124892773,363700,1,0,smac,roc_auc,binary,LGBM,,False,cv,0.0,78,3,3,LGBM_363700_20260405_160514,363700_rep1_fold0_smac_roc_auc_cv,LGBM_363700_20260405_160514::363700_rep1_fold0_smac_roc_auc_cv,0.7918879749433908,0.27333148712267996,0.1335637324659452
77,0.22318378438331865,0.21731857951621203,0.21380168124892773,363700,1,0,smac,roc_auc,binary,LGBM,,False,cv,0.0,78,3,3,LGBM_363700_20260405_160514,363700_rep1_fold0_smac_roc_auc_cv,LGBM_363700_20260405_160514::363700_rep1_fold0_smac_roc_auc_cv,0.7918879749433908,0.27333148712267996,0.1335637324659452
78,0.22318378438331865,0.21731857951621203,0.21380168124892773,363700,1,0,smac,roc_auc,binary,LGBM,,False,cv,0.0,78,3,3,LGBM_363700_20260405_160514,363700_rep1_fold0_smac_roc_auc_cv,LGBM_363700_20260405_160514::363700_rep1_fold0_smac_roc_auc_cv,0.7918879749433908,0.27333148712267996,0.1335637324659452
79,0.22318378438331865,0.21731857951621203,0.21380168124892773,363700,1,0,smac,roc_auc,binary,LGBM,,False,cv,0.0,78,3,3,LGBM_363700_20260405_160514,363700_rep1_fold0_smac_roc_auc_cv,LGBM_363700_20260405_160514::363700_rep1_fold0_smac_roc_auc_cv,0.7918879749433908,0.27333148712267996,0.1335637324659452
80,0.22318378438331865,0.21731857951621203,0.21380168124892773,363700,1,0,smac,roc_auc,binary,LGBM,,False,cv,0.0,78,3,3,LGBM_363700_20260405_160514,363700_rep1_fold0_smac_roc_auc_cv,LGBM_363700_20260405_160514::363700_rep1_fold0_smac_roc_auc_cv,0.7918879749433908,0.27333148712267996,0.1335637324659452
81,0.22318378438331865,0.21731857951621203,0.21380168124892773,363700,1,0,smac,roc_auc,binary,LGBM,,False,cv,0.0,78,3,3,LGBM_363700_20260405_160514,363700_rep1_fold0_smac_roc_auc_cv,LGBM_363700_20260405_160514::363700_rep1_fold0_smac_roc_auc_cv,0.7918879749433908,0.27333148712267996,0.1335637324659452
82,0.22318378438331865,0.21731857951621203,0.21380168124892773,363700,1,0,smac,roc_auc,binary,LGBM,,False,cv,0.0,78,3,3,LGBM_363700_20260405_160514,363700_rep1_fold0_smac_roc_auc_cv,LGBM_363700_20260405_160514::363700_rep1_fold0_smac_roc_auc_cv,0.7918879749433908,0.27333148712267996,0.1335637324659452
83,0.22318378438331865,0.21731857951621203,0.21380168124892773,363700,1,0,smac,roc_auc,binary,LGBM,,False,cv,0.0,78,3,3,LGBM_363700_20260405_160514,363700_rep1_fold0_smac_roc_auc_cv,LGBM_363700_20260405_160514::363700_rep1_fold0_smac_roc_auc_cv,0.7918879749433908,0.27333148712267996,0.1335637324659452
84,0.22318378438331865,0.21731857951621203,0.21380168124892773,363700,1,0,smac,roc_auc,binary,LGBM,,False,cv,0.0,78,3,3,LGBM_363700_20260405_160514,363700_rep1_fold0_smac_roc_auc_cv,LGBM_363700_20260405_160514::363700_rep1_fold0_smac_roc_auc_cv,0.7918879749433908,0.27333148712267996,0.1335637324659452
85,0.22318378438331865,0.21731857951621203,0.21380168124892773,363700,1,0,smac,roc_auc,binary,LGBM,,False,cv,0.0,78,3,3,LGBM_363700_20260405_160514,363700_rep1_fold0_smac_roc_auc_cv,LGBM_363700_20260405_160514::363700_rep1_fold0_smac_roc_auc_cv,0.7918879749433908,0.27333148712267996,0.1335637324659452
86,0.22318378438331865,0.21731857951621203,0.21380168124892773,363700,1,0,smac,roc_auc,binary,LGBM,,False,cv,0.0,78,3,3,LGBM_363700_20260405_160514,363700_rep1_fold0_smac_roc_auc_cv,LGBM_363700_20260405_160514::363700_rep1_fold0_smac_roc_auc_cv,0.7918879749433908,0.27333148712267996,0.1335637324659452
87,0.22318378438331865,0.21731857951621203,0.21380168124892773,363700,1,0,smac,roc_auc,binary,LGBM,,False,cv,0.0,78,3,3,LGBM_363700_20260405_160514,363700_rep1_fold0_smac_roc_auc_cv,LGBM_363700_20260405_160514::363700_rep1_fold0_smac_roc_auc_cv,0.7918879749433908,0.27333148712267996,0.1335637324659452
88,0.22318378438331865,0.21731857951621203,0.21380168124892773,363700,1,0,smac,roc_auc,binary,LGBM,,False,cv,0.0,78,3,3,LGBM_363700_20260405_160514,363700_rep1_fold0_smac_roc_auc_cv,LGBM_363700_20260405_160514::363700_rep1_fold0_smac_roc_auc_cv,0.7918879749433908,0.27333148712267996,0.1335637324659452
89,0.22318378438331865,0.21731857951621203,0.21380168124892773,363700,1,0,smac,roc_auc,binary,LGBM,,False,cv,0.0,78,3,3,LGBM_363700_20260405_160514,363700_rep1_fold0_smac_roc_auc_cv,LGBM_363700_20260405_160514::363700_rep1_fold0_smac_roc_auc_cv,0.7918879749433908,0.27333148712267996,0.1335637324659452
90,0.22318378438331865,0.21731857951621203,0.21380168124892773,363700,1,0,smac,roc_auc,binary,LGBM,,False,cv,0.0,78,3,3,LGBM_363700_20260405_160514,363700_rep1_fold0_smac_roc_auc_cv,LGBM_363700_20260405_160514::363700_rep1_fold0_smac_roc_auc_cv,0.7918879749433908,0.27333148712267996,0.1335637324659452
91,0.22318378438331865,0.21731857951621203,0.21380168124892773,363700,1,0,smac,roc_auc,binary,LGBM,,False,cv,0.0,78,3,3,LGBM_363700_20260405_160514,363700_rep1_fold0_smac_roc_auc_cv,LGBM_363700_20260405_160514::363700_rep1_fold0_smac_roc_auc_cv,0.7918879749433908,0.27333148712267996,0.1335637324659452
92,0.22318378438331865,0.21731857951621203,0.21380168124892773,363700,1,0,smac,roc_auc,binary,LGBM,,False,cv,0.0,78,3,3,LGBM_363700_20260405_160514,363700_rep1_fold0_smac_roc_auc_cv,LGBM_363700_20260405_160514::363700_rep1_fold0_smac_roc_auc_cv,0.7918879749433908,0.27333148712267996,0.1335637324659452
93,0.22318378438331865,0.21731857951621203,0.21380168124892773,363700,1,0,smac,roc_auc,binary,LGBM,,False,cv,0.0,78,3,3,LGBM_363700_20260405_160514,363700_rep1_fold0_smac_roc_auc_cv,LGBM_363700_20260405_160514::363700_rep1_fold0_smac_roc_auc_cv,0.7918879749433908,0.27333148712267996,0.1335637324659452
94,0.22318378438331865,0.21731857951621203,0.21380168124892773,363700,1,0,smac,roc_auc,binary,LGBM,,False,cv,0.0,78,3,3,LGBM_363700_20260405_160514,363700_rep1_fold0_smac_roc_auc_cv,LGBM_363700_20260405_160514::363700_rep1_fold0_smac_roc_auc_cv,0.7918879749433908,0.27333148712267996,0.1335637324659452
95,0.22318378438331865,0.21731857951621203,0.21380168124892773,363700,1,0,smac,roc_auc,binary,LGBM,,False,cv,0.0,78,3,3,LGBM_363700_20260405_160514,363700_rep1_fold0_smac_roc_auc_cv,LGBM_363700_20260405_160514::363700_rep1_fold0_smac_roc_auc_cv,0.7918879749433908,0.27333148712267996,0.1335637324659452
96,0.22318378438331865,0.21731857951621203,0.21380168124892773,363700,1,0,smac,roc_auc,binary,LGBM,,False,cv,0.0,78,3,3,LGBM_363700_20260405_160514,363700_rep1_fold0_smac_roc_auc_cv,LGBM_363700_20260405_160514::363700_rep1_fold0_smac_roc_auc_cv,0.7918879749433908,0.27333148712267996,0.1335637324659452
97,0.22326419698314126,0.21652513295591014,0.21328701320981303,363700,1,0,smac,roc_auc,binary,LGBM,,False,cv,0.0,78,3,3,LGBM_363700_20260405_160514,363700_rep1_fold0_smac_roc_auc_cv,LGBM_363700_20260405_160514::363700_rep1_fold0_smac_roc_auc_cv,0.7926131910845404,0.2528385488784275,0.12380565155519219
98,0.2233751109139308,0.2182192485846628,0.21503474009264023,363700,1,0,smac,roc_auc,binary,LGBM,,False,cv,0.0,78,3,3,LGBM_363700_20260405_160514,363700_rep1_fold0_smac_roc_auc_cv,LGBM_363700_20260405_160514::363700_rep1_fold0_smac_roc_auc_cv,0.7936134892102618,0.29659374134588473,0.15694246798129435
99,0.22325587843833195,0.21230056613484294,0.2165680219591697,363700,1,0,smac,roc_auc,binary,LGBM,,False,cv,0.0,78,3,3,LGBM_363700_20260405_160514,363700_rep1_fold0_smac_roc_auc_cv,LGBM_363700_20260405_160514::363700_rep1_fold0_smac_roc_auc_cv,0.7925381687251105,0.14372749930766826,0.1860134173612503
100,0.22325587843833195,0.21230056613484294,0.2165680219591697,363700,1,0,smac,roc_auc,binary,LGBM,,False,cv,0.0,78,3,3,LGBM_363700_20260405_160514,363700_rep1_fold0_smac_roc_auc_cv,LGBM_363700_20260405_160514::363700_rep1_fold0_smac_roc_auc_cv,0.7925381687251105,0.14372749930766826,0.1860134173612503
101,0.22325587843833195,0.21230056613484294,0.2165680219591697,363700,1,0,smac,roc_auc,binary,LGBM,,False,cv,0.0,78,3,3,LGBM_363700_20260405_160514,363700_rep1_fold0_smac_roc_auc_cv,LGBM_363700_20260405_160514::363700_rep1_fold0_smac_roc_auc_cv,0.7925381687251105,0.14372749930766826,0.1860134173612503
102,0.22325587843833195,0.21230056613484294,0.2165680219591697,363700,1,0,smac,roc_auc,binary,LGBM,,False,cv,0.0,78,3,3,LGBM_363700_20260405_160514,363700_rep1_fold0_smac_roc_auc_cv,LGBM_363700_20260405_160514::363700_rep1_fold0_smac_roc_auc_cv,0.7925381687251105,0.14372749930766826,0.1860134173612503
103,0.22325587843833195,0.21230056613484294,0.2165680219591697,363700,1,0,smac,roc_auc,binary,LGBM,,False,cv,0.0,78,3,3,LGBM_363700_20260405_160514,363700_rep1_fold0_smac_roc_auc_cv,LGBM_363700_20260405_160514::363700_rep1_fold0_smac_roc_auc_cv,0.7925381687251105,0.14372749930766826,0.1860134173612503
104,0.22325587843833195,0.21230056613484294,0.2165680219591697,363700,1,0,smac,roc_auc,binary,LGBM,,False,cv,0.0,78,3,3,LGBM_363700_20260405_160514,363700_rep1_fold0_smac_roc_auc_cv,LGBM_363700_20260405_160514::363700_rep1_fold0_smac_roc_auc_cv,0.7925381687251105,0.14372749930766826,0.1860134173612503
105,0.22325587843833195,0.21230056613484294,0.2165680219591697,363700,1,0,smac,roc_auc,binary,LGBM,,False,cv,0.0,78,3,3,LGBM_363700_20260405_160514,363700_rep1_fold0_smac_roc_auc_cv,LGBM_363700_20260405_160514::363700_rep1_fold0_smac_roc_auc_cv,0.7925381687251105,0.14372749930766826,0.1860134173612503
106,0.22325587843833195,0.21230056613484294,0.2165680219591697,363700,1,0,smac,roc_auc,binary,LGBM,,False,cv,0.0,78,3,3,LGBM_363700_20260405_160514,363700_rep1_fold0_smac_roc_auc_cv,LGBM_363700_20260405_160514::363700_rep1_fold0_smac_roc_auc_cv,0.7925381687251105,0.14372749930766826,0.1860134173612503
107,0.22325587843833195,0.21230056613484294,0.2165680219591697,363700,1,0,smac,roc_auc,binary,LGBM,,False,cv,0.0,78,3,3,LGBM_363700_20260405_160514,363700_rep1_fold0_smac_roc_auc_cv,LGBM_363700_20260405_160514::363700_rep1_fold0_smac_roc_auc_cv,0.7925381687251105,0.14372749930766826,0.1860134173612503
108,0.22325587843833195,0.21230056613484294,0.2165680219591697,363700,1,0,smac,roc_auc,binary,LGBM,,False,cv,0.0,78,3,3,LGBM_363700_20260405_160514,363700_rep1_fold0_smac_roc_auc_cv,LGBM_363700_20260405_160514::363700_rep1_fold0_smac_roc_auc_cv,0.7925381687251105,0.14372749930766826,0.1860134173612503
109,0.22325587843833195,0.21230056613484294,0.2165680219591697,363700,1,0,smac,roc_auc,binary,LGBM,,False,cv,0.0,78,3,3,LGBM_363700_20260405_160514,363700_rep1_fold0_smac_roc_auc_cv,LGBM_363700_20260405_160514::363700_rep1_fold0_smac_roc_auc_cv,0.7925381687251105,0.14372749930766826,0.1860134173612503
110,0.22325587843833195,0.21230056613484294,0.2165680219591697,363700,1,0,smac,roc_auc,binary,LGBM,,False,cv,0.0,78,3,3,LGBM_363700_20260405_160514,363700_rep1_fold0_smac_roc_auc_cv,LGBM_363700_20260405_160514::363700_rep1_fold0_smac_roc_auc_cv,0.7925381687251105,0.14372749930766826,0.1860134173612503
111,0.22325587843833195,0.21230056613484294,0.2165680219591697,363700,1,0,smac,roc_auc,binary,LGBM,,False,cv,0.0,78,3,3,LGBM_363700_20260405_160514,363700_rep1_fold0_smac_roc_auc_cv,LGBM_363700_20260405_160514::363700_rep1_fold0_smac_roc_auc_cv,0.7925381687251105,0.14372749930766826,0.1860134173612503
112,0.22325587843833195,0.21230056613484294,0.2165680219591697,363700,1,0,smac,roc_auc,binary,LGBM,,False,cv,0.0,78,3,3,LGBM_363700_20260405_160514,363700_rep1_fold0_smac_roc_auc_cv,LGBM_363700_20260405_160514::363700_rep1_fold0_smac_roc_auc_cv,0.7925381687251105,0.14372749930766826,0.1860134173612503
113,0.22325587843833195,0.21230056613484294,0.2165680219591697,363700,1,0,smac,roc_auc,binary,LGBM,,False,cv,0.0,78,3,3,LGBM_363700_20260405_160514,363700_rep1_fold0_smac_roc_auc_cv,LGBM_363700_20260405_160514::363700_rep1_fold0_smac_roc_auc_cv,0.7925381687251105,0.14372749930766826,0.1860134173612503
114,0.22325587843833195,0.21230056613484294,0.2165680219591697,363700,1,0,smac,roc_auc,binary,LGBM,,False,cv,0.0,78,3,3,LGBM_363700_20260405_160514,363700_rep1_fold0_smac_roc_auc_cv,LGBM_363700_20260405_160514::363700_rep1_fold0_smac_roc_auc_cv,0.7925381687251105,0.14372749930766826,0.1860134173612503
115,0.22325587843833195,0.21230056613484294,0.2165680219591697,363700,1,0,smac,roc_auc,binary,LGBM,,False,cv,0.0,78,3,3,LGBM_363700_20260405_160514,363700_rep1_fold0_smac_roc_auc_cv,LGBM_363700_20260405_160514::363700_rep1_fold0_smac_roc_auc_cv,0.7925381687251105,0.14372749930766826,0.1860134173612503
116,0.22325587843833195,0.21230056613484294,0.2165680219591697,363700,1,0,smac,roc_auc,binary,LGBM,,False,cv,0.0,78,3,3,LGBM_363700_20260405_160514,363700_rep1_fold0_smac_roc_auc_cv,LGBM_363700_20260405_160514::363700_rep1_fold0_smac_roc_auc_cv,0.7925381687251105,0.14372749930766826,0.1860134173612503
117,0.22325587843833195,0.21230056613484294,0.2165680219591697,363700,1,0,smac,roc_auc,binary,LGBM,,False,cv,0.0,78,3,3,LGBM_363700_20260405_160514,363700_rep1_fold0_smac_roc_auc_cv,LGBM_363700_20260405_160514::363700_rep1_fold0_smac_roc_auc_cv,0.7925381687251105,0.14372749930766826,0.1860134173612503
118,0.22325587843833195,0.21230056613484294,0.2165680219591697,363700,1,0,smac,roc_auc,binary,LGBM,,False,cv,0.0,78,3,3,LGBM_363700_20260405_160514,363700_rep1_fold0_smac_roc_auc_cv,LGBM_363700_20260405_160514::363700_rep1_fold0_smac_roc_auc_cv,0.7925381687251105,0.14372749930766826,0.1860134173612503
119,0.22325587843833195,0.21230056613484294,0.2165680219591697,363700,1,0,smac,roc_auc,binary,LGBM,,False,cv,0.0,78,3,3,LGBM_363700_20260405_160514,363700_rep1_fold0_smac_roc_auc_cv,LGBM_363700_20260405_160514::363700_rep1_fold0_smac_roc_auc_cv,0.7925381687251105,0.14372749930766826,0.1860134173612503
120,0.22325587843833195,0.21230056613484294,0.2165680219591697,363700,1,0,smac,roc_auc,binary,LGBM,,False,cv,0.0,78,3,3,LGBM_363700_20260405_160514,363700_rep1_fold0_smac_roc_auc_cv,LGBM_363700_20260405_160514::363700_rep1_fold0_smac_roc_auc_cv,0.7925381687251105,0.14372749930766826,0.1860134173612503
121,0.22325587843833195,0.21230056613484294,0.2165680219591697,363700,1,0,smac,roc_auc,binary,LGBM,,False,cv,0.0,78,3,3,LGBM_363700_20260405_160514,363700_rep1_fold0_smac_roc_auc_cv,LGBM_363700_20260405_160514::363700_rep1_fold0_smac_roc_auc_cv,0.7925381687251105,0.14372749930766826,0.1860134173612503
122,0.22325587843833195,0.21230056613484294,0.2165680219591697,363700,1,0,smac,roc_auc,binary,LGBM,,False,cv,0.0,78,3,3,LGBM_363700_20260405_160514,363700_rep1_fold0_smac_roc_auc_cv,LGBM_363700_20260405_160514::363700_rep1_fold0_smac_roc_auc_cv,0.7925381687251105,0.14372749930766826,0.1860134173612503
123,0.22325587843833195,0.21230056613484294,0.2165680219591697,363700,1,0,smac,roc_auc,binary,LGBM,,False,cv,0.0,78,3,3,LGBM_363700_20260405_160514,363700_rep1_fold0_smac_roc_auc_cv,LGBM_363700_20260405_160514::363700_rep1_fold0_smac_roc_auc_cv,0.7925381687251105,0.14372749930766826,0.1860134173612503
124,0.22325587843833195,0.21230056613484294,0.2165680219591697,363700,1,0,smac,roc_auc,binary,LGBM,,False,cv,0.0,78,3,3,LGBM_363700_20260405_160514,363700_rep1_fold0_smac_roc_auc_cv,LGBM_363700_20260405_160514::363700_rep1_fold0_smac_roc_auc_cv,0.7925381687251105,0.14372749930766826,0.1860134173612503
125,0.22325587843833195,0.21230056613484294,0.2165680219591697,363700,1,0,smac,roc_auc,binary,LGBM,,False,cv,0.0,78,3,3,LGBM_363700_20260405_160514,363700_rep1_fold0_smac_roc_auc_cv,LGBM_363700_20260405_160514::363700_rep1_fold0_smac_roc_auc_cv,0.7925381687251105,0.14372749930766826,0.1860134173612503
126,0.22325587843833195,0.21230056613484294,0.2165680219591697,363700,1,0,smac,roc_auc,binary,LGBM,,False,cv,0.0,78,3,3,LGBM_363700_20260405_160514,363700_rep1_fold0_smac_roc_auc_cv,LGBM_363700_20260405_160514::363700_rep1_fold0_smac_roc_auc_cv,0.7925381687251105,0.14372749930766826,0.1860134173612503
127,0.22325587843833195,0.21230056613484294,0.2165680219591697,363700,1,0,smac,roc_auc,binary,LGBM,,False,cv,0.0,78,3,3,LGBM_363700_20260405_160514,363700_rep1_fold0_smac_roc_auc_cv,LGBM_363700_20260405_160514::363700_rep1_fold0_smac_roc_auc_cv,0.7925381687251105,0.14372749930766826,0.1860134173612503
128,0.22325587843833195,0.21230056613484294,0.2165680219591697,363700,1,0,smac,roc_auc,binary,LGBM,,False,cv,0.0,78,3,3,LGBM_363700_20260405_160514,363700_rep1_fold0_smac_roc_auc_cv,LGBM_363700_20260405_160514::363700_rep1_fold0_smac_roc_auc_cv,0.7925381687251105,0.14372749930766826,0.1860134173612503
129,0.22325587843833195,0.21230056613484294,0.2165680219591697,363700,1,0,smac,roc_auc,binary,LGBM,,False,cv,0.0,78,3,3,LGBM_363700_20260405_160514,363700_rep1_fold0_smac_roc_auc_cv,LGBM_363700_20260405_160514::363700_rep1_fold0_smac_roc_auc_cv,0.7925381687251105,0.14372749930766826,0.1860134173612503
130,0.22325587843833195,0.21230056613484294,0.2165680219591697,363700,1,0,smac,roc_auc,binary,LGBM,,False,cv,0.0,78,3,3,LGBM_363700_20260405_160514,363700_rep1_fold0_smac_roc_auc_cv,LGBM_363700_20260405_160514::363700_rep1_fold0_smac_roc_auc_cv,0.7925381687251105,0.14372749930766826,0.1860134173612503
131,0.22325587843833195,0.21230056613484294,0.2165680219591697,363700,1,0,smac,roc_auc,binary,LGBM,,False,cv,0.0,78,3,3,LGBM_363700_20260405_160514,363700_rep1_fold0_smac_roc_auc_cv,LGBM_363700_20260405_160514::363700_rep1_fold0_smac_roc_auc_cv,0.7925381687251105,0.14372749930766826,0.1860134173612503
132,0.22325587843833195,0.21230056613484294,0.2165680219591697,363700,1,0,smac,roc_auc,binary,LGBM,,False,cv,0.0,78,3,3,LGBM_363700_20260405_160514,363700_rep1_fold0_smac_roc_auc_cv,LGBM_363700_20260405_160514::363700_rep1_fold0_smac_roc_auc_cv,0.7925381687251105,0.14372749930766826,0.1860134173612503
133,0.22325587843833195,0.21230056613484294,0.2165680219591697,363700,1,0,smac,roc_auc,binary,LGBM,,False,cv,0.0,78,3,3,LGBM_363700_20260405_160514,363700_rep1_fold0_smac_roc_auc_cv,LGBM_363700_20260405_160514::363700_rep1_fold0_smac_roc_auc_cv,0.7925381687251105,0.14372749930766826,0.1860134173612503
134,0.22325587843833195,0.21230056613484294,0.2165680219591697,363700,1,0,smac,roc_auc,binary,LGBM,,False,cv,0.0,78,3,3,LGBM_363700_20260405_160514,363700_rep1_fold0_smac_roc_auc_cv,LGBM_363700_20260405_160514::363700_rep1_fold0_smac_roc_auc_cv,0.7925381687251105,0.14372749930766826,0.1860134173612503
135,0.22325587843833195,0.21230056613484294,0.2165680219591697,363700,1,0,smac,roc_auc,binary,LGBM,,False,cv,0.0,78,3,3,LGBM_363700_20260405_160514,363700_rep1_fold0_smac_roc_auc_cv,LGBM_363700_20260405_160514::363700_rep1_fold0_smac_roc_auc_cv,0.7925381687251105,0.14372749930766826,0.1860134173612503
136,0.22369121561668137,0.2124185108938068,0.21598902041516554,363700,1,0,smac,roc_auc,binary,LGBM,,False,cv,0.0,78,3,3,LGBM_363700_20260405_160514,363700_rep1_fold0_smac_roc_auc_cv,LGBM_363700_20260405_160514::363700_rep1_fold0_smac_roc_auc_cv,0.7964643388685705,0.1467737468845186,0.17503557633665132
137,0.22369121561668137,0.2124185108938068,0.21598902041516554,363700,1,0,smac,roc_auc,binary,LGBM,,False,cv,0.0,78,3,3,LGBM_363700_20260405_160514,363700_rep1_fold0_smac_roc_auc_cv,LGBM_363700_20260405_160514::363700_rep1_fold0_smac_roc_auc_cv,0.7964643388685705,0.1467737468845186,0.17503557633665132
138,0.22369121561668137,0.2124185108938068,0.21598902041516554,363700,1,0,smac,roc_auc,binary,LGBM,,False,cv,0.0,78,3,3,LGBM_363700_20260405_160514,363700_rep1_fold0_smac_roc_auc_cv,LGBM_363700_20260405_160514::363700_rep1_fold0_smac_roc_auc_cv,0.7964643388685705,0.1467737468845186,0.17503557633665132
139,0.22369121561668137,0.2124185108938068,0.21598902041516554,363700,1,0,smac,roc_auc,binary,LGBM,,False,cv,0.0,78,3,3,LGBM_363700_20260405_160514,363700_rep1_fold0_smac_roc_auc_cv,LGBM_363700_20260405_160514::363700_rep1_fold0_smac_roc_auc_cv,0.7964643388685705,0.1467737468845186,0.17503557633665132
140,0.22369121561668137,0.2124185108938068,0.21598902041516554,363700,1,0,smac,roc_auc,binary,LGBM,,False,cv,0.0,78,3,3,LGBM_363700_20260405_160514,363700_rep1_fold0_smac_roc_auc_cv,LGBM_363700_20260405_160514::363700_rep1_fold0_smac_roc_auc_cv,0.7964643388685705,0.1467737468845186,0.17503557633665132
141,0.22369121561668137,0.2124185108938068,0.21598902041516554,363700,1,0,smac,roc_auc,binary,LGBM,,False,cv,0.0,78,3,3,LGBM_363700_20260405_160514,363700_rep1_fold0_smac_roc_auc_cv,LGBM_363700_20260405_160514::363700_rep1_fold0_smac_roc_auc_cv,0.7964643388685705,0.1467737468845186,0.17503557633665132
142,0.22369121561668137,0.2124185108938068,0.21598902041516554,363700,1,0,smac,roc_auc,binary,LGBM,,False,cv,0.0,78,3,3,LGBM_363700_20260405_160514,363700_rep1_fold0_smac_roc_auc_cv,LGBM_363700_20260405_160514::363700_rep1_fold0_smac_roc_auc_cv,0.7964643388685705,0.1467737468845186,0.17503557633665132
143,0.22369121561668137,0.2124185108938068,0.21598902041516554,363700,1,0,smac,roc_auc,binary,LGBM,,False,cv,0.0,78,3,3,LGBM_363700_20260405_160514,363700_rep1_fold0_smac_roc_auc_cv,LGBM_363700_20260405_160514::363700_rep1_fold0_smac_roc_auc_cv,0.7964643388685705,0.1467737468845186,0.17503557633665132
144,0.22369121561668137,0.2124185108938068,0.21598902041516554,363700,1,0,smac,roc_auc,binary,LGBM,,False,cv,0.0,78,3,3,LGBM_363700_20260405_160514,363700_rep1_fold0_smac_roc_auc_cv,LGBM_363700_20260405_160514::363700_rep1_fold0_smac_roc_auc_cv,0.7964643388685705,0.1467737468845186,0.17503557633665132
145,0.22369121561668137,0.2124185108938068,0.21598902041516554,363700,1,0,smac,roc_auc,binary,LGBM,,False,cv,0.0,78,3,3,LGBM_363700_20260405_160514,363700_rep1_fold0_smac_roc_auc_cv,LGBM_363700_20260405_160514::363700_rep1_fold0_smac_roc_auc_cv,0.7964643388685705,0.1467737468845186,0.17503557633665132
146,0.2232780612244898,0.21423057128152356,0.21744724652599068,363700,1,0,smac,roc_auc,binary,LGBM,,False,cv,0.0,78,3,3,LGBM_363700_20260405_160514,363700_rep1_fold0_smac_roc_auc_cv,LGBM_363700_20260405_160514::363700_rep1_fold0_smac_roc_auc_cv,0.7927382283502541,0.1935751869288319,0.20268347225045397
147,0.2232780612244898,0.21423057128152356,0.21744724652599068,363700,1,0,smac,roc_auc,binary,LGBM,,False,cv,0.0,78,3,3,LGBM_363700_20260405_160514,363700_rep1_fold0_smac_roc_auc_cv,LGBM_363700_20260405_160514::363700_rep1_fold0_smac_roc_auc_cv,0.7927382283502541,0.1935751869288319,0.20268347225045397
148,0.2232780612244898,0.21423057128152356,0.21744724652599068,363700,1,0,smac,roc_auc,binary,LGBM,,False,cv,0.0,78,3,3,LGBM_363700_20260405_160514,363700_rep1_fold0_smac_roc_auc_cv,LGBM_363700_20260405_160514::363700_rep1_fold0_smac_roc_auc_cv,0.7927382283502541,0.1935751869288319,0.20268347225045397
149,0.2232780612244898,0.21423057128152356,0.21744724652599068,363700,1,0,smac,roc_auc,binary,LGBM,,False,cv,0.0,78,3,3,LGBM_363700_20260405_160514,363700_rep1_fold0_smac_roc_auc_cv,LGBM_363700_20260405_160514::363700_rep1_fold0_smac_roc_auc_cv,0.7927382283502541,0.1935751869288319,0.20268347225045397
150,0.2232780612244898,0.21423057128152356,0.21744724652599068,363700,1,0,smac,roc_auc,binary,LGBM,,False,cv,0.0,78,3,3,LGBM_363700_20260405_160514,363700_rep1_fold0_smac_roc_auc_cv,LGBM_363700_20260405_160514::363700_rep1_fold0_smac_roc_auc_cv,0.7927382283502541,0.1935751869288319,0.20268347225045397
151,0.2232780612244898,0.21423057128152356,0.21744724652599068,363700,1,0,smac,roc_auc,binary,LGBM,,False,cv,0.0,78,3,3,LGBM_363700_20260405_160514,363700_rep1_fold0_smac_roc_auc_cv,LGBM_363700_20260405_160514::363700_rep1_fold0_smac_roc_auc_cv,0.7927382283502541,0.1935751869288319,0.20268347225045397
152,0.2232780612244898,0.21423057128152356,0.21744724652599068,363700,1,0,smac,roc_auc,binary,LGBM,,False,cv,0.0,78,3,3,LGBM_363700_20260405_160514,363700_rep1_fold0_smac_roc_auc_cv,LGBM_363700_20260405_160514::363700_rep1_fold0_smac_roc_auc_cv,0.7927382283502541,0.1935751869288319,0.20268347225045397
153,0.2232780612244898,0.21423057128152356,0.21744724652599068,363700,1,0,smac,roc_auc,binary,LGBM,,False,cv,0.0,78,3,3,LGBM_363700_20260405_160514,363700_rep1_fold0_smac_roc_auc_cv,LGBM_363700_20260405_160514::363700_rep1_fold0_smac_roc_auc_cv,0.7927382283502541,0.1935751869288319,0.20268347225045397
154,0.2232780612244898,0.21423057128152356,0.21744724652599068,363700,1,0,smac,roc_auc,binary,LGBM,,False,cv,0.0,78,3,3,LGBM_363700_20260405_160514,363700_rep1_fold0_smac_roc_auc_cv,LGBM_363700_20260405_160514::363700_rep1_fold0_smac_roc_auc_cv,0.7927382283502541,0.1935751869288319,0.20268347225045397
155,0.2232780612244898,0.21423057128152356,0.21744724652599068,363700,1,0,smac,roc_auc,binary,LGBM,,False,cv,0.0,78,3,3,LGBM_363700_20260405_160514,363700_rep1_fold0_smac_roc_auc_cv,LGBM_363700_20260405_160514::363700_rep1_fold0_smac_roc_auc_cv,0.7927382283502541,0.1935751869288319,0.20268347225045397
156,0.2232780612244898,0.21423057128152356,0.21744724652599068,363700,1,0,smac,roc_auc,binary,LGBM,,False,cv,0.0,78,3,3,LGBM_363700_20260405_160514,363700_rep1_fold0_smac_roc_auc_cv,LGBM_363700_20260405_160514::363700_rep1_fold0_smac_roc_auc_cv,0.7927382283502541,0.1935751869288319,0.20268347225045397
157,0.2232780612244898,0.21423057128152356,0.21744724652599068,363700,1,0,smac,roc_auc,binary,LGBM,,False,cv,0.0,78,3,3,LGBM_363700_20260405_160514,363700_rep1_fold0_smac_roc_auc_cv,LGBM_363700_20260405_160514::363700_rep1_fold0_smac_roc_auc_cv,0.7927382283502541,0.1935751869288319,0.20268347225045397
158,0.2232780612244898,0.21423057128152356,0.21744724652599068,363700,1,0,smac,roc_auc,binary,LGBM,,False,cv,0.0,78,3,3,LGBM_363700_20260405_160514,363700_rep1_fold0_smac_roc_auc_cv,LGBM_363700_20260405_160514::363700_rep1_fold0_smac_roc_auc_cv,0.7927382283502541,0.1935751869288319,0.20268347225045397
159,0.2232780612244898,0.21423057128152356,0.21744724652599068,363700,1,0,smac,roc_auc,binary,LGBM,,False,cv,0.0,78,3,3,LGBM_363700_20260405_160514,363700_rep1_fold0_smac_roc_auc_cv,LGBM_363700_20260405_160514::363700_rep1_fold0_smac_roc_auc_cv,0.7927382283502541,0.1935751869288319,0.20268347225045397
160,0.2232780612244898,0.21423057128152356,0.21744724652599068,363700,1,0,smac,roc_auc,binary,LGBM,,False,cv,0.0,78,3,3,LGBM_363700_20260405_160514,363700_rep1_fold0_smac_roc_auc_cv,LGBM_363700_20260405_160514::363700_rep1_fold0_smac_roc_auc_cv,0.7927382283502541,0.1935751869288319,0.20268347225045397
161,0.2232780612244898,0.21423057128152356,0.21744724652599068,363700,1,0,smac,roc_auc,binary,LGBM,,False,cv,0.0,78,3,3,LGBM_363700_20260405_160514,363700_rep1_fold0_smac_roc_auc_cv,LGBM_363700_20260405_160514::363700_rep1_fold0_smac_roc_auc_cv,0.7927382283502541,0.1935751869288319,0.20268347225045397
162,0.2232780612244898,0.21423057128152356,0.21744724652599068,363700,1,0,smac,roc_auc,binary,LGBM,,False,cv,0.0,78,3,3,LGBM_363700_20260405_160514,363700_rep1_fold0_smac_roc_auc_cv,LGBM_363700_20260405_160514::363700_rep1_fold0_smac_roc_auc_cv,0.7927382283502541,0.1935751869288319,0.20268347225045397
163,0.2232780612244898,0.21423057128152356,0.21744724652599068,363700,1,0,smac,roc_auc,binary,LGBM,,False,cv,0.0,78,3,3,LGBM_363700_20260405_160514,363700_rep1_fold0_smac_roc_auc_cv,LGBM_363700_20260405_160514::363700_rep1_fold0_smac_roc_auc_cv,0.7927382283502541,0.1935751869288319,0.20268347225045397
164,0.2232780612244898,0.21423057128152356,0.21744724652599068,363700,1,0,smac,roc_auc,binary,LGBM,,False,cv,0.0,78,3,3,LGBM_363700_20260405_160514,363700_rep1_fold0_smac_roc_auc_cv,LGBM_363700_20260405_160514::363700_rep1_fold0_smac_roc_auc_cv,0.7927382283502541,0.1935751869288319,0.20268347225045397
165,0.2232780612244898,0.21423057128152356,0.21744724652599068,363700,1,0,smac,roc_auc,binary,LGBM,,False,cv,0.0,78,3,3,LGBM_363700_20260405_160514,363700_rep1_fold0_smac_roc_auc_cv,LGBM_363700_20260405_160514::363700_rep1_fold0_smac_roc_auc_cv,0.7927382283502541,0.1935751869288319,0.20268347225045397
166,0.2232780612244898,0.21423057128152356,0.21744724652599068,363700,1,0,smac,roc_auc,binary,LGBM,,False,cv,0.0,78,3,3,LGBM_363700_20260405_160514,363700_rep1_fold0_smac_roc_auc_cv,LGBM_363700_20260405_160514::363700_rep1_fold0_smac_roc_auc_cv,0.7927382283502541,0.1935751869288319,0.20268347225045397
167,0.2232780612244898,0.21423057128152356,0.21744724652599068,363700,1,0,smac,roc_auc,binary,LGBM,,False,cv,0.0,78,3,3,LGBM_363700_20260405_160514,363700_rep1_fold0_smac_roc_auc_cv,LGBM_363700_20260405_160514::363700_rep1_fold0_smac_roc_auc_cv,0.7927382283502541,0.1935751869288319,0.20268347225045397
168,0.2232780612244898,0.21423057128152356,0.21744724652599068,363700,1,0,smac,roc_auc,binary,LGBM,,False,cv,0.0,78,3,3,LGBM_363700_20260405_160514,363700_rep1_fold0_smac_roc_auc_cv,LGBM_363700_20260405_160514::363700_rep1_fold0_smac_roc_auc_cv,0.7927382283502541,0.1935751869288319,0.20268347225045397
169,0.2232780612244898,0.21423057128152356,0.21744724652599068,363700,1,0,smac,roc_auc,binary,LGBM,,False,cv,0.0,78,3,3,LGBM_363700_20260405_160514,363700_rep1_fold0_smac_roc_auc_cv,LGBM_363700_20260405_160514::363700_rep1_fold0_smac_roc_auc_cv,0.7927382283502541,0.1935751869288319,0.20268347225045397
170,0.2232780612244898,0.21423057128152356,0.21744724652599068,363700,1,0,smac,roc_auc,binary,LGBM,,False,cv,0.0,78,3,3,LGBM_363700_20260405_160514,363700_rep1_fold0_smac_roc_auc_cv,LGBM_363700_20260405_160514::363700_rep1_fold0_smac_roc_auc_cv,0.7927382283502541,0.1935751869288319,0.20268347225045397
171,0.2232780612244898,0.21423057128152356,0.21744724652599068,363700,1,0,smac,roc_auc,binary,LGBM,,False,cv,0.0,78,3,3,LGBM_363700_20260405_160514,363700_rep1_fold0_smac_roc_auc_cv,LGBM_363700_20260405_160514::363700_rep1_fold0_smac_roc_auc_cv,0.7927382283502541,0.1935751869288319,0.20268347225045397
172,0.2232780612244898,0.21423057128152356,0.21744724652599068,363700,1,0,smac,roc_auc,binary,LGBM,,False,cv,0.0,78,3,3,LGBM_363700_20260405_160514,363700_rep1_fold0_smac_roc_auc_cv,LGBM_363700_20260405_160514::363700_rep1_fold0_smac_roc_auc_cv,0.7927382283502541,0.1935751869288319,0.20268347225045397
173,0.2232780612244898,0.21423057128152356,0.21744724652599068,363700,1,0,smac,roc_auc,binary,LGBM,,False,cv,0.0,78,3,3,LGBM_363700_20260405_160514,363700_rep1_fold0_smac_roc_auc_cv,LGBM_363700_20260405_160514::363700_rep1_fold0_smac_roc_auc_cv,0.7927382283502541,0.1935751869288319,0.20268347225045397
174,0.2232780612244898,0.21423057128152356,0.21744724652599068,363700,1,0,smac,roc_auc,binary,LGBM,,False,cv,0.0,78,3,3,LGBM_363700_20260405_160514,363700_rep1_fold0_smac_roc_auc_cv,LGBM_363700_20260405_160514::363700_rep1_fold0_smac_roc_auc_cv,0.7927382283502541,0.1935751869288319,0.20268347225045397
175,0.2232780612244898,0.21423057128152356,0.21744724652599068,363700,1,0,smac,roc_auc,binary,LGBM,,False,cv,0.0,78,3,3,LGBM_363700_20260405_160514,363700_rep1_fold0_smac_roc_auc_cv,LGBM_363700_20260405_160514::363700_rep1_fold0_smac_roc_auc_cv,0.7927382283502541,0.1935751869288319,0.20268347225045397
176,0.22356089174800353,0.21369445874077886,0.21751158003088,363700,1,0,smac,roc_auc,binary,LGBM,,False,cv,0.0,78,3,3,LGBM_363700_20260405_160514,363700_rep1_fold0_smac_roc_auc_cv,LGBM_363700_20260405_160514::363700_rep1_fold0_smac_roc_auc_cv,0.795288988570847,0.179728607034062,0.20390323236429783
177,0.22356089174800353,0.21369445874077886,0.21751158003088,363700,1,0,smac,roc_auc,binary,LGBM,,False,cv,0.0,78,3,3,LGBM_363700_20260405_160514,363700_rep1_fold0_smac_roc_auc_cv,LGBM_363700_20260405_160514::363700_rep1_fold0_smac_roc_auc_cv,0.795288988570847,0.179728607034062,0.20390323236429783
178,0.22356089174800353,0.21369445874077886,0.21751158003088,363700,1,0,smac,roc_auc,binary,LGBM,,False,cv,0.0,78,3,3,LGBM_363700_20260405_160514,363700_rep1_fold0_smac_roc_auc_cv,LGBM_363700_20260405_160514::363700_rep1_fold0_smac_roc_auc_cv,0.795288988570847,0.179728607034062,0.20390323236429783
179,0.22356089174800353,0.21369445874077886,0.21751158003088,363700,1,0,smac,roc_auc,binary,LGBM,,False,cv,0.0,78,3,3,LGBM_363700_20260405_160514,363700_rep1_fold0_smac_roc_auc_cv,LGBM_363700_20260405_160514::363700_rep1_fold0_smac_roc_auc_cv,0.795288988570847,0.179728607034062,0.20390323236429783
180,0.22356089174800353,0.21369445874077886,0.21751158003088,363700,1,0,smac,roc_auc,binary,LGBM,,False,cv,0.0,78,3,3,LGBM_363700_20260405_160514,363700_rep1_fold0_smac_roc_auc_cv,LGBM_363700_20260405_160514::363700_rep1_fold0_smac_roc_auc_cv,0.795288988570847,0.179728607034062,0.20390323236429783
181,0.2237328083407275,0.2137480699948533,0.2168039114770972,363700,1,0,smac,roc_auc,binary,LGBM,,False,cv,0.0,78,3,3,LGBM_363700_20260405_160514,363700_rep1_fold0_smac_roc_auc_cv,LGBM_363700_20260405_160514::363700_rep1_fold0_smac_roc_auc_cv,0.7968394506657165,0.1811132650235381,0.19048587111201112
182,0.2237328083407275,0.2137480699948533,0.2168039114770972,363700,1,0,smac,roc_auc,binary,LGBM,,False,cv,0.0,78,3,3,LGBM_363700_20260405_160514,363700_rep1_fold0_smac_roc_auc_cv,LGBM_363700_20260405_160514::363700_rep1_fold0_smac_roc_auc_cv,0.7968394506657165,0.1811132650235381,0.19048587111201112
183,0.2229896850044366,0.21493823983530613,0.21736146851947158,363700,1,0,smac,roc_auc,binary,LGBM,,False,cv,0.0,78,3,3,LGBM_363700_20260405_160514,363700_rep1_fold0_smac_roc_auc_cv,LGBM_363700_20260405_160514::363700_rep1_fold0_smac_roc_auc_cv,0.7901374532233756,0.2118526723899168,0.2010571254319955
184,0.2229896850044366,0.21493823983530613,0.21736146851947158,363700,1,0,smac,roc_auc,binary,LGBM,,False,cv,0.0,78,3,3,LGBM_363700_20260405_160514,363700_rep1_fold0_smac_roc_auc_cv,LGBM_363700_20260405_160514::363700_rep1_fold0_smac_roc_auc_cv,0.7901374532233756,0.2118526723899168,0.2010571254319955
185,0.2229896850044366,0.21493823983530613,0.21736146851947158,363700,1,0,smac,roc_auc,binary,LGBM,,False,cv,0.0,78,3,3,LGBM_363700_20260405_160514,363700_rep1_fold0_smac_roc_auc_cv,LGBM_363700_20260405_160514::363700_rep1_fold0_smac_roc_auc_cv,0.7901374532233756,0.2118526723899168,0.2010571254319955
186,0.2229896850044366,0.21493823983530613,0.21736146851947158,363700,1,0,smac,roc_auc,binary,LGBM,,False,cv,0.0,78,3,3,LGBM_363700_20260405_160514,363700_rep1_fold0_smac_roc_auc_cv,LGBM_363700_20260405_160514::363700_rep1_fold0_smac_roc_auc_cv,0.7901374532233756,0.2118526723899168,0.2010571254319955
187,0.2229896850044366,0.21493823983530613,0.21736146851947158,363700,1,0,smac,roc_auc,binary,LGBM,,False,cv,0.0,78,3,3,LGBM_363700_20260405_160514,363700_rep1_fold0_smac_roc_auc_cv,LGBM_363700_20260405_160514::363700_rep1_fold0_smac_roc_auc_cv,0.7901374532233756,0.2118526723899168,0.2010571254319955
188,0.2229896850044366,0.21493823983530613,0.21736146851947158,363700,1,0,smac,roc_auc,binary,LGBM,,False,cv,0.0,78,3,3,LGBM_363700_20260405_160514,363700_rep1_fold0_smac_roc_auc_cv,LGBM_363700_20260405_160514::363700_rep1_fold0_smac_roc_auc_cv,0.7901374532233756,0.2118526723899168,0.2010571254319955
189,0.2229896850044366,0.21493823983530613,0.21736146851947158,363700,1,0,smac,roc_auc,binary,LGBM,,False,cv,0.0,78,3,3,LGBM_363700_20260405_160514,363700_rep1_fold0_smac_roc_auc_cv,LGBM_363700_20260405_160514::363700_rep1_fold0_smac_roc_auc_cv,0.7901374532233756,0.2118526723899168,0.2010571254319955
190,0.2229896850044366,0.21493823983530613,0.21736146851947158,363700,1,0,smac,roc_auc,binary,LGBM,,False,cv,0.0,78,3,3,LGBM_363700_20260405_160514,363700_rep1_fold0_smac_roc_auc_cv,LGBM_363700_20260405_160514::363700_rep1_fold0_smac_roc_auc_cv,0.7901374532233756,0.2118526723899168,0.2010571254319955
191,0.2229896850044366,0.21493823983530613,0.21736146851947158,363700,1,0,smac,roc_auc,binary,LGBM,,False,cv,0.0,78,3,3,LGBM_363700_20260405_160514,363700_rep1_fold0_smac_roc_auc_cv,LGBM_363700_20260405_160514::363700_rep1_fold0_smac_roc_auc_cv,0.7901374532233756,0.2118526723899168,0.2010571254319955
192,0.2229896850044366,0.21493823983530613,0.21736146851947158,363700,1,0,smac,roc_auc,binary,LGBM,,False,cv,0.0,78,3,3,LGBM_363700_20260405_160514,363700_rep1_fold0_smac_roc_auc_cv,LGBM_363700_20260405_160514::363700_rep1_fold0_smac_roc_auc_cv,0.7901374532233756,0.2118526723899168,0.2010571254319955
193,0.22254602928127765,0.21414479327500424,0.21740435752273113,363700,1,0,smac,roc_auc,binary,LGBM,,False,cv,0.0,78,3,3,LGBM_363700_20260405_160514,363700_rep1_fold0_smac_roc_auc_cv,LGBM_363700_20260405_160514::363700_rep1_fold0_smac_roc_auc_cv,0.7861362607204836,0.19135973414566435,0.20187029884122473
194,0.22254602928127765,0.21414479327500424,0.21740435752273113,363700,1,0,smac,roc_auc,binary,LGBM,,False,cv,0.0,78,3,3,LGBM_363700_20260405_160514,363700_rep1_fold0_smac_roc_auc_cv,LGBM_363700_20260405_160514::363700_rep1_fold0_smac_roc_auc_cv,0.7861362607204836,0.19135973414566435,0.20187029884122473
195,0.22254602928127765,0.21414479327500424,0.21740435752273113,363700,1,0,smac,roc_auc,binary,LGBM,,False,cv,0.0,78,3,3,LGBM_363700_20260405_160514,363700_rep1_fold0_smac_roc_auc_cv,LGBM_363700_20260405_160514::363700_rep1_fold0_smac_roc_auc_cv,0.7861362607204836,0.19135973414566435,0.20187029884122473
196,0.22254602928127765,0.21414479327500424,0.21740435752273113,363700,1,0,smac,roc_auc,binary,LGBM,,False,cv,0.0,78,3,3,LGBM_363700_20260405_160514,363700_rep1_fold0_smac_roc_auc_cv,LGBM_363700_20260405_160514::363700_rep1_fold0_smac_roc_auc_cv,0.7861362607204836,0.19135973414566435,0.20187029884122473
197,0.22254602928127765,0.21414479327500424,0.21740435752273113,363700,1,0,smac,roc_auc,binary,LGBM,,False,cv,0.0,78,3,3,LGBM_363700_20260405_160514,363700_rep1_fold0_smac_roc_auc_cv,LGBM_363700_20260405_160514::363700_rep1_fold0_smac_roc_auc_cv,0.7861362607204836,0.19135973414566435,0.20187029884122473
198,0.22254602928127765,0.21414479327500424,0.21740435752273113,363700,1,0,smac,roc_auc,binary,LGBM,,False,cv,0.0,78,3,3,LGBM_363700_20260405_160514,363700_rep1_fold0_smac_roc_auc_cv,LGBM_363700_20260405_160514::363700_rep1_fold0_smac_roc_auc_cv,0.7861362607204836,0.19135973414566435,0.20187029884122473
199,0.22254602928127765,0.21414479327500424,0.21740435752273113,363700,1,0,smac,roc_auc,binary,LGBM,,False,cv,0.0,78,3,3,LGBM_363700_20260405_160514,363700_rep1_fold0_smac_roc_auc_cv,LGBM_363700_20260405_160514::363700_rep1_fold0_smac_roc_auc_cv,0.7861362607204836,0.19135973414566435,0.20187029884122473
200,0.22344443212067433,0.21369445874077886,0.22036369874764106,363700,1,0,smac,roc_auc,binary,LGBM,,False,cv,0.0,78,3,3,LGBM_363700_20260405_160514,363700_rep1_fold0_smac_roc_auc_cv,LGBM_363700_20260405_160514::363700_rep1_fold0_smac_roc_auc_cv,0.794238675538838,0.179728607034062,0.25797926407806143
201,0.22344443212067433,0.21369445874077886,0.22036369874764106,363700,1,0,smac,roc_auc,binary,LGBM,,False,cv,0.0,78,3,3,LGBM_363700_20260405_160514,363700_rep1_fold0_smac_roc_auc_cv,LGBM_363700_20260405_160514::363700_rep1_fold0_smac_roc_auc_cv,0.794238675538838,0.179728607034062,0.25797926407806143
202,0.22344443212067433,0.21369445874077886,0.22036369874764106,363700,1,0,smac,roc_auc,binary,LGBM,,False,cv,0.0,78,3,3,LGBM_363700_20260405_160514,363700_rep1_fold0_smac_roc_auc_cv,LGBM_363700_20260405_160514::363700_rep1_fold0_smac_roc_auc_cv,0.794238675538838,0.179728607034062,0.25797926407806143
203,0.22344443212067433,0.21369445874077886,0.22036369874764106,363700,1,0,smac,roc_auc,binary,LGBM,,False,cv,0.0,78,3,3,LGBM_363700_20260405_160514,363700_rep1_fold0_smac_roc_auc_cv,LGBM_363700_20260405_160514::363700_rep1_fold0_smac_roc_auc_cv,0.794238675538838,0.179728607034062,0.25797926407806143
204,0.22344443212067433,0.21369445874077886,0.22036369874764106,363700,1,0,smac,roc_auc,binary,LGBM,,False,cv,0.0,78,3,3,LGBM_363700_20260405_160514,363700_rep1_fold0_smac_roc_auc_cv,LGBM_363700_20260405_160514::363700_rep1_fold0_smac_roc_auc_cv,0.794238675538838,0.179728607034062,0.25797926407806143
205,0.22344443212067433,0.21369445874077886,0.22036369874764106,363700,1,0,smac,roc_auc,binary,LGBM,,False,cv,0.0,78,3,3,LGBM_363700_20260405_160514,363700_rep1_fold0_smac_roc_auc_cv,LGBM_363700_20260405_160514::363700_rep1_fold0_smac_roc_auc_cv,0.794238675538838,0.179728607034062,0.25797926407806143
206,0.22344443212067433,0.21369445874077886,0.22036369874764106,363700,1,0,smac,roc_auc,binary,LGBM,,False,cv,0.0,78,3,3,LGBM_363700_20260405_160514,363700_rep1_fold0_smac_roc_auc_cv,LGBM_363700_20260405_160514::363700_rep1_fold0_smac_roc_auc_cv,0.794238675538838,0.179728607034062,0.25797926407806143
207,0.22344443212067433,0.21369445874077886,0.22036369874764106,363700,1,0,smac,roc_auc,binary,LGBM,,False,cv,0.0,78,3,3,LGBM_363700_20260405_160514,363700_rep1_fold0_smac_roc_auc_cv,LGBM_363700_20260405_160514::363700_rep1_fold0_smac_roc_auc_cv,0.794238675538838,0.179728607034062,0.25797926407806143
208,0.22344443212067433,0.21369445874077886,0.22036369874764106,363700,1,0,smac,roc_auc,binary,LGBM,,False,cv,0.0,78,3,3,LGBM_363700_20260405_160514,363700_rep1_fold0_smac_roc_auc_cv,LGBM_363700_20260405_160514::363700_rep1_fold0_smac_roc_auc_cv,0.794238675538838,0.179728607034062,0.25797926407806143
209,0.22344443212067433,0.21369445874077886,0.22036369874764106,363700,1,0,smac,roc_auc,binary,LGBM,,False,cv,0.0,78,3,3,LGBM_363700_20260405_160514,363700_rep1_fold0_smac_roc_auc_cv,LGBM_363700_20260405_160514::363700_rep1_fold0_smac_roc_auc_cv,0.794238675538838,0.179728607034062,0.25797926407806143
210,0.22344443212067433,0.21369445874077886,0.22036369874764106,363700,1,0,smac,roc_auc,binary,LGBM,,False,cv,0.0,78,3,3,LGBM_363700_20260405_160514,363700_rep1_fold0_smac_roc_auc_cv,LGBM_363700_20260405_160514::363700_rep1_fold0_smac_roc_auc_cv,0.794238675538838,0.179728607034062,0.25797926407806143
211,0.22344443212067433,0.21369445874077886,0.22036369874764106,363700,1,0,smac,roc_auc,binary,LGBM,,False,cv,0.0,78,3,3,LGBM_363700_20260405_160514,363700_rep1_fold0_smac_roc_auc_cv,LGBM_363700_20260405_160514::363700_rep1_fold0_smac_roc_auc_cv,0.794238675538838,0.179728607034062,0.25797926407806143
212,0.22344443212067433,0.21369445874077886,0.22036369874764106,363700,1,0,smac,roc_auc,binary,LGBM,,False,cv,0.0,78,3,3,LGBM_363700_20260405_160514,363700_rep1_fold0_smac_roc_auc_cv,LGBM_363700_20260405_160514::363700_rep1_fold0_smac_roc_auc_cv,0.794238675538838,0.179728607034062,0.25797926407806143
213,0.22344443212067433,0.21369445874077886,0.22036369874764106,363700,1,0,smac,roc_auc,binary,LGBM,,False,cv,0.0,78,3,3,LGBM_363700_20260405_160514,363700_rep1_fold0_smac_roc_auc_cv,LGBM_363700_20260405_160514::363700_rep1_fold0_smac_roc_auc_cv,0.794238675538838,0.179728607034062,0.25797926407806143
214,0.22344443212067433,0.21369445874077886,0.22036369874764106,363700,1,0,smac,roc_auc,binary,LGBM,,False,cv,0.0,78,3,3,LGBM_363700_20260405_160514,363700_rep1_fold0_smac_roc_auc_cv,LGBM_363700_20260405_160514::363700_rep1_fold0_smac_roc_auc_cv,0.794238675538838,0.179728607034062,0.25797926407806143
215,0.22344443212067433,0.21369445874077886,0.22036369874764106,363700,1,0,smac,roc_auc,binary,LGBM,,False,cv,0.0,78,3,3,LGBM_363700_20260405_160514,363700_rep1_fold0_smac_roc_auc_cv,LGBM_363700_20260405_160514::363700_rep1_fold0_smac_roc_auc_cv,0.794238675538838,0.179728607034062,0.25797926407806143
216,0.22344443212067433,0.21369445874077886,0.22036369874764106,363700,1,0,smac,roc_auc,binary,LGBM,,False,cv,0.0,78,3,3,LGBM_363700_20260405_160514,363700_rep1_fold0_smac_roc_auc_cv,LGBM_363700_20260405_160514::363700_rep1_fold0_smac_roc_auc_cv,0.794238675538838,0.179728607034062,0.25797926407806143
217,0.22344443212067433,0.21369445874077886,0.22036369874764106,363700,1,0,smac,roc_auc,binary,LGBM,,False,cv,0.0,78,3,3,LGBM_363700_20260405_160514,363700_rep1_fold0_smac_roc_auc_cv,LGBM_363700_20260405_160514::363700_rep1_fold0_smac_roc_auc_cv,0.794238675538838,0.179728607034062,0.25797926407806143
218,0.22344443212067433,0.21369445874077886,0.22036369874764106,363700,1,0,smac,roc_auc,binary,LGBM,,False,cv,0.0,78,3,3,LGBM_363700_20260405_160514,363700_rep1_fold0_smac_roc_auc_cv,LGBM_363700_20260405_160514::363700_rep1_fold0_smac_roc_auc_cv,0.794238675538838,0.179728607034062,0.25797926407806143
219,0.22344443212067433,0.21369445874077886,0.22036369874764106,363700,1,0,smac,roc_auc,binary,LGBM,,False,cv,0.0,78,3,3,LGBM_363700_20260405_160514,363700_rep1_fold0_smac_roc_auc_cv,LGBM_363700_20260405_160514::363700_rep1_fold0_smac_roc_auc_cv,0.794238675538838,0.179728607034062,0.25797926407806143
220,0.22344443212067433,0.21369445874077886,0.22036369874764106,363700,1,0,smac,roc_auc,binary,LGBM,,False,cv,0.0,78,3,3,LGBM_363700_20260405_160514,363700_rep1_fold0_smac_roc_auc_cv,LGBM_363700_20260405_160514::363700_rep1_fold0_smac_roc_auc_cv,0.794238675538838,0.179728607034062,0.25797926407806143
221,0.22344443212067433,0.21369445874077886,0.22036369874764106,363700,1,0,smac,roc_auc,binary,LGBM,,False,cv,0.0,78,3,3,LGBM_363700_20260405_160514,363700_rep1_fold0_smac_roc_auc_cv,LGBM_363700_20260405_160514::363700_rep1_fold0_smac_roc_auc_cv,0.794238675538838,0.179728607034062,0.25797926407806143
222,0.22344443212067433,0.21369445874077886,0.22036369874764106,363700,1,0,smac,roc_auc,binary,LGBM,,False,cv,0.0,78,3,3,LGBM_363700_20260405_160514,363700_rep1_fold0_smac_roc_auc_cv,LGBM_363700_20260405_160514::363700_rep1_fold0_smac_roc_auc_cv,0.794238675538838,0.179728607034062,0.25797926407806143
223,0.22344443212067433,0.21369445874077886,0.22036369874764106,363700,1,0,smac,roc_auc,binary,LGBM,,False,cv,0.0,78,3,3,LGBM_363700_20260405_160514,363700_rep1_fold0_smac_roc_auc_cv,LGBM_363700_20260405_160514::363700_rep1_fold0_smac_roc_auc_cv,0.794238675538838,0.179728607034062,0.25797926407806143
224,0.22344443212067433,0.21369445874077886,0.22036369874764106,363700,1,0,smac,roc_auc,binary,LGBM,,False,cv,0.0,78,3,3,LGBM_363700_20260405_160514,363700_rep1_fold0_smac_roc_auc_cv,LGBM_363700_20260405_160514::363700_rep1_fold0_smac_roc_auc_cv,0.794238675538838,0.179728607034062,0.25797926407806143
225,0.22344443212067433,0.21369445874077886,0.22036369874764106,363700,1,0,smac,roc_auc,binary,LGBM,,False,cv,0.0,78,3,3,LGBM_363700_20260405_160514,363700_rep1_fold0_smac_roc_auc_cv,LGBM_363700_20260405_160514::363700_rep1_fold0_smac_roc_auc_cv,0.794238675538838,0.179728607034062,0.25797926407806143
226,0.22344443212067433,0.21369445874077886,0.22036369874764106,363700,1,0,smac,roc_auc,binary,LGBM,,False,cv,0.0,78,3,3,LGBM_363700_20260405_160514,363700_rep1_fold0_smac_roc_auc_cv,LGBM_363700_20260405_160514::363700_rep1_fold0_smac_roc_auc_cv,0.794238675538838,0.179728607034062,0.25797926407806143
227,0.22325587843833195,0.21283667867558742,0.2187339166237776,363700,1,0,smac,roc_auc,binary,LGBM,,False,cv,0.0,78,3,3,LGBM_363700_20260405_160514,363700_rep1_fold0_smac_roc_auc_cv,LGBM_363700_20260405_160514::363700_rep1_fold0_smac_roc_auc_cv,0.7925381687251105,0.15757407920243244,0.22707867452733968
228,0.22325587843833195,0.21283667867558742,0.2187339166237776,363700,1,0,smac,roc_auc,binary,LGBM,,False,cv,0.0,78,3,3,LGBM_363700_20260405_160514,363700_rep1_fold0_smac_roc_auc_cv,LGBM_363700_20260405_160514::363700_rep1_fold0_smac_roc_auc_cv,0.7925381687251105,0.15757407920243244,0.22707867452733968
229,0.22325587843833195,0.21283667867558742,0.2187339166237776,363700,1,0,smac,roc_auc,binary,LGBM,,False,cv,0.0,78,3,3,LGBM_363700_20260405_160514,363700_rep1_fold0_smac_roc_auc_cv,LGBM_363700_20260405_160514::363700_rep1_fold0_smac_roc_auc_cv,0.7925381687251105,0.15757407920243244,0.22707867452733968
230,0.22325587843833195,0.21283667867558742,0.2187339166237776,363700,1,0,smac,roc_auc,binary,LGBM,,False,cv,0.0,78,3,3,LGBM_363700_20260405_160514,363700_rep1_fold0_smac_roc_auc_cv,LGBM_363700_20260405_160514::363700_rep1_fold0_smac_roc_auc_cv,0.7925381687251105,0.15757407920243244,0.22707867452733968
231,0.22325587843833195,0.21283667867558742,0.2187339166237776,363700,1,0,smac,roc_auc,binary,LGBM,,False,cv,0.0,78,3,3,LGBM_363700_20260405_160514,363700_rep1_fold0_smac_roc_auc_cv,LGBM_363700_20260405_160514::363700_rep1_fold0_smac_roc_auc_cv,0.7925381687251105,0.15757407920243244,0.22707867452733968
232,0.22325587843833195,0.21283667867558742,0.2187339166237776,363700,1,0,smac,roc_auc,binary,LGBM,,False,cv,0.0,78,3,3,LGBM_363700_20260405_160514,363700_rep1_fold0_smac_roc_auc_cv,LGBM_363700_20260405_160514::363700_rep1_fold0_smac_roc_auc_cv,0.7925381687251105,0.15757407920243244,0.22707867452733968
233,0.22325587843833195,0.21283667867558742,0.2187339166237776,363700,1,0,smac,roc_auc,binary,LGBM,,False,cv,0.0,78,3,3,LGBM_363700_20260405_160514,363700_rep1_fold0_smac_roc_auc_cv,LGBM_363700_20260405_160514::363700_rep1_fold0_smac_roc_auc_cv,0.7925381687251105,0.15757407920243244,0.22707867452733968
234,0.22325587843833195,0.21283667867558742,0.2187339166237776,363700,1,0,smac,roc_auc,binary,LGBM,,False,cv,0.0,78,3,3,LGBM_363700_20260405_160514,363700_rep1_fold0_smac_roc_auc_cv,LGBM_363700_20260405_160514::363700_rep1_fold0_smac_roc_auc_cv,0.7925381687251105,0.15757407920243244,0.22707867452733968
235,0.22325587843833195,0.21283667867558742,0.2187339166237776,363700,1,0,smac,roc_auc,binary,LGBM,,False,cv,0.0,78,3,3,LGBM_363700_20260405_160514,363700_rep1_fold0_smac_roc_auc_cv,LGBM_363700_20260405_160514::363700_rep1_fold0_smac_roc_auc_cv,0.7925381687251105,0.15757407920243244,0.22707867452733968
236,0.22325587843833195,0.21283667867558742,0.2187339166237776,363700,1,0,smac,roc_auc,binary,LGBM,,False,cv,0.0,78,3,3,LGBM_363700_20260405_160514,363700_rep1_fold0_smac_roc_auc_cv,LGBM_363700_20260405_160514::363700_rep1_fold0_smac_roc_auc_cv,0.7925381687251105,0.15757407920243244,0.22707867452733968
237,0.22325587843833195,0.21283667867558742,0.2187339166237776,363700,1,0,smac,roc_auc,binary,LGBM,,False,cv,0.0,78,3,3,LGBM_363700_20260405_160514,363700_rep1_fold0_smac_roc_auc_cv,LGBM_363700_20260405_160514::363700_rep1_fold0_smac_roc_auc_cv,0.7925381687251105,0.15757407920243244,0.22707867452733968
238,0.22325587843833195,0.21283667867558742,0.2187339166237776,363700,1,0,smac,roc_auc,binary,LGBM,,False,cv,0.0,78,3,3,LGBM_363700_20260405_160514,363700_rep1_fold0_smac_roc_auc_cv,LGBM_363700_20260405_160514::363700_rep1_fold0_smac_roc_auc_cv,0.7925381687251105,0.15757407920243244,0.22707867452733968
239,0.22325587843833195,0.21283667867558742,0.2187339166237776,363700,1,0,smac,roc_auc,binary,LGBM,,False,cv,0.0,78,3,3,LGBM_363700_20260405_160514,363700_rep1_fold0_smac_roc_auc_cv,LGBM_363700_20260405_160514::363700_rep1_fold0_smac_roc_auc_cv,0.7925381687251105,0.15757407920243244,0.22707867452733968
240,0.22325587843833195,0.21283667867558742,0.2187339166237776,363700,1,0,smac,roc_auc,binary,LGBM,,False,cv,0.0,78,3,3,LGBM_363700_20260405_160514,363700_rep1_fold0_smac_roc_auc_cv,LGBM_363700_20260405_160514::363700_rep1_fold0_smac_roc_auc_cv,0.7925381687251105,0.15757407920243244,0.22707867452733968
241,0.22325587843833195,0.21283667867558742,0.2187339166237776,363700,1,0,smac,roc_auc,binary,LGBM,,False,cv,0.0,78,3,3,LGBM_363700_20260405_160514,363700_rep1_fold0_smac_roc_auc_cv,LGBM_363700_20260405_160514::363700_rep1_fold0_smac_roc_auc_cv,0.7925381687251105,0.15757407920243244,0.22707867452733968
242,0.22325587843833195,0.21283667867558742,0.2187339166237776,363700,1,0,smac,roc_auc,binary,LGBM,,False,cv,0.0,78,3,3,LGBM_363700_20260405_160514,363700_rep1_fold0_smac_roc_auc_cv,LGBM_363700_20260405_160514::363700_rep1_fold0_smac_roc_auc_cv,0.7925381687251105,0.15757407920243244,0.22707867452733968
243,0.22325587843833195,0.21283667867558742,0.2187339166237776,363700,1,0,smac,roc_auc,binary,LGBM,,False,cv,0.0,78,3,3,LGBM_363700_20260405_160514,363700_rep1_fold0_smac_roc_auc_cv,LGBM_363700_20260405_160514::363700_rep1_fold0_smac_roc_auc_cv,0.7925381687251105,0.15757407920243244,0.22707867452733968
244,0.22325587843833195,0.21283667867558742,0.2187339166237776,363700,1,0,smac,roc_auc,binary,LGBM,,False,cv,0.0,78,3,3,LGBM_363700_20260405_160514,363700_rep1_fold0_smac_roc_auc_cv,LGBM_363700_20260405_160514::363700_rep1_fold0_smac_roc_auc_cv,0.7925381687251105,0.15757407920243244,0.22707867452733968
245,0.22325587843833195,0.21283667867558742,0.2187339166237776,363700,1,0,smac,roc_auc,binary,LGBM,,False,cv,0.0,78,3,3,LGBM_363700_20260405_160514,363700_rep1_fold0_smac_roc_auc_cv,LGBM_363700_20260405_160514::363700_rep1_fold0_smac_roc_auc_cv,0.7925381687251105,0.15757407920243244,0.22707867452733968
246,0.22325587843833195,0.21283667867558742,0.2187339166237776,363700,1,0,smac,roc_auc,binary,LGBM,,False,cv,0.0,78,3,3,LGBM_363700_20260405_160514,363700_rep1_fold0_smac_roc_auc_cv,LGBM_363700_20260405_160514::363700_rep1_fold0_smac_roc_auc_cv,0.7925381687251105,0.15757407920243244,0.22707867452733968
247,0.22325587843833195,0.21283667867558742,0.2187339166237776,363700,1,0,smac,roc_auc,binary,LGBM,,False,cv,0.0,78,3,3,LGBM_363700_20260405_160514,363700_rep1_fold0_smac_roc_auc_cv,LGBM_363700_20260405_160514::363700_rep1_fold0_smac_roc_auc_cv,0.7925381687251105,0.15757407920243244,0.22707867452733968
248,0.22325587843833195,0.21283667867558742,0.2187339166237776,363700,1,0,smac,roc_auc,binary,LGBM,,False,cv,0.0,78,3,3,LGBM_363700_20260405_160514,363700_rep1_fold0_smac_roc_auc_cv,LGBM_363700_20260405_160514::363700_rep1_fold0_smac_roc_auc_cv,0.7925381687251105,0.15757407920243244,0.22707867452733968
249,0.22325587843833195,0.21283667867558742,0.2187339166237776,363700,1,0,smac,roc_auc,binary,LGBM,,False,cv,0.0,78,3,3,LGBM_363700_20260405_160514,363700_rep1_fold0_smac_roc_auc_cv,LGBM_363700_20260405_160514::363700_rep1_fold0_smac_roc_auc_cv,0.7925381687251105,0.15757407920243244,0.22707867452733968
0,0.23677174218969887,0.24545376565448618,0.2594999142219936,363700,1,0,hebo,roc_auc,binary,LGBM,,False,holdout,0.0,78,3,3,LGBM_363700_20260405_160514,363700_rep1_fold0_hebo_roc_auc_holdout,LGBM_363700_20260405_160514::363700_rep1_fold0_hebo_roc_auc_holdout,0.914433525618101,1.0,1.0
1,0.16450886574725587,0.2244595985589295,0.23483873734774408,363700,1,0,hebo,roc_auc,binary,LGBM,,False,holdout,0.0,78,3,3,LGBM_363700_20260405_160514,363700_rep1_fold0_hebo_roc_auc_holdout,LGBM_363700_20260405_160514::363700_rep1_fold0_hebo_roc_auc_holdout,0.26271719611790034,0.45776793132096366,0.5324252896930255
2,0.16450886574725587,0.2244595985589295,0.23483873734774408,363700,1,0,hebo,roc_auc,binary,LGBM,,False,holdout,0.0,78,3,3,LGBM_363700_20260405_160514,363700_rep1_fold0_hebo_roc_auc_holdout,LGBM_363700_20260405_160514::363700_rep1_fold0_hebo_roc_auc_holdout,0.26271719611790034,0.45776793132096366,0.5324252896930255
3,0.1633830565719111,0.22355892949047862,0.2392991936867388,363700,1,0,hebo,roc_auc,binary,LGBM,,False,holdout,0.0,78,3,3,LGBM_363700_20260405_160514,363700_rep1_fold0_hebo_roc_auc_holdout,LGBM_363700_20260405_160514::363700_rep1_fold0_hebo_roc_auc_holdout,0.25256387452880286,0.43450567709775606,0.6169953242528963
4,0.1633830565719111,0.22355892949047862,0.2392991936867388,363700,1,0,hebo,roc_auc,binary,LGBM,,False,holdout,0.0,78,3,3,LGBM_363700_20260405_160514,363700_rep1_fold0_hebo_roc_auc_holdout,LGBM_363700_20260405_160514::363700_rep1_fold0_hebo_roc_auc_holdout,0.25256387452880286,0.43450567709775606,0.6169953242528963
5,0.160427807486631,0.22203636987476416,0.22615371418768226,363700,1,0,hebo,roc_auc,binary,LGBM,,False,holdout,0.0,78,3,3,LGBM_363700_20260405_160514,363700_rep1_fold0_hebo_roc_auc_holdout,LGBM_363700_20260405_160514::363700_rep1_fold0_hebo_roc_auc_holdout,0.22591140535742113,0.3951813901966225,0.36775767432404705
6,0.160427807486631,0.22203636987476416,0.22615371418768226,363700,1,0,hebo,roc_auc,binary,LGBM,,False,holdout,0.0,78,3,3,LGBM_363700_20260405_160514,363700_rep1_fold0_hebo_roc_auc_holdout,LGBM_363700_20260405_160514::363700_rep1_fold0_hebo_roc_auc_holdout,0.22591140535742113,0.3951813901966225,0.36775767432404705
7,0.15057697720236418,0.21828358208955223,0.2188411391319266,363700,1,0,hebo,roc_auc,binary,LGBM,,False,holdout,0.0,78,3,3,LGBM_363700_20260405_160514,363700_rep1_fold0_hebo_roc_auc_holdout,LGBM_363700_20260405_160514::363700_rep1_fold0_hebo_roc_auc_holdout,0.1370698414528174,0.29825533093325896,0.2291116080504149
8,0.15057697720236418,0.21828358208955223,0.2188411391319266,363700,1,0,hebo,roc_auc,binary,LGBM,,False,holdout,0.0,78,3,3,LGBM_363700_20260405_160514,363700_rep1_fold0_hebo_roc_auc_holdout,LGBM_363700_20260405_160514::363700_rep1_fold0_hebo_roc_auc_holdout,0.1370698414528174,0.29825533093325896,0.2291116080504149
9,0.1504362510554461,0.21854091610910964,0.22113570080631328,363700,1,0,hebo,roc_auc,binary,LGBM,,False,holdout,0.0,78,3,3,LGBM_363700_20260405_160514,363700_rep1_fold0_hebo_roc_auc_holdout,LGBM_363700_20260405_160514::363700_rep1_fold0_hebo_roc_auc_holdout,0.13580067625418046,0.30490168928274725,0.2726163854441941
10,0.14621446664790316,0.217618802539029,0.22276548293017662,363700,1,0,hebo,roc_auc,binary,LGBM,,False,holdout,0.0,78,3,3,LGBM_363700_20260405_160514,363700_rep1_fold0_hebo_roc_auc_holdout,LGBM_363700_20260405_160514::363700_rep1_fold0_hebo_roc_auc_holdout,0.0977257202950643,0.28108557186374916,0.30351697499491376
11,0.14621446664790316,0.217618802539029,0.22276548293017662,363700,1,0,hebo,roc_auc,binary,LGBM,,False,holdout,0.0,78,3,3,LGBM_363700_20260405_160514,363700_rep1_fold0_hebo_roc_auc_holdout,LGBM_363700_20260405_160514::363700_rep1_fold0_hebo_roc_auc_holdout,0.0977257202950643,0.28108557186374916,0.30351697499491376
12,0.14621446664790316,0.217618802539029,0.22276548293017662,363700,1,0,hebo,roc_auc,binary,LGBM,,False,holdout,0.0,78,3,3,LGBM_363700_20260405_160514,363700_rep1_fold0_hebo_roc_auc_holdout,LGBM_363700_20260405_160514::363700_rep1_fold0_hebo_roc_auc_holdout,0.0977257202950643,0.28108557186374916,0.30351697499491376
13,0.14621446664790316,0.217618802539029,0.22276548293017662,363700,1,0,hebo,roc_auc,binary,LGBM,,False,holdout,0.0,78,3,3,LGBM_363700_20260405_160514,363700_rep1_fold0_hebo_roc_auc_holdout,LGBM_363700_20260405_160514::363700_rep1_fold0_hebo_roc_auc_holdout,0.0977257202950643,0.28108557186374916,0.30351697499491376
14,0.14621446664790316,0.217618802539029,0.22276548293017662,363700,1,0,hebo,roc_auc,binary,LGBM,,False,holdout,0.0,78,3,3,LGBM_363700_20260405_160514,363700_rep1_fold0_hebo_roc_auc_holdout,LGBM_363700_20260405_160514::363700_rep1_fold0_hebo_roc_auc_holdout,0.0977257202950643,0.28108557186374916,0.30351697499491376
15,0.14621446664790316,0.217618802539029,0.22276548293017662,363700,1,0,hebo,roc_auc,binary,LGBM,,False,holdout,0.0,78,3,3,LGBM_363700_20260405_160514,363700_rep1_fold0_hebo_roc_auc_holdout,LGBM_363700_20260405_160514::363700_rep1_fold0_hebo_roc_auc_holdout,0.0977257202950643,0.28108557186374916,0.30351697499491376
16,0.14621446664790316,0.217618802539029,0.22276548293017662,363700,1,0,hebo,roc_auc,binary,LGBM,,False,holdout,0.0,78,3,3,LGBM_363700_20260405_160514,363700_rep1_fold0_hebo_roc_auc_holdout,LGBM_363700_20260405_160514::363700_rep1_fold0_hebo_roc_auc_holdout,0.0977257202950643,0.28108557186374916,0.30351697499491376
17,0.14663664508865737,0.2167181334705781,0.22814805283925188,363700,1,0,hebo,roc_auc,binary,LGBM,,False,holdout,0.0,78,3,3,LGBM_363700_20260405_160514,363700_rep1_fold0_hebo_roc_auc_holdout,LGBM_363700_20260405_160514::363700_rep1_fold0_hebo_roc_auc_holdout,0.10153321589097511,0.25782331764054156,0.4055702378532174
18,0.14663664508865737,0.2167181334705781,0.22814805283925188,363700,1,0,hebo,roc_auc,binary,LGBM,,False,holdout,0.0,78,3,3,LGBM_363700_20260405_160514,363700_rep1_fold0_hebo_roc_auc_holdout,LGBM_363700_20260405_160514::363700_rep1_fold0_hebo_roc_auc_holdout,0.10153321589097511,0.25782331764054156,0.4055702378532174
19,0.1441035744441317,0.21847658260422032,0.22362326299536783,363700,1,0,hebo,roc_auc,binary,LGBM,,False,holdout,0.0,78,3,3,LGBM_363700_20260405_160514,363700_rep1_fold0_hebo_roc_auc_holdout,LGBM_363700_20260405_160514::363700_rep1_fold0_hebo_roc_auc_holdout,0.07868824231550621,0.30324009969537585,0.3197804431795028
20,0.1441035744441317,0.21847658260422032,0.22362326299536783,363700,1,0,hebo,roc_auc,binary,LGBM,,False,holdout,0.0,78,3,3,LGBM_363700_20260405_160514,363700_rep1_fold0_hebo_roc_auc_holdout,LGBM_363700_20260405_160514::363700_rep1_fold0_hebo_roc_auc_holdout,0.07868824231550621,0.30324009969537585,0.3197804431795028
21,0.1441035744441317,0.21847658260422032,0.22362326299536783,363700,1,0,hebo,roc_auc,binary,LGBM,,False,holdout,0.0,78,3,3,LGBM_363700_20260405_160514,363700_rep1_fold0_hebo_roc_auc_holdout,LGBM_363700_20260405_160514::363700_rep1_fold0_hebo_roc_auc_holdout,0.07868824231550621,0.30324009969537585,0.3197804431795028
22,0.1441035744441317,0.21847658260422032,0.22362326299536783,363700,1,0,hebo,roc_auc,binary,LGBM,,False,holdout,0.0,78,3,3,LGBM_363700_20260405_160514,363700_rep1_fold0_hebo_roc_auc_holdout,LGBM_363700_20260405_160514::363700_rep1_fold0_hebo_roc_auc_holdout,0.07868824231550621,0.30324009969537585,0.3197804431795028
23,0.1441035744441317,0.21847658260422032,0.22362326299536783,363700,1,0,hebo,roc_auc,binary,LGBM,,False,holdout,0.0,78,3,3,LGBM_363700_20260405_160514,363700_rep1_fold0_hebo_roc_auc_holdout,LGBM_363700_20260405_160514::363700_rep1_fold0_hebo_roc_auc_holdout,0.07868824231550621,0.30324009969537585,0.3197804431795028
24,0.1441035744441317,0.21847658260422032,0.22362326299536783,363700,1,0,hebo,roc_auc,binary,LGBM,,False,holdout,0.0,78,3,3,LGBM_363700_20260405_160514,363700_rep1_fold0_hebo_roc_auc_holdout,LGBM_363700_20260405_160514::363700_rep1_fold0_hebo_roc_auc_holdout,0.07868824231550621,0.30324009969537585,0.3197804431795028
25,0.1441035744441317,0.21847658260422032,0.22362326299536783,363700,1,0,hebo,roc_auc,binary,LGBM,,False,holdout,0.0,78,3,3,LGBM_363700_20260405_160514,363700_rep1_fold0_hebo_roc_auc_holdout,LGBM_363700_20260405_160514::363700_rep1_fold0_hebo_roc_auc_holdout,0.07868824231550621,0.30324009969537585,0.3197804431795028
26,0.1441035744441317,0.21847658260422032,0.22362326299536783,363700,1,0,hebo,roc_auc,binary,LGBM,,False,holdout,0.0,78,3,3,LGBM_363700_20260405_160514,363700_rep1_fold0_hebo_roc_auc_holdout,LGBM_363700_20260405_160514::363700_rep1_fold0_hebo_roc_auc_holdout,0.07868824231550621,0.30324009969537585,0.3197804431795028
27,0.15282859555305384,0.21937725167267108,0.2318365071195745,363700,1,0,hebo,roc_auc,binary,LGBM,,False,holdout,0.0,78,3,3,LGBM_363700_20260405_160514,363700_rep1_fold0_hebo_roc_auc_holdout,LGBM_363700_20260405_160514::363700_rep1_fold0_hebo_roc_auc_holdout,0.15737648463101342,0.3265023539185806,0.4755031510469575
28,0.15282859555305384,0.21937725167267108,0.2318365071195745,363700,1,0,hebo,roc_auc,binary,LGBM,,False,holdout,0.0,78,3,3,LGBM_363700_20260405_160514,363700_rep1_fold0_hebo_roc_auc_holdout,LGBM_363700_20260405_160514::363700_rep1_fold0_hebo_roc_auc_holdout,0.15737648463101342,0.3265023539185806,0.4755031510469575
29,0.15282859555305384,0.21937725167267108,0.2318365071195745,363700,1,0,hebo,roc_auc,binary,LGBM,,False,holdout,0.0,78,3,3,LGBM_363700_20260405_160514,363700_rep1_fold0_hebo_roc_auc_holdout,LGBM_363700_20260405_160514::363700_rep1_fold0_hebo_roc_auc_holdout,0.15737648463101342,0.3265023539185806,0.4755031510469575
30,0.15282859555305384,0.21937725167267108,0.2318365071195745,363700,1,0,hebo,roc_auc,binary,LGBM,,False,holdout,0.0,78,3,3,LGBM_363700_20260405_160514,363700_rep1_fold0_hebo_roc_auc_holdout,LGBM_363700_20260405_160514::363700_rep1_fold0_hebo_roc_auc_holdout,0.15737648463101342,0.3265023539185806,0.4755031510469575
31,0.15282859555305384,0.21937725167267108,0.2318365071195745,363700,1,0,hebo,roc_auc,binary,LGBM,,False,holdout,0.0,78,3,3,LGBM_363700_20260405_160514,363700_rep1_fold0_hebo_roc_auc_holdout,LGBM_363700_20260405_160514::363700_rep1_fold0_hebo_roc_auc_holdout,0.15737648463101342,0.3265023539185806,0.4755031510469575
32,0.15282859555305384,0.21937725167267108,0.2318365071195745,363700,1,0,hebo,roc_auc,binary,LGBM,,False,holdout,0.0,78,3,3,LGBM_363700_20260405_160514,363700_rep1_fold0_hebo_roc_auc_holdout,LGBM_363700_20260405_160514::363700_rep1_fold0_hebo_roc_auc_holdout,0.15737648463101342,0.3265023539185806,0.4755031510469575
33,0.15282859555305384,0.21937725167267108,0.2318365071195745,363700,1,0,hebo,roc_auc,binary,LGBM,,False,holdout,0.0,78,3,3,LGBM_363700_20260405_160514,363700_rep1_fold0_hebo_roc_auc_holdout,LGBM_363700_20260405_160514::363700_rep1_fold0_hebo_roc_auc_holdout,0.15737648463101342,0.3265023539185806,0.4755031510469575
34,0.15282859555305384,0.21937725167267108,0.2318365071195745,363700,1,0,hebo,roc_auc,binary,LGBM,,False,holdout,0.0,78,3,3,LGBM_363700_20260405_160514,363700_rep1_fold0_hebo_roc_auc_holdout,LGBM_363700_20260405_160514::363700_rep1_fold0_hebo_roc_auc_holdout,0.15737648463101342,0.3265023539185806,0.4755031510469575
35,0.15282859555305384,0.21937725167267108,0.2318365071195745,363700,1,0,hebo,roc_auc,binary,LGBM,,False,holdout,0.0,78,3,3,LGBM_363700_20260405_160514,363700_rep1_fold0_hebo_roc_auc_holdout,LGBM_363700_20260405_160514::363700_rep1_fold0_hebo_roc_auc_holdout,0.15737648463101342,0.3265023539185806,0.4755031510469575
36,0.15282859555305384,0.21937725167267108,0.2318365071195745,363700,1,0,hebo,roc_auc,binary,LGBM,,False,holdout,0.0,78,3,3,LGBM_363700_20260405_160514,363700_rep1_fold0_hebo_roc_auc_holdout,LGBM_363700_20260405_160514::363700_rep1_fold0_hebo_roc_auc_holdout,0.15737648463101342,0.3265023539185806,0.4755031510469575
37,0.15282859555305384,0.21937725167267108,0.2318365071195745,363700,1,0,hebo,roc_auc,binary,LGBM,,False,holdout,0.0,78,3,3,LGBM_363700_20260405_160514,363700_rep1_fold0_hebo_roc_auc_holdout,LGBM_363700_20260405_160514::363700_rep1_fold0_hebo_roc_auc_holdout,0.15737648463101342,0.3265023539185806,0.4755031510469575
38,0.15282859555305384,0.21937725167267108,0.2318365071195745,363700,1,0,hebo,roc_auc,binary,LGBM,,False,holdout,0.0,78,3,3,LGBM_363700_20260405_160514,363700_rep1_fold0_hebo_roc_auc_holdout,LGBM_363700_20260405_160514::363700_rep1_fold0_hebo_roc_auc_holdout,0.15737648463101342,0.3265023539185806,0.4755031510469575
39,0.15282859555305384,0.21937725167267108,0.2318365071195745,363700,1,0,hebo,roc_auc,binary,LGBM,,False,holdout,0.0,78,3,3,LGBM_363700_20260405_160514,363700_rep1_fold0_hebo_roc_auc_holdout,LGBM_363700_20260405_160514::363700_rep1_fold0_hebo_roc_auc_holdout,0.15737648463101342,0.3265023539185806,0.4755031510469575
40,0.15282859555305384,0.21937725167267108,0.2318365071195745,363700,1,0,hebo,roc_auc,binary,LGBM,,False,holdout,0.0,78,3,3,LGBM_363700_20260405_160514,363700_rep1_fold0_hebo_roc_auc_holdout,LGBM_363700_20260405_160514::363700_rep1_fold0_hebo_roc_auc_holdout,0.15737648463101342,0.3265023539185806,0.4755031510469575
41,0.15282859555305384,0.21937725167267108,0.2318365071195745,363700,1,0,hebo,roc_auc,binary,LGBM,,False,holdout,0.0,78,3,3,LGBM_363700_20260405_160514,363700_rep1_fold0_hebo_roc_auc_holdout,LGBM_363700_20260405_160514::363700_rep1_fold0_hebo_roc_auc_holdout,0.15737648463101342,0.3265023539185806,0.4755031510469575
42,0.15282859555305384,0.21937725167267108,0.2318365071195745,363700,1,0,hebo,roc_auc,binary,LGBM,,False,holdout,0.0,78,3,3,LGBM_363700_20260405_160514,363700_rep1_fold0_hebo_roc_auc_holdout,LGBM_363700_20260405_160514::363700_rep1_fold0_hebo_roc_auc_holdout,0.15737648463101342,0.3265023539185806,0.4755031510469575
43,0.1519842386715452,0.22031008749356662,0.23100017155601305,363700,1,0,hebo,roc_auc,binary,LGBM,,False,holdout,0.0,78,3,3,LGBM_363700_20260405_160514,363700_rep1_fold0_hebo_roc_auc_holdout,LGBM_363700_20260405_160514::363700_rep1_fold0_hebo_roc_auc_holdout,0.1497614934391898,0.35059540293547387,0.45964626956698307
44,0.1519842386715452,0.22031008749356662,0.23100017155601305,363700,1,0,hebo,roc_auc,binary,LGBM,,False,holdout,0.0,78,3,3,LGBM_363700_20260405_160514,363700_rep1_fold0_hebo_roc_auc_holdout,LGBM_363700_20260405_160514::363700_rep1_fold0_hebo_roc_auc_holdout,0.1497614934391898,0.35059540293547387,0.45964626956698307
45,0.1519842386715452,0.22031008749356662,0.23100017155601305,363700,1,0,hebo,roc_auc,binary,LGBM,,False,holdout,0.0,78,3,3,LGBM_363700_20260405_160514,363700_rep1_fold0_hebo_roc_auc_holdout,LGBM_363700_20260405_160514::363700_rep1_fold0_hebo_roc_auc_holdout,0.1497614934391898,0.35059540293547387,0.45964626956698307
46,0.1519842386715452,0.22031008749356662,0.23100017155601305,363700,1,0,hebo,roc_auc,binary,LGBM,,False,holdout,0.0,78,3,3,LGBM_363700_20260405_160514,363700_rep1_fold0_hebo_roc_auc_holdout,LGBM_363700_20260405_160514::363700_rep1_fold0_hebo_roc_auc_holdout,0.1497614934391898,0.35059540293547387,0.45964626956698307
47,0.1519842386715452,0.22031008749356662,0.23100017155601305,363700,1,0,hebo,roc_auc,binary,LGBM,,False,holdout,0.0,78,3,3,LGBM_363700_20260405_160514,363700_rep1_fold0_hebo_roc_auc_holdout,LGBM_363700_20260405_160514::363700_rep1_fold0_hebo_roc_auc_holdout,0.1497614934391898,0.35059540293547387,0.45964626956698307
48,0.1519842386715452,0.22031008749356662,0.23100017155601305,363700,1,0,hebo,roc_auc,binary,LGBM,,False,holdout,0.0,78,3,3,LGBM_363700_20260405_160514,363700_rep1_fold0_hebo_roc_auc_holdout,LGBM_363700_20260405_160514::363700_rep1_fold0_hebo_roc_auc_holdout,0.1497614934391898,0.35059540293547387,0.45964626956698307
49,0.1519842386715452,0.22031008749356662,0.23100017155601305,363700,1,0,hebo,roc_auc,binary,LGBM,,False,holdout,0.0,78,3,3,LGBM_363700_20260405_160514,363700_rep1_fold0_hebo_roc_auc_holdout,LGBM_363700_20260405_160514::363700_rep1_fold0_hebo_roc_auc_holdout,0.1497614934391898,0.35059540293547387,0.45964626956698307
50,0.1519842386715452,0.22031008749356662,0.23100017155601305,363700,1,0,hebo,roc_auc,binary,LGBM,,False,holdout,0.0,78,3,3,LGBM_363700_20260405_160514,363700_rep1_fold0_hebo_roc_auc_holdout,LGBM_363700_20260405_160514::363700_rep1_fold0_hebo_roc_auc_holdout,0.1497614934391898,0.35059540293547387,0.45964626956698307
51,0.1519842386715452,0.22031008749356662,0.23100017155601305,363700,1,0,hebo,roc_auc,binary,LGBM,,False,holdout,0.0,78,3,3,LGBM_363700_20260405_160514,363700_rep1_fold0_hebo_roc_auc_holdout,LGBM_363700_20260405_160514::363700_rep1_fold0_hebo_roc_auc_holdout,0.1497614934391898,0.35059540293547387,0.45964626956698307
52,0.1519842386715452,0.22031008749356662,0.23100017155601305,363700,1,0,hebo,roc_auc,binary,LGBM,,False,holdout,0.0,78,3,3,LGBM_363700_20260405_160514,363700_rep1_fold0_hebo_roc_auc_holdout,LGBM_363700_20260405_160514::363700_rep1_fold0_hebo_roc_auc_holdout,0.1497614934391898,0.35059540293547387,0.45964626956698307
53,0.1519842386715452,0.22031008749356662,0.23100017155601305,363700,1,0,hebo,roc_auc,binary,LGBM,,False,holdout,0.0,78,3,3,LGBM_363700_20260405_160514,363700_rep1_fold0_hebo_roc_auc_holdout,LGBM_363700_20260405_160514::363700_rep1_fold0_hebo_roc_auc_holdout,0.1497614934391898,0.35059540293547387,0.45964626956698307
54,0.1519842386715452,0.22031008749356662,0.23100017155601305,363700,1,0,hebo,roc_auc,binary,LGBM,,False,holdout,0.0,78,3,3,LGBM_363700_20260405_160514,363700_rep1_fold0_hebo_roc_auc_holdout,LGBM_363700_20260405_160514::363700_rep1_fold0_hebo_roc_auc_holdout,0.1497614934391898,0.35059540293547387,0.45964626956698307
55,0.1519842386715452,0.22031008749356662,0.23100017155601305,363700,1,0,hebo,roc_auc,binary,LGBM,,False,holdout,0.0,78,3,3,LGBM_363700_20260405_160514,363700_rep1_fold0_hebo_roc_auc_holdout,LGBM_363700_20260405_160514::363700_rep1_fold0_hebo_roc_auc_holdout,0.1497614934391898,0.35059540293547387,0.45964626956698307
56,0.1519842386715452,0.22031008749356662,0.23100017155601305,363700,1,0,hebo,roc_auc,binary,LGBM,,False,holdout,0.0,78,3,3,LGBM_363700_20260405_160514,363700_rep1_fold0_hebo_roc_auc_holdout,LGBM_363700_20260405_160514::363700_rep1_fold0_hebo_roc_auc_holdout,0.1497614934391898,0.35059540293547387,0.45964626956698307
57,0.1519842386715452,0.22031008749356662,0.23100017155601305,363700,1,0,hebo,roc_auc,binary,LGBM,,False,holdout,0.0,78,3,3,LGBM_363700_20260405_160514,363700_rep1_fold0_hebo_roc_auc_holdout,LGBM_363700_20260405_160514::363700_rep1_fold0_hebo_roc_auc_holdout,0.1497614934391898,0.35059540293547387,0.45964626956698307
58,0.1519842386715452,0.22031008749356662,0.23100017155601305,363700,1,0,hebo,roc_auc,binary,LGBM,,False,holdout,0.0,78,3,3,LGBM_363700_20260405_160514,363700_rep1_fold0_hebo_roc_auc_holdout,LGBM_363700_20260405_160514::363700_rep1_fold0_hebo_roc_auc_holdout,0.1497614934391898,0.35059540293547387,0.45964626956698307
59,0.1519842386715452,0.22031008749356662,0.23100017155601305,363700,1,0,hebo,roc_auc,binary,LGBM,,False,holdout,0.0,78,3,3,LGBM_363700_20260405_160514,363700_rep1_fold0_hebo_roc_auc_holdout,LGBM_363700_20260405_160514::363700_rep1_fold0_hebo_roc_auc_holdout,0.1497614934391898,0.35059540293547387,0.45964626956698307
60,0.1519842386715452,0.22031008749356662,0.23100017155601305,363700,1,0,hebo,roc_auc,binary,LGBM,,False,holdout,0.0,78,3,3,LGBM_363700_20260405_160514,363700_rep1_fold0_hebo_roc_auc_holdout,LGBM_363700_20260405_160514::363700_rep1_fold0_hebo_roc_auc_holdout,0.1497614934391898,0.35059540293547387,0.45964626956698307
61,0.1519842386715452,0.22031008749356662,0.23100017155601305,363700,1,0,hebo,roc_auc,binary,LGBM,,False,holdout,0.0,78,3,3,LGBM_363700_20260405_160514,363700_rep1_fold0_hebo_roc_auc_holdout,LGBM_363700_20260405_160514::363700_rep1_fold0_hebo_roc_auc_holdout,0.1497614934391898,0.35059540293547387,0.45964626956698307
62,0.1519842386715452,0.22031008749356662,0.23100017155601305,363700,1,0,hebo,roc_auc,binary,LGBM,,False,holdout,0.0,78,3,3,LGBM_363700_20260405_160514,363700_rep1_fold0_hebo_roc_auc_holdout,LGBM_363700_20260405_160514::363700_rep1_fold0_hebo_roc_auc_holdout,0.1497614934391898,0.35059540293547387,0.45964626956698307
63,0.1519842386715452,0.22031008749356662,0.23100017155601305,363700,1,0,hebo,roc_auc,binary,LGBM,,False,holdout,0.0,78,3,3,LGBM_363700_20260405_160514,363700_rep1_fold0_hebo_roc_auc_holdout,LGBM_363700_20260405_160514::363700_rep1_fold0_hebo_roc_auc_holdout,0.1497614934391898,0.35059540293547387,0.45964626956698307
64,0.1519842386715452,0.22031008749356662,0.23100017155601305,363700,1,0,hebo,roc_auc,binary,LGBM,,False,holdout,0.0,78,3,3,LGBM_363700_20260405_160514,363700_rep1_fold0_hebo_roc_auc_holdout,LGBM_363700_20260405_160514::363700_rep1_fold0_hebo_roc_auc_holdout,0.1497614934391898,0.35059540293547387,0.45964626956698307
65,0.1519842386715452,0.22031008749356662,0.23100017155601305,363700,1,0,hebo,roc_auc,binary,LGBM,,False,holdout,0.0,78,3,3,LGBM_363700_20260405_160514,363700_rep1_fold0_hebo_roc_auc_holdout,LGBM_363700_20260405_160514::363700_rep1_fold0_hebo_roc_auc_holdout,0.1497614934391898,0.35059540293547387,0.45964626956698307
66,0.1519842386715452,0.22031008749356662,0.23100017155601305,363700,1,0,hebo,roc_auc,binary,LGBM,,False,holdout,0.0,78,3,3,LGBM_363700_20260405_160514,363700_rep1_fold0_hebo_roc_auc_holdout,LGBM_363700_20260405_160514::363700_rep1_fold0_hebo_roc_auc_holdout,0.1497614934391898,0.35059540293547387,0.45964626956698307
67,0.1519842386715452,0.22031008749356662,0.23100017155601305,363700,1,0,hebo,roc_auc,binary,LGBM,,False,holdout,0.0,78,3,3,LGBM_363700_20260405_160514,363700_rep1_fold0_hebo_roc_auc_holdout,LGBM_363700_20260405_160514::363700_rep1_fold0_hebo_roc_auc_holdout,0.1497614934391898,0.35059540293547387,0.45964626956698307
68,0.1519842386715452,0.22031008749356662,0.23100017155601305,363700,1,0,hebo,roc_auc,binary,LGBM,,False,holdout,0.0,78,3,3,LGBM_363700_20260405_160514,363700_rep1_fold0_hebo_roc_auc_holdout,LGBM_363700_20260405_160514::363700_rep1_fold0_hebo_roc_auc_holdout,0.1497614934391898,0.35059540293547387,0.45964626956698307
69,0.1519842386715452,0.22031008749356662,0.23100017155601305,363700,1,0,hebo,roc_auc,binary,LGBM,,False,holdout,0.0,78,3,3,LGBM_363700_20260405_160514,363700_rep1_fold0_hebo_roc_auc_holdout,LGBM_363700_20260405_160514::363700_rep1_fold0_hebo_roc_auc_holdout,0.1497614934391898,0.35059540293547387,0.45964626956698307
70,0.1519842386715452,0.22031008749356662,0.23100017155601305,363700,1,0,hebo,roc_auc,binary,LGBM,,False,holdout,0.0,78,3,3,LGBM_363700_20260405_160514,363700_rep1_fold0_hebo_roc_auc_holdout,LGBM_363700_20260405_160514::363700_rep1_fold0_hebo_roc_auc_holdout,0.1497614934391898,0.35059540293547387,0.45964626956698307
71,0.1519842386715452,0.22031008749356662,0.23100017155601305,363700,1,0,hebo,roc_auc,binary,LGBM,,False,holdout,0.0,78,3,3,LGBM_363700_20260405_160514,363700_rep1_fold0_hebo_roc_auc_holdout,LGBM_363700_20260405_160514::363700_rep1_fold0_hebo_roc_auc_holdout,0.1497614934391898,0.35059540293547387,0.45964626956698307
72,0.1519842386715452,0.22031008749356662,0.23100017155601305,363700,1,0,hebo,roc_auc,binary,LGBM,,False,holdout,0.0,78,3,3,LGBM_363700_20260405_160514,363700_rep1_fold0_hebo_roc_auc_holdout,LGBM_363700_20260405_160514::363700_rep1_fold0_hebo_roc_auc_holdout,0.1497614934391898,0.35059540293547387,0.45964626956698307
73,0.1519842386715452,0.22031008749356662,0.23100017155601305,363700,1,0,hebo,roc_auc,binary,LGBM,,False,holdout,0.0,78,3,3,LGBM_363700_20260405_160514,363700_rep1_fold0_hebo_roc_auc_holdout,LGBM_363700_20260405_160514::363700_rep1_fold0_hebo_roc_auc_holdout,0.1497614934391898,0.35059540293547387,0.45964626956698307
74,0.1519842386715452,0.22031008749356662,0.23100017155601305,363700,1,0,hebo,roc_auc,binary,LGBM,,False,holdout,0.0,78,3,3,LGBM_363700_20260405_160514,363700_rep1_fold0_hebo_roc_auc_holdout,LGBM_363700_20260405_160514::363700_rep1_fold0_hebo_roc_auc_holdout,0.1497614934391898,0.35059540293547387,0.45964626956698307
75,0.1519842386715452,0.22031008749356662,0.23100017155601305,363700,1,0,hebo,roc_auc,binary,LGBM,,False,holdout,0.0,78,3,3,LGBM_363700_20260405_160514,363700_rep1_fold0_hebo_roc_auc_holdout,LGBM_363700_20260405_160514::363700_rep1_fold0_hebo_roc_auc_holdout,0.1497614934391898,0.35059540293547387,0.45964626956698307
76,0.1519842386715452,0.22031008749356662,0.23100017155601305,363700,1,0,hebo,roc_auc,binary,LGBM,,False,holdout,0.0,78,3,3,LGBM_363700_20260405_160514,363700_rep1_fold0_hebo_roc_auc_holdout,LGBM_363700_20260405_160514::363700_rep1_fold0_hebo_roc_auc_holdout,0.1497614934391898,0.35059540293547387,0.45964626956698307
77,0.1519842386715452,0.22031008749356662,0.23100017155601305,363700,1,0,hebo,roc_auc,binary,LGBM,,False,holdout,0.0,78,3,3,LGBM_363700_20260405_160514,363700_rep1_fold0_hebo_roc_auc_holdout,LGBM_363700_20260405_160514::363700_rep1_fold0_hebo_roc_auc_holdout,0.1497614934391898,0.35059540293547387,0.45964626956698307
78,0.1519842386715452,0.22031008749356662,0.23100017155601305,363700,1,0,hebo,roc_auc,binary,LGBM,,False,holdout,0.0,78,3,3,LGBM_363700_20260405_160514,363700_rep1_fold0_hebo_roc_auc_holdout,LGBM_363700_20260405_160514::363700_rep1_fold0_hebo_roc_auc_holdout,0.1497614934391898,0.35059540293547387,0.45964626956698307
79,0.1519842386715452,0.22031008749356662,0.23100017155601305,363700,1,0,hebo,roc_auc,binary,LGBM,,False,holdout,0.0,78,3,3,LGBM_363700_20260405_160514,363700_rep1_fold0_hebo_roc_auc_holdout,LGBM_363700_20260405_160514::363700_rep1_fold0_hebo_roc_auc_holdout,0.1497614934391898,0.35059540293547387,0.45964626956698307
80,0.1519842386715452,0.22031008749356662,0.23100017155601305,363700,1,0,hebo,roc_auc,binary,LGBM,,False,holdout,0.0,78,3,3,LGBM_363700_20260405_160514,363700_rep1_fold0_hebo_roc_auc_holdout,LGBM_363700_20260405_160514::363700_rep1_fold0_hebo_roc_auc_holdout,0.1497614934391898,0.35059540293547387,0.45964626956698307
81,0.1519842386715452,0.22031008749356662,0.23100017155601305,363700,1,0,hebo,roc_auc,binary,LGBM,,False,holdout,0.0,78,3,3,LGBM_363700_20260405_160514,363700_rep1_fold0_hebo_roc_auc_holdout,LGBM_363700_20260405_160514::363700_rep1_fold0_hebo_roc_auc_holdout,0.1497614934391898,0.35059540293547387,0.45964626956698307
82,0.14522938361947646,0.2167181334705781,0.21879825012866705,363700,1,0,hebo,roc_auc,binary,LGBM,,False,holdout,0.0,78,3,3,LGBM_363700_20260405_160514,363700_rep1_fold0_hebo_roc_auc_holdout,LGBM_363700_20260405_160514::363700_rep1_fold0_hebo_roc_auc_holdout,0.08884156390460372,0.25782331764054156,0.22829843464118565
83,0.14522938361947646,0.2167181334705781,0.21879825012866705,363700,1,0,hebo,roc_auc,binary,LGBM,,False,holdout,0.0,78,3,3,LGBM_363700_20260405_160514,363700_rep1_fold0_hebo_roc_auc_holdout,LGBM_363700_20260405_160514::363700_rep1_fold0_hebo_roc_auc_holdout,0.08884156390460372,0.25782331764054156,0.22829843464118565
84,0.14522938361947646,0.2167181334705781,0.21879825012866705,363700,1,0,hebo,roc_auc,binary,LGBM,,False,holdout,0.0,78,3,3,LGBM_363700_20260405_160514,363700_rep1_fold0_hebo_roc_auc_holdout,LGBM_363700_20260405_160514::363700_rep1_fold0_hebo_roc_auc_holdout,0.08884156390460372,0.25782331764054156,0.22829843464118565
85,0.14522938361947646,0.2167181334705781,0.21879825012866705,363700,1,0,hebo,roc_auc,binary,LGBM,,False,holdout,0.0,78,3,3,LGBM_363700_20260405_160514,363700_rep1_fold0_hebo_roc_auc_holdout,LGBM_363700_20260405_160514::363700_rep1_fold0_hebo_roc_auc_holdout,0.08884156390460372,0.25782331764054156,0.22829843464118565
86,0.14522938361947646,0.2167181334705781,0.21879825012866705,363700,1,0,hebo,roc_auc,binary,LGBM,,False,holdout,0.0,78,3,3,LGBM_363700_20260405_160514,363700_rep1_fold0_hebo_roc_auc_holdout,LGBM_363700_20260405_160514::363700_rep1_fold0_hebo_roc_auc_holdout,0.08884156390460372,0.25782331764054156,0.22829843464118565
87,0.14424430059104976,0.21746869102762056,0.21903413964659457,363700,1,0,hebo,roc_auc,binary,LGBM,,False,holdout,0.0,78,3,3,LGBM_363700_20260405_160514,363700_rep1_fold0_hebo_roc_auc_holdout,LGBM_363700_20260405_160514::363700_rep1_fold0_hebo_roc_auc_holdout,0.07995740751414315,0.277208529493216,0.23277088839194648
88,0.14424430059104976,0.21746869102762056,0.21903413964659457,363700,1,0,hebo,roc_auc,binary,LGBM,,False,holdout,0.0,78,3,3,LGBM_363700_20260405_160514,363700_rep1_fold0_hebo_roc_auc_holdout,LGBM_363700_20260405_160514::363700_rep1_fold0_hebo_roc_auc_holdout,0.07995740751414315,0.277208529493216,0.23277088839194648
89,0.14424430059104976,0.21746869102762056,0.21903413964659457,363700,1,0,hebo,roc_auc,binary,LGBM,,False,holdout,0.0,78,3,3,LGBM_363700_20260405_160514,363700_rep1_fold0_hebo_roc_auc_holdout,LGBM_363700_20260405_160514::363700_rep1_fold0_hebo_roc_auc_holdout,0.07995740751414315,0.277208529493216,0.23277088839194648
90,0.14424430059104976,0.21746869102762056,0.21903413964659457,363700,1,0,hebo,roc_auc,binary,LGBM,,False,holdout,0.0,78,3,3,LGBM_363700_20260405_160514,363700_rep1_fold0_hebo_roc_auc_holdout,LGBM_363700_20260405_160514::363700_rep1_fold0_hebo_roc_auc_holdout,0.07995740751414315,0.277208529493216,0.23277088839194648
91,0.14424430059104976,0.21746869102762056,0.21903413964659457,363700,1,0,hebo,roc_auc,binary,LGBM,,False,holdout,0.0,78,3,3,LGBM_363700_20260405_160514,363700_rep1_fold0_hebo_roc_auc_holdout,LGBM_363700_20260405_160514::363700_rep1_fold0_hebo_roc_auc_holdout,0.07995740751414315,0.277208529493216,0.23277088839194648
92,0.14424430059104976,0.21746869102762056,0.21903413964659457,363700,1,0,hebo,roc_auc,binary,LGBM,,False,holdout,0.0,78,3,3,LGBM_363700_20260405_160514,363700_rep1_fold0_hebo_roc_auc_holdout,LGBM_363700_20260405_160514::363700_rep1_fold0_hebo_roc_auc_holdout,0.07995740751414315,0.277208529493216,0.23277088839194648
93,0.15367295243456236,0.22246525990735977,0.23081789329215985,363700,1,0,hebo,roc_auc,binary,LGBM,,False,holdout,0.0,78,3,3,LGBM_363700_20260405_160514,363700_rep1_fold0_hebo_roc_auc_holdout,LGBM_363700_20260405_160514::363700_rep1_fold0_hebo_roc_auc_holdout,0.16499147582283605,0.4062586541124344,0.4561902825777567
94,0.15367295243456236,0.22246525990735977,0.23081789329215985,363700,1,0,hebo,roc_auc,binary,LGBM,,False,holdout,0.0,78,3,3,LGBM_363700_20260405_160514,363700_rep1_fold0_hebo_roc_auc_holdout,LGBM_363700_20260405_160514::363700_rep1_fold0_hebo_roc_auc_holdout,0.16499147582283605,0.4062586541124344,0.4561902825777567
95,0.15367295243456236,0.22246525990735977,0.23081789329215985,363700,1,0,hebo,roc_auc,binary,LGBM,,False,holdout,0.0,78,3,3,LGBM_363700_20260405_160514,363700_rep1_fold0_hebo_roc_auc_holdout,LGBM_363700_20260405_160514::363700_rep1_fold0_hebo_roc_auc_holdout,0.16499147582283605,0.4062586541124344,0.4561902825777567
96,0.15367295243456236,0.22246525990735977,0.23081789329215985,363700,1,0,hebo,roc_auc,binary,LGBM,,False,holdout,0.0,78,3,3,LGBM_363700_20260405_160514,363700_rep1_fold0_hebo_roc_auc_holdout,LGBM_363700_20260405_160514::363700_rep1_fold0_hebo_roc_auc_holdout,0.16499147582283605,0.4062586541124344,0.4561902825777567
97,0.15367295243456236,0.22246525990735977,0.23081789329215985,363700,1,0,hebo,roc_auc,binary,LGBM,,False,holdout,0.0,78,3,3,LGBM_363700_20260405_160514,363700_rep1_fold0_hebo_roc_auc_holdout,LGBM_363700_20260405_160514::363700_rep1_fold0_hebo_roc_auc_holdout,0.16499147582283605,0.4062586541124344,0.4561902825777567
98,0.15367295243456236,0.22246525990735977,0.23081789329215985,363700,1,0,hebo,roc_auc,binary,LGBM,,False,holdout,0.0,78,3,3,LGBM_363700_20260405_160514,363700_rep1_fold0_hebo_roc_auc_holdout,LGBM_363700_20260405_160514::363700_rep1_fold0_hebo_roc_auc_holdout,0.16499147582283605,0.4062586541124344,0.4561902825777567
99,0.15367295243456236,0.22246525990735977,0.23081789329215985,363700,1,0,hebo,roc_auc,binary,LGBM,,False,holdout,0.0,78,3,3,LGBM_363700_20260405_160514,363700_rep1_fold0_hebo_roc_auc_holdout,LGBM_363700_20260405_160514::363700_rep1_fold0_hebo_roc_auc_holdout,0.16499147582283605,0.4062586541124344,0.4561902825777567
100,0.15367295243456236,0.22246525990735977,0.23081789329215985,363700,1,0,hebo,roc_auc,binary,LGBM,,False,holdout,0.0,78,3,3,LGBM_363700_20260405_160514,363700_rep1_fold0_hebo_roc_auc_holdout,LGBM_363700_20260405_160514::363700_rep1_fold0_hebo_roc_auc_holdout,0.16499147582283605,0.4062586541124344,0.4561902825777567
101,0.15367295243456236,0.22246525990735977,0.23081789329215985,363700,1,0,hebo,roc_auc,binary,LGBM,,False,holdout,0.0,78,3,3,LGBM_363700_20260405_160514,363700_rep1_fold0_hebo_roc_auc_holdout,LGBM_363700_20260405_160514::363700_rep1_fold0_hebo_roc_auc_holdout,0.16499147582283605,0.4062586541124344,0.4561902825777567
102,0.15367295243456236,0.22246525990735977,0.23081789329215985,363700,1,0,hebo,roc_auc,binary,LGBM,,False,holdout,0.0,78,3,3,LGBM_363700_20260405_160514,363700_rep1_fold0_hebo_roc_auc_holdout,LGBM_363700_20260405_160514::363700_rep1_fold0_hebo_roc_auc_holdout,0.16499147582283605,0.4062586541124344,0.4561902825777567
103,0.15367295243456236,0.22246525990735977,0.23081789329215985,363700,1,0,hebo,roc_auc,binary,LGBM,,False,holdout,0.0,78,3,3,LGBM_363700_20260405_160514,363700_rep1_fold0_hebo_roc_auc_holdout,LGBM_363700_20260405_160514::363700_rep1_fold0_hebo_roc_auc_holdout,0.16499147582283605,0.4062586541124344,0.4561902825777567
104,0.15367295243456236,0.22246525990735977,0.23081789329215985,363700,1,0,hebo,roc_auc,binary,LGBM,,False,holdout,0.0,78,3,3,LGBM_363700_20260405_160514,363700_rep1_fold0_hebo_roc_auc_holdout,LGBM_363700_20260405_160514::363700_rep1_fold0_hebo_roc_auc_holdout,0.16499147582283605,0.4062586541124344,0.4561902825777567
105,0.15367295243456236,0.22246525990735977,0.23081789329215985,363700,1,0,hebo,roc_auc,binary,LGBM,,False,holdout,0.0,78,3,3,LGBM_363700_20260405_160514,363700_rep1_fold0_hebo_roc_auc_holdout,LGBM_363700_20260405_160514::363700_rep1_fold0_hebo_roc_auc_holdout,0.16499147582283605,0.4062586541124344,0.4561902825777567
106,0.15367295243456236,0.22246525990735977,0.23081789329215985,363700,1,0,hebo,roc_auc,binary,LGBM,,False,holdout,0.0,78,3,3,LGBM_363700_20260405_160514,363700_rep1_fold0_hebo_roc_auc_holdout,LGBM_363700_20260405_160514::363700_rep1_fold0_hebo_roc_auc_holdout,0.16499147582283605,0.4062586541124344,0.4561902825777567
107,0.15367295243456236,0.22246525990735977,0.23081789329215985,363700,1,0,hebo,roc_auc,binary,LGBM,,False,holdout,0.0,78,3,3,LGBM_363700_20260405_160514,363700_rep1_fold0_hebo_roc_auc_holdout,LGBM_363700_20260405_160514::363700_rep1_fold0_hebo_roc_auc_holdout,0.16499147582283605,0.4062586541124344,0.4561902825777567
108,0.1411483253588517,0.21886258363355626,0.22250814891061932,363700,1,0,hebo,roc_auc,binary,LGBM,,False,holdout,0.0,78,3,3,LGBM_363700_20260405_160514,363700_rep1_fold0_hebo_roc_auc_holdout,LGBM_363700_20260405_160514::363700_rep1_fold0_hebo_roc_auc_holdout,0.0520357731441255,0.313209637219604,0.2986379345395383
109,0.1411483253588517,0.21886258363355626,0.22250814891061932,363700,1,0,hebo,roc_auc,binary,LGBM,,False,holdout,0.0,78,3,3,LGBM_363700_20260405_160514,363700_rep1_fold0_hebo_roc_auc_holdout,LGBM_363700_20260405_160514::363700_rep1_fold0_hebo_roc_auc_holdout,0.0520357731441255,0.313209637219604,0.2986379345395383
110,0.1411483253588517,0.21886258363355626,0.22250814891061932,363700,1,0,hebo,roc_auc,binary,LGBM,,False,holdout,0.0,78,3,3,LGBM_363700_20260405_160514,363700_rep1_fold0_hebo_roc_auc_holdout,LGBM_363700_20260405_160514::363700_rep1_fold0_hebo_roc_auc_holdout,0.0520357731441255,0.313209637219604,0.2986379345395383
111,0.1411483253588517,0.21886258363355626,0.22250814891061932,363700,1,0,hebo,roc_auc,binary,LGBM,,False,holdout,0.0,78,3,3,LGBM_363700_20260405_160514,363700_rep1_fold0_hebo_roc_auc_holdout,LGBM_363700_20260405_160514::363700_rep1_fold0_hebo_roc_auc_holdout,0.0520357731441255,0.313209637219604,0.2986379345395383
112,0.1411483253588517,0.21886258363355626,0.22250814891061932,363700,1,0,hebo,roc_auc,binary,LGBM,,False,holdout,0.0,78,3,3,LGBM_363700_20260405_160514,363700_rep1_fold0_hebo_roc_auc_holdout,LGBM_363700_20260405_160514::363700_rep1_fold0_hebo_roc_auc_holdout,0.0520357731441255,0.313209637219604,0.2986379345395383
113,0.1411483253588517,0.21886258363355626,0.22250814891061932,363700,1,0,hebo,roc_auc,binary,LGBM,,False,holdout,0.0,78,3,3,LGBM_363700_20260405_160514,363700_rep1_fold0_hebo_roc_auc_holdout,LGBM_363700_20260405_160514::363700_rep1_fold0_hebo_roc_auc_holdout,0.0520357731441255,0.313209637219604,0.2986379345395383
114,0.1411483253588517,0.21886258363355626,0.22250814891061932,363700,1,0,hebo,roc_auc,binary,LGBM,,False,holdout,0.0,78,3,3,LGBM_363700_20260405_160514,363700_rep1_fold0_hebo_roc_auc_holdout,LGBM_363700_20260405_160514::363700_rep1_fold0_hebo_roc_auc_holdout,0.0520357731441255,0.313209637219604,0.2986379345395383
115,0.1411483253588517,0.21886258363355626,0.22250814891061932,363700,1,0,hebo,roc_auc,binary,LGBM,,False,holdout,0.0,78,3,3,LGBM_363700_20260405_160514,363700_rep1_fold0_hebo_roc_auc_holdout,LGBM_363700_20260405_160514::363700_rep1_fold0_hebo_roc_auc_holdout,0.0520357731441255,0.313209637219604,0.2986379345395383
116,0.1411483253588517,0.21886258363355626,0.22250814891061932,363700,1,0,hebo,roc_auc,binary,LGBM,,False,holdout,0.0,78,3,3,LGBM_363700_20260405_160514,363700_rep1_fold0_hebo_roc_auc_holdout,LGBM_363700_20260405_160514::363700_rep1_fold0_hebo_roc_auc_holdout,0.0520357731441255,0.313209637219604,0.2986379345395383
117,0.1411483253588517,0.21886258363355626,0.22250814891061932,363700,1,0,hebo,roc_auc,binary,LGBM,,False,holdout,0.0,78,3,3,LGBM_363700_20260405_160514,363700_rep1_fold0_hebo_roc_auc_holdout,LGBM_363700_20260405_160514::363700_rep1_fold0_hebo_roc_auc_holdout,0.0520357731441255,0.313209637219604,0.2986379345395383
118,0.1411483253588517,0.21886258363355626,0.22250814891061932,363700,1,0,hebo,roc_auc,binary,LGBM,,False,holdout,0.0,78,3,3,LGBM_363700_20260405_160514,363700_rep1_fold0_hebo_roc_auc_holdout,LGBM_363700_20260405_160514::363700_rep1_fold0_hebo_roc_auc_holdout,0.0520357731441255,0.313209637219604,0.2986379345395383
119,0.1411483253588517,0.21886258363355626,0.22250814891061932,363700,1,0,hebo,roc_auc,binary,LGBM,,False,holdout,0.0,78,3,3,LGBM_363700_20260405_160514,363700_rep1_fold0_hebo_roc_auc_holdout,LGBM_363700_20260405_160514::363700_rep1_fold0_hebo_roc_auc_holdout,0.0520357731441255,0.313209637219604,0.2986379345395383
120,0.1411483253588517,0.21886258363355626,0.22250814891061932,363700,1,0,hebo,roc_auc,binary,LGBM,,False,holdout,0.0,78,3,3,LGBM_363700_20260405_160514,363700_rep1_fold0_hebo_roc_auc_holdout,LGBM_363700_20260405_160514::363700_rep1_fold0_hebo_roc_auc_holdout,0.0520357731441255,0.313209637219604,0.2986379345395383
121,0.1411483253588517,0.21886258363355626,0.22250814891061932,363700,1,0,hebo,roc_auc,binary,LGBM,,False,holdout,0.0,78,3,3,LGBM_363700_20260405_160514,363700_rep1_fold0_hebo_roc_auc_holdout,LGBM_363700_20260405_160514::363700_rep1_fold0_hebo_roc_auc_holdout,0.0520357731441255,0.313209637219604,0.2986379345395383
122,0.1411483253588517,0.21886258363355626,0.22250814891061932,363700,1,0,hebo,roc_auc,binary,LGBM,,False,holdout,0.0,78,3,3,LGBM_363700_20260405_160514,363700_rep1_fold0_hebo_roc_auc_holdout,LGBM_363700_20260405_160514::363700_rep1_fold0_hebo_roc_auc_holdout,0.0520357731441255,0.313209637219604,0.2986379345395383
123,0.1488882634393469,0.217597358037399,0.23265139818150615,363700,1,0,hebo,roc_auc,binary,LGBM,,False,holdout,0.0,78,3,3,LGBM_363700_20260405_160514,363700_rep1_fold0_hebo_roc_auc_holdout,LGBM_363700_20260405_160514::363700_rep1_fold0_hebo_roc_auc_holdout,0.12183985906917014,0.28053170866795296,0.4909534458223173
124,0.1488882634393469,0.217597358037399,0.23265139818150615,363700,1,0,hebo,roc_auc,binary,LGBM,,False,holdout,0.0,78,3,3,LGBM_363700_20260405_160514,363700_rep1_fold0_hebo_roc_auc_holdout,LGBM_363700_20260405_160514::363700_rep1_fold0_hebo_roc_auc_holdout,0.12183985906917014,0.28053170866795296,0.4909534458223173
125,0.1488882634393469,0.217597358037399,0.23265139818150615,363700,1,0,hebo,roc_auc,binary,LGBM,,False,holdout,0.0,78,3,3,LGBM_363700_20260405_160514,363700_rep1_fold0_hebo_roc_auc_holdout,LGBM_363700_20260405_160514::363700_rep1_fold0_hebo_roc_auc_holdout,0.12183985906917014,0.28053170866795296,0.4909534458223173
126,0.1488882634393469,0.217597358037399,0.23265139818150615,363700,1,0,hebo,roc_auc,binary,LGBM,,False,holdout,0.0,78,3,3,LGBM_363700_20260405_160514,363700_rep1_fold0_hebo_roc_auc_holdout,LGBM_363700_20260405_160514::363700_rep1_fold0_hebo_roc_auc_holdout,0.12183985906917014,0.28053170866795296,0.4909534458223173
127,0.1488882634393469,0.217597358037399,0.23265139818150615,363700,1,0,hebo,roc_auc,binary,LGBM,,False,holdout,0.0,78,3,3,LGBM_363700_20260405_160514,363700_rep1_fold0_hebo_roc_auc_holdout,LGBM_363700_20260405_160514::363700_rep1_fold0_hebo_roc_auc_holdout,0.12183985906917014,0.28053170866795296,0.4909534458223173
128,0.1488882634393469,0.217597358037399,0.23265139818150615,363700,1,0,hebo,roc_auc,binary,LGBM,,False,holdout,0.0,78,3,3,LGBM_363700_20260405_160514,363700_rep1_fold0_hebo_roc_auc_holdout,LGBM_363700_20260405_160514::363700_rep1_fold0_hebo_roc_auc_holdout,0.12183985906917014,0.28053170866795296,0.4909534458223173
129,0.1488882634393469,0.217597358037399,0.23265139818150615,363700,1,0,hebo,roc_auc,binary,LGBM,,False,holdout,0.0,78,3,3,LGBM_363700_20260405_160514,363700_rep1_fold0_hebo_roc_auc_holdout,LGBM_363700_20260405_160514::363700_rep1_fold0_hebo_roc_auc_holdout,0.12183985906917014,0.28053170866795296,0.4909534458223173
130,0.1488882634393469,0.217597358037399,0.23265139818150615,363700,1,0,hebo,roc_auc,binary,LGBM,,False,holdout,0.0,78,3,3,LGBM_363700_20260405_160514,363700_rep1_fold0_hebo_roc_auc_holdout,LGBM_363700_20260405_160514::363700_rep1_fold0_hebo_roc_auc_holdout,0.12183985906917014,0.28053170866795296,0.4909534458223173
131,0.1488882634393469,0.217597358037399,0.23265139818150615,363700,1,0,hebo,roc_auc,binary,LGBM,,False,holdout,0.0,78,3,3,LGBM_363700_20260405_160514,363700_rep1_fold0_hebo_roc_auc_holdout,LGBM_363700_20260405_160514::363700_rep1_fold0_hebo_roc_auc_holdout,0.12183985906917014,0.28053170866795296,0.4909534458223173
132,0.1488882634393469,0.217597358037399,0.23265139818150615,363700,1,0,hebo,roc_auc,binary,LGBM,,False,holdout,0.0,78,3,3,LGBM_363700_20260405_160514,363700_rep1_fold0_hebo_roc_auc_holdout,LGBM_363700_20260405_160514::363700_rep1_fold0_hebo_roc_auc_holdout,0.12183985906917014,0.28053170866795296,0.4909534458223173
133,0.1488882634393469,0.217597358037399,0.23265139818150615,363700,1,0,hebo,roc_auc,binary,LGBM,,False,holdout,0.0,78,3,3,LGBM_363700_20260405_160514,363700_rep1_fold0_hebo_roc_auc_holdout,LGBM_363700_20260405_160514::363700_rep1_fold0_hebo_roc_auc_holdout,0.12183985906917014,0.28053170866795296,0.4909534458223173
134,0.1488882634393469,0.217597358037399,0.23265139818150615,363700,1,0,hebo,roc_auc,binary,LGBM,,False,holdout,0.0,78,3,3,LGBM_363700_20260405_160514,363700_rep1_fold0_hebo_roc_auc_holdout,LGBM_363700_20260405_160514::363700_rep1_fold0_hebo_roc_auc_holdout,0.12183985906917014,0.28053170866795296,0.4909534458223173
135,0.1488882634393469,0.217597358037399,0.23265139818150615,363700,1,0,hebo,roc_auc,binary,LGBM,,False,holdout,0.0,78,3,3,LGBM_363700_20260405_160514,363700_rep1_fold0_hebo_roc_auc_holdout,LGBM_363700_20260405_160514::363700_rep1_fold0_hebo_roc_auc_holdout,0.12183985906917014,0.28053170866795296,0.4909534458223173
136,0.1488882634393469,0.217597358037399,0.23265139818150615,363700,1,0,hebo,roc_auc,binary,LGBM,,False,holdout,0.0,78,3,3,LGBM_363700_20260405_160514,363700_rep1_fold0_hebo_roc_auc_holdout,LGBM_363700_20260405_160514::363700_rep1_fold0_hebo_roc_auc_holdout,0.12183985906917014,0.28053170866795296,0.4909534458223173
137,0.1488882634393469,0.217597358037399,0.23265139818150615,363700,1,0,hebo,roc_auc,binary,LGBM,,False,holdout,0.0,78,3,3,LGBM_363700_20260405_160514,363700_rep1_fold0_hebo_roc_auc_holdout,LGBM_363700_20260405_160514::363700_rep1_fold0_hebo_roc_auc_holdout,0.12183985906917014,0.28053170866795296,0.4909534458223173
138,0.1488882634393469,0.217597358037399,0.23265139818150615,363700,1,0,hebo,roc_auc,binary,LGBM,,False,holdout,0.0,78,3,3,LGBM_363700_20260405_160514,363700_rep1_fold0_hebo_roc_auc_holdout,LGBM_363700_20260405_160514::363700_rep1_fold0_hebo_roc_auc_holdout,0.12183985906917014,0.28053170866795296,0.4909534458223173
139,0.1488882634393469,0.217597358037399,0.23265139818150615,363700,1,0,hebo,roc_auc,binary,LGBM,,False,holdout,0.0,78,3,3,LGBM_363700_20260405_160514,363700_rep1_fold0_hebo_roc_auc_holdout,LGBM_363700_20260405_160514::363700_rep1_fold0_hebo_roc_auc_holdout,0.12183985906917014,0.28053170866795296,0.4909534458223173
140,0.1488882634393469,0.217597358037399,0.23265139818150615,363700,1,0,hebo,roc_auc,binary,LGBM,,False,holdout,0.0,78,3,3,LGBM_363700_20260405_160514,363700_rep1_fold0_hebo_roc_auc_holdout,LGBM_363700_20260405_160514::363700_rep1_fold0_hebo_roc_auc_holdout,0.12183985906917014,0.28053170866795296,0.4909534458223173
141,0.1488882634393469,0.217597358037399,0.23265139818150615,363700,1,0,hebo,roc_auc,binary,LGBM,,False,holdout,0.0,78,3,3,LGBM_363700_20260405_160514,363700_rep1_fold0_hebo_roc_auc_holdout,LGBM_363700_20260405_160514::363700_rep1_fold0_hebo_roc_auc_holdout,0.12183985906917014,0.28053170866795296,0.4909534458223173
142,0.1488882634393469,0.217597358037399,0.23265139818150615,363700,1,0,hebo,roc_auc,binary,LGBM,,False,holdout,0.0,78,3,3,LGBM_363700_20260405_160514,363700_rep1_fold0_hebo_roc_auc_holdout,LGBM_363700_20260405_160514::363700_rep1_fold0_hebo_roc_auc_holdout,0.12183985906917014,0.28053170866795296,0.4909534458223173
143,0.1488882634393469,0.217597358037399,0.23265139818150615,363700,1,0,hebo,roc_auc,binary,LGBM,,False,holdout,0.0,78,3,3,LGBM_363700_20260405_160514,363700_rep1_fold0_hebo_roc_auc_holdout,LGBM_363700_20260405_160514::363700_rep1_fold0_hebo_roc_auc_holdout,0.12183985906917014,0.28053170866795296,0.4909534458223173
144,0.1488882634393469,0.217597358037399,0.23265139818150615,363700,1,0,hebo,roc_auc,binary,LGBM,,False,holdout,0.0,78,3,3,LGBM_363700_20260405_160514,363700_rep1_fold0_hebo_roc_auc_holdout,LGBM_363700_20260405_160514::363700_rep1_fold0_hebo_roc_auc_holdout,0.12183985906917014,0.28053170866795296,0.4909534458223173
145,0.1488882634393469,0.217597358037399,0.23265139818150615,363700,1,0,hebo,roc_auc,binary,LGBM,,False,holdout,0.0,78,3,3,LGBM_363700_20260405_160514,363700_rep1_fold0_hebo_roc_auc_holdout,LGBM_363700_20260405_160514::363700_rep1_fold0_hebo_roc_auc_holdout,0.12183985906917014,0.28053170866795296,0.4909534458223173
146,0.13833380242048976,0.21386601475381717,0.21811202607651392,363700,1,0,hebo,roc_auc,binary,LGBM,,False,holdout,0.0,78,3,3,LGBM_363700_20260405_160514,363700_rep1_fold0_hebo_roc_auc_holdout,LGBM_363700_20260405_160514::363700_rep1_fold0_hebo_roc_auc_holdout,0.02665246917138172,0.1841595126003885,0.21528766009351144
147,0.13833380242048976,0.21386601475381717,0.21811202607651392,363700,1,0,hebo,roc_auc,binary,LGBM,,False,holdout,0.0,78,3,3,LGBM_363700_20260405_160514,363700_rep1_fold0_hebo_roc_auc_holdout,LGBM_363700_20260405_160514::363700_rep1_fold0_hebo_roc_auc_holdout,0.02665246917138172,0.1841595126003885,0.21528766009351144
148,0.13833380242048976,0.21386601475381717,0.21811202607651392,363700,1,0,hebo,roc_auc,binary,LGBM,,False,holdout,0.0,78,3,3,LGBM_363700_20260405_160514,363700_rep1_fold0_hebo_roc_auc_holdout,LGBM_363700_20260405_160514::363700_rep1_fold0_hebo_roc_auc_holdout,0.02665246917138172,0.1841595126003885,0.21528766009351144
149,0.13833380242048976,0.21386601475381717,0.21811202607651392,363700,1,0,hebo,roc_auc,binary,LGBM,,False,holdout,0.0,78,3,3,LGBM_363700_20260405_160514,363700_rep1_fold0_hebo_roc_auc_holdout,LGBM_363700_20260405_160514::363700_rep1_fold0_hebo_roc_auc_holdout,0.02665246917138172,0.1841595126003885,0.21528766009351144
150,0.13833380242048976,0.21386601475381717,0.21811202607651392,363700,1,0,hebo,roc_auc,binary,LGBM,,False,holdout,0.0,78,3,3,LGBM_363700_20260405_160514,363700_rep1_fold0_hebo_roc_auc_holdout,LGBM_363700_20260405_160514::363700_rep1_fold0_hebo_roc_auc_holdout,0.02665246917138172,0.1841595126003885,0.21528766009351144
151,0.13833380242048976,0.21386601475381717,0.21811202607651392,363700,1,0,hebo,roc_auc,binary,LGBM,,False,holdout,0.0,78,3,3,LGBM_363700_20260405_160514,363700_rep1_fold0_hebo_roc_auc_holdout,LGBM_363700_20260405_160514::363700_rep1_fold0_hebo_roc_auc_holdout,0.02665246917138172,0.1841595126003885,0.21528766009351144
152,0.13833380242048976,0.21386601475381717,0.21811202607651392,363700,1,0,hebo,roc_auc,binary,LGBM,,False,holdout,0.0,78,3,3,LGBM_363700_20260405_160514,363700_rep1_fold0_hebo_roc_auc_holdout,LGBM_363700_20260405_160514::363700_rep1_fold0_hebo_roc_auc_holdout,0.02665246917138172,0.1841595126003885,0.21528766009351144
153,0.13833380242048976,0.21386601475381717,0.21811202607651392,363700,1,0,hebo,roc_auc,binary,LGBM,,False,holdout,0.0,78,3,3,LGBM_363700_20260405_160514,363700_rep1_fold0_hebo_roc_auc_holdout,LGBM_363700_20260405_160514::363700_rep1_fold0_hebo_roc_auc_holdout,0.02665246917138172,0.1841595126003885,0.21528766009351144
154,0.13833380242048976,0.21386601475381717,0.21811202607651392,363700,1,0,hebo,roc_auc,binary,LGBM,,False,holdout,0.0,78,3,3,LGBM_363700_20260405_160514,363700_rep1_fold0_hebo_roc_auc_holdout,LGBM_363700_20260405_160514::363700_rep1_fold0_hebo_roc_auc_holdout,0.02665246917138172,0.1841595126003885,0.21528766009351144
155,0.13903743315508033,0.21425201578315323,0.21667524446731856,363700,1,0,hebo,roc_auc,binary,LGBM,,False,holdout,0.0,78,3,3,LGBM_363700_20260405_160514,363700_rep1_fold0_hebo_roc_auc_holdout,LGBM_363700_20260405_160514::363700_rep1_fold0_hebo_roc_auc_holdout,0.03299829516456841,0.19412905012461948,0.1880463508843234
156,0.13903743315508033,0.21425201578315323,0.21667524446731856,363700,1,0,hebo,roc_auc,binary,LGBM,,False,holdout,0.0,78,3,3,LGBM_363700_20260405_160514,363700_rep1_fold0_hebo_roc_auc_holdout,LGBM_363700_20260405_160514::363700_rep1_fold0_hebo_roc_auc_holdout,0.03299829516456841,0.19412905012461948,0.1880463508843234
157,0.13903743315508033,0.21425201578315323,0.21667524446731856,363700,1,0,hebo,roc_auc,binary,LGBM,,False,holdout,0.0,78,3,3,LGBM_363700_20260405_160514,363700_rep1_fold0_hebo_roc_auc_holdout,LGBM_363700_20260405_160514::363700_rep1_fold0_hebo_roc_auc_holdout,0.03299829516456841,0.19412905012461948,0.1880463508843234
158,0.13903743315508033,0.21425201578315323,0.21667524446731856,363700,1,0,hebo,roc_auc,binary,LGBM,,False,holdout,0.0,78,3,3,LGBM_363700_20260405_160514,363700_rep1_fold0_hebo_roc_auc_holdout,LGBM_363700_20260405_160514::363700_rep1_fold0_hebo_roc_auc_holdout,0.03299829516456841,0.19412905012461948,0.1880463508843234
159,0.13903743315508033,0.21425201578315323,0.21667524446731856,363700,1,0,hebo,roc_auc,binary,LGBM,,False,holdout,0.0,78,3,3,LGBM_363700_20260405_160514,363700_rep1_fold0_hebo_roc_auc_holdout,LGBM_363700_20260405_160514::363700_rep1_fold0_hebo_roc_auc_holdout,0.03299829516456841,0.19412905012461948,0.1880463508843234
160,0.13903743315508033,0.21425201578315323,0.21667524446731856,363700,1,0,hebo,roc_auc,binary,LGBM,,False,holdout,0.0,78,3,3,LGBM_363700_20260405_160514,363700_rep1_fold0_hebo_roc_auc_holdout,LGBM_363700_20260405_160514::363700_rep1_fold0_hebo_roc_auc_holdout,0.03299829516456841,0.19412905012461948,0.1880463508843234
161,0.13903743315508033,0.21425201578315323,0.21667524446731856,363700,1,0,hebo,roc_auc,binary,LGBM,,False,holdout,0.0,78,3,3,LGBM_363700_20260405_160514,363700_rep1_fold0_hebo_roc_auc_holdout,LGBM_363700_20260405_160514::363700_rep1_fold0_hebo_roc_auc_holdout,0.03299829516456841,0.19412905012461948,0.1880463508843234
162,0.13903743315508033,0.21425201578315323,0.21667524446731856,363700,1,0,hebo,roc_auc,binary,LGBM,,False,holdout,0.0,78,3,3,LGBM_363700_20260405_160514,363700_rep1_fold0_hebo_roc_auc_holdout,LGBM_363700_20260405_160514::363700_rep1_fold0_hebo_roc_auc_holdout,0.03299829516456841,0.19412905012461948,0.1880463508843234
163,0.13903743315508033,0.21425201578315323,0.21667524446731856,363700,1,0,hebo,roc_auc,binary,LGBM,,False,holdout,0.0,78,3,3,LGBM_363700_20260405_160514,363700_rep1_fold0_hebo_roc_auc_holdout,LGBM_363700_20260405_160514::363700_rep1_fold0_hebo_roc_auc_holdout,0.03299829516456841,0.19412905012461948,0.1880463508843234
164,0.13903743315508033,0.21425201578315323,0.21667524446731856,363700,1,0,hebo,roc_auc,binary,LGBM,,False,holdout,0.0,78,3,3,LGBM_363700_20260405_160514,363700_rep1_fold0_hebo_roc_auc_holdout,LGBM_363700_20260405_160514::363700_rep1_fold0_hebo_roc_auc_holdout,0.03299829516456841,0.19412905012461948,0.1880463508843234
165,0.13903743315508033,0.21425201578315323,0.21667524446731856,363700,1,0,hebo,roc_auc,binary,LGBM,,False,holdout,0.0,78,3,3,LGBM_363700_20260405_160514,363700_rep1_fold0_hebo_roc_auc_holdout,LGBM_363700_20260405_160514::363700_rep1_fold0_hebo_roc_auc_holdout,0.03299829516456841,0.19412905012461948,0.1880463508843234
166,0.13903743315508033,0.21425201578315323,0.21667524446731856,363700,1,0,hebo,roc_auc,binary,LGBM,,False,holdout,0.0,78,3,3,LGBM_363700_20260405_160514,363700_rep1_fold0_hebo_roc_auc_holdout,LGBM_363700_20260405_160514::363700_rep1_fold0_hebo_roc_auc_holdout,0.03299829516456841,0.19412905012461948,0.1880463508843234
167,0.13903743315508033,0.21425201578315323,0.21667524446731856,363700,1,0,hebo,roc_auc,binary,LGBM,,False,holdout,0.0,78,3,3,LGBM_363700_20260405_160514,363700_rep1_fold0_hebo_roc_auc_holdout,LGBM_363700_20260405_160514::363700_rep1_fold0_hebo_roc_auc_holdout,0.03299829516456841,0.19412905012461948,0.1880463508843234
168,0.13903743315508033,0.21425201578315323,0.21667524446731856,363700,1,0,hebo,roc_auc,binary,LGBM,,False,holdout,0.0,78,3,3,LGBM_363700_20260405_160514,363700_rep1_fold0_hebo_roc_auc_holdout,LGBM_363700_20260405_160514::363700_rep1_fold0_hebo_roc_auc_holdout,0.03299829516456841,0.19412905012461948,0.1880463508843234
169,0.13903743315508033,0.21425201578315323,0.21667524446731856,363700,1,0,hebo,roc_auc,binary,LGBM,,False,holdout,0.0,78,3,3,LGBM_363700_20260405_160514,363700_rep1_fold0_hebo_roc_auc_holdout,LGBM_363700_20260405_160514::363700_rep1_fold0_hebo_roc_auc_holdout,0.03299829516456841,0.19412905012461948,0.1880463508843234
170,0.13903743315508033,0.21425201578315323,0.21667524446731856,363700,1,0,hebo,roc_auc,binary,LGBM,,False,holdout,0.0,78,3,3,LGBM_363700_20260405_160514,363700_rep1_fold0_hebo_roc_auc_holdout,LGBM_363700_20260405_160514::363700_rep1_fold0_hebo_roc_auc_holdout,0.03299829516456841,0.19412905012461948,0.1880463508843234
171,0.13903743315508033,0.21425201578315323,0.21667524446731856,363700,1,0,hebo,roc_auc,binary,LGBM,,False,holdout,0.0,78,3,3,LGBM_363700_20260405_160514,363700_rep1_fold0_hebo_roc_auc_holdout,LGBM_363700_20260405_160514::363700_rep1_fold0_hebo_roc_auc_holdout,0.03299829516456841,0.19412905012461948,0.1880463508843234
172,0.13903743315508033,0.21425201578315323,0.21667524446731856,363700,1,0,hebo,roc_auc,binary,LGBM,,False,holdout,0.0,78,3,3,LGBM_363700_20260405_160514,363700_rep1_fold0_hebo_roc_auc_holdout,LGBM_363700_20260405_160514::363700_rep1_fold0_hebo_roc_auc_holdout,0.03299829516456841,0.19412905012461948,0.1880463508843234
173,0.13903743315508033,0.21425201578315323,0.21667524446731856,363700,1,0,hebo,roc_auc,binary,LGBM,,False,holdout,0.0,78,3,3,LGBM_363700_20260405_160514,363700_rep1_fold0_hebo_roc_auc_holdout,LGBM_363700_20260405_160514::363700_rep1_fold0_hebo_roc_auc_holdout,0.03299829516456841,0.19412905012461948,0.1880463508843234
174,0.13903743315508033,0.21425201578315323,0.21667524446731856,363700,1,0,hebo,roc_auc,binary,LGBM,,False,holdout,0.0,78,3,3,LGBM_363700_20260405_160514,363700_rep1_fold0_hebo_roc_auc_holdout,LGBM_363700_20260405_160514::363700_rep1_fold0_hebo_roc_auc_holdout,0.03299829516456841,0.19412905012461948,0.1880463508843234
175,0.13903743315508033,0.21425201578315323,0.21667524446731856,363700,1,0,hebo,roc_auc,binary,LGBM,,False,holdout,0.0,78,3,3,LGBM_363700_20260405_160514,363700_rep1_fold0_hebo_roc_auc_holdout,LGBM_363700_20260405_160514::363700_rep1_fold0_hebo_roc_auc_holdout,0.03299829516456841,0.19412905012461948,0.1880463508843234
176,0.13903743315508033,0.21425201578315323,0.21667524446731856,363700,1,0,hebo,roc_auc,binary,LGBM,,False,holdout,0.0,78,3,3,LGBM_363700_20260405_160514,363700_rep1_fold0_hebo_roc_auc_holdout,LGBM_363700_20260405_160514::363700_rep1_fold0_hebo_roc_auc_holdout,0.03299829516456841,0.19412905012461948,0.1880463508843234
177,0.13903743315508033,0.21425201578315323,0.21667524446731856,363700,1,0,hebo,roc_auc,binary,LGBM,,False,holdout,0.0,78,3,3,LGBM_363700_20260405_160514,363700_rep1_fold0_hebo_roc_auc_holdout,LGBM_363700_20260405_160514::363700_rep1_fold0_hebo_roc_auc_holdout,0.03299829516456841,0.19412905012461948,0.1880463508843234
178,0.13903743315508033,0.21425201578315323,0.21667524446731856,363700,1,0,hebo,roc_auc,binary,LGBM,,False,holdout,0.0,78,3,3,LGBM_363700_20260405_160514,363700_rep1_fold0_hebo_roc_auc_holdout,LGBM_363700_20260405_160514::363700_rep1_fold0_hebo_roc_auc_holdout,0.03299829516456841,0.19412905012461948,0.1880463508843234
179,0.13903743315508033,0.21425201578315323,0.21667524446731856,363700,1,0,hebo,roc_auc,binary,LGBM,,False,holdout,0.0,78,3,3,LGBM_363700_20260405_160514,363700_rep1_fold0_hebo_roc_auc_holdout,LGBM_363700_20260405_160514::363700_rep1_fold0_hebo_roc_auc_holdout,0.03299829516456841,0.19412905012461948,0.1880463508843234
180,0.13903743315508033,0.21425201578315323,0.21667524446731856,363700,1,0,hebo,roc_auc,binary,LGBM,,False,holdout,0.0,78,3,3,LGBM_363700_20260405_160514,363700_rep1_fold0_hebo_roc_auc_holdout,LGBM_363700_20260405_160514::363700_rep1_fold0_hebo_roc_auc_holdout,0.03299829516456841,0.19412905012461948,0.1880463508843234
181,0.13903743315508033,0.21425201578315323,0.21667524446731856,363700,1,0,hebo,roc_auc,binary,LGBM,,False,holdout,0.0,78,3,3,LGBM_363700_20260405_160514,363700_rep1_fold0_hebo_roc_auc_holdout,LGBM_363700_20260405_160514::363700_rep1_fold0_hebo_roc_auc_holdout,0.03299829516456841,0.19412905012461948,0.1880463508843234
182,0.13903743315508033,0.21425201578315323,0.21667524446731856,363700,1,0,hebo,roc_auc,binary,LGBM,,False,holdout,0.0,78,3,3,LGBM_363700_20260405_160514,363700_rep1_fold0_hebo_roc_auc_holdout,LGBM_363700_20260405_160514::363700_rep1_fold0_hebo_roc_auc_holdout,0.03299829516456841,0.19412905012461948,0.1880463508843234
183,0.13903743315508033,0.21425201578315323,0.21667524446731856,363700,1,0,hebo,roc_auc,binary,LGBM,,False,holdout,0.0,78,3,3,LGBM_363700_20260405_160514,363700_rep1_fold0_hebo_roc_auc_holdout,LGBM_363700_20260405_160514::363700_rep1_fold0_hebo_roc_auc_holdout,0.03299829516456841,0.19412905012461948,0.1880463508843234
184,0.13903743315508033,0.21425201578315323,0.21667524446731856,363700,1,0,hebo,roc_auc,binary,LGBM,,False,holdout,0.0,78,3,3,LGBM_363700_20260405_160514,363700_rep1_fold0_hebo_roc_auc_holdout,LGBM_363700_20260405_160514::363700_rep1_fold0_hebo_roc_auc_holdout,0.03299829516456841,0.19412905012461948,0.1880463508843234
185,0.13903743315508033,0.21425201578315323,0.21667524446731856,363700,1,0,hebo,roc_auc,binary,LGBM,,False,holdout,0.0,78,3,3,LGBM_363700_20260405_160514,363700_rep1_fold0_hebo_roc_auc_holdout,LGBM_363700_20260405_160514::363700_rep1_fold0_hebo_roc_auc_holdout,0.03299829516456841,0.19412905012461948,0.1880463508843234
186,0.13903743315508033,0.21425201578315323,0.21667524446731856,363700,1,0,hebo,roc_auc,binary,LGBM,,False,holdout,0.0,78,3,3,LGBM_363700_20260405_160514,363700_rep1_fold0_hebo_roc_auc_holdout,LGBM_363700_20260405_160514::363700_rep1_fold0_hebo_roc_auc_holdout,0.03299829516456841,0.19412905012461948,0.1880463508843234
187,0.13903743315508033,0.21425201578315323,0.21667524446731856,363700,1,0,hebo,roc_auc,binary,LGBM,,False,holdout,0.0,78,3,3,LGBM_363700_20260405_160514,363700_rep1_fold0_hebo_roc_auc_holdout,LGBM_363700_20260405_160514::363700_rep1_fold0_hebo_roc_auc_holdout,0.03299829516456841,0.19412905012461948,0.1880463508843234
188,0.13903743315508033,0.21425201578315323,0.21667524446731856,363700,1,0,hebo,roc_auc,binary,LGBM,,False,holdout,0.0,78,3,3,LGBM_363700_20260405_160514,363700_rep1_fold0_hebo_roc_auc_holdout,LGBM_363700_20260405_160514::363700_rep1_fold0_hebo_roc_auc_holdout,0.03299829516456841,0.19412905012461948,0.1880463508843234
189,0.13903743315508033,0.21425201578315323,0.21667524446731856,363700,1,0,hebo,roc_auc,binary,LGBM,,False,holdout,0.0,78,3,3,LGBM_363700_20260405_160514,363700_rep1_fold0_hebo_roc_auc_holdout,LGBM_363700_20260405_160514::363700_rep1_fold0_hebo_roc_auc_holdout,0.03299829516456841,0.19412905012461948,0.1880463508843234
190,0.13903743315508033,0.21425201578315323,0.21667524446731856,363700,1,0,hebo,roc_auc,binary,LGBM,,False,holdout,0.0,78,3,3,LGBM_363700_20260405_160514,363700_rep1_fold0_hebo_roc_auc_holdout,LGBM_363700_20260405_160514::363700_rep1_fold0_hebo_roc_auc_holdout,0.03299829516456841,0.19412905012461948,0.1880463508843234
191,0.13903743315508033,0.21425201578315323,0.21667524446731856,363700,1,0,hebo,roc_auc,binary,LGBM,,False,holdout,0.0,78,3,3,LGBM_363700_20260405_160514,363700_rep1_fold0_hebo_roc_auc_holdout,LGBM_363700_20260405_160514::363700_rep1_fold0_hebo_roc_auc_holdout,0.03299829516456841,0.19412905012461948,0.1880463508843234
192,0.13903743315508033,0.21425201578315323,0.21667524446731856,363700,1,0,hebo,roc_auc,binary,LGBM,,False,holdout,0.0,78,3,3,LGBM_363700_20260405_160514,363700_rep1_fold0_hebo_roc_auc_holdout,LGBM_363700_20260405_160514::363700_rep1_fold0_hebo_roc_auc_holdout,0.03299829516456841,0.19412905012461948,0.1880463508843234
193,0.13903743315508033,0.21425201578315323,0.21667524446731856,363700,1,0,hebo,roc_auc,binary,LGBM,,False,holdout,0.0,78,3,3,LGBM_363700_20260405_160514,363700_rep1_fold0_hebo_roc_auc_holdout,LGBM_363700_20260405_160514::363700_rep1_fold0_hebo_roc_auc_holdout,0.03299829516456841,0.19412905012461948,0.1880463508843234
194,0.13903743315508033,0.21425201578315323,0.21667524446731856,363700,1,0,hebo,roc_auc,binary,LGBM,,False,holdout,0.0,78,3,3,LGBM_363700_20260405_160514,363700_rep1_fold0_hebo_roc_auc_holdout,LGBM_363700_20260405_160514::363700_rep1_fold0_hebo_roc_auc_holdout,0.03299829516456841,0.19412905012461948,0.1880463508843234
195,0.1470588235294117,0.2135657917310001,0.21450934980271064,363700,1,0,hebo,roc_auc,binary,LGBM,,False,holdout,0.0,78,3,3,LGBM_363700_20260405_160514,363700_rep1_fold0_hebo_roc_auc_holdout,LGBM_363700_20260405_160514::363700_rep1_fold0_hebo_roc_auc_holdout,0.10534071148688694,0.1764054278593164,0.146981093718234
196,0.1470588235294117,0.2135657917310001,0.21450934980271064,363700,1,0,hebo,roc_auc,binary,LGBM,,False,holdout,0.0,78,3,3,LGBM_363700_20260405_160514,363700_rep1_fold0_hebo_roc_auc_holdout,LGBM_363700_20260405_160514::363700_rep1_fold0_hebo_roc_auc_holdout,0.10534071148688694,0.1764054278593164,0.146981093718234
197,0.1470588235294117,0.2135657917310001,0.21450934980271064,363700,1,0,hebo,roc_auc,binary,LGBM,,False,holdout,0.0,78,3,3,LGBM_363700_20260405_160514,363700_rep1_fold0_hebo_roc_auc_holdout,LGBM_363700_20260405_160514::363700_rep1_fold0_hebo_roc_auc_holdout,0.10534071148688694,0.1764054278593164,0.146981093718234
198,0.1470588235294117,0.2135657917310001,0.21450934980271064,363700,1,0,hebo,roc_auc,binary,LGBM,,False,holdout,0.0,78,3,3,LGBM_363700_20260405_160514,363700_rep1_fold0_hebo_roc_auc_holdout,LGBM_363700_20260405_160514::363700_rep1_fold0_hebo_roc_auc_holdout,0.10534071148688694,0.1764054278593164,0.146981093718234
199,0.1470588235294117,0.2135657917310001,0.21450934980271064,363700,1,0,hebo,roc_auc,binary,LGBM,,False,holdout,0.0,78,3,3,LGBM_363700_20260405_160514,363700_rep1_fold0_hebo_roc_auc_holdout,LGBM_363700_20260405_160514::363700_rep1_fold0_hebo_roc_auc_holdout,0.10534071148688694,0.1764054278593164,0.146981093718234
200,0.1470588235294117,0.2135657917310001,0.21450934980271064,363700,1,0,hebo,roc_auc,binary,LGBM,,False,holdout,0.0,78,3,3,LGBM_363700_20260405_160514,363700_rep1_fold0_hebo_roc_auc_holdout,LGBM_363700_20260405_160514::363700_rep1_fold0_hebo_roc_auc_holdout,0.10534071148688694,0.1764054278593164,0.146981093718234
201,0.1470588235294117,0.2135657917310001,0.21450934980271064,363700,1,0,hebo,roc_auc,binary,LGBM,,False,holdout,0.0,78,3,3,LGBM_363700_20260405_160514,363700_rep1_fold0_hebo_roc_auc_holdout,LGBM_363700_20260405_160514::363700_rep1_fold0_hebo_roc_auc_holdout,0.10534071148688694,0.1764054278593164,0.146981093718234
202,0.1470588235294117,0.2135657917310001,0.21450934980271064,363700,1,0,hebo,roc_auc,binary,LGBM,,False,holdout,0.0,78,3,3,LGBM_363700_20260405_160514,363700_rep1_fold0_hebo_roc_auc_holdout,LGBM_363700_20260405_160514::363700_rep1_fold0_hebo_roc_auc_holdout,0.10534071148688694,0.1764054278593164,0.146981093718234
203,0.1470588235294117,0.2135657917310001,0.21450934980271064,363700,1,0,hebo,roc_auc,binary,LGBM,,False,holdout,0.0,78,3,3,LGBM_363700_20260405_160514,363700_rep1_fold0_hebo_roc_auc_holdout,LGBM_363700_20260405_160514::363700_rep1_fold0_hebo_roc_auc_holdout,0.10534071148688694,0.1764054278593164,0.146981093718234
204,0.1470588235294117,0.2135657917310001,0.21450934980271064,363700,1,0,hebo,roc_auc,binary,LGBM,,False,holdout,0.0,78,3,3,LGBM_363700_20260405_160514,363700_rep1_fold0_hebo_roc_auc_holdout,LGBM_363700_20260405_160514::363700_rep1_fold0_hebo_roc_auc_holdout,0.10534071148688694,0.1764054278593164,0.146981093718234
205,0.1470588235294117,0.2135657917310001,0.21450934980271064,363700,1,0,hebo,roc_auc,binary,LGBM,,False,holdout,0.0,78,3,3,LGBM_363700_20260405_160514,363700_rep1_fold0_hebo_roc_auc_holdout,LGBM_363700_20260405_160514::363700_rep1_fold0_hebo_roc_auc_holdout,0.10534071148688694,0.1764054278593164,0.146981093718234
206,0.1470588235294117,0.2135657917310001,0.21450934980271064,363700,1,0,hebo,roc_auc,binary,LGBM,,False,holdout,0.0,78,3,3,LGBM_363700_20260405_160514,363700_rep1_fold0_hebo_roc_auc_holdout,LGBM_363700_20260405_160514::363700_rep1_fold0_hebo_roc_auc_holdout,0.10534071148688694,0.1764054278593164,0.146981093718234
207,0.1470588235294117,0.2135657917310001,0.21450934980271064,363700,1,0,hebo,roc_auc,binary,LGBM,,False,holdout,0.0,78,3,3,LGBM_363700_20260405_160514,363700_rep1_fold0_hebo_roc_auc_holdout,LGBM_363700_20260405_160514::363700_rep1_fold0_hebo_roc_auc_holdout,0.10534071148688694,0.1764054278593164,0.146981093718234
208,0.1470588235294117,0.2135657917310001,0.21450934980271064,363700,1,0,hebo,roc_auc,binary,LGBM,,False,holdout,0.0,78,3,3,LGBM_363700_20260405_160514,363700_rep1_fold0_hebo_roc_auc_holdout,LGBM_363700_20260405_160514::363700_rep1_fold0_hebo_roc_auc_holdout,0.10534071148688694,0.1764054278593164,0.146981093718234
209,0.1470588235294117,0.2135657917310001,0.21450934980271064,363700,1,0,hebo,roc_auc,binary,LGBM,,False,holdout,0.0,78,3,3,LGBM_363700_20260405_160514,363700_rep1_fold0_hebo_roc_auc_holdout,LGBM_363700_20260405_160514::363700_rep1_fold0_hebo_roc_auc_holdout,0.10534071148688694,0.1764054278593164,0.146981093718234
210,0.1470588235294117,0.2135657917310001,0.21450934980271064,363700,1,0,hebo,roc_auc,binary,LGBM,,False,holdout,0.0,78,3,3,LGBM_363700_20260405_160514,363700_rep1_fold0_hebo_roc_auc_holdout,LGBM_363700_20260405_160514::363700_rep1_fold0_hebo_roc_auc_holdout,0.10534071148688694,0.1764054278593164,0.146981093718234
211,0.1470588235294117,0.2135657917310001,0.21450934980271064,363700,1,0,hebo,roc_auc,binary,LGBM,,False,holdout,0.0,78,3,3,LGBM_363700_20260405_160514,363700_rep1_fold0_hebo_roc_auc_holdout,LGBM_363700_20260405_160514::363700_rep1_fold0_hebo_roc_auc_holdout,0.10534071148688694,0.1764054278593164,0.146981093718234
212,0.1470588235294117,0.2135657917310001,0.21450934980271064,363700,1,0,hebo,roc_auc,binary,LGBM,,False,holdout,0.0,78,3,3,LGBM_363700_20260405_160514,363700_rep1_fold0_hebo_roc_auc_holdout,LGBM_363700_20260405_160514::363700_rep1_fold0_hebo_roc_auc_holdout,0.10534071148688694,0.1764054278593164,0.146981093718234
213,0.1470588235294117,0.2135657917310001,0.21450934980271064,363700,1,0,hebo,roc_auc,binary,LGBM,,False,holdout,0.0,78,3,3,LGBM_363700_20260405_160514,363700_rep1_fold0_hebo_roc_auc_holdout,LGBM_363700_20260405_160514::363700_rep1_fold0_hebo_roc_auc_holdout,0.10534071148688694,0.1764054278593164,0.146981093718234
214,0.1470588235294117,0.2135657917310001,0.21450934980271064,363700,1,0,hebo,roc_auc,binary,LGBM,,False,holdout,0.0,78,3,3,LGBM_363700_20260405_160514,363700_rep1_fold0_hebo_roc_auc_holdout,LGBM_363700_20260405_160514::363700_rep1_fold0_hebo_roc_auc_holdout,0.10534071148688694,0.1764054278593164,0.146981093718234
215,0.1470588235294117,0.2135657917310001,0.21450934980271064,363700,1,0,hebo,roc_auc,binary,LGBM,,False,holdout,0.0,78,3,3,LGBM_363700_20260405_160514,363700_rep1_fold0_hebo_roc_auc_holdout,LGBM_363700_20260405_160514::363700_rep1_fold0_hebo_roc_auc_holdout,0.10534071148688694,0.1764054278593164,0.146981093718234
216,0.1470588235294117,0.2135657917310001,0.21450934980271064,363700,1,0,hebo,roc_auc,binary,LGBM,,False,holdout,0.0,78,3,3,LGBM_363700_20260405_160514,363700_rep1_fold0_hebo_roc_auc_holdout,LGBM_363700_20260405_160514::363700_rep1_fold0_hebo_roc_auc_holdout,0.10534071148688694,0.1764054278593164,0.146981093718234
217,0.1470588235294117,0.2135657917310001,0.21450934980271064,363700,1,0,hebo,roc_auc,binary,LGBM,,False,holdout,0.0,78,3,3,LGBM_363700_20260405_160514,363700_rep1_fold0_hebo_roc_auc_holdout,LGBM_363700_20260405_160514::363700_rep1_fold0_hebo_roc_auc_holdout,0.10534071148688694,0.1764054278593164,0.146981093718234
218,0.1470588235294117,0.2135657917310001,0.21450934980271064,363700,1,0,hebo,roc_auc,binary,LGBM,,False,holdout,0.0,78,3,3,LGBM_363700_20260405_160514,363700_rep1_fold0_hebo_roc_auc_holdout,LGBM_363700_20260405_160514::363700_rep1_fold0_hebo_roc_auc_holdout,0.10534071148688694,0.1764054278593164,0.146981093718234
219,0.1470588235294117,0.2135657917310001,0.21450934980271064,363700,1,0,hebo,roc_auc,binary,LGBM,,False,holdout,0.0,78,3,3,LGBM_363700_20260405_160514,363700_rep1_fold0_hebo_roc_auc_holdout,LGBM_363700_20260405_160514::363700_rep1_fold0_hebo_roc_auc_holdout,0.10534071148688694,0.1764054278593164,0.146981093718234
220,0.1470588235294117,0.2135657917310001,0.21450934980271064,363700,1,0,hebo,roc_auc,binary,LGBM,,False,holdout,0.0,78,3,3,LGBM_363700_20260405_160514,363700_rep1_fold0_hebo_roc_auc_holdout,LGBM_363700_20260405_160514::363700_rep1_fold0_hebo_roc_auc_holdout,0.10534071148688694,0.1764054278593164,0.146981093718234
221,0.1470588235294117,0.2135657917310001,0.21450934980271064,363700,1,0,hebo,roc_auc,binary,LGBM,,False,holdout,0.0,78,3,3,LGBM_363700_20260405_160514,363700_rep1_fold0_hebo_roc_auc_holdout,LGBM_363700_20260405_160514::363700_rep1_fold0_hebo_roc_auc_holdout,0.10534071148688694,0.1764054278593164,0.146981093718234
222,0.1470588235294117,0.2135657917310001,0.21450934980271064,363700,1,0,hebo,roc_auc,binary,LGBM,,False,holdout,0.0,78,3,3,LGBM_363700_20260405_160514,363700_rep1_fold0_hebo_roc_auc_holdout,LGBM_363700_20260405_160514::363700_rep1_fold0_hebo_roc_auc_holdout,0.10534071148688694,0.1764054278593164,0.146981093718234
223,0.1470588235294117,0.2135657917310001,0.21450934980271064,363700,1,0,hebo,roc_auc,binary,LGBM,,False,holdout,0.0,78,3,3,LGBM_363700_20260405_160514,363700_rep1_fold0_hebo_roc_auc_holdout,LGBM_363700_20260405_160514::363700_rep1_fold0_hebo_roc_auc_holdout,0.10534071148688694,0.1764054278593164,0.146981093718234
224,0.1470588235294117,0.2135657917310001,0.21450934980271064,363700,1,0,hebo,roc_auc,binary,LGBM,,False,holdout,0.0,78,3,3,LGBM_363700_20260405_160514,363700_rep1_fold0_hebo_roc_auc_holdout,LGBM_363700_20260405_160514::363700_rep1_fold0_hebo_roc_auc_holdout,0.10534071148688694,0.1764054278593164,0.146981093718234
225,0.13734871939206306,0.2133942357179619,0.22104992279979407,363700,1,0,hebo,roc_auc,binary,LGBM,,False,holdout,0.0,78,3,3,LGBM_363700_20260405_160514,363700_rep1_fold0_hebo_roc_auc_holdout,LGBM_363700_20260405_160514::363700_rep1_fold0_hebo_roc_auc_holdout,0.017768312780921145,0.1719745222929928,0.2709900386257335
226,0.13734871939206306,0.2133942357179619,0.22104992279979407,363700,1,0,hebo,roc_auc,binary,LGBM,,False,holdout,0.0,78,3,3,LGBM_363700_20260405_160514,363700_rep1_fold0_hebo_roc_auc_holdout,LGBM_363700_20260405_160514::363700_rep1_fold0_hebo_roc_auc_holdout,0.017768312780921145,0.1719745222929928,0.2709900386257335
227,0.13734871939206306,0.2133942357179619,0.22104992279979407,363700,1,0,hebo,roc_auc,binary,LGBM,,False,holdout,0.0,78,3,3,LGBM_363700_20260405_160514,363700_rep1_fold0_hebo_roc_auc_holdout,LGBM_363700_20260405_160514::363700_rep1_fold0_hebo_roc_auc_holdout,0.017768312780921145,0.1719745222929928,0.2709900386257335
228,0.13734871939206306,0.2133942357179619,0.22104992279979407,363700,1,0,hebo,roc_auc,binary,LGBM,,False,holdout,0.0,78,3,3,LGBM_363700_20260405_160514,363700_rep1_fold0_hebo_roc_auc_holdout,LGBM_363700_20260405_160514::363700_rep1_fold0_hebo_roc_auc_holdout,0.017768312780921145,0.1719745222929928,0.2709900386257335
229,0.13734871939206306,0.2133942357179619,0.22104992279979407,363700,1,0,hebo,roc_auc,binary,LGBM,,False,holdout,0.0,78,3,3,LGBM_363700_20260405_160514,363700_rep1_fold0_hebo_roc_auc_holdout,LGBM_363700_20260405_160514::363700_rep1_fold0_hebo_roc_auc_holdout,0.017768312780921145,0.1719745222929928,0.2709900386257335
230,0.13734871939206306,0.2133942357179619,0.22104992279979407,363700,1,0,hebo,roc_auc,binary,LGBM,,False,holdout,0.0,78,3,3,LGBM_363700_20260405_160514,363700_rep1_fold0_hebo_roc_auc_holdout,LGBM_363700_20260405_160514::363700_rep1_fold0_hebo_roc_auc_holdout,0.017768312780921145,0.1719745222929928,0.2709900386257335
231,0.13734871939206306,0.2133942357179619,0.22104992279979407,363700,1,0,hebo,roc_auc,binary,LGBM,,False,holdout,0.0,78,3,3,LGBM_363700_20260405_160514,363700_rep1_fold0_hebo_roc_auc_holdout,LGBM_363700_20260405_160514::363700_rep1_fold0_hebo_roc_auc_holdout,0.017768312780921145,0.1719745222929928,0.2709900386257335
232,0.13734871939206306,0.2133942357179619,0.22104992279979407,363700,1,0,hebo,roc_auc,binary,LGBM,,False,holdout,0.0,78,3,3,LGBM_363700_20260405_160514,363700_rep1_fold0_hebo_roc_auc_holdout,LGBM_363700_20260405_160514::363700_rep1_fold0_hebo_roc_auc_holdout,0.017768312780921145,0.1719745222929928,0.2709900386257335
233,0.13734871939206306,0.2133942357179619,0.22104992279979407,363700,1,0,hebo,roc_auc,binary,LGBM,,False,holdout,0.0,78,3,3,LGBM_363700_20260405_160514,363700_rep1_fold0_hebo_roc_auc_holdout,LGBM_363700_20260405_160514::363700_rep1_fold0_hebo_roc_auc_holdout,0.017768312780921145,0.1719745222929928,0.2709900386257335
234,0.13734871939206306,0.2133942357179619,0.22104992279979407,363700,1,0,hebo,roc_auc,binary,LGBM,,False,holdout,0.0,78,3,3,LGBM_363700_20260405_160514,363700_rep1_fold0_hebo_roc_auc_holdout,LGBM_363700_20260405_160514::363700_rep1_fold0_hebo_roc_auc_holdout,0.017768312780921145,0.1719745222929928,0.2709900386257335
235,0.13734871939206306,0.2133942357179619,0.22104992279979407,363700,1,0,hebo,roc_auc,binary,LGBM,,False,holdout,0.0,78,3,3,LGBM_363700_20260405_160514,363700_rep1_fold0_hebo_roc_auc_holdout,LGBM_363700_20260405_160514::363700_rep1_fold0_hebo_roc_auc_holdout,0.017768312780921145,0.1719745222929928,0.2709900386257335
236,0.13734871939206306,0.2133942357179619,0.22104992279979407,363700,1,0,hebo,roc_auc,binary,LGBM,,False,holdout,0.0,78,3,3,LGBM_363700_20260405_160514,363700_rep1_fold0_hebo_roc_auc_holdout,LGBM_363700_20260405_160514::363700_rep1_fold0_hebo_roc_auc_holdout,0.017768312780921145,0.1719745222929928,0.2709900386257335
237,0.13734871939206306,0.2133942357179619,0.22104992279979407,363700,1,0,hebo,roc_auc,binary,LGBM,,False,holdout,0.0,78,3,3,LGBM_363700_20260405_160514,363700_rep1_fold0_hebo_roc_auc_holdout,LGBM_363700_20260405_160514::363700_rep1_fold0_hebo_roc_auc_holdout,0.017768312780921145,0.1719745222929928,0.2709900386257335
238,0.13734871939206306,0.2133942357179619,0.22104992279979407,363700,1,0,hebo,roc_auc,binary,LGBM,,False,holdout,0.0,78,3,3,LGBM_363700_20260405_160514,363700_rep1_fold0_hebo_roc_auc_holdout,LGBM_363700_20260405_160514::363700_rep1_fold0_hebo_roc_auc_holdout,0.017768312780921145,0.1719745222929928,0.2709900386257335
239,0.13734871939206306,0.2133942357179619,0.22104992279979407,363700,1,0,hebo,roc_auc,binary,LGBM,,False,holdout,0.0,78,3,3,LGBM_363700_20260405_160514,363700_rep1_fold0_hebo_roc_auc_holdout,LGBM_363700_20260405_160514::363700_rep1_fold0_hebo_roc_auc_holdout,0.017768312780921145,0.1719745222929928,0.2709900386257335
240,0.13734871939206306,0.2133942357179619,0.22104992279979407,363700,1,0,hebo,roc_auc,binary,LGBM,,False,holdout,0.0,78,3,3,LGBM_363700_20260405_160514,363700_rep1_fold0_hebo_roc_auc_holdout,LGBM_363700_20260405_160514::363700_rep1_fold0_hebo_roc_auc_holdout,0.017768312780921145,0.1719745222929928,0.2709900386257335
241,0.13734871939206306,0.2133942357179619,0.22104992279979407,363700,1,0,hebo,roc_auc,binary,LGBM,,False,holdout,0.0,78,3,3,LGBM_363700_20260405_160514,363700_rep1_fold0_hebo_roc_auc_holdout,LGBM_363700_20260405_160514::363700_rep1_fold0_hebo_roc_auc_holdout,0.017768312780921145,0.1719745222929928,0.2709900386257335
242,0.13734871939206306,0.2133942357179619,0.22104992279979407,363700,1,0,hebo,roc_auc,binary,LGBM,,False,holdout,0.0,78,3,3,LGBM_363700_20260405_160514,363700_rep1_fold0_hebo_roc_auc_holdout,LGBM_363700_20260405_160514::363700_rep1_fold0_hebo_roc_auc_holdout,0.017768312780921145,0.1719745222929928,0.2709900386257335
243,0.13734871939206306,0.2133942357179619,0.22104992279979407,363700,1,0,hebo,roc_auc,binary,LGBM,,False,holdout,0.0,78,3,3,LGBM_363700_20260405_160514,363700_rep1_fold0_hebo_roc_auc_holdout,LGBM_363700_20260405_160514::363700_rep1_fold0_hebo_roc_auc_holdout,0.017768312780921145,0.1719745222929928,0.2709900386257335
244,0.13734871939206306,0.2133942357179619,0.22104992279979407,363700,1,0,hebo,roc_auc,binary,LGBM,,False,holdout,0.0,78,3,3,LGBM_363700_20260405_160514,363700_rep1_fold0_hebo_roc_auc_holdout,LGBM_363700_20260405_160514::363700_rep1_fold0_hebo_roc_auc_holdout,0.017768312780921145,0.1719745222929928,0.2709900386257335
245,0.13734871939206306,0.2133942357179619,0.22104992279979407,363700,1,0,hebo,roc_auc,binary,LGBM,,False,holdout,0.0,78,3,3,LGBM_363700_20260405_160514,363700_rep1_fold0_hebo_roc_auc_holdout,LGBM_363700_20260405_160514::363700_rep1_fold0_hebo_roc_auc_holdout,0.017768312780921145,0.1719745222929928,0.2709900386257335
246,0.13734871939206306,0.2133942357179619,0.22104992279979407,363700,1,0,hebo,roc_auc,binary,LGBM,,False,holdout,0.0,78,3,3,LGBM_363700_20260405_160514,363700_rep1_fold0_hebo_roc_auc_holdout,LGBM_363700_20260405_160514::363700_rep1_fold0_hebo_roc_auc_holdout,0.017768312780921145,0.1719745222929928,0.2709900386257335
247,0.13734871939206306,0.2133942357179619,0.22104992279979407,363700,1,0,hebo,roc_auc,binary,LGBM,,False,holdout,0.0,78,3,3,LGBM_363700_20260405_160514,363700_rep1_fold0_hebo_roc_auc_holdout,LGBM_363700_20260405_160514::363700_rep1_fold0_hebo_roc_auc_holdout,0.017768312780921145,0.1719745222929928,0.2709900386257335
248,0.13734871939206306,0.2133942357179619,0.22104992279979407,363700,1,0,hebo,roc_auc,binary,LGBM,,False,holdout,0.0,78,3,3,LGBM_363700_20260405_160514,363700_rep1_fold0_hebo_roc_auc_holdout,LGBM_363700_20260405_160514::363700_rep1_fold0_hebo_roc_auc_holdout,0.017768312780921145,0.1719745222929928,0.2709900386257335
249,0.13734871939206306,0.2133942357179619,0.22104992279979407,363700,1,0,hebo,roc_auc,binary,LGBM,,False,holdout,0.0,78,3,3,LGBM_363700_20260405_160514,363700_rep1_fold0_hebo_roc_auc_holdout,LGBM_363700_20260405_160514::363700_rep1_fold0_hebo_roc_auc_holdout,0.017768312780921145,0.1719745222929928,0.2709900386257335
0,0.24735349875014667,0.23069210798488715,0.23246512020600707,363700,0,0,hebo,roc_auc,binary,LGBM,,False,cv,0.0,78,3,3,LGBM_363700_20260405_160514,363700_rep0_fold0_hebo_roc_auc_cv,LGBM_363700_20260405_160514::363700_rep0_fold0_hebo_roc_auc_cv,0.8658311418775552,0.10610465116279012,0.1014925373134321
1,0.24735349875014667,0.23069210798488715,0.23246512020600707,363700,0,0,hebo,roc_auc,binary,LGBM,,False,cv,0.0,78,3,3,LGBM_363700_20260405_160514,363700_rep0_fold0_hebo_roc_auc_cv,LGBM_363700_20260405_160514::363700_rep0_fold0_hebo_roc_auc_cv,0.8658311418775552,0.10610465116279012,0.1014925373134321
2,0.2473255378283311,0.2374464402558204,0.23688709711463363,363700,0,0,hebo,roc_auc,binary,LGBM,,False,cv,0.0,78,3,3,LGBM_363700_20260405_160514,363700_rep0_fold0_hebo_roc_auc_cv,LGBM_363700_20260405_160514::363700_rep0_fold0_hebo_roc_auc_cv,0.8654362953262841,0.29215116279069975,0.19770378874856456
3,0.24734790656578376,0.23532515777698038,0.2354201405745403,363700,0,0,hebo,roc_auc,binary,LGBM,,False,cv,0.0,78,3,3,LGBM_363700_20260405_160514,363700_rep0_fold0_hebo_roc_auc_cv,LGBM_363700_20260405_160514::363700_rep0_fold0_hebo_roc_auc_cv,0.8657521725673037,0.23372093023255794,0.16578645235361553
4,0.24734790656578376,0.23532515777698038,0.2354201405745403,363700,0,0,hebo,roc_auc,binary,LGBM,,False,cv,0.0,78,3,3,LGBM_363700_20260405_160514,363700_rep0_fold0_hebo_roc_auc_cv,LGBM_363700_20260405_160514::363700_rep0_fold0_hebo_roc_auc_cv,0.8657521725673037,0.23372093023255794,0.16578645235361553
5,0.24734790656578376,0.23532515777698038,0.2354201405745403,363700,0,0,hebo,roc_auc,binary,LGBM,,False,cv,0.0,78,3,3,LGBM_363700_20260405_160514,363700_rep0_fold0_hebo_roc_auc_cv,LGBM_363700_20260405_160514::363700_rep0_fold0_hebo_roc_auc_cv,0.8657521725673037,0.23372093023255794,0.16578645235361553
6,0.24734790656578376,0.23532515777698038,0.2354201405745403,363700,0,0,hebo,roc_auc,binary,LGBM,,False,cv,0.0,78,3,3,LGBM_363700_20260405_160514,363700_rep0_fold0_hebo_roc_auc_cv,LGBM_363700_20260405_160514::363700_rep0_fold0_hebo_roc_auc_cv,0.8657521725673037,0.23372093023255794,0.16578645235361553
7,0.24543258342141028,0.236074466513287,0.23595837642738038,363700,0,0,hebo,roc_auc,binary,LGBM,,False,cv,0.0,78,3,3,LGBM_363700_20260405_160514,363700_rep0_fold0_hebo_roc_auc_cv,LGBM_363700_20260405_160514::363700_rep0_fold0_hebo_roc_auc_cv,0.8387051838051269,0.2543604651162784,0.17749712973593665
8,0.24543258342141028,0.236074466513287,0.23595837642738038,363700,0,0,hebo,roc_auc,binary,LGBM,,False,cv,0.0,78,3,3,LGBM_363700_20260405_160514,363700_rep0_fold0_hebo_roc_auc_cv,LGBM_363700_20260405_160514::363700_rep0_fold0_hebo_roc_auc_cv,0.8387051838051269,0.2543604651162784,0.17749712973593665
9,0.24353962901448933,0.23862844840323372,0.24219558013382025,363700,0,0,hebo,roc_auc,binary,LGBM,,False,cv,0.0,78,3,3,LGBM_363700_20260405_160514,363700_rep0_fold0_hebo_roc_auc_cv,LGBM_363700_20260405_160514::363700_rep0_fold0_hebo_roc_auc_cv,0.8119740722839682,0.3247093023255838,0.3132032146957542
10,0.24353962901448933,0.23862844840323372,0.24219558013382025,363700,0,0,hebo,roc_auc,binary,LGBM,,False,cv,0.0,78,3,3,LGBM_363700_20260405_160514,363700_rep0_fold0_hebo_roc_auc_cv,LGBM_363700_20260405_160514::363700_rep0_fold0_hebo_roc_auc_cv,0.8119740722839682,0.3247093023255838,0.3132032146957542
11,0.24117413502888363,0.2592819300504463,0.2670283048736729,363700,0,0,hebo,roc_auc,binary,LGBM,,False,cv,0.0,78,3,3,LGBM_363700_20260405_160514,363700_rep0_fold0_hebo_roc_auc_cv,LGBM_363700_20260405_160514::363700_rep0_fold0_hebo_roc_auc_cv,0.7785700540463029,0.8936046511627878,0.8535017221584417
12,0.24117413502888363,0.2592819300504463,0.2670283048736729,363700,0,0,hebo,roc_auc,binary,LGBM,,False,cv,0.0,78,3,3,LGBM_363700_20260405_160514,363700_rep0_fold0_hebo_roc_auc_cv,LGBM_363700_20260405_160514::363700_rep0_fold0_hebo_roc_auc_cv,0.7785700540463029,0.8936046511627878,0.8535017221584417
13,0.2383668584785904,0.2550393650927666,0.25455389746079315,363700,0,0,hebo,roc_auc,binary,LGBM,,False,cv,0.0,78,3,3,LGBM_363700_20260405_160514,363700_rep0_fold0_hebo_roc_auc_cv,LGBM_363700_20260405_160514::363700_rep0_fold0_hebo_roc_auc_cv,0.7389274602985308,0.7767441860465134,0.5820895522388065
14,0.23586155988390634,0.25400510796377984,0.2544483610190599,363700,0,0,hebo,roc_auc,binary,LGBM,,False,cv,0.0,78,3,3,LGBM_363700_20260405_160514,363700_rep0_fold0_hebo_roc_auc_cv,LGBM_363700_20260405_160514::363700_rep0_fold0_hebo_roc_auc_cv,0.703549209304502,0.7482558139534871,0.5797933409873726
15,0.23586155988390634,0.25400510796377984,0.2544483610190599,363700,0,0,hebo,roc_auc,binary,LGBM,,False,cv,0.0,78,3,3,LGBM_363700_20260405_160514,363700_rep0_fold0_hebo_roc_auc_cv,LGBM_363700_20260405_160514::363700_rep0_fold0_hebo_roc_auc_cv,0.703549209304502,0.7482558139534871,0.5797933409873726
16,0.23586155988390634,0.25400510796377984,0.2544483610190599,363700,0,0,hebo,roc_auc,binary,LGBM,,False,cv,0.0,78,3,3,LGBM_363700_20260405_160514,363700_rep0_fold0_hebo_roc_auc_cv,LGBM_363700_20260405_160514::363700_rep0_fold0_hebo_roc_auc_cv,0.703549209304502,0.7482558139534871,0.5797933409873726
17,0.23586155988390634,0.25400510796377984,0.2544483610190599,363700,0,0,hebo,roc_auc,binary,LGBM,,False,cv,0.0,78,3,3,LGBM_363700_20260405_160514,363700_rep0_fold0_hebo_roc_auc_cv,LGBM_363700_20260405_160514::363700_rep0_fold0_hebo_roc_auc_cv,0.703549209304502,0.7482558139534871,0.5797933409873726
18,0.23586155988390634,0.25400510796377984,0.2544483610190599,363700,0,0,hebo,roc_auc,binary,LGBM,,False,cv,0.0,78,3,3,LGBM_363700_20260405_160514,363700_rep0_fold0_hebo_roc_auc_cv,LGBM_363700_20260405_160514::363700_rep0_fold0_hebo_roc_auc_cv,0.703549209304502,0.7482558139534871,0.5797933409873726
19,0.23586155988390634,0.25400510796377984,0.2544483610190599,363700,0,0,hebo,roc_auc,binary,LGBM,,False,cv,0.0,78,3,3,LGBM_363700_20260405_160514,363700_rep0_fold0_hebo_roc_auc_cv,LGBM_363700_20260405_160514::363700_rep0_fold0_hebo_roc_auc_cv,0.703549209304502,0.7482558139534871,0.5797933409873726
20,0.23586155988390634,0.25400510796377984,0.2544483610190599,363700,0,0,hebo,roc_auc,binary,LGBM,,False,cv,0.0,78,3,3,LGBM_363700_20260405_160514,363700_rep0_fold0_hebo_roc_auc_cv,LGBM_363700_20260405_160514::363700_rep0_fold0_hebo_roc_auc_cv,0.703549209304502,0.7482558139534871,0.5797933409873726
21,0.23586155988390634,0.25400510796377984,0.2544483610190599,363700,0,0,hebo,roc_auc,binary,LGBM,,False,cv,0.0,78,3,3,LGBM_363700_20260405_160514,363700_rep0_fold0_hebo_roc_auc_cv,LGBM_363700_20260405_160514::363700_rep0_fold0_hebo_roc_auc_cv,0.703549209304502,0.7482558139534871,0.5797933409873726
22,0.23586155988390634,0.25400510796377984,0.2544483610190599,363700,0,0,hebo,roc_auc,binary,LGBM,,False,cv,0.0,78,3,3,LGBM_363700_20260405_160514,363700_rep0_fold0_hebo_roc_auc_cv,LGBM_363700_20260405_160514::363700_rep0_fold0_hebo_roc_auc_cv,0.703549209304502,0.7482558139534871,0.5797933409873726
23,0.23567142561555976,0.2544694683074066,0.25666462629545983,363700,0,0,hebo,roc_auc,binary,LGBM,,False,cv,0.0,78,3,3,LGBM_363700_20260405_160514,363700_rep0_fold0_hebo_roc_auc_cv,LGBM_363700_20260405_160514::363700_rep0_fold0_hebo_roc_auc_cv,0.7008642527558478,0.7610465116279079,0.6280137772675107
24,0.23567142561555976,0.2544694683074066,0.25666462629545983,363700,0,0,hebo,roc_auc,binary,LGBM,,False,cv,0.0,78,3,3,LGBM_363700_20260405_160514,363700_rep0_fold0_hebo_roc_auc_cv,LGBM_363700_20260405_160514::363700_rep0_fold0_hebo_roc_auc_cv,0.7008642527558478,0.7610465116279079,0.6280137772675107
25,0.23407765307206652,0.24972032842940672,0.2544272537307132,363700,0,0,hebo,roc_auc,binary,LGBM,,False,cv,0.0,78,3,3,LGBM_363700_20260405_160514,363700_rep0_fold0_hebo_roc_auc_cv,LGBM_363700_20260405_160514::363700_rep0_fold0_hebo_roc_auc_cv,0.6783579993333068,0.6302325581395364,0.5793340987370849
26,0.23417831239060283,0.24862274943537999,0.2522954176076999,363700,0,0,hebo,roc_auc,binary,LGBM,,False,cv,0.0,78,3,3,LGBM_363700_20260405_160514,363700_rep0_fold0_hebo_roc_auc_cv,LGBM_363700_20260405_160514::363700_rep0_fold0_hebo_roc_auc_cv,0.6797794469178868,0.5999999999999988,0.5329506314580953
27,0.23417831239060283,0.24862274943537999,0.2522954176076999,363700,0,0,hebo,roc_auc,binary,LGBM,,False,cv,0.0,78,3,3,LGBM_363700_20260405_160514,363700_rep0_fold0_hebo_roc_auc_cv,LGBM_363700_20260405_160514::363700_rep0_fold0_hebo_roc_auc_cv,0.6797794469178868,0.5999999999999988,0.5329506314580953
28,0.23417831239060283,0.24862274943537999,0.2522954176076999,363700,0,0,hebo,roc_auc,binary,LGBM,,False,cv,0.0,78,3,3,LGBM_363700_20260405_160514,363700_rep0_fold0_hebo_roc_auc_cv,LGBM_363700_20260405_160514::363700_rep0_fold0_hebo_roc_auc_cv,0.6797794469178868,0.5999999999999988,0.5329506314580953
29,0.2344019997651282,0.24855942757034,0.2548916140743399,363700,0,0,hebo,roc_auc,binary,LGBM,,False,cv,0.0,78,3,3,LGBM_363700_20260405_160514,363700_rep0_fold0_hebo_roc_auc_cv,LGBM_363700_20260405_160514::363700_rep0_fold0_hebo_roc_auc_cv,0.6829382193280683,0.5982558139534874,0.5894374282434012
30,0.2344019997651282,0.24855942757034,0.2548916140743399,363700,0,0,hebo,roc_auc,binary,LGBM,,False,cv,0.0,78,3,3,LGBM_363700_20260405_160514,363700_rep0_fold0_hebo_roc_auc_cv,LGBM_363700_20260405_160514::363700_rep0_fold0_hebo_roc_auc_cv,0.6829382193280683,0.5982558139534874,0.5894374282434012
31,0.2344019997651282,0.24855942757034,0.2548916140743399,363700,0,0,hebo,roc_auc,binary,LGBM,,False,cv,0.0,78,3,3,LGBM_363700_20260405_160514,363700_rep0_fold0_hebo_roc_auc_cv,LGBM_363700_20260405_160514::363700_rep0_fold0_hebo_roc_auc_cv,0.6829382193280683,0.5982558139534874,0.5894374282434012
32,0.2344019997651282,0.24855942757034,0.2548916140743399,363700,0,0,hebo,roc_auc,binary,LGBM,,False,cv,0.0,78,3,3,LGBM_363700_20260405_160514,363700_rep0_fold0_hebo_roc_auc_cv,LGBM_363700_20260405_160514::363700_rep0_fold0_hebo_roc_auc_cv,0.6829382193280683,0.5982558139534874,0.5894374282434012
33,0.2344019997651282,0.24855942757034,0.2548916140743399,363700,0,0,hebo,roc_auc,binary,LGBM,,False,cv,0.0,78,3,3,LGBM_363700_20260405_160514,363700_rep0_fold0_hebo_roc_auc_cv,LGBM_363700_20260405_160514::363700_rep0_fold0_hebo_roc_auc_cv,0.6829382193280683,0.5982558139534874,0.5894374282434012
34,0.2344019997651282,0.24855942757034,0.2548916140743399,363700,0,0,hebo,roc_auc,binary,LGBM,,False,cv,0.0,78,3,3,LGBM_363700_20260405_160514,363700_rep0_fold0_hebo_roc_auc_cv,LGBM_363700_20260405_160514::363700_rep0_fold0_hebo_roc_auc_cv,0.6829382193280683,0.5982558139534874,0.5894374282434012
35,0.2344019997651282,0.24855942757034,0.2548916140743399,363700,0,0,hebo,roc_auc,binary,LGBM,,False,cv,0.0,78,3,3,LGBM_363700_20260405_160514,363700_rep0_fold0_hebo_roc_auc_cv,LGBM_363700_20260405_160514::363700_rep0_fold0_hebo_roc_auc_cv,0.6829382193280683,0.5982558139534874,0.5894374282434012
36,0.2344019997651282,0.24855942757034,0.2548916140743399,363700,0,0,hebo,roc_auc,binary,LGBM,,False,cv,0.0,78,3,3,LGBM_363700_20260405_160514,363700_rep0_fold0_hebo_roc_auc_cv,LGBM_363700_20260405_160514::363700_rep0_fold0_hebo_roc_auc_cv,0.6829382193280683,0.5982558139534874,0.5894374282434012
37,0.2344019997651282,0.24855942757034,0.2548916140743399,363700,0,0,hebo,roc_auc,binary,LGBM,,False,cv,0.0,78,3,3,LGBM_363700_20260405_160514,363700_rep0_fold0_hebo_roc_auc_cv,LGBM_363700_20260405_160514::363700_rep0_fold0_hebo_roc_auc_cv,0.6829382193280683,0.5982558139534874,0.5894374282434012
38,0.2344019997651282,0.24855942757034,0.2548916140743399,363700,0,0,hebo,roc_auc,binary,LGBM,,False,cv,0.0,78,3,3,LGBM_363700_20260405_160514,363700_rep0_fold0_hebo_roc_auc_cv,LGBM_363700_20260405_160514::363700_rep0_fold0_hebo_roc_auc_cv,0.6829382193280683,0.5982558139534874,0.5894374282434012
39,0.2344019997651282,0.24855942757034,0.2548916140743399,363700,0,0,hebo,roc_auc,binary,LGBM,,False,cv,0.0,78,3,3,LGBM_363700_20260405_160514,363700_rep0_fold0_hebo_roc_auc_cv,LGBM_363700_20260405_160514::363700_rep0_fold0_hebo_roc_auc_cv,0.6829382193280683,0.5982558139534874,0.5894374282434012
40,0.2344019997651282,0.24855942757034,0.2548916140743399,363700,0,0,hebo,roc_auc,binary,LGBM,,False,cv,0.0,78,3,3,LGBM_363700_20260405_160514,363700_rep0_fold0_hebo_roc_auc_cv,LGBM_363700_20260405_160514::363700_rep0_fold0_hebo_roc_auc_cv,0.6829382193280683,0.5982558139534874,0.5894374282434012
41,0.2344019997651282,0.24855942757034,0.2548916140743399,363700,0,0,hebo,roc_auc,binary,LGBM,,False,cv,0.0,78,3,3,LGBM_363700_20260405_160514,363700_rep0_fold0_hebo_roc_auc_cv,LGBM_363700_20260405_160514::363700_rep0_fold0_hebo_roc_auc_cv,0.6829382193280683,0.5982558139534874,0.5894374282434012
42,0.2344019997651282,0.24855942757034,0.2548916140743399,363700,0,0,hebo,roc_auc,binary,LGBM,,False,cv,0.0,78,3,3,LGBM_363700_20260405_160514,363700_rep0_fold0_hebo_roc_auc_cv,LGBM_363700_20260405_160514::363700_rep0_fold0_hebo_roc_auc_cv,0.6829382193280683,0.5982558139534874,0.5894374282434012
43,0.2344019997651282,0.24855942757034,0.2548916140743399,363700,0,0,hebo,roc_auc,binary,LGBM,,False,cv,0.0,78,3,3,LGBM_363700_20260405_160514,363700_rep0_fold0_hebo_roc_auc_cv,LGBM_363700_20260405_160514::363700_rep0_fold0_hebo_roc_auc_cv,0.6829382193280683,0.5982558139534874,0.5894374282434012
44,0.2344019997651282,0.24855942757034,0.2548916140743399,363700,0,0,hebo,roc_auc,binary,LGBM,,False,cv,0.0,78,3,3,LGBM_363700_20260405_160514,363700_rep0_fold0_hebo_roc_auc_cv,LGBM_363700_20260405_160514::363700_rep0_fold0_hebo_roc_auc_cv,0.6829382193280683,0.5982558139534874,0.5894374282434012
45,0.2344019997651282,0.24855942757034,0.2548916140743399,363700,0,0,hebo,roc_auc,binary,LGBM,,False,cv,0.0,78,3,3,LGBM_363700_20260405_160514,363700_rep0_fold0_hebo_roc_auc_cv,LGBM_363700_20260405_160514::363700_rep0_fold0_hebo_roc_auc_cv,0.6829382193280683,0.5982558139534874,0.5894374282434012
46,0.2344019997651282,0.24855942757034,0.2548916140743399,363700,0,0,hebo,roc_auc,binary,LGBM,,False,cv,0.0,78,3,3,LGBM_363700_20260405_160514,363700_rep0_fold0_hebo_roc_auc_cv,LGBM_363700_20260405_160514::363700_rep0_fold0_hebo_roc_auc_cv,0.6829382193280683,0.5982558139534874,0.5894374282434012
47,0.2344019997651282,0.24855942757034,0.2548916140743399,363700,0,0,hebo,roc_auc,binary,LGBM,,False,cv,0.0,78,3,3,LGBM_363700_20260405_160514,363700_rep0_fold0_hebo_roc_auc_cv,LGBM_363700_20260405_160514::363700_rep0_fold0_hebo_roc_auc_cv,0.6829382193280683,0.5982558139534874,0.5894374282434012
48,0.2344019997651282,0.24855942757034,0.2548916140743399,363700,0,0,hebo,roc_auc,binary,LGBM,,False,cv,0.0,78,3,3,LGBM_363700_20260405_160514,363700_rep0_fold0_hebo_roc_auc_cv,LGBM_363700_20260405_160514::363700_rep0_fold0_hebo_roc_auc_cv,0.6829382193280683,0.5982558139534874,0.5894374282434012
49,0.23436285447458638,0.25018468877303335,0.2536884986385799,363700,0,0,hebo,roc_auc,binary,LGBM,,False,cv,0.0,78,3,3,LGBM_363700_20260405_160514,363700_rep0_fold0_hebo_roc_auc_cv,LGBM_363700_20260405_160514::363700_rep0_fold0_hebo_roc_auc_cv,0.682385434156288,0.6430232558139541,0.5632606199770396
50,0.22572292963354412,0.25457500474913985,0.2595352175106065,363700,0,0,hebo,roc_auc,binary,LGBM,,False,cv,0.0,78,3,3,LGBM_363700_20260405_160514,363700_rep0_fold0_hebo_roc_auc_cv,LGBM_363700_20260405_160514::363700_rep0_fold0_hebo_roc_auc_cv,0.5603778498130402,0.7639534883720925,0.6904707233065479
51,0.22572292963354412,0.25457500474913985,0.2595352175106065,363700,0,0,hebo,roc_auc,binary,LGBM,,False,cv,0.0,78,3,3,LGBM_363700_20260405_160514,363700_rep0_fold0_hebo_roc_auc_cv,LGBM_363700_20260405_160514::363700_rep0_fold0_hebo_roc_auc_cv,0.5603778498130402,0.7639534883720925,0.6904707233065479
52,0.22572292963354412,0.25457500474913985,0.2595352175106065,363700,0,0,hebo,roc_auc,binary,LGBM,,False,cv,0.0,78,3,3,LGBM_363700_20260405_160514,363700_rep0_fold0_hebo_roc_auc_cv,LGBM_363700_20260405_160514::363700_rep0_fold0_hebo_roc_auc_cv,0.5603778498130402,0.7639534883720925,0.6904707233065479
53,0.22572292963354412,0.25457500474913985,0.2595352175106065,363700,0,0,hebo,roc_auc,binary,LGBM,,False,cv,0.0,78,3,3,LGBM_363700_20260405_160514,363700_rep0_fold0_hebo_roc_auc_cv,LGBM_363700_20260405_160514::363700_rep0_fold0_hebo_roc_auc_cv,0.5603778498130402,0.7639534883720925,0.6904707233065479
54,0.22572292963354412,0.25457500474913985,0.2595352175106065,363700,0,0,hebo,roc_auc,binary,LGBM,,False,cv,0.0,78,3,3,LGBM_363700_20260405_160514,363700_rep0_fold0_hebo_roc_auc_cv,LGBM_363700_20260405_160514::363700_rep0_fold0_hebo_roc_auc_cv,0.5603778498130402,0.7639534883720925,0.6904707233065479
55,0.22572292963354412,0.25457500474913985,0.2595352175106065,363700,0,0,hebo,roc_auc,binary,LGBM,,False,cv,0.0,78,3,3,LGBM_363700_20260405_160514,363700_rep0_fold0_hebo_roc_auc_cv,LGBM_363700_20260405_160514::363700_rep0_fold0_hebo_roc_auc_cv,0.5603778498130402,0.7639534883720925,0.6904707233065479
56,0.22572292963354412,0.25457500474913985,0.2595352175106065,363700,0,0,hebo,roc_auc,binary,LGBM,,False,cv,0.0,78,3,3,LGBM_363700_20260405_160514,363700_rep0_fold0_hebo_roc_auc_cv,LGBM_363700_20260405_160514::363700_rep0_fold0_hebo_roc_auc_cv,0.5603778498130402,0.7639534883720925,0.6904707233065479
57,0.22572292963354412,0.25457500474913985,0.2595352175106065,363700,0,0,hebo,roc_auc,binary,LGBM,,False,cv,0.0,78,3,3,LGBM_363700_20260405_160514,363700_rep0_fold0_hebo_roc_auc_cv,LGBM_363700_20260405_160514::363700_rep0_fold0_hebo_roc_auc_cv,0.5603778498130402,0.7639534883720925,0.6904707233065479
58,0.22572292963354412,0.25457500474913985,0.2595352175106065,363700,0,0,hebo,roc_auc,binary,LGBM,,False,cv,0.0,78,3,3,LGBM_363700_20260405_160514,363700_rep0_fold0_hebo_roc_auc_cv,LGBM_363700_20260405_160514::363700_rep0_fold0_hebo_roc_auc_cv,0.5603778498130402,0.7639534883720925,0.6904707233065479
59,0.22572292963354412,0.25457500474913985,0.2595352175106065,363700,0,0,hebo,roc_auc,binary,LGBM,,False,cv,0.0,78,3,3,LGBM_363700_20260405_160514,363700_rep0_fold0_hebo_roc_auc_cv,LGBM_363700_20260405_160514::363700_rep0_fold0_hebo_roc_auc_cv,0.5603778498130402,0.7639534883720925,0.6904707233065479
60,0.22572292963354412,0.25457500474913985,0.2595352175106065,363700,0,0,hebo,roc_auc,binary,LGBM,,False,cv,0.0,78,3,3,LGBM_363700_20260405_160514,363700_rep0_fold0_hebo_roc_auc_cv,LGBM_363700_20260405_160514::363700_rep0_fold0_hebo_roc_auc_cv,0.5603778498130402,0.7639534883720925,0.6904707233065479
61,0.22572292963354412,0.25457500474913985,0.2595352175106065,363700,0,0,hebo,roc_auc,binary,LGBM,,False,cv,0.0,78,3,3,LGBM_363700_20260405_160514,363700_rep0_fold0_hebo_roc_auc_cv,LGBM_363700_20260405_160514::363700_rep0_fold0_hebo_roc_auc_cv,0.5603778498130402,0.7639534883720925,0.6904707233065479
62,0.22572292963354412,0.25457500474913985,0.2595352175106065,363700,0,0,hebo,roc_auc,binary,LGBM,,False,cv,0.0,78,3,3,LGBM_363700_20260405_160514,363700_rep0_fold0_hebo_roc_auc_cv,LGBM_363700_20260405_160514::363700_rep0_fold0_hebo_roc_auc_cv,0.5603778498130402,0.7639534883720925,0.6904707233065479
63,0.22572292963354412,0.25457500474913985,0.2595352175106065,363700,0,0,hebo,roc_auc,binary,LGBM,,False,cv,0.0,78,3,3,LGBM_363700_20260405_160514,363700_rep0_fold0_hebo_roc_auc_cv,LGBM_363700_20260405_160514::363700_rep0_fold0_hebo_roc_auc_cv,0.5603778498130402,0.7639534883720925,0.6904707233065479
64,0.22572292963354412,0.25457500474913985,0.2595352175106065,363700,0,0,hebo,roc_auc,binary,LGBM,,False,cv,0.0,78,3,3,LGBM_363700_20260405_160514,363700_rep0_fold0_hebo_roc_auc_cv,LGBM_363700_20260405_160514::363700_rep0_fold0_hebo_roc_auc_cv,0.5603778498130402,0.7639534883720925,0.6904707233065479
65,0.22572292963354412,0.25457500474913985,0.2595352175106065,363700,0,0,hebo,roc_auc,binary,LGBM,,False,cv,0.0,78,3,3,LGBM_363700_20260405_160514,363700_rep0_fold0_hebo_roc_auc_cv,LGBM_363700_20260405_160514::363700_rep0_fold0_hebo_roc_auc_cv,0.5603778498130402,0.7639534883720925,0.6904707233065479
66,0.22572292963354412,0.25457500474913985,0.2595352175106065,363700,0,0,hebo,roc_auc,binary,LGBM,,False,cv,0.0,78,3,3,LGBM_363700_20260405_160514,363700_rep0_fold0_hebo_roc_auc_cv,LGBM_363700_20260405_160514::363700_rep0_fold0_hebo_roc_auc_cv,0.5603778498130402,0.7639534883720925,0.6904707233065479
67,0.22572292963354412,0.25457500474913985,0.2595352175106065,363700,0,0,hebo,roc_auc,binary,LGBM,,False,cv,0.0,78,3,3,LGBM_363700_20260405_160514,363700_rep0_fold0_hebo_roc_auc_cv,LGBM_363700_20260405_160514::363700_rep0_fold0_hebo_roc_auc_cv,0.5603778498130402,0.7639534883720925,0.6904707233065479
68,0.22572292963354412,0.25457500474913985,0.2595352175106065,363700,0,0,hebo,roc_auc,binary,LGBM,,False,cv,0.0,78,3,3,LGBM_363700_20260405_160514,363700_rep0_fold0_hebo_roc_auc_cv,LGBM_363700_20260405_160514::363700_rep0_fold0_hebo_roc_auc_cv,0.5603778498130402,0.7639534883720925,0.6904707233065479
69,0.22572292963354412,0.25457500474913985,0.2595352175106065,363700,0,0,hebo,roc_auc,binary,LGBM,,False,cv,0.0,78,3,3,LGBM_363700_20260405_160514,363700_rep0_fold0_hebo_roc_auc_cv,LGBM_363700_20260405_160514::363700_rep0_fold0_hebo_roc_auc_cv,0.5603778498130402,0.7639534883720925,0.6904707233065479
70,0.22572292963354412,0.25457500474913985,0.2595352175106065,363700,0,0,hebo,roc_auc,binary,LGBM,,False,cv,0.0,78,3,3,LGBM_363700_20260405_160514,363700_rep0_fold0_hebo_roc_auc_cv,LGBM_363700_20260405_160514::363700_rep0_fold0_hebo_roc_auc_cv,0.5603778498130402,0.7639534883720925,0.6904707233065479
71,0.22572292963354412,0.25457500474913985,0.2595352175106065,363700,0,0,hebo,roc_auc,binary,LGBM,,False,cv,0.0,78,3,3,LGBM_363700_20260405_160514,363700_rep0_fold0_hebo_roc_auc_cv,LGBM_363700_20260405_160514::363700_rep0_fold0_hebo_roc_auc_cv,0.5603778498130402,0.7639534883720925,0.6904707233065479
72,0.22572292963354412,0.25457500474913985,0.2595352175106065,363700,0,0,hebo,roc_auc,binary,LGBM,,False,cv,0.0,78,3,3,LGBM_363700_20260405_160514,363700_rep0_fold0_hebo_roc_auc_cv,LGBM_363700_20260405_160514::363700_rep0_fold0_hebo_roc_auc_cv,0.5603778498130402,0.7639534883720925,0.6904707233065479
73,0.22572292963354412,0.25457500474913985,0.2595352175106065,363700,0,0,hebo,roc_auc,binary,LGBM,,False,cv,0.0,78,3,3,LGBM_363700_20260405_160514,363700_rep0_fold0_hebo_roc_auc_cv,LGBM_363700_20260405_160514::363700_rep0_fold0_hebo_roc_auc_cv,0.5603778498130402,0.7639534883720925,0.6904707233065479
74,0.22572292963354412,0.25457500474913985,0.2595352175106065,363700,0,0,hebo,roc_auc,binary,LGBM,,False,cv,0.0,78,3,3,LGBM_363700_20260405_160514,363700_rep0_fold0_hebo_roc_auc_cv,LGBM_363700_20260405_160514::363700_rep0_fold0_hebo_roc_auc_cv,0.5603778498130402,0.7639534883720925,0.6904707233065479
75,0.22572292963354412,0.25457500474913985,0.2595352175106065,363700,0,0,hebo,roc_auc,binary,LGBM,,False,cv,0.0,78,3,3,LGBM_363700_20260405_160514,363700_rep0_fold0_hebo_roc_auc_cv,LGBM_363700_20260405_160514::363700_rep0_fold0_hebo_roc_auc_cv,0.5603778498130402,0.7639534883720925,0.6904707233065479
76,0.22572292963354412,0.25457500474913985,0.2595352175106065,363700,0,0,hebo,roc_auc,binary,LGBM,,False,cv,0.0,78,3,3,LGBM_363700_20260405_160514,363700_rep0_fold0_hebo_roc_auc_cv,LGBM_363700_20260405_160514::363700_rep0_fold0_hebo_roc_auc_cv,0.5603778498130402,0.7639534883720925,0.6904707233065479
77,0.22572292963354412,0.25457500474913985,0.2595352175106065,363700,0,0,hebo,roc_auc,binary,LGBM,,False,cv,0.0,78,3,3,LGBM_363700_20260405_160514,363700_rep0_fold0_hebo_roc_auc_cv,LGBM_363700_20260405_160514::363700_rep0_fold0_hebo_roc_auc_cv,0.5603778498130402,0.7639534883720925,0.6904707233065479
78,0.22572292963354412,0.25457500474913985,0.2595352175106065,363700,0,0,hebo,roc_auc,binary,LGBM,,False,cv,0.0,78,3,3,LGBM_363700_20260405_160514,363700_rep0_fold0_hebo_roc_auc_cv,LGBM_363700_20260405_160514::363700_rep0_fold0_hebo_roc_auc_cv,0.5603778498130402,0.7639534883720925,0.6904707233065479
79,0.22572292963354412,0.25457500474913985,0.2595352175106065,363700,0,0,hebo,roc_auc,binary,LGBM,,False,cv,0.0,78,3,3,LGBM_363700_20260405_160514,363700_rep0_fold0_hebo_roc_auc_cv,LGBM_363700_20260405_160514::363700_rep0_fold0_hebo_roc_auc_cv,0.5603778498130402,0.7639534883720925,0.6904707233065479
80,0.22572292963354412,0.25457500474913985,0.2595352175106065,363700,0,0,hebo,roc_auc,binary,LGBM,,False,cv,0.0,78,3,3,LGBM_363700_20260405_160514,363700_rep0_fold0_hebo_roc_auc_cv,LGBM_363700_20260405_160514::363700_rep0_fold0_hebo_roc_auc_cv,0.5603778498130402,0.7639534883720925,0.6904707233065479
81,0.22572292963354412,0.25457500474913985,0.2595352175106065,363700,0,0,hebo,roc_auc,binary,LGBM,,False,cv,0.0,78,3,3,LGBM_363700_20260405_160514,363700_rep0_fold0_hebo_roc_auc_cv,LGBM_363700_20260405_160514::363700_rep0_fold0_hebo_roc_auc_cv,0.5603778498130402,0.7639534883720925,0.6904707233065479
82,0.22572292963354412,0.25457500474913985,0.2595352175106065,363700,0,0,hebo,roc_auc,binary,LGBM,,False,cv,0.0,78,3,3,LGBM_363700_20260405_160514,363700_rep0_fold0_hebo_roc_auc_cv,LGBM_363700_20260405_160514::363700_rep0_fold0_hebo_roc_auc_cv,0.5603778498130402,0.7639534883720925,0.6904707233065479
83,0.22572292963354412,0.25457500474913985,0.2595352175106065,363700,0,0,hebo,roc_auc,binary,LGBM,,False,cv,0.0,78,3,3,LGBM_363700_20260405_160514,363700_rep0_fold0_hebo_roc_auc_cv,LGBM_363700_20260405_160514::363700_rep0_fold0_hebo_roc_auc_cv,0.5603778498130402,0.7639534883720925,0.6904707233065479
84,0.22572292963354412,0.25457500474913985,0.2595352175106065,363700,0,0,hebo,roc_auc,binary,LGBM,,False,cv,0.0,78,3,3,LGBM_363700_20260405_160514,363700_rep0_fold0_hebo_roc_auc_cv,LGBM_363700_20260405_160514::363700_rep0_fold0_hebo_roc_auc_cv,0.5603778498130402,0.7639534883720925,0.6904707233065479
85,0.22572292963354412,0.25457500474913985,0.2595352175106065,363700,0,0,hebo,roc_auc,binary,LGBM,,False,cv,0.0,78,3,3,LGBM_363700_20260405_160514,363700_rep0_fold0_hebo_roc_auc_cv,LGBM_363700_20260405_160514::363700_rep0_fold0_hebo_roc_auc_cv,0.5603778498130402,0.7639534883720925,0.6904707233065479
86,0.22572292963354412,0.25457500474913985,0.2595352175106065,363700,0,0,hebo,roc_auc,binary,LGBM,,False,cv,0.0,78,3,3,LGBM_363700_20260405_160514,363700_rep0_fold0_hebo_roc_auc_cv,LGBM_363700_20260405_160514::363700_rep0_fold0_hebo_roc_auc_cv,0.5603778498130402,0.7639534883720925,0.6904707233065479
87,0.22572292963354412,0.25457500474913985,0.2595352175106065,363700,0,0,hebo,roc_auc,binary,LGBM,,False,cv,0.0,78,3,3,LGBM_363700_20260405_160514,363700_rep0_fold0_hebo_roc_auc_cv,LGBM_363700_20260405_160514::363700_rep0_fold0_hebo_roc_auc_cv,0.5603778498130402,0.7639534883720925,0.6904707233065479
88,0.22572292963354412,0.25457500474913985,0.2595352175106065,363700,0,0,hebo,roc_auc,binary,LGBM,,False,cv,0.0,78,3,3,LGBM_363700_20260405_160514,363700_rep0_fold0_hebo_roc_auc_cv,LGBM_363700_20260405_160514::363700_rep0_fold0_hebo_roc_auc_cv,0.5603778498130402,0.7639534883720925,0.6904707233065479
89,0.22572292963354412,0.25457500474913985,0.2595352175106065,363700,0,0,hebo,roc_auc,binary,LGBM,,False,cv,0.0,78,3,3,LGBM_363700_20260405_160514,363700_rep0_fold0_hebo_roc_auc_cv,LGBM_363700_20260405_160514::363700_rep0_fold0_hebo_roc_auc_cv,0.5603778498130402,0.7639534883720925,0.6904707233065479
90,0.22572292963354412,0.25457500474913985,0.2595352175106065,363700,0,0,hebo,roc_auc,binary,LGBM,,False,cv,0.0,78,3,3,LGBM_363700_20260405_160514,363700_rep0_fold0_hebo_roc_auc_cv,LGBM_363700_20260405_160514::363700_rep0_fold0_hebo_roc_auc_cv,0.5603778498130402,0.7639534883720925,0.6904707233065479
91,0.22572292963354412,0.25457500474913985,0.2595352175106065,363700,0,0,hebo,roc_auc,binary,LGBM,,False,cv,0.0,78,3,3,LGBM_363700_20260405_160514,363700_rep0_fold0_hebo_roc_auc_cv,LGBM_363700_20260405_160514::363700_rep0_fold0_hebo_roc_auc_cv,0.5603778498130402,0.7639534883720925,0.6904707233065479
92,0.22572292963354412,0.25457500474913985,0.2595352175106065,363700,0,0,hebo,roc_auc,binary,LGBM,,False,cv,0.0,78,3,3,LGBM_363700_20260405_160514,363700_rep0_fold0_hebo_roc_auc_cv,LGBM_363700_20260405_160514::363700_rep0_fold0_hebo_roc_auc_cv,0.5603778498130402,0.7639534883720925,0.6904707233065479
93,0.22572292963354412,0.25457500474913985,0.2595352175106065,363700,0,0,hebo,roc_auc,binary,LGBM,,False,cv,0.0,78,3,3,LGBM_363700_20260405_160514,363700_rep0_fold0_hebo_roc_auc_cv,LGBM_363700_20260405_160514::363700_rep0_fold0_hebo_roc_auc_cv,0.5603778498130402,0.7639534883720925,0.6904707233065479
94,0.22572292963354412,0.25457500474913985,0.2595352175106065,363700,0,0,hebo,roc_auc,binary,LGBM,,False,cv,0.0,78,3,3,LGBM_363700_20260405_160514,363700_rep0_fold0_hebo_roc_auc_cv,LGBM_363700_20260405_160514::363700_rep0_fold0_hebo_roc_auc_cv,0.5603778498130402,0.7639534883720925,0.6904707233065479
95,0.22572292963354412,0.25457500474913985,0.2595352175106065,363700,0,0,hebo,roc_auc,binary,LGBM,,False,cv,0.0,78,3,3,LGBM_363700_20260405_160514,363700_rep0_fold0_hebo_roc_auc_cv,LGBM_363700_20260405_160514::363700_rep0_fold0_hebo_roc_auc_cv,0.5603778498130402,0.7639534883720925,0.6904707233065479
96,0.22572292963354412,0.25457500474913985,0.2595352175106065,363700,0,0,hebo,roc_auc,binary,LGBM,,False,cv,0.0,78,3,3,LGBM_363700_20260405_160514,363700_rep0_fold0_hebo_roc_auc_cv,LGBM_363700_20260405_160514::363700_rep0_fold0_hebo_roc_auc_cv,0.5603778498130402,0.7639534883720925,0.6904707233065479
97,0.22572292963354412,0.25457500474913985,0.2595352175106065,363700,0,0,hebo,roc_auc,binary,LGBM,,False,cv,0.0,78,3,3,LGBM_363700_20260405_160514,363700_rep0_fold0_hebo_roc_auc_cv,LGBM_363700_20260405_160514::363700_rep0_fold0_hebo_roc_auc_cv,0.5603778498130402,0.7639534883720925,0.6904707233065479
98,0.22572292963354412,0.25457500474913985,0.2595352175106065,363700,0,0,hebo,roc_auc,binary,LGBM,,False,cv,0.0,78,3,3,LGBM_363700_20260405_160514,363700_rep0_fold0_hebo_roc_auc_cv,LGBM_363700_20260405_160514::363700_rep0_fold0_hebo_roc_auc_cv,0.5603778498130402,0.7639534883720925,0.6904707233065479
99,0.22572292963354412,0.25457500474913985,0.2595352175106065,363700,0,0,hebo,roc_auc,binary,LGBM,,False,cv,0.0,78,3,3,LGBM_363700_20260405_160514,363700_rep0_fold0_hebo_roc_auc_cv,LGBM_363700_20260405_160514::363700_rep0_fold0_hebo_roc_auc_cv,0.5603778498130402,0.7639534883720925,0.6904707233065479
100,0.22572292963354412,0.25457500474913985,0.2595352175106065,363700,0,0,hebo,roc_auc,binary,LGBM,,False,cv,0.0,78,3,3,LGBM_363700_20260405_160514,363700_rep0_fold0_hebo_roc_auc_cv,LGBM_363700_20260405_160514::363700_rep0_fold0_hebo_roc_auc_cv,0.5603778498130402,0.7639534883720925,0.6904707233065479
101,0.22572292963354412,0.25457500474913985,0.2595352175106065,363700,0,0,hebo,roc_auc,binary,LGBM,,False,cv,0.0,78,3,3,LGBM_363700_20260405_160514,363700_rep0_fold0_hebo_roc_auc_cv,LGBM_363700_20260405_160514::363700_rep0_fold0_hebo_roc_auc_cv,0.5603778498130402,0.7639534883720925,0.6904707233065479
102,0.22572292963354412,0.25457500474913985,0.2595352175106065,363700,0,0,hebo,roc_auc,binary,LGBM,,False,cv,0.0,78,3,3,LGBM_363700_20260405_160514,363700_rep0_fold0_hebo_roc_auc_cv,LGBM_363700_20260405_160514::363700_rep0_fold0_hebo_roc_auc_cv,0.5603778498130402,0.7639534883720925,0.6904707233065479
103,0.22572292963354412,0.25457500474913985,0.2595352175106065,363700,0,0,hebo,roc_auc,binary,LGBM,,False,cv,0.0,78,3,3,LGBM_363700_20260405_160514,363700_rep0_fold0_hebo_roc_auc_cv,LGBM_363700_20260405_160514::363700_rep0_fold0_hebo_roc_auc_cv,0.5603778498130402,0.7639534883720925,0.6904707233065479
104,0.22572292963354412,0.25457500474913985,0.2595352175106065,363700,0,0,hebo,roc_auc,binary,LGBM,,False,cv,0.0,78,3,3,LGBM_363700_20260405_160514,363700_rep0_fold0_hebo_roc_auc_cv,LGBM_363700_20260405_160514::363700_rep0_fold0_hebo_roc_auc_cv,0.5603778498130402,0.7639534883720925,0.6904707233065479
105,0.22572292963354412,0.25457500474913985,0.2595352175106065,363700,0,0,hebo,roc_auc,binary,LGBM,,False,cv,0.0,78,3,3,LGBM_363700_20260405_160514,363700_rep0_fold0_hebo_roc_auc_cv,LGBM_363700_20260405_160514::363700_rep0_fold0_hebo_roc_auc_cv,0.5603778498130402,0.7639534883720925,0.6904707233065479
106,0.22572292963354412,0.25457500474913985,0.2595352175106065,363700,0,0,hebo,roc_auc,binary,LGBM,,False,cv,0.0,78,3,3,LGBM_363700_20260405_160514,363700_rep0_fold0_hebo_roc_auc_cv,LGBM_363700_20260405_160514::363700_rep0_fold0_hebo_roc_auc_cv,0.5603778498130402,0.7639534883720925,0.6904707233065479
107,0.22572292963354412,0.25457500474913985,0.2595352175106065,363700,0,0,hebo,roc_auc,binary,LGBM,,False,cv,0.0,78,3,3,LGBM_363700_20260405_160514,363700_rep0_fold0_hebo_roc_auc_cv,LGBM_363700_20260405_160514::363700_rep0_fold0_hebo_roc_auc_cv,0.5603778498130402,0.7639534883720925,0.6904707233065479
108,0.22572292963354412,0.25457500474913985,0.2595352175106065,363700,0,0,hebo,roc_auc,binary,LGBM,,False,cv,0.0,78,3,3,LGBM_363700_20260405_160514,363700_rep0_fold0_hebo_roc_auc_cv,LGBM_363700_20260405_160514::363700_rep0_fold0_hebo_roc_auc_cv,0.5603778498130402,0.7639534883720925,0.6904707233065479
109,0.22572292963354412,0.25457500474913985,0.2595352175106065,363700,0,0,hebo,roc_auc,binary,LGBM,,False,cv,0.0,78,3,3,LGBM_363700_20260405_160514,363700_rep0_fold0_hebo_roc_auc_cv,LGBM_363700_20260405_160514::363700_rep0_fold0_hebo_roc_auc_cv,0.5603778498130402,0.7639534883720925,0.6904707233065479
110,0.22572292963354412,0.25457500474913985,0.2595352175106065,363700,0,0,hebo,roc_auc,binary,LGBM,,False,cv,0.0,78,3,3,LGBM_363700_20260405_160514,363700_rep0_fold0_hebo_roc_auc_cv,LGBM_363700_20260405_160514::363700_rep0_fold0_hebo_roc_auc_cv,0.5603778498130402,0.7639534883720925,0.6904707233065479
111,0.22572292963354412,0.25457500474913985,0.2595352175106065,363700,0,0,hebo,roc_auc,binary,LGBM,,False,cv,0.0,78,3,3,LGBM_363700_20260405_160514,363700_rep0_fold0_hebo_roc_auc_cv,LGBM_363700_20260405_160514::363700_rep0_fold0_hebo_roc_auc_cv,0.5603778498130402,0.7639534883720925,0.6904707233065479
112,0.22572292963354412,0.25457500474913985,0.2595352175106065,363700,0,0,hebo,roc_auc,binary,LGBM,,False,cv,0.0,78,3,3,LGBM_363700_20260405_160514,363700_rep0_fold0_hebo_roc_auc_cv,LGBM_363700_20260405_160514::363700_rep0_fold0_hebo_roc_auc_cv,0.5603778498130402,0.7639534883720925,0.6904707233065479
113,0.22572292963354412,0.25457500474913985,0.2595352175106065,363700,0,0,hebo,roc_auc,binary,LGBM,,False,cv,0.0,78,3,3,LGBM_363700_20260405_160514,363700_rep0_fold0_hebo_roc_auc_cv,LGBM_363700_20260405_160514::363700_rep0_fold0_hebo_roc_auc_cv,0.5603778498130402,0.7639534883720925,0.6904707233065479
114,0.22572292963354412,0.25457500474913985,0.2595352175106065,363700,0,0,hebo,roc_auc,binary,LGBM,,False,cv,0.0,78,3,3,LGBM_363700_20260405_160514,363700_rep0_fold0_hebo_roc_auc_cv,LGBM_363700_20260405_160514::363700_rep0_fold0_hebo_roc_auc_cv,0.5603778498130402,0.7639534883720925,0.6904707233065479
115,0.22572292963354412,0.25457500474913985,0.2595352175106065,363700,0,0,hebo,roc_auc,binary,LGBM,,False,cv,0.0,78,3,3,LGBM_363700_20260405_160514,363700_rep0_fold0_hebo_roc_auc_cv,LGBM_363700_20260405_160514::363700_rep0_fold0_hebo_roc_auc_cv,0.5603778498130402,0.7639534883720925,0.6904707233065479
116,0.22572292963354412,0.25457500474913985,0.2595352175106065,363700,0,0,hebo,roc_auc,binary,LGBM,,False,cv,0.0,78,3,3,LGBM_363700_20260405_160514,363700_rep0_fold0_hebo_roc_auc_cv,LGBM_363700_20260405_160514::363700_rep0_fold0_hebo_roc_auc_cv,0.5603778498130402,0.7639534883720925,0.6904707233065479
117,0.22572292963354412,0.25457500474913985,0.2595352175106065,363700,0,0,hebo,roc_auc,binary,LGBM,,False,cv,0.0,78,3,3,LGBM_363700_20260405_160514,363700_rep0_fold0_hebo_roc_auc_cv,LGBM_363700_20260405_160514::363700_rep0_fold0_hebo_roc_auc_cv,0.5603778498130402,0.7639534883720925,0.6904707233065479
118,0.22572292963354412,0.25457500474913985,0.2595352175106065,363700,0,0,hebo,roc_auc,binary,LGBM,,False,cv,0.0,78,3,3,LGBM_363700_20260405_160514,363700_rep0_fold0_hebo_roc_auc_cv,LGBM_363700_20260405_160514::363700_rep0_fold0_hebo_roc_auc_cv,0.5603778498130402,0.7639534883720925,0.6904707233065479
119,0.22572292963354412,0.25457500474913985,0.2595352175106065,363700,0,0,hebo,roc_auc,binary,LGBM,,False,cv,0.0,78,3,3,LGBM_363700_20260405_160514,363700_rep0_fold0_hebo_roc_auc_cv,LGBM_363700_20260405_160514::363700_rep0_fold0_hebo_roc_auc_cv,0.5603778498130402,0.7639534883720925,0.6904707233065479
120,0.22572292963354412,0.25457500474913985,0.2595352175106065,363700,0,0,hebo,roc_auc,binary,LGBM,,False,cv,0.0,78,3,3,LGBM_363700_20260405_160514,363700_rep0_fold0_hebo_roc_auc_cv,LGBM_363700_20260405_160514::363700_rep0_fold0_hebo_roc_auc_cv,0.5603778498130402,0.7639534883720925,0.6904707233065479
121,0.22572292963354412,0.25457500474913985,0.2595352175106065,363700,0,0,hebo,roc_auc,binary,LGBM,,False,cv,0.0,78,3,3,LGBM_363700_20260405_160514,363700_rep0_fold0_hebo_roc_auc_cv,LGBM_363700_20260405_160514::363700_rep0_fold0_hebo_roc_auc_cv,0.5603778498130402,0.7639534883720925,0.6904707233065479
122,0.22572292963354412,0.25457500474913985,0.2595352175106065,363700,0,0,hebo,roc_auc,binary,LGBM,,False,cv,0.0,78,3,3,LGBM_363700_20260405_160514,363700_rep0_fold0_hebo_roc_auc_cv,LGBM_363700_20260405_160514::363700_rep0_fold0_hebo_roc_auc_cv,0.5603778498130402,0.7639534883720925,0.6904707233065479
123,0.22572292963354412,0.25457500474913985,0.2595352175106065,363700,0,0,hebo,roc_auc,binary,LGBM,,False,cv,0.0,78,3,3,LGBM_363700_20260405_160514,363700_rep0_fold0_hebo_roc_auc_cv,LGBM_363700_20260405_160514::363700_rep0_fold0_hebo_roc_auc_cv,0.5603778498130402,0.7639534883720925,0.6904707233065479
124,0.22572292963354412,0.25457500474913985,0.2595352175106065,363700,0,0,hebo,roc_auc,binary,LGBM,,False,cv,0.0,78,3,3,LGBM_363700_20260405_160514,363700_rep0_fold0_hebo_roc_auc_cv,LGBM_363700_20260405_160514::363700_rep0_fold0_hebo_roc_auc_cv,0.5603778498130402,0.7639534883720925,0.6904707233065479
125,0.22572292963354412,0.25457500474913985,0.2595352175106065,363700,0,0,hebo,roc_auc,binary,LGBM,,False,cv,0.0,78,3,3,LGBM_363700_20260405_160514,363700_rep0_fold0_hebo_roc_auc_cv,LGBM_363700_20260405_160514::363700_rep0_fold0_hebo_roc_auc_cv,0.5603778498130402,0.7639534883720925,0.6904707233065479
126,0.22572292963354412,0.25457500474913985,0.2595352175106065,363700,0,0,hebo,roc_auc,binary,LGBM,,False,cv,0.0,78,3,3,LGBM_363700_20260405_160514,363700_rep0_fold0_hebo_roc_auc_cv,LGBM_363700_20260405_160514::363700_rep0_fold0_hebo_roc_auc_cv,0.5603778498130402,0.7639534883720925,0.6904707233065479
127,0.22572292963354412,0.25457500474913985,0.2595352175106065,363700,0,0,hebo,roc_auc,binary,LGBM,,False,cv,0.0,78,3,3,LGBM_363700_20260405_160514,363700_rep0_fold0_hebo_roc_auc_cv,LGBM_363700_20260405_160514::363700_rep0_fold0_hebo_roc_auc_cv,0.5603778498130402,0.7639534883720925,0.6904707233065479
128,0.22572292963354412,0.25457500474913985,0.2595352175106065,363700,0,0,hebo,roc_auc,binary,LGBM,,False,cv,0.0,78,3,3,LGBM_363700_20260405_160514,363700_rep0_fold0_hebo_roc_auc_cv,LGBM_363700_20260405_160514::363700_rep0_fold0_hebo_roc_auc_cv,0.5603778498130402,0.7639534883720925,0.6904707233065479
129,0.22572292963354412,0.25457500474913985,0.2595352175106065,363700,0,0,hebo,roc_auc,binary,LGBM,,False,cv,0.0,78,3,3,LGBM_363700_20260405_160514,363700_rep0_fold0_hebo_roc_auc_cv,LGBM_363700_20260405_160514::363700_rep0_fold0_hebo_roc_auc_cv,0.5603778498130402,0.7639534883720925,0.6904707233065479
130,0.22572292963354412,0.25457500474913985,0.2595352175106065,363700,0,0,hebo,roc_auc,binary,LGBM,,False,cv,0.0,78,3,3,LGBM_363700_20260405_160514,363700_rep0_fold0_hebo_roc_auc_cv,LGBM_363700_20260405_160514::363700_rep0_fold0_hebo_roc_auc_cv,0.5603778498130402,0.7639534883720925,0.6904707233065479
131,0.22572292963354412,0.25457500474913985,0.2595352175106065,363700,0,0,hebo,roc_auc,binary,LGBM,,False,cv,0.0,78,3,3,LGBM_363700_20260405_160514,363700_rep0_fold0_hebo_roc_auc_cv,LGBM_363700_20260405_160514::363700_rep0_fold0_hebo_roc_auc_cv,0.5603778498130402,0.7639534883720925,0.6904707233065479
132,0.22572292963354412,0.25457500474913985,0.2595352175106065,363700,0,0,hebo,roc_auc,binary,LGBM,,False,cv,0.0,78,3,3,LGBM_363700_20260405_160514,363700_rep0_fold0_hebo_roc_auc_cv,LGBM_363700_20260405_160514::363700_rep0_fold0_hebo_roc_auc_cv,0.5603778498130402,0.7639534883720925,0.6904707233065479
133,0.22572292963354412,0.25457500474913985,0.2595352175106065,363700,0,0,hebo,roc_auc,binary,LGBM,,False,cv,0.0,78,3,3,LGBM_363700_20260405_160514,363700_rep0_fold0_hebo_roc_auc_cv,LGBM_363700_20260405_160514::363700_rep0_fold0_hebo_roc_auc_cv,0.5603778498130402,0.7639534883720925,0.6904707233065479
134,0.22572292963354412,0.25457500474913985,0.2595352175106065,363700,0,0,hebo,roc_auc,binary,LGBM,,False,cv,0.0,78,3,3,LGBM_363700_20260405_160514,363700_rep0_fold0_hebo_roc_auc_cv,LGBM_363700_20260405_160514::363700_rep0_fold0_hebo_roc_auc_cv,0.5603778498130402,0.7639534883720925,0.6904707233065479
135,0.22572292963354412,0.25457500474913985,0.2595352175106065,363700,0,0,hebo,roc_auc,binary,LGBM,,False,cv,0.0,78,3,3,LGBM_363700_20260405_160514,363700_rep0_fold0_hebo_roc_auc_cv,LGBM_363700_20260405_160514::363700_rep0_fold0_hebo_roc_auc_cv,0.5603778498130402,0.7639534883720925,0.6904707233065479
136,0.22572292963354412,0.25457500474913985,0.2595352175106065,363700,0,0,hebo,roc_auc,binary,LGBM,,False,cv,0.0,78,3,3,LGBM_363700_20260405_160514,363700_rep0_fold0_hebo_roc_auc_cv,LGBM_363700_20260405_160514::363700_rep0_fold0_hebo_roc_auc_cv,0.5603778498130402,0.7639534883720925,0.6904707233065479
137,0.22572292963354412,0.25457500474913985,0.2595352175106065,363700,0,0,hebo,roc_auc,binary,LGBM,,False,cv,0.0,78,3,3,LGBM_363700_20260405_160514,363700_rep0_fold0_hebo_roc_auc_cv,LGBM_363700_20260405_160514::363700_rep0_fold0_hebo_roc_auc_cv,0.5603778498130402,0.7639534883720925,0.6904707233065479
138,0.22572292963354412,0.25457500474913985,0.2595352175106065,363700,0,0,hebo,roc_auc,binary,LGBM,,False,cv,0.0,78,3,3,LGBM_363700_20260405_160514,363700_rep0_fold0_hebo_roc_auc_cv,LGBM_363700_20260405_160514::363700_rep0_fold0_hebo_roc_auc_cv,0.5603778498130402,0.7639534883720925,0.6904707233065479
139,0.22572292963354412,0.25457500474913985,0.2595352175106065,363700,0,0,hebo,roc_auc,binary,LGBM,,False,cv,0.0,78,3,3,LGBM_363700_20260405_160514,363700_rep0_fold0_hebo_roc_auc_cv,LGBM_363700_20260405_160514::363700_rep0_fold0_hebo_roc_auc_cv,0.5603778498130402,0.7639534883720925,0.6904707233065479
140,0.22572292963354412,0.25457500474913985,0.2595352175106065,363700,0,0,hebo,roc_auc,binary,LGBM,,False,cv,0.0,78,3,3,LGBM_363700_20260405_160514,363700_rep0_fold0_hebo_roc_auc_cv,LGBM_363700_20260405_160514::363700_rep0_fold0_hebo_roc_auc_cv,0.5603778498130402,0.7639534883720925,0.6904707233065479
141,0.22572292963354412,0.25457500474913985,0.2595352175106065,363700,0,0,hebo,roc_auc,binary,LGBM,,False,cv,0.0,78,3,3,LGBM_363700_20260405_160514,363700_rep0_fold0_hebo_roc_auc_cv,LGBM_363700_20260405_160514::363700_rep0_fold0_hebo_roc_auc_cv,0.5603778498130402,0.7639534883720925,0.6904707233065479
142,0.22572292963354412,0.25457500474913985,0.2595352175106065,363700,0,0,hebo,roc_auc,binary,LGBM,,False,cv,0.0,78,3,3,LGBM_363700_20260405_160514,363700_rep0_fold0_hebo_roc_auc_cv,LGBM_363700_20260405_160514::363700_rep0_fold0_hebo_roc_auc_cv,0.5603778498130402,0.7639534883720925,0.6904707233065479
143,0.22572292963354412,0.25457500474913985,0.2595352175106065,363700,0,0,hebo,roc_auc,binary,LGBM,,False,cv,0.0,78,3,3,LGBM_363700_20260405_160514,363700_rep0_fold0_hebo_roc_auc_cv,LGBM_363700_20260405_160514::363700_rep0_fold0_hebo_roc_auc_cv,0.5603778498130402,0.7639534883720925,0.6904707233065479
144,0.22572292963354412,0.25457500474913985,0.2595352175106065,363700,0,0,hebo,roc_auc,binary,LGBM,,False,cv,0.0,78,3,3,LGBM_363700_20260405_160514,363700_rep0_fold0_hebo_roc_auc_cv,LGBM_363700_20260405_160514::363700_rep0_fold0_hebo_roc_auc_cv,0.5603778498130402,0.7639534883720925,0.6904707233065479
145,0.22572292963354412,0.25457500474913985,0.2595352175106065,363700,0,0,hebo,roc_auc,binary,LGBM,,False,cv,0.0,78,3,3,LGBM_363700_20260405_160514,363700_rep0_fold0_hebo_roc_auc_cv,LGBM_363700_20260405_160514::363700_rep0_fold0_hebo_roc_auc_cv,0.5603778498130402,0.7639534883720925,0.6904707233065479
146,0.22572292963354412,0.25457500474913985,0.2595352175106065,363700,0,0,hebo,roc_auc,binary,LGBM,,False,cv,0.0,78,3,3,LGBM_363700_20260405_160514,363700_rep0_fold0_hebo_roc_auc_cv,LGBM_363700_20260405_160514::363700_rep0_fold0_hebo_roc_auc_cv,0.5603778498130402,0.7639534883720925,0.6904707233065479
147,0.22572292963354412,0.25457500474913985,0.2595352175106065,363700,0,0,hebo,roc_auc,binary,LGBM,,False,cv,0.0,78,3,3,LGBM_363700_20260405_160514,363700_rep0_fold0_hebo_roc_auc_cv,LGBM_363700_20260405_160514::363700_rep0_fold0_hebo_roc_auc_cv,0.5603778498130402,0.7639534883720925,0.6904707233065479
148,0.22572292963354412,0.25457500474913985,0.2595352175106065,363700,0,0,hebo,roc_auc,binary,LGBM,,False,cv,0.0,78,3,3,LGBM_363700_20260405_160514,363700_rep0_fold0_hebo_roc_auc_cv,LGBM_363700_20260405_160514::363700_rep0_fold0_hebo_roc_auc_cv,0.5603778498130402,0.7639534883720925,0.6904707233065479
149,0.22572292963354412,0.25457500474913985,0.2595352175106065,363700,0,0,hebo,roc_auc,binary,LGBM,,False,cv,0.0,78,3,3,LGBM_363700_20260405_160514,363700_rep0_fold0_hebo_roc_auc_cv,LGBM_363700_20260405_160514::363700_rep0_fold0_hebo_roc_auc_cv,0.5603778498130402,0.7639534883720925,0.6904707233065479
150,0.22572292963354412,0.25457500474913985,0.2595352175106065,363700,0,0,hebo,roc_auc,binary,LGBM,,False,cv,0.0,78,3,3,LGBM_363700_20260405_160514,363700_rep0_fold0_hebo_roc_auc_cv,LGBM_363700_20260405_160514::363700_rep0_fold0_hebo_roc_auc_cv,0.5603778498130402,0.7639534883720925,0.6904707233065479
151,0.22572292963354412,0.25457500474913985,0.2595352175106065,363700,0,0,hebo,roc_auc,binary,LGBM,,False,cv,0.0,78,3,3,LGBM_363700_20260405_160514,363700_rep0_fold0_hebo_roc_auc_cv,LGBM_363700_20260405_160514::363700_rep0_fold0_hebo_roc_auc_cv,0.5603778498130402,0.7639534883720925,0.6904707233065479
152,0.22572292963354412,0.25457500474913985,0.2595352175106065,363700,0,0,hebo,roc_auc,binary,LGBM,,False,cv,0.0,78,3,3,LGBM_363700_20260405_160514,363700_rep0_fold0_hebo_roc_auc_cv,LGBM_363700_20260405_160514::363700_rep0_fold0_hebo_roc_auc_cv,0.5603778498130402,0.7639534883720925,0.6904707233065479
153,0.22572292963354412,0.25457500474913985,0.2595352175106065,363700,0,0,hebo,roc_auc,binary,LGBM,,False,cv,0.0,78,3,3,LGBM_363700_20260405_160514,363700_rep0_fold0_hebo_roc_auc_cv,LGBM_363700_20260405_160514::363700_rep0_fold0_hebo_roc_auc_cv,0.5603778498130402,0.7639534883720925,0.6904707233065479
154,0.22572292963354412,0.25457500474913985,0.2595352175106065,363700,0,0,hebo,roc_auc,binary,LGBM,,False,cv,0.0,78,3,3,LGBM_363700_20260405_160514,363700_rep0_fold0_hebo_roc_auc_cv,LGBM_363700_20260405_160514::363700_rep0_fold0_hebo_roc_auc_cv,0.5603778498130402,0.7639534883720925,0.6904707233065479
155,0.22572292963354412,0.25457500474913985,0.2595352175106065,363700,0,0,hebo,roc_auc,binary,LGBM,,False,cv,0.0,78,3,3,LGBM_363700_20260405_160514,363700_rep0_fold0_hebo_roc_auc_cv,LGBM_363700_20260405_160514::363700_rep0_fold0_hebo_roc_auc_cv,0.5603778498130402,0.7639534883720925,0.6904707233065479
156,0.22572292963354412,0.25457500474913985,0.2595352175106065,363700,0,0,hebo,roc_auc,binary,LGBM,,False,cv,0.0,78,3,3,LGBM_363700_20260405_160514,363700_rep0_fold0_hebo_roc_auc_cv,LGBM_363700_20260405_160514::363700_rep0_fold0_hebo_roc_auc_cv,0.5603778498130402,0.7639534883720925,0.6904707233065479
157,0.22572292963354412,0.25457500474913985,0.2595352175106065,363700,0,0,hebo,roc_auc,binary,LGBM,,False,cv,0.0,78,3,3,LGBM_363700_20260405_160514,363700_rep0_fold0_hebo_roc_auc_cv,LGBM_363700_20260405_160514::363700_rep0_fold0_hebo_roc_auc_cv,0.5603778498130402,0.7639534883720925,0.6904707233065479
158,0.22572292963354412,0.25457500474913985,0.2595352175106065,363700,0,0,hebo,roc_auc,binary,LGBM,,False,cv,0.0,78,3,3,LGBM_363700_20260405_160514,363700_rep0_fold0_hebo_roc_auc_cv,LGBM_363700_20260405_160514::363700_rep0_fold0_hebo_roc_auc_cv,0.5603778498130402,0.7639534883720925,0.6904707233065479
159,0.22572292963354412,0.25457500474913985,0.2595352175106065,363700,0,0,hebo,roc_auc,binary,LGBM,,False,cv,0.0,78,3,3,LGBM_363700_20260405_160514,363700_rep0_fold0_hebo_roc_auc_cv,LGBM_363700_20260405_160514::363700_rep0_fold0_hebo_roc_auc_cv,0.5603778498130402,0.7639534883720925,0.6904707233065479
160,0.22572292963354412,0.25457500474913985,0.2595352175106065,363700,0,0,hebo,roc_auc,binary,LGBM,,False,cv,0.0,78,3,3,LGBM_363700_20260405_160514,363700_rep0_fold0_hebo_roc_auc_cv,LGBM_363700_20260405_160514::363700_rep0_fold0_hebo_roc_auc_cv,0.5603778498130402,0.7639534883720925,0.6904707233065479
161,0.22572292963354412,0.25457500474913985,0.2595352175106065,363700,0,0,hebo,roc_auc,binary,LGBM,,False,cv,0.0,78,3,3,LGBM_363700_20260405_160514,363700_rep0_fold0_hebo_roc_auc_cv,LGBM_363700_20260405_160514::363700_rep0_fold0_hebo_roc_auc_cv,0.5603778498130402,0.7639534883720925,0.6904707233065479
162,0.22572292963354412,0.25457500474913985,0.2595352175106065,363700,0,0,hebo,roc_auc,binary,LGBM,,False,cv,0.0,78,3,3,LGBM_363700_20260405_160514,363700_rep0_fold0_hebo_roc_auc_cv,LGBM_363700_20260405_160514::363700_rep0_fold0_hebo_roc_auc_cv,0.5603778498130402,0.7639534883720925,0.6904707233065479
163,0.22572292963354412,0.25457500474913985,0.2595352175106065,363700,0,0,hebo,roc_auc,binary,LGBM,,False,cv,0.0,78,3,3,LGBM_363700_20260405_160514,363700_rep0_fold0_hebo_roc_auc_cv,LGBM_363700_20260405_160514::363700_rep0_fold0_hebo_roc_auc_cv,0.5603778498130402,0.7639534883720925,0.6904707233065479
164,0.22572292963354412,0.25457500474913985,0.2595352175106065,363700,0,0,hebo,roc_auc,binary,LGBM,,False,cv,0.0,78,3,3,LGBM_363700_20260405_160514,363700_rep0_fold0_hebo_roc_auc_cv,LGBM_363700_20260405_160514::363700_rep0_fold0_hebo_roc_auc_cv,0.5603778498130402,0.7639534883720925,0.6904707233065479
165,0.22572292963354412,0.25457500474913985,0.2595352175106065,363700,0,0,hebo,roc_auc,binary,LGBM,,False,cv,0.0,78,3,3,LGBM_363700_20260405_160514,363700_rep0_fold0_hebo_roc_auc_cv,LGBM_363700_20260405_160514::363700_rep0_fold0_hebo_roc_auc_cv,0.5603778498130402,0.7639534883720925,0.6904707233065479
166,0.22572292963354412,0.25457500474913985,0.2595352175106065,363700,0,0,hebo,roc_auc,binary,LGBM,,False,cv,0.0,78,3,3,LGBM_363700_20260405_160514,363700_rep0_fold0_hebo_roc_auc_cv,LGBM_363700_20260405_160514::363700_rep0_fold0_hebo_roc_auc_cv,0.5603778498130402,0.7639534883720925,0.6904707233065479
167,0.22572292963354412,0.25457500474913985,0.2595352175106065,363700,0,0,hebo,roc_auc,binary,LGBM,,False,cv,0.0,78,3,3,LGBM_363700_20260405_160514,363700_rep0_fold0_hebo_roc_auc_cv,LGBM_363700_20260405_160514::363700_rep0_fold0_hebo_roc_auc_cv,0.5603778498130402,0.7639534883720925,0.6904707233065479
168,0.22572292963354412,0.25457500474913985,0.2595352175106065,363700,0,0,hebo,roc_auc,binary,LGBM,,False,cv,0.0,78,3,3,LGBM_363700_20260405_160514,363700_rep0_fold0_hebo_roc_auc_cv,LGBM_363700_20260405_160514::363700_rep0_fold0_hebo_roc_auc_cv,0.5603778498130402,0.7639534883720925,0.6904707233065479
169,0.22572292963354412,0.25457500474913985,0.2595352175106065,363700,0,0,hebo,roc_auc,binary,LGBM,,False,cv,0.0,78,3,3,LGBM_363700_20260405_160514,363700_rep0_fold0_hebo_roc_auc_cv,LGBM_363700_20260405_160514::363700_rep0_fold0_hebo_roc_auc_cv,0.5603778498130402,0.7639534883720925,0.6904707233065479
170,0.22572292963354412,0.25457500474913985,0.2595352175106065,363700,0,0,hebo,roc_auc,binary,LGBM,,False,cv,0.0,78,3,3,LGBM_363700_20260405_160514,363700_rep0_fold0_hebo_roc_auc_cv,LGBM_363700_20260405_160514::363700_rep0_fold0_hebo_roc_auc_cv,0.5603778498130402,0.7639534883720925,0.6904707233065479
171,0.22572292963354412,0.25457500474913985,0.2595352175106065,363700,0,0,hebo,roc_auc,binary,LGBM,,False,cv,0.0,78,3,3,LGBM_363700_20260405_160514,363700_rep0_fold0_hebo_roc_auc_cv,LGBM_363700_20260405_160514::363700_rep0_fold0_hebo_roc_auc_cv,0.5603778498130402,0.7639534883720925,0.6904707233065479
172,0.22572292963354412,0.25457500474913985,0.2595352175106065,363700,0,0,hebo,roc_auc,binary,LGBM,,False,cv,0.0,78,3,3,LGBM_363700_20260405_160514,363700_rep0_fold0_hebo_roc_auc_cv,LGBM_363700_20260405_160514::363700_rep0_fold0_hebo_roc_auc_cv,0.5603778498130402,0.7639534883720925,0.6904707233065479
173,0.22572292963354412,0.25457500474913985,0.2595352175106065,363700,0,0,hebo,roc_auc,binary,LGBM,,False,cv,0.0,78,3,3,LGBM_363700_20260405_160514,363700_rep0_fold0_hebo_roc_auc_cv,LGBM_363700_20260405_160514::363700_rep0_fold0_hebo_roc_auc_cv,0.5603778498130402,0.7639534883720925,0.6904707233065479
174,0.22572292963354412,0.25457500474913985,0.2595352175106065,363700,0,0,hebo,roc_auc,binary,LGBM,,False,cv,0.0,78,3,3,LGBM_363700_20260405_160514,363700_rep0_fold0_hebo_roc_auc_cv,LGBM_363700_20260405_160514::363700_rep0_fold0_hebo_roc_auc_cv,0.5603778498130402,0.7639534883720925,0.6904707233065479
175,0.22572292963354412,0.25457500474913985,0.2595352175106065,363700,0,0,hebo,roc_auc,binary,LGBM,,False,cv,0.0,78,3,3,LGBM_363700_20260405_160514,363700_rep0_fold0_hebo_roc_auc_cv,LGBM_363700_20260405_160514::363700_rep0_fold0_hebo_roc_auc_cv,0.5603778498130402,0.7639534883720925,0.6904707233065479
176,0.22572292963354412,0.25457500474913985,0.2595352175106065,363700,0,0,hebo,roc_auc,binary,LGBM,,False,cv,0.0,78,3,3,LGBM_363700_20260405_160514,363700_rep0_fold0_hebo_roc_auc_cv,LGBM_363700_20260405_160514::363700_rep0_fold0_hebo_roc_auc_cv,0.5603778498130402,0.7639534883720925,0.6904707233065479
177,0.22572292963354412,0.25457500474913985,0.2595352175106065,363700,0,0,hebo,roc_auc,binary,LGBM,,False,cv,0.0,78,3,3,LGBM_363700_20260405_160514,363700_rep0_fold0_hebo_roc_auc_cv,LGBM_363700_20260405_160514::363700_rep0_fold0_hebo_roc_auc_cv,0.5603778498130402,0.7639534883720925,0.6904707233065479
178,0.22572292963354412,0.25457500474913985,0.2595352175106065,363700,0,0,hebo,roc_auc,binary,LGBM,,False,cv,0.0,78,3,3,LGBM_363700_20260405_160514,363700_rep0_fold0_hebo_roc_auc_cv,LGBM_363700_20260405_160514::363700_rep0_fold0_hebo_roc_auc_cv,0.5603778498130402,0.7639534883720925,0.6904707233065479
179,0.22572292963354412,0.25457500474913985,0.2595352175106065,363700,0,0,hebo,roc_auc,binary,LGBM,,False,cv,0.0,78,3,3,LGBM_363700_20260405_160514,363700_rep0_fold0_hebo_roc_auc_cv,LGBM_363700_20260405_160514::363700_rep0_fold0_hebo_roc_auc_cv,0.5603778498130402,0.7639534883720925,0.6904707233065479
180,0.22572292963354412,0.25457500474913985,0.2595352175106065,363700,0,0,hebo,roc_auc,binary,LGBM,,False,cv,0.0,78,3,3,LGBM_363700_20260405_160514,363700_rep0_fold0_hebo_roc_auc_cv,LGBM_363700_20260405_160514::363700_rep0_fold0_hebo_roc_auc_cv,0.5603778498130402,0.7639534883720925,0.6904707233065479
181,0.22572292963354412,0.25457500474913985,0.2595352175106065,363700,0,0,hebo,roc_auc,binary,LGBM,,False,cv,0.0,78,3,3,LGBM_363700_20260405_160514,363700_rep0_fold0_hebo_roc_auc_cv,LGBM_363700_20260405_160514::363700_rep0_fold0_hebo_roc_auc_cv,0.5603778498130402,0.7639534883720925,0.6904707233065479
182,0.22572292963354412,0.25457500474913985,0.2595352175106065,363700,0,0,hebo,roc_auc,binary,LGBM,,False,cv,0.0,78,3,3,LGBM_363700_20260405_160514,363700_rep0_fold0_hebo_roc_auc_cv,LGBM_363700_20260405_160514::363700_rep0_fold0_hebo_roc_auc_cv,0.5603778498130402,0.7639534883720925,0.6904707233065479
183,0.22572292963354412,0.25457500474913985,0.2595352175106065,363700,0,0,hebo,roc_auc,binary,LGBM,,False,cv,0.0,78,3,3,LGBM_363700_20260405_160514,363700_rep0_fold0_hebo_roc_auc_cv,LGBM_363700_20260405_160514::363700_rep0_fold0_hebo_roc_auc_cv,0.5603778498130402,0.7639534883720925,0.6904707233065479
184,0.22572292963354412,0.25457500474913985,0.2595352175106065,363700,0,0,hebo,roc_auc,binary,LGBM,,False,cv,0.0,78,3,3,LGBM_363700_20260405_160514,363700_rep0_fold0_hebo_roc_auc_cv,LGBM_363700_20260405_160514::363700_rep0_fold0_hebo_roc_auc_cv,0.5603778498130402,0.7639534883720925,0.6904707233065479
185,0.22572292963354412,0.25457500474913985,0.2595352175106065,363700,0,0,hebo,roc_auc,binary,LGBM,,False,cv,0.0,78,3,3,LGBM_363700_20260405_160514,363700_rep0_fold0_hebo_roc_auc_cv,LGBM_363700_20260405_160514::363700_rep0_fold0_hebo_roc_auc_cv,0.5603778498130402,0.7639534883720925,0.6904707233065479
186,0.22572292963354412,0.25457500474913985,0.2595352175106065,363700,0,0,hebo,roc_auc,binary,LGBM,,False,cv,0.0,78,3,3,LGBM_363700_20260405_160514,363700_rep0_fold0_hebo_roc_auc_cv,LGBM_363700_20260405_160514::363700_rep0_fold0_hebo_roc_auc_cv,0.5603778498130402,0.7639534883720925,0.6904707233065479
187,0.22572292963354412,0.25457500474913985,0.2595352175106065,363700,0,0,hebo,roc_auc,binary,LGBM,,False,cv,0.0,78,3,3,LGBM_363700_20260405_160514,363700_rep0_fold0_hebo_roc_auc_cv,LGBM_363700_20260405_160514::363700_rep0_fold0_hebo_roc_auc_cv,0.5603778498130402,0.7639534883720925,0.6904707233065479
188,0.22572292963354412,0.25457500474913985,0.2595352175106065,363700,0,0,hebo,roc_auc,binary,LGBM,,False,cv,0.0,78,3,3,LGBM_363700_20260405_160514,363700_rep0_fold0_hebo_roc_auc_cv,LGBM_363700_20260405_160514::363700_rep0_fold0_hebo_roc_auc_cv,0.5603778498130402,0.7639534883720925,0.6904707233065479
189,0.22572292963354412,0.25457500474913985,0.2595352175106065,363700,0,0,hebo,roc_auc,binary,LGBM,,False,cv,0.0,78,3,3,LGBM_363700_20260405_160514,363700_rep0_fold0_hebo_roc_auc_cv,LGBM_363700_20260405_160514::363700_rep0_fold0_hebo_roc_auc_cv,0.5603778498130402,0.7639534883720925,0.6904707233065479
190,0.22572292963354412,0.25457500474913985,0.2595352175106065,363700,0,0,hebo,roc_auc,binary,LGBM,,False,cv,0.0,78,3,3,LGBM_363700_20260405_160514,363700_rep0_fold0_hebo_roc_auc_cv,LGBM_363700_20260405_160514::363700_rep0_fold0_hebo_roc_auc_cv,0.5603778498130402,0.7639534883720925,0.6904707233065479
191,0.22572292963354412,0.25457500474913985,0.2595352175106065,363700,0,0,hebo,roc_auc,binary,LGBM,,False,cv,0.0,78,3,3,LGBM_363700_20260405_160514,363700_rep0_fold0_hebo_roc_auc_cv,LGBM_363700_20260405_160514::363700_rep0_fold0_hebo_roc_auc_cv,0.5603778498130402,0.7639534883720925,0.6904707233065479
192,0.22572292963354412,0.25457500474913985,0.2595352175106065,363700,0,0,hebo,roc_auc,binary,LGBM,,False,cv,0.0,78,3,3,LGBM_363700_20260405_160514,363700_rep0_fold0_hebo_roc_auc_cv,LGBM_363700_20260405_160514::363700_rep0_fold0_hebo_roc_auc_cv,0.5603778498130402,0.7639534883720925,0.6904707233065479
193,0.22572292963354412,0.25457500474913985,0.2595352175106065,363700,0,0,hebo,roc_auc,binary,LGBM,,False,cv,0.0,78,3,3,LGBM_363700_20260405_160514,363700_rep0_fold0_hebo_roc_auc_cv,LGBM_363700_20260405_160514::363700_rep0_fold0_hebo_roc_auc_cv,0.5603778498130402,0.7639534883720925,0.6904707233065479
194,0.22572292963354412,0.25457500474913985,0.2595352175106065,363700,0,0,hebo,roc_auc,binary,LGBM,,False,cv,0.0,78,3,3,LGBM_363700_20260405_160514,363700_rep0_fold0_hebo_roc_auc_cv,LGBM_363700_20260405_160514::363700_rep0_fold0_hebo_roc_auc_cv,0.5603778498130402,0.7639534883720925,0.6904707233065479
195,0.22572292963354412,0.25457500474913985,0.2595352175106065,363700,0,0,hebo,roc_auc,binary,LGBM,,False,cv,0.0,78,3,3,LGBM_363700_20260405_160514,363700_rep0_fold0_hebo_roc_auc_cv,LGBM_363700_20260405_160514::363700_rep0_fold0_hebo_roc_auc_cv,0.5603778498130402,0.7639534883720925,0.6904707233065479
196,0.22572292963354412,0.25457500474913985,0.2595352175106065,363700,0,0,hebo,roc_auc,binary,LGBM,,False,cv,0.0,78,3,3,LGBM_363700_20260405_160514,363700_rep0_fold0_hebo_roc_auc_cv,LGBM_363700_20260405_160514::363700_rep0_fold0_hebo_roc_auc_cv,0.5603778498130402,0.7639534883720925,0.6904707233065479
197,0.22572292963354412,0.25457500474913985,0.2595352175106065,363700,0,0,hebo,roc_auc,binary,LGBM,,False,cv,0.0,78,3,3,LGBM_363700_20260405_160514,363700_rep0_fold0_hebo_roc_auc_cv,LGBM_363700_20260405_160514::363700_rep0_fold0_hebo_roc_auc_cv,0.5603778498130402,0.7639534883720925,0.6904707233065479
198,0.22572292963354412,0.25457500474913985,0.2595352175106065,363700,0,0,hebo,roc_auc,binary,LGBM,,False,cv,0.0,78,3,3,LGBM_363700_20260405_160514,363700_rep0_fold0_hebo_roc_auc_cv,LGBM_363700_20260405_160514::363700_rep0_fold0_hebo_roc_auc_cv,0.5603778498130402,0.7639534883720925,0.6904707233065479
199,0.22572292963354412,0.25457500474913985,0.2595352175106065,363700,0,0,hebo,roc_auc,binary,LGBM,,False,cv,0.0,78,3,3,LGBM_363700_20260405_160514,363700_rep0_fold0_hebo_roc_auc_cv,LGBM_363700_20260405_160514::363700_rep0_fold0_hebo_roc_auc_cv,0.5603778498130402,0.7639534883720925,0.6904707233065479
200,0.22572292963354412,0.25457500474913985,0.2595352175106065,363700,0,0,hebo,roc_auc,binary,LGBM,,False,cv,0.0,78,3,3,LGBM_363700_20260405_160514,363700_rep0_fold0_hebo_roc_auc_cv,LGBM_363700_20260405_160514::363700_rep0_fold0_hebo_roc_auc_cv,0.5603778498130402,0.7639534883720925,0.6904707233065479
201,0.22572292963354412,0.25457500474913985,0.2595352175106065,363700,0,0,hebo,roc_auc,binary,LGBM,,False,cv,0.0,78,3,3,LGBM_363700_20260405_160514,363700_rep0_fold0_hebo_roc_auc_cv,LGBM_363700_20260405_160514::363700_rep0_fold0_hebo_roc_auc_cv,0.5603778498130402,0.7639534883720925,0.6904707233065479
202,0.22572292963354412,0.25457500474913985,0.2595352175106065,363700,0,0,hebo,roc_auc,binary,LGBM,,False,cv,0.0,78,3,3,LGBM_363700_20260405_160514,363700_rep0_fold0_hebo_roc_auc_cv,LGBM_363700_20260405_160514::363700_rep0_fold0_hebo_roc_auc_cv,0.5603778498130402,0.7639534883720925,0.6904707233065479
203,0.22572292963354412,0.25457500474913985,0.2595352175106065,363700,0,0,hebo,roc_auc,binary,LGBM,,False,cv,0.0,78,3,3,LGBM_363700_20260405_160514,363700_rep0_fold0_hebo_roc_auc_cv,LGBM_363700_20260405_160514::363700_rep0_fold0_hebo_roc_auc_cv,0.5603778498130402,0.7639534883720925,0.6904707233065479
204,0.22572292963354412,0.25457500474913985,0.2595352175106065,363700,0,0,hebo,roc_auc,binary,LGBM,,False,cv,0.0,78,3,3,LGBM_363700_20260405_160514,363700_rep0_fold0_hebo_roc_auc_cv,LGBM_363700_20260405_160514::363700_rep0_fold0_hebo_roc_auc_cv,0.5603778498130402,0.7639534883720925,0.6904707233065479
205,0.22572292963354412,0.25457500474913985,0.2595352175106065,363700,0,0,hebo,roc_auc,binary,LGBM,,False,cv,0.0,78,3,3,LGBM_363700_20260405_160514,363700_rep0_fold0_hebo_roc_auc_cv,LGBM_363700_20260405_160514::363700_rep0_fold0_hebo_roc_auc_cv,0.5603778498130402,0.7639534883720925,0.6904707233065479
206,0.22572292963354412,0.25457500474913985,0.2595352175106065,363700,0,0,hebo,roc_auc,binary,LGBM,,False,cv,0.0,78,3,3,LGBM_363700_20260405_160514,363700_rep0_fold0_hebo_roc_auc_cv,LGBM_363700_20260405_160514::363700_rep0_fold0_hebo_roc_auc_cv,0.5603778498130402,0.7639534883720925,0.6904707233065479
207,0.22572292963354412,0.25457500474913985,0.2595352175106065,363700,0,0,hebo,roc_auc,binary,LGBM,,False,cv,0.0,78,3,3,LGBM_363700_20260405_160514,363700_rep0_fold0_hebo_roc_auc_cv,LGBM_363700_20260405_160514::363700_rep0_fold0_hebo_roc_auc_cv,0.5603778498130402,0.7639534883720925,0.6904707233065479
208,0.22572292963354412,0.25457500474913985,0.2595352175106065,363700,0,0,hebo,roc_auc,binary,LGBM,,False,cv,0.0,78,3,3,LGBM_363700_20260405_160514,363700_rep0_fold0_hebo_roc_auc_cv,LGBM_363700_20260405_160514::363700_rep0_fold0_hebo_roc_auc_cv,0.5603778498130402,0.7639534883720925,0.6904707233065479
209,0.22572292963354412,0.25457500474913985,0.2595352175106065,363700,0,0,hebo,roc_auc,binary,LGBM,,False,cv,0.0,78,3,3,LGBM_363700_20260405_160514,363700_rep0_fold0_hebo_roc_auc_cv,LGBM_363700_20260405_160514::363700_rep0_fold0_hebo_roc_auc_cv,0.5603778498130402,0.7639534883720925,0.6904707233065479
210,0.22572292963354412,0.25457500474913985,0.2595352175106065,363700,0,0,hebo,roc_auc,binary,LGBM,,False,cv,0.0,78,3,3,LGBM_363700_20260405_160514,363700_rep0_fold0_hebo_roc_auc_cv,LGBM_363700_20260405_160514::363700_rep0_fold0_hebo_roc_auc_cv,0.5603778498130402,0.7639534883720925,0.6904707233065479
211,0.22572292963354412,0.25457500474913985,0.2595352175106065,363700,0,0,hebo,roc_auc,binary,LGBM,,False,cv,0.0,78,3,3,LGBM_363700_20260405_160514,363700_rep0_fold0_hebo_roc_auc_cv,LGBM_363700_20260405_160514::363700_rep0_fold0_hebo_roc_auc_cv,0.5603778498130402,0.7639534883720925,0.6904707233065479
212,0.22572292963354412,0.25457500474913985,0.2595352175106065,363700,0,0,hebo,roc_auc,binary,LGBM,,False,cv,0.0,78,3,3,LGBM_363700_20260405_160514,363700_rep0_fold0_hebo_roc_auc_cv,LGBM_363700_20260405_160514::363700_rep0_fold0_hebo_roc_auc_cv,0.5603778498130402,0.7639534883720925,0.6904707233065479
213,0.22572292963354412,0.25457500474913985,0.2595352175106065,363700,0,0,hebo,roc_auc,binary,LGBM,,False,cv,0.0,78,3,3,LGBM_363700_20260405_160514,363700_rep0_fold0_hebo_roc_auc_cv,LGBM_363700_20260405_160514::363700_rep0_fold0_hebo_roc_auc_cv,0.5603778498130402,0.7639534883720925,0.6904707233065479
214,0.22572292963354412,0.25457500474913985,0.2595352175106065,363700,0,0,hebo,roc_auc,binary,LGBM,,False,cv,0.0,78,3,3,LGBM_363700_20260405_160514,363700_rep0_fold0_hebo_roc_auc_cv,LGBM_363700_20260405_160514::363700_rep0_fold0_hebo_roc_auc_cv,0.5603778498130402,0.7639534883720925,0.6904707233065479
215,0.22572292963354412,0.25457500474913985,0.2595352175106065,363700,0,0,hebo,roc_auc,binary,LGBM,,False,cv,0.0,78,3,3,LGBM_363700_20260405_160514,363700_rep0_fold0_hebo_roc_auc_cv,LGBM_363700_20260405_160514::363700_rep0_fold0_hebo_roc_auc_cv,0.5603778498130402,0.7639534883720925,0.6904707233065479
216,0.22572292963354412,0.25457500474913985,0.2595352175106065,363700,0,0,hebo,roc_auc,binary,LGBM,,False,cv,0.0,78,3,3,LGBM_363700_20260405_160514,363700_rep0_fold0_hebo_roc_auc_cv,LGBM_363700_20260405_160514::363700_rep0_fold0_hebo_roc_auc_cv,0.5603778498130402,0.7639534883720925,0.6904707233065479
217,0.22572292963354412,0.25457500474913985,0.2595352175106065,363700,0,0,hebo,roc_auc,binary,LGBM,,False,cv,0.0,78,3,3,LGBM_363700_20260405_160514,363700_rep0_fold0_hebo_roc_auc_cv,LGBM_363700_20260405_160514::363700_rep0_fold0_hebo_roc_auc_cv,0.5603778498130402,0.7639534883720925,0.6904707233065479
218,0.22572292963354412,0.25457500474913985,0.2595352175106065,363700,0,0,hebo,roc_auc,binary,LGBM,,False,cv,0.0,78,3,3,LGBM_363700_20260405_160514,363700_rep0_fold0_hebo_roc_auc_cv,LGBM_363700_20260405_160514::363700_rep0_fold0_hebo_roc_auc_cv,0.5603778498130402,0.7639534883720925,0.6904707233065479
219,0.22572292963354412,0.25457500474913985,0.2595352175106065,363700,0,0,hebo,roc_auc,binary,LGBM,,False,cv,0.0,78,3,3,LGBM_363700_20260405_160514,363700_rep0_fold0_hebo_roc_auc_cv,LGBM_363700_20260405_160514::363700_rep0_fold0_hebo_roc_auc_cv,0.5603778498130402,0.7639534883720925,0.6904707233065479
220,0.22572292963354412,0.25457500474913985,0.2595352175106065,363700,0,0,hebo,roc_auc,binary,LGBM,,False,cv,0.0,78,3,3,LGBM_363700_20260405_160514,363700_rep0_fold0_hebo_roc_auc_cv,LGBM_363700_20260405_160514::363700_rep0_fold0_hebo_roc_auc_cv,0.5603778498130402,0.7639534883720925,0.6904707233065479
221,0.22572292963354412,0.25457500474913985,0.2595352175106065,363700,0,0,hebo,roc_auc,binary,LGBM,,False,cv,0.0,78,3,3,LGBM_363700_20260405_160514,363700_rep0_fold0_hebo_roc_auc_cv,LGBM_363700_20260405_160514::363700_rep0_fold0_hebo_roc_auc_cv,0.5603778498130402,0.7639534883720925,0.6904707233065479
222,0.22572292963354412,0.25457500474913985,0.2595352175106065,363700,0,0,hebo,roc_auc,binary,LGBM,,False,cv,0.0,78,3,3,LGBM_363700_20260405_160514,363700_rep0_fold0_hebo_roc_auc_cv,LGBM_363700_20260405_160514::363700_rep0_fold0_hebo_roc_auc_cv,0.5603778498130402,0.7639534883720925,0.6904707233065479
223,0.22572292963354412,0.25457500474913985,0.2595352175106065,363700,0,0,hebo,roc_auc,binary,LGBM,,False,cv,0.0,78,3,3,LGBM_363700_20260405_160514,363700_rep0_fold0_hebo_roc_auc_cv,LGBM_363700_20260405_160514::363700_rep0_fold0_hebo_roc_auc_cv,0.5603778498130402,0.7639534883720925,0.6904707233065479
224,0.22572292963354412,0.25457500474913985,0.2595352175106065,363700,0,0,hebo,roc_auc,binary,LGBM,,False,cv,0.0,78,3,3,LGBM_363700_20260405_160514,363700_rep0_fold0_hebo_roc_auc_cv,LGBM_363700_20260405_160514::363700_rep0_fold0_hebo_roc_auc_cv,0.5603778498130402,0.7639534883720925,0.6904707233065479
225,0.22572292963354412,0.25457500474913985,0.2595352175106065,363700,0,0,hebo,roc_auc,binary,LGBM,,False,cv,0.0,78,3,3,LGBM_363700_20260405_160514,363700_rep0_fold0_hebo_roc_auc_cv,LGBM_363700_20260405_160514::363700_rep0_fold0_hebo_roc_auc_cv,0.5603778498130402,0.7639534883720925,0.6904707233065479
226,0.22572292963354412,0.25457500474913985,0.2595352175106065,363700,0,0,hebo,roc_auc,binary,LGBM,,False,cv,0.0,78,3,3,LGBM_363700_20260405_160514,363700_rep0_fold0_hebo_roc_auc_cv,LGBM_363700_20260405_160514::363700_rep0_fold0_hebo_roc_auc_cv,0.5603778498130402,0.7639534883720925,0.6904707233065479
227,0.22572292963354412,0.25457500474913985,0.2595352175106065,363700,0,0,hebo,roc_auc,binary,LGBM,,False,cv,0.0,78,3,3,LGBM_363700_20260405_160514,363700_rep0_fold0_hebo_roc_auc_cv,LGBM_363700_20260405_160514::363700_rep0_fold0_hebo_roc_auc_cv,0.5603778498130402,0.7639534883720925,0.6904707233065479
228,0.22572292963354412,0.25457500474913985,0.2595352175106065,363700,0,0,hebo,roc_auc,binary,LGBM,,False,cv,0.0,78,3,3,LGBM_363700_20260405_160514,363700_rep0_fold0_hebo_roc_auc_cv,LGBM_363700_20260405_160514::363700_rep0_fold0_hebo_roc_auc_cv,0.5603778498130402,0.7639534883720925,0.6904707233065479
229,0.22572292963354412,0.25457500474913985,0.2595352175106065,363700,0,0,hebo,roc_auc,binary,LGBM,,False,cv,0.0,78,3,3,LGBM_363700_20260405_160514,363700_rep0_fold0_hebo_roc_auc_cv,LGBM_363700_20260405_160514::363700_rep0_fold0_hebo_roc_auc_cv,0.5603778498130402,0.7639534883720925,0.6904707233065479
230,0.22572292963354412,0.25457500474913985,0.2595352175106065,363700,0,0,hebo,roc_auc,binary,LGBM,,False,cv,0.0,78,3,3,LGBM_363700_20260405_160514,363700_rep0_fold0_hebo_roc_auc_cv,LGBM_363700_20260405_160514::363700_rep0_fold0_hebo_roc_auc_cv,0.5603778498130402,0.7639534883720925,0.6904707233065479
231,0.22572292963354412,0.25457500474913985,0.2595352175106065,363700,0,0,hebo,roc_auc,binary,LGBM,,False,cv,0.0,78,3,3,LGBM_363700_20260405_160514,363700_rep0_fold0_hebo_roc_auc_cv,LGBM_363700_20260405_160514::363700_rep0_fold0_hebo_roc_auc_cv,0.5603778498130402,0.7639534883720925,0.6904707233065479
232,0.22572292963354412,0.25457500474913985,0.2595352175106065,363700,0,0,hebo,roc_auc,binary,LGBM,,False,cv,0.0,78,3,3,LGBM_363700_20260405_160514,363700_rep0_fold0_hebo_roc_auc_cv,LGBM_363700_20260405_160514::363700_rep0_fold0_hebo_roc_auc_cv,0.5603778498130402,0.7639534883720925,0.6904707233065479
233,0.22572292963354412,0.25457500474913985,0.2595352175106065,363700,0,0,hebo,roc_auc,binary,LGBM,,False,cv,0.0,78,3,3,LGBM_363700_20260405_160514,363700_rep0_fold0_hebo_roc_auc_cv,LGBM_363700_20260405_160514::363700_rep0_fold0_hebo_roc_auc_cv,0.5603778498130402,0.7639534883720925,0.6904707233065479
234,0.22572292963354412,0.25457500474913985,0.2595352175106065,363700,0,0,hebo,roc_auc,binary,LGBM,,False,cv,0.0,78,3,3,LGBM_363700_20260405_160514,363700_rep0_fold0_hebo_roc_auc_cv,LGBM_363700_20260405_160514::363700_rep0_fold0_hebo_roc_auc_cv,0.5603778498130402,0.7639534883720925,0.6904707233065479
235,0.22572292963354412,0.25457500474913985,0.2595352175106065,363700,0,0,hebo,roc_auc,binary,LGBM,,False,cv,0.0,78,3,3,LGBM_363700_20260405_160514,363700_rep0_fold0_hebo_roc_auc_cv,LGBM_363700_20260405_160514::363700_rep0_fold0_hebo_roc_auc_cv,0.5603778498130402,0.7639534883720925,0.6904707233065479
236,0.22572292963354412,0.25457500474913985,0.2595352175106065,363700,0,0,hebo,roc_auc,binary,LGBM,,False,cv,0.0,78,3,3,LGBM_363700_20260405_160514,363700_rep0_fold0_hebo_roc_auc_cv,LGBM_363700_20260405_160514::363700_rep0_fold0_hebo_roc_auc_cv,0.5603778498130402,0.7639534883720925,0.6904707233065479
237,0.22572292963354412,0.25457500474913985,0.2595352175106065,363700,0,0,hebo,roc_auc,binary,LGBM,,False,cv,0.0,78,3,3,LGBM_363700_20260405_160514,363700_rep0_fold0_hebo_roc_auc_cv,LGBM_363700_20260405_160514::363700_rep0_fold0_hebo_roc_auc_cv,0.5603778498130402,0.7639534883720925,0.6904707233065479
238,0.22572292963354412,0.25457500474913985,0.2595352175106065,363700,0,0,hebo,roc_auc,binary,LGBM,,False,cv,0.0,78,3,3,LGBM_363700_20260405_160514,363700_rep0_fold0_hebo_roc_auc_cv,LGBM_363700_20260405_160514::363700_rep0_fold0_hebo_roc_auc_cv,0.5603778498130402,0.7639534883720925,0.6904707233065479
239,0.22572292963354412,0.25457500474913985,0.2595352175106065,363700,0,0,hebo,roc_auc,binary,LGBM,,False,cv,0.0,78,3,3,LGBM_363700_20260405_160514,363700_rep0_fold0_hebo_roc_auc_cv,LGBM_363700_20260405_160514::363700_rep0_fold0_hebo_roc_auc_cv,0.5603778498130402,0.7639534883720925,0.6904707233065479
240,0.22572292963354412,0.25457500474913985,0.2595352175106065,363700,0,0,hebo,roc_auc,binary,LGBM,,False,cv,0.0,78,3,3,LGBM_363700_20260405_160514,363700_rep0_fold0_hebo_roc_auc_cv,LGBM_363700_20260405_160514::363700_rep0_fold0_hebo_roc_auc_cv,0.5603778498130402,0.7639534883720925,0.6904707233065479
241,0.22572292963354412,0.25457500474913985,0.2595352175106065,363700,0,0,hebo,roc_auc,binary,LGBM,,False,cv,0.0,78,3,3,LGBM_363700_20260405_160514,363700_rep0_fold0_hebo_roc_auc_cv,LGBM_363700_20260405_160514::363700_rep0_fold0_hebo_roc_auc_cv,0.5603778498130402,0.7639534883720925,0.6904707233065479
242,0.22572292963354412,0.25457500474913985,0.2595352175106065,363700,0,0,hebo,roc_auc,binary,LGBM,,False,cv,0.0,78,3,3,LGBM_363700_20260405_160514,363700_rep0_fold0_hebo_roc_auc_cv,LGBM_363700_20260405_160514::363700_rep0_fold0_hebo_roc_auc_cv,0.5603778498130402,0.7639534883720925,0.6904707233065479
243,0.22572292963354412,0.25457500474913985,0.2595352175106065,363700,0,0,hebo,roc_auc,binary,LGBM,,False,cv,0.0,78,3,3,LGBM_363700_20260405_160514,363700_rep0_fold0_hebo_roc_auc_cv,LGBM_363700_20260405_160514::363700_rep0_fold0_hebo_roc_auc_cv,0.5603778498130402,0.7639534883720925,0.6904707233065479
244,0.22572292963354412,0.25457500474913985,0.2595352175106065,363700,0,0,hebo,roc_auc,binary,LGBM,,False,cv,0.0,78,3,3,LGBM_363700_20260405_160514,363700_rep0_fold0_hebo_roc_auc_cv,LGBM_363700_20260405_160514::363700_rep0_fold0_hebo_roc_auc_cv,0.5603778498130402,0.7639534883720925,0.6904707233065479
245,0.22572292963354412,0.25457500474913985,0.2595352175106065,363700,0,0,hebo,roc_auc,binary,LGBM,,False,cv,0.0,78,3,3,LGBM_363700_20260405_160514,363700_rep0_fold0_hebo_roc_auc_cv,LGBM_363700_20260405_160514::363700_rep0_fold0_hebo_roc_auc_cv,0.5603778498130402,0.7639534883720925,0.6904707233065479
246,0.22572292963354412,0.25457500474913985,0.2595352175106065,363700,0,0,hebo,roc_auc,binary,LGBM,,False,cv,0.0,78,3,3,LGBM_363700_20260405_160514,363700_rep0_fold0_hebo_roc_auc_cv,LGBM_363700_20260405_160514::363700_rep0_fold0_hebo_roc_auc_cv,0.5603778498130402,0.7639534883720925,0.6904707233065479
247,0.22572292963354412,0.25457500474913985,0.2595352175106065,363700,0,0,hebo,roc_auc,binary,LGBM,,False,cv,0.0,78,3,3,LGBM_363700_20260405_160514,363700_rep0_fold0_hebo_roc_auc_cv,LGBM_363700_20260405_160514::363700_rep0_fold0_hebo_roc_auc_cv,0.5603778498130402,0.7639534883720925,0.6904707233065479
248,0.22572292963354412,0.25457500474913985,0.2595352175106065,363700,0,0,hebo,roc_auc,binary,LGBM,,False,cv,0.0,78,3,3,LGBM_363700_20260405_160514,363700_rep0_fold0_hebo_roc_auc_cv,LGBM_363700_20260405_160514::363700_rep0_fold0_hebo_roc_auc_cv,0.5603778498130402,0.7639534883720925,0.6904707233065479
249,0.22572292963354412,0.25457500474913985,0.2595352175106065,363700,0,0,hebo,roc_auc,binary,LGBM,,False,cv,0.0,78,3,3,LGBM_363700_20260405_160514,363700_rep0_fold0_hebo_roc_auc_cv,LGBM_363700_20260405_160514::363700_rep0_fold0_hebo_roc_auc_cv,0.5603778498130402,0.7639534883720925,0.6904707233065479
0,0.20869687587953845,0.2395888300230069,0.24570994364354015,363700,0,0,hebo,roc_auc,binary,LGBM,,False,holdout,0.0,78,3,3,LGBM_363700_20260405_160514,363700_rep0_fold0_hebo_roc_auc_holdout,LGBM_363700_20260405_160514::363700_rep0_fold0_hebo_roc_auc_holdout,0.3199466275926014,0.35116279069767353,0.38966704936854407
1,0.20855614973262027,0.24583658737362013,0.25330856744833996,363700,0,0,hebo,roc_auc,binary,LGBM,,False,holdout,0.0,78,3,3,LGBM_363700_20260405_160514,363700_rep0_fold0_hebo_roc_auc_holdout,LGBM_363700_20260405_160514::363700_rep0_fold0_hebo_roc_auc_holdout,0.3179593814584847,0.5232558139534891,0.5549942594718743
2,0.20855614973262027,0.24583658737362013,0.25330856744833996,363700,0,0,hebo,roc_auc,binary,LGBM,,False,holdout,0.0,78,3,3,LGBM_363700_20260405_160514,363700_rep0_fold0_hebo_roc_auc_holdout,LGBM_363700_20260405_160514::363700_rep0_fold0_hebo_roc_auc_holdout,0.3179593814584847,0.5232558139534891,0.5549942594718743
3,0.20855614973262027,0.24583658737362013,0.25330856744833996,363700,0,0,hebo,roc_auc,binary,LGBM,,False,holdout,0.0,78,3,3,LGBM_363700_20260405_160514,363700_rep0_fold0_hebo_roc_auc_holdout,LGBM_363700_20260405_160514::363700_rep0_fold0_hebo_roc_auc_holdout,0.3179593814584847,0.5232558139534891,0.5549942594718743
4,0.20855614973262027,0.24583658737362013,0.25330856744833996,363700,0,0,hebo,roc_auc,binary,LGBM,,False,holdout,0.0,78,3,3,LGBM_363700_20260405_160514,363700_rep0_fold0_hebo_roc_auc_holdout,LGBM_363700_20260405_160514::363700_rep0_fold0_hebo_roc_auc_holdout,0.3179593814584847,0.5232558139534891,0.5549942594718743
5,0.20757106670419356,0.24184730987610015,0.24773624332481992,363700,0,0,hebo,roc_auc,binary,LGBM,,False,holdout,0.0,78,3,3,LGBM_363700_20260405_160514,363700_rep0_fold0_hebo_roc_auc_holdout,LGBM_363700_20260405_160514::363700_rep0_fold0_hebo_roc_auc_holdout,0.3040486585196756,0.41337209302325406,0.4337543053960948
6,0.20757106670419356,0.24184730987610015,0.24773624332481992,363700,0,0,hebo,roc_auc,binary,LGBM,,False,holdout,0.0,78,3,3,LGBM_363700_20260405_160514,363700_rep0_fold0_hebo_roc_auc_holdout,LGBM_363700_20260405_160514::363700_rep0_fold0_hebo_roc_auc_holdout,0.3040486585196756,0.41337209302325406,0.4337543053960948
7,0.20757106670419356,0.24184730987610015,0.24773624332481992,363700,0,0,hebo,roc_auc,binary,LGBM,,False,holdout,0.0,78,3,3,LGBM_363700_20260405_160514,363700_rep0_fold0_hebo_roc_auc_holdout,LGBM_363700_20260405_160514::363700_rep0_fold0_hebo_roc_auc_holdout,0.3040486585196756,0.41337209302325406,0.4337543053960948
8,0.20757106670419356,0.24184730987610015,0.24773624332481992,363700,0,0,hebo,roc_auc,binary,LGBM,,False,holdout,0.0,78,3,3,LGBM_363700_20260405_160514,363700_rep0_fold0_hebo_roc_auc_holdout,LGBM_363700_20260405_160514::363700_rep0_fold0_hebo_roc_auc_holdout,0.3040486585196756,0.41337209302325406,0.4337543053960948
9,0.20757106670419356,0.24184730987610015,0.24773624332481992,363700,0,0,hebo,roc_auc,binary,LGBM,,False,holdout,0.0,78,3,3,LGBM_363700_20260405_160514,363700_rep0_fold0_hebo_roc_auc_holdout,LGBM_363700_20260405_160514::363700_rep0_fold0_hebo_roc_auc_holdout,0.3040486585196756,0.41337209302325406,0.4337543053960948
10,0.20771179285111185,0.23493467294256698,0.2392616670536336,363700,0,0,hebo,roc_auc,binary,LGBM,,False,holdout,0.0,78,3,3,LGBM_363700_20260405_160514,363700_rep0_fold0_hebo_roc_auc_holdout,LGBM_363700_20260405_160514::363700_rep0_fold0_hebo_roc_auc_holdout,0.3060359046537939,0.22296511627906757,0.24936854190585614
11,0.20771179285111185,0.23493467294256698,0.2392616670536336,363700,0,0,hebo,roc_auc,binary,LGBM,,False,holdout,0.0,78,3,3,LGBM_363700_20260405_160514,363700_rep0_fold0_hebo_roc_auc_holdout,LGBM_363700_20260405_160514::363700_rep0_fold0_hebo_roc_auc_holdout,0.3060359046537939,0.22296511627906757,0.24936854190585614
12,0.20771179285111185,0.23493467294256698,0.2392616670536336,363700,0,0,hebo,roc_auc,binary,LGBM,,False,holdout,0.0,78,3,3,LGBM_363700_20260405_160514,363700_rep0_fold0_hebo_roc_auc_holdout,LGBM_363700_20260405_160514::363700_rep0_fold0_hebo_roc_auc_holdout,0.3060359046537939,0.22296511627906757,0.24936854190585614
13,0.20771179285111185,0.23493467294256698,0.2392616670536336,363700,0,0,hebo,roc_auc,binary,LGBM,,False,holdout,0.0,78,3,3,LGBM_363700_20260405_160514,363700_rep0_fold0_hebo_roc_auc_holdout,LGBM_363700_20260405_160514::363700_rep0_fold0_hebo_roc_auc_holdout,0.3060359046537939,0.22296511627906757,0.24936854190585614
14,0.20771179285111185,0.23493467294256698,0.2392616670536336,363700,0,0,hebo,roc_auc,binary,LGBM,,False,holdout,0.0,78,3,3,LGBM_363700_20260405_160514,363700_rep0_fold0_hebo_roc_auc_holdout,LGBM_363700_20260405_160514::363700_rep0_fold0_hebo_roc_auc_holdout,0.3060359046537939,0.22296511627906757,0.24936854190585614
15,0.20771179285111185,0.23493467294256698,0.2392616670536336,363700,0,0,hebo,roc_auc,binary,LGBM,,False,holdout,0.0,78,3,3,LGBM_363700_20260405_160514,363700_rep0_fold0_hebo_roc_auc_holdout,LGBM_363700_20260405_160514::363700_rep0_fold0_hebo_roc_auc_holdout,0.3060359046537939,0.22296511627906757,0.24936854190585614
16,0.20771179285111185,0.23493467294256698,0.2392616670536336,363700,0,0,hebo,roc_auc,binary,LGBM,,False,holdout,0.0,78,3,3,LGBM_363700_20260405_160514,363700_rep0_fold0_hebo_roc_auc_holdout,LGBM_363700_20260405_160514::363700_rep0_fold0_hebo_roc_auc_holdout,0.3060359046537939,0.22296511627906757,0.24936854190585614
17,0.20771179285111185,0.23493467294256698,0.2392616670536336,363700,0,0,hebo,roc_auc,binary,LGBM,,False,holdout,0.0,78,3,3,LGBM_363700_20260405_160514,363700_rep0_fold0_hebo_roc_auc_holdout,LGBM_363700_20260405_160514::363700_rep0_fold0_hebo_roc_auc_holdout,0.3060359046537939,0.22296511627906757,0.24936854190585614
18,0.20229383619476493,0.2268400278616206,0.23372100386263384,363700,0,0,hebo,roc_auc,binary,LGBM,,False,holdout,0.0,78,3,3,LGBM_363700_20260405_160514,363700_rep0_fold0_hebo_roc_auc_holdout,LGBM_363700_20260405_160514::363700_rep0_fold0_hebo_roc_auc_holdout,0.22952692849034304,0.0,0.12881745120551313
19,0.20229383619476493,0.2268400278616206,0.23372100386263384,363700,0,0,hebo,roc_auc,binary,LGBM,,False,holdout,0.0,78,3,3,LGBM_363700_20260405_160514,363700_rep0_fold0_hebo_roc_auc_holdout,LGBM_363700_20260405_160514::363700_rep0_fold0_hebo_roc_auc_holdout,0.22952692849034304,0.0,0.12881745120551313
20,0.20229383619476493,0.2268400278616206,0.23372100386263384,363700,0,0,hebo,roc_auc,binary,LGBM,,False,holdout,0.0,78,3,3,LGBM_363700_20260405_160514,363700_rep0_fold0_hebo_roc_auc_holdout,LGBM_363700_20260405_160514::363700_rep0_fold0_hebo_roc_auc_holdout,0.22952692849034304,0.0,0.12881745120551313
21,0.20229383619476493,0.2268400278616206,0.23372100386263384,363700,0,0,hebo,roc_auc,binary,LGBM,,False,holdout,0.0,78,3,3,LGBM_363700_20260405_160514,363700_rep0_fold0_hebo_roc_auc_holdout,LGBM_363700_20260405_160514::363700_rep0_fold0_hebo_roc_auc_holdout,0.22952692849034304,0.0,0.12881745120551313
22,0.20229383619476493,0.2268400278616206,0.23372100386263384,363700,0,0,hebo,roc_auc,binary,LGBM,,False,holdout,0.0,78,3,3,LGBM_363700_20260405_160514,363700_rep0_fold0_hebo_roc_auc_holdout,LGBM_363700_20260405_160514::363700_rep0_fold0_hebo_roc_auc_holdout,0.22952692849034304,0.0,0.12881745120551313
23,0.20229383619476493,0.2268400278616206,0.23372100386263384,363700,0,0,hebo,roc_auc,binary,LGBM,,False,holdout,0.0,78,3,3,LGBM_363700_20260405_160514,363700_rep0_fold0_hebo_roc_auc_holdout,LGBM_363700_20260405_160514::363700_rep0_fold0_hebo_roc_auc_holdout,0.22952692849034304,0.0,0.12881745120551313
24,0.20229383619476493,0.2268400278616206,0.23372100386263384,363700,0,0,hebo,roc_auc,binary,LGBM,,False,holdout,0.0,78,3,3,LGBM_363700_20260405_160514,363700_rep0_fold0_hebo_roc_auc_holdout,LGBM_363700_20260405_160514::363700_rep0_fold0_hebo_roc_auc_holdout,0.22952692849034304,0.0,0.12881745120551313
25,0.20025330706445255,0.22896131034046052,0.24186841716444685,363700,0,0,hebo,roc_auc,binary,LGBM,,False,holdout,0.0,78,3,3,LGBM_363700_20260405_160514,363700_rep0_fold0_hebo_roc_auc_holdout,LGBM_363700_20260405_160514::363700_rep0_fold0_hebo_roc_auc_holdout,0.20071185954566806,0.05843023255813872,0.30608495981630346
26,0.20123839009287925,0.23373155750680707,0.24555163898094012,363700,0,0,hebo,roc_auc,binary,LGBM,,False,holdout,0.0,78,3,3,LGBM_363700_20260405_160514,363700_rep0_fold0_hebo_roc_auc_holdout,LGBM_363700_20260405_160514::363700_rep0_fold0_hebo_roc_auc_holdout,0.21462258248447716,0.1898255813953484,0.38622273249139066
27,0.20123839009287925,0.23373155750680707,0.24555163898094012,363700,0,0,hebo,roc_auc,binary,LGBM,,False,holdout,0.0,78,3,3,LGBM_363700_20260405_160514,363700_rep0_fold0_hebo_roc_auc_holdout,LGBM_363700_20260405_160514::363700_rep0_fold0_hebo_roc_auc_holdout,0.21462258248447716,0.1898255813953484,0.38622273249139066
28,0.20123839009287925,0.23373155750680707,0.24555163898094012,363700,0,0,hebo,roc_auc,binary,LGBM,,False,holdout,0.0,78,3,3,LGBM_363700_20260405_160514,363700_rep0_fold0_hebo_roc_auc_holdout,LGBM_363700_20260405_160514::363700_rep0_fold0_hebo_roc_auc_holdout,0.21462258248447716,0.1898255813953484,0.38622273249139066
29,0.20123839009287925,0.23373155750680707,0.24555163898094012,363700,0,0,hebo,roc_auc,binary,LGBM,,False,holdout,0.0,78,3,3,LGBM_363700_20260405_160514,363700_rep0_fold0_hebo_roc_auc_holdout,LGBM_363700_20260405_160514::363700_rep0_fold0_hebo_roc_auc_holdout,0.21462258248447716,0.1898255813953484,0.38622273249139066
30,0.19891640866873073,0.2372775819490469,0.25232707854021985,363700,0,0,hebo,roc_auc,binary,LGBM,,False,holdout,0.0,78,3,3,LGBM_363700_20260405_160514,363700_rep0_fold0_hebo_roc_auc_holdout,LGBM_363700_20260405_160514::363700_rep0_fold0_hebo_roc_auc_holdout,0.18183302127157192,0.28749999999999765,0.5336394948335246
31,0.19891640866873073,0.2372775819490469,0.25232707854021985,363700,0,0,hebo,roc_auc,binary,LGBM,,False,holdout,0.0,78,3,3,LGBM_363700_20260405_160514,363700_rep0_fold0_hebo_roc_auc_holdout,LGBM_363700_20260405_160514::363700_rep0_fold0_hebo_roc_auc_holdout,0.18183302127157192,0.28749999999999765,0.5336394948335246
32,0.19891640866873073,0.2372775819490469,0.25232707854021985,363700,0,0,hebo,roc_auc,binary,LGBM,,False,holdout,0.0,78,3,3,LGBM_363700_20260405_160514,363700_rep0_fold0_hebo_roc_auc_holdout,LGBM_363700_20260405_160514::363700_rep0_fold0_hebo_roc_auc_holdout,0.18183302127157192,0.28749999999999765,0.5336394948335246
33,0.19891640866873073,0.2372775819490469,0.25232707854021985,363700,0,0,hebo,roc_auc,binary,LGBM,,False,holdout,0.0,78,3,3,LGBM_363700_20260405_160514,363700_rep0_fold0_hebo_roc_auc_holdout,LGBM_363700_20260405_160514::363700_rep0_fold0_hebo_roc_auc_holdout,0.18183302127157192,0.28749999999999765,0.5336394948335246
34,0.19891640866873073,0.2372775819490469,0.25232707854021985,363700,0,0,hebo,roc_auc,binary,LGBM,,False,holdout,0.0,78,3,3,LGBM_363700_20260405_160514,363700_rep0_fold0_hebo_roc_auc_holdout,LGBM_363700_20260405_160514::363700_rep0_fold0_hebo_roc_auc_holdout,0.18183302127157192,0.28749999999999765,0.5336394948335246
35,0.19891640866873073,0.2372775819490469,0.25232707854021985,363700,0,0,hebo,roc_auc,binary,LGBM,,False,holdout,0.0,78,3,3,LGBM_363700_20260405_160514,363700_rep0_fold0_hebo_roc_auc_holdout,LGBM_363700_20260405_160514::363700_rep0_fold0_hebo_roc_auc_holdout,0.18183302127157192,0.28749999999999765,0.5336394948335246
36,0.19891640866873073,0.2372775819490469,0.25232707854021985,363700,0,0,hebo,roc_auc,binary,LGBM,,False,holdout,0.0,78,3,3,LGBM_363700_20260405_160514,363700_rep0_fold0_hebo_roc_auc_holdout,LGBM_363700_20260405_160514::363700_rep0_fold0_hebo_roc_auc_holdout,0.18183302127157192,0.28749999999999765,0.5336394948335246
37,0.19891640866873073,0.2372775819490469,0.25232707854021985,363700,0,0,hebo,roc_auc,binary,LGBM,,False,holdout,0.0,78,3,3,LGBM_363700_20260405_160514,363700_rep0_fold0_hebo_roc_auc_holdout,LGBM_363700_20260405_160514::363700_rep0_fold0_hebo_roc_auc_holdout,0.18183302127157192,0.28749999999999765,0.5336394948335246
38,0.19891640866873073,0.2372775819490469,0.25232707854021985,363700,0,0,hebo,roc_auc,binary,LGBM,,False,holdout,0.0,78,3,3,LGBM_363700_20260405_160514,363700_rep0_fold0_hebo_roc_auc_holdout,LGBM_363700_20260405_160514::363700_rep0_fold0_hebo_roc_auc_holdout,0.18183302127157192,0.28749999999999765,0.5336394948335246
39,0.19891640866873073,0.2372775819490469,0.25232707854021985,363700,0,0,hebo,roc_auc,binary,LGBM,,False,holdout,0.0,78,3,3,LGBM_363700_20260405_160514,363700_rep0_fold0_hebo_roc_auc_holdout,LGBM_363700_20260405_160514::363700_rep0_fold0_hebo_roc_auc_holdout,0.18183302127157192,0.28749999999999765,0.5336394948335246
40,0.19891640866873073,0.2372775819490469,0.25232707854021985,363700,0,0,hebo,roc_auc,binary,LGBM,,False,holdout,0.0,78,3,3,LGBM_363700_20260405_160514,363700_rep0_fold0_hebo_roc_auc_holdout,LGBM_363700_20260405_160514::363700_rep0_fold0_hebo_roc_auc_holdout,0.18183302127157192,0.28749999999999765,0.5336394948335246
41,0.19891640866873073,0.2372775819490469,0.25232707854021985,363700,0,0,hebo,roc_auc,binary,LGBM,,False,holdout,0.0,78,3,3,LGBM_363700_20260405_160514,363700_rep0_fold0_hebo_roc_auc_holdout,LGBM_363700_20260405_160514::363700_rep0_fold0_hebo_roc_auc_holdout,0.18183302127157192,0.28749999999999765,0.5336394948335246
42,0.19891640866873073,0.2372775819490469,0.25232707854021985,363700,0,0,hebo,roc_auc,binary,LGBM,,False,holdout,0.0,78,3,3,LGBM_363700_20260405_160514,363700_rep0_fold0_hebo_roc_auc_holdout,LGBM_363700_20260405_160514::363700_rep0_fold0_hebo_roc_auc_holdout,0.18183302127157192,0.28749999999999765,0.5336394948335246
43,0.19891640866873073,0.2372775819490469,0.25232707854021985,363700,0,0,hebo,roc_auc,binary,LGBM,,False,holdout,0.0,78,3,3,LGBM_363700_20260405_160514,363700_rep0_fold0_hebo_roc_auc_holdout,LGBM_363700_20260405_160514::363700_rep0_fold0_hebo_roc_auc_holdout,0.18183302127157192,0.28749999999999765,0.5336394948335246
44,0.19293554742471153,0.23540958693036707,0.2427549232750068,363700,0,0,hebo,roc_auc,binary,LGBM,,False,holdout,0.0,78,3,3,LGBM_363700_20260405_160514,363700_rep0_fold0_hebo_roc_auc_holdout,LGBM_363700_20260405_160514::363700_rep0_fold0_hebo_roc_auc_holdout,0.09737506057166054,0.23604651162790746,0.3253731343283583
45,0.19293554742471153,0.23540958693036707,0.2427549232750068,363700,0,0,hebo,roc_auc,binary,LGBM,,False,holdout,0.0,78,3,3,LGBM_363700_20260405_160514,363700_rep0_fold0_hebo_roc_auc_holdout,LGBM_363700_20260405_160514::363700_rep0_fold0_hebo_roc_auc_holdout,0.09737506057166054,0.23604651162790746,0.3253731343283583
46,0.19293554742471153,0.23540958693036707,0.2427549232750068,363700,0,0,hebo,roc_auc,binary,LGBM,,False,holdout,0.0,78,3,3,LGBM_363700_20260405_160514,363700_rep0_fold0_hebo_roc_auc_holdout,LGBM_363700_20260405_160514::363700_rep0_fold0_hebo_roc_auc_holdout,0.09737506057166054,0.23604651162790746,0.3253731343283583
47,0.19293554742471153,0.23540958693036707,0.2427549232750068,363700,0,0,hebo,roc_auc,binary,LGBM,,False,holdout,0.0,78,3,3,LGBM_363700_20260405_160514,363700_rep0_fold0_hebo_roc_auc_holdout,LGBM_363700_20260405_160514::363700_rep0_fold0_hebo_roc_auc_holdout,0.09737506057166054,0.23604651162790746,0.3253731343283583
48,0.19293554742471153,0.23540958693036707,0.2427549232750068,363700,0,0,hebo,roc_auc,binary,LGBM,,False,holdout,0.0,78,3,3,LGBM_363700_20260405_160514,363700_rep0_fold0_hebo_roc_auc_holdout,LGBM_363700_20260405_160514::363700_rep0_fold0_hebo_roc_auc_holdout,0.09737506057166054,0.23604651162790746,0.3253731343283583
49,0.19293554742471153,0.23540958693036707,0.2427549232750068,363700,0,0,hebo,roc_auc,binary,LGBM,,False,holdout,0.0,78,3,3,LGBM_363700_20260405_160514,363700_rep0_fold0_hebo_roc_auc_holdout,LGBM_363700_20260405_160514::363700_rep0_fold0_hebo_roc_auc_holdout,0.09737506057166054,0.23604651162790746,0.3253731343283583
50,0.19293554742471153,0.23540958693036707,0.2427549232750068,363700,0,0,hebo,roc_auc,binary,LGBM,,False,holdout,0.0,78,3,3,LGBM_363700_20260405_160514,363700_rep0_fold0_hebo_roc_auc_holdout,LGBM_363700_20260405_160514::363700_rep0_fold0_hebo_roc_auc_holdout,0.09737506057166054,0.23604651162790746,0.3253731343283583
51,0.19293554742471153,0.23540958693036707,0.2427549232750068,363700,0,0,hebo,roc_auc,binary,LGBM,,False,holdout,0.0,78,3,3,LGBM_363700_20260405_160514,363700_rep0_fold0_hebo_roc_auc_holdout,LGBM_363700_20260405_160514::363700_rep0_fold0_hebo_roc_auc_holdout,0.09737506057166054,0.23604651162790746,0.3253731343283583
52,0.19293554742471153,0.23540958693036707,0.2427549232750068,363700,0,0,hebo,roc_auc,binary,LGBM,,False,holdout,0.0,78,3,3,LGBM_363700_20260405_160514,363700_rep0_fold0_hebo_roc_auc_holdout,LGBM_363700_20260405_160514::363700_rep0_fold0_hebo_roc_auc_holdout,0.09737506057166054,0.23604651162790746,0.3253731343283583
53,0.19293554742471153,0.23540958693036707,0.2427549232750068,363700,0,0,hebo,roc_auc,binary,LGBM,,False,holdout,0.0,78,3,3,LGBM_363700_20260405_160514,363700_rep0_fold0_hebo_roc_auc_holdout,LGBM_363700_20260405_160514::363700_rep0_fold0_hebo_roc_auc_holdout,0.09737506057166054,0.23604651162790746,0.3253731343283583
54,0.19293554742471153,0.23540958693036707,0.2427549232750068,363700,0,0,hebo,roc_auc,binary,LGBM,,False,holdout,0.0,78,3,3,LGBM_363700_20260405_160514,363700_rep0_fold0_hebo_roc_auc_holdout,LGBM_363700_20260405_160514::363700_rep0_fold0_hebo_roc_auc_holdout,0.09737506057166054,0.23604651162790746,0.3253731343283583
55,0.19293554742471153,0.23540958693036707,0.2427549232750068,363700,0,0,hebo,roc_auc,binary,LGBM,,False,holdout,0.0,78,3,3,LGBM_363700_20260405_160514,363700_rep0_fold0_hebo_roc_auc_holdout,LGBM_363700_20260405_160514::363700_rep0_fold0_hebo_roc_auc_holdout,0.09737506057166054,0.23604651162790746,0.3253731343283583
56,0.19293554742471153,0.23540958693036707,0.2427549232750068,363700,0,0,hebo,roc_auc,binary,LGBM,,False,holdout,0.0,78,3,3,LGBM_363700_20260405_160514,363700_rep0_fold0_hebo_roc_auc_holdout,LGBM_363700_20260405_160514::363700_rep0_fold0_hebo_roc_auc_holdout,0.09737506057166054,0.23604651162790746,0.3253731343283583
57,0.19293554742471153,0.23540958693036707,0.2427549232750068,363700,0,0,hebo,roc_auc,binary,LGBM,,False,holdout,0.0,78,3,3,LGBM_363700_20260405_160514,363700_rep0_fold0_hebo_roc_auc_holdout,LGBM_363700_20260405_160514::363700_rep0_fold0_hebo_roc_auc_holdout,0.09737506057166054,0.23604651162790746,0.3253731343283583
58,0.19223191669012107,0.23571564261139366,0.24452793549612672,363700,0,0,hebo,roc_auc,binary,LGBM,,False,holdout,0.0,78,3,3,LGBM_363700_20260405_160514,363700_rep0_fold0_hebo_roc_auc_holdout,LGBM_363700_20260405_160514::363700_rep0_fold0_hebo_roc_auc_holdout,0.08743882990108329,0.2444767441860453,0.36394948335246785
59,0.19223191669012107,0.23571564261139366,0.24452793549612672,363700,0,0,hebo,roc_auc,binary,LGBM,,False,holdout,0.0,78,3,3,LGBM_363700_20260405_160514,363700_rep0_fold0_hebo_roc_auc_holdout,LGBM_363700_20260405_160514::363700_rep0_fold0_hebo_roc_auc_holdout,0.08743882990108329,0.2444767441860453,0.36394948335246785
60,0.19223191669012107,0.23571564261139366,0.24452793549612672,363700,0,0,hebo,roc_auc,binary,LGBM,,False,holdout,0.0,78,3,3,LGBM_363700_20260405_160514,363700_rep0_fold0_hebo_roc_auc_holdout,LGBM_363700_20260405_160514::363700_rep0_fold0_hebo_roc_auc_holdout,0.08743882990108329,0.2444767441860453,0.36394948335246785
61,0.19223191669012107,0.23571564261139366,0.24452793549612672,363700,0,0,hebo,roc_auc,binary,LGBM,,False,holdout,0.0,78,3,3,LGBM_363700_20260405_160514,363700_rep0_fold0_hebo_roc_auc_holdout,LGBM_363700_20260405_160514::363700_rep0_fold0_hebo_roc_auc_holdout,0.08743882990108329,0.2444767441860453,0.36394948335246785
62,0.19223191669012107,0.23571564261139366,0.24452793549612672,363700,0,0,hebo,roc_auc,binary,LGBM,,False,holdout,0.0,78,3,3,LGBM_363700_20260405_160514,363700_rep0_fold0_hebo_roc_auc_holdout,LGBM_363700_20260405_160514::363700_rep0_fold0_hebo_roc_auc_holdout,0.08743882990108329,0.2444767441860453,0.36394948335246785
63,0.19223191669012107,0.23571564261139366,0.24452793549612672,363700,0,0,hebo,roc_auc,binary,LGBM,,False,holdout,0.0,78,3,3,LGBM_363700_20260405_160514,363700_rep0_fold0_hebo_roc_auc_holdout,LGBM_363700_20260405_160514::363700_rep0_fold0_hebo_roc_auc_holdout,0.08743882990108329,0.2444767441860453,0.36394948335246785
64,0.19223191669012107,0.23571564261139366,0.24452793549612672,363700,0,0,hebo,roc_auc,binary,LGBM,,False,holdout,0.0,78,3,3,LGBM_363700_20260405_160514,363700_rep0_fold0_hebo_roc_auc_holdout,LGBM_363700_20260405_160514::363700_rep0_fold0_hebo_roc_auc_holdout,0.08743882990108329,0.2444767441860453,0.36394948335246785
65,0.19223191669012107,0.23571564261139366,0.24452793549612672,363700,0,0,hebo,roc_auc,binary,LGBM,,False,holdout,0.0,78,3,3,LGBM_363700_20260405_160514,363700_rep0_fold0_hebo_roc_auc_holdout,LGBM_363700_20260405_160514::363700_rep0_fold0_hebo_roc_auc_holdout,0.08743882990108329,0.2444767441860453,0.36394948335246785
66,0.19223191669012107,0.23571564261139366,0.24452793549612672,363700,0,0,hebo,roc_auc,binary,LGBM,,False,holdout,0.0,78,3,3,LGBM_363700_20260405_160514,363700_rep0_fold0_hebo_roc_auc_holdout,LGBM_363700_20260405_160514::363700_rep0_fold0_hebo_roc_auc_holdout,0.08743882990108329,0.2444767441860453,0.36394948335246785
67,0.19223191669012107,0.23571564261139366,0.24452793549612672,363700,0,0,hebo,roc_auc,binary,LGBM,,False,holdout,0.0,78,3,3,LGBM_363700_20260405_160514,363700_rep0_fold0_hebo_roc_auc_holdout,LGBM_363700_20260405_160514::363700_rep0_fold0_hebo_roc_auc_holdout,0.08743882990108329,0.2444767441860453,0.36394948335246785
68,0.19223191669012107,0.23571564261139366,0.24452793549612672,363700,0,0,hebo,roc_auc,binary,LGBM,,False,holdout,0.0,78,3,3,LGBM_363700_20260405_160514,363700_rep0_fold0_hebo_roc_auc_holdout,LGBM_363700_20260405_160514::363700_rep0_fold0_hebo_roc_auc_holdout,0.08743882990108329,0.2444767441860453,0.36394948335246785
69,0.19223191669012107,0.23571564261139366,0.24452793549612672,363700,0,0,hebo,roc_auc,binary,LGBM,,False,holdout,0.0,78,3,3,LGBM_363700_20260405_160514,363700_rep0_fold0_hebo_roc_auc_holdout,LGBM_363700_20260405_160514::363700_rep0_fold0_hebo_roc_auc_holdout,0.08743882990108329,0.2444767441860453,0.36394948335246785
70,0.19223191669012107,0.23571564261139366,0.24452793549612672,363700,0,0,hebo,roc_auc,binary,LGBM,,False,holdout,0.0,78,3,3,LGBM_363700_20260405_160514,363700_rep0_fold0_hebo_roc_auc_holdout,LGBM_363700_20260405_160514::363700_rep0_fold0_hebo_roc_auc_holdout,0.08743882990108329,0.2444767441860453,0.36394948335246785
71,0.19223191669012107,0.23571564261139366,0.24452793549612672,363700,0,0,hebo,roc_auc,binary,LGBM,,False,holdout,0.0,78,3,3,LGBM_363700_20260405_160514,363700_rep0_fold0_hebo_roc_auc_holdout,LGBM_363700_20260405_160514::363700_rep0_fold0_hebo_roc_auc_holdout,0.08743882990108329,0.2444767441860453,0.36394948335246785
72,0.19223191669012107,0.23571564261139366,0.24452793549612672,363700,0,0,hebo,roc_auc,binary,LGBM,,False,holdout,0.0,78,3,3,LGBM_363700_20260405_160514,363700_rep0_fold0_hebo_roc_auc_holdout,LGBM_363700_20260405_160514::363700_rep0_fold0_hebo_roc_auc_holdout,0.08743882990108329,0.2444767441860453,0.36394948335246785
73,0.19223191669012107,0.23571564261139366,0.24452793549612672,363700,0,0,hebo,roc_auc,binary,LGBM,,False,holdout,0.0,78,3,3,LGBM_363700_20260405_160514,363700_rep0_fold0_hebo_roc_auc_holdout,LGBM_363700_20260405_160514::363700_rep0_fold0_hebo_roc_auc_holdout,0.08743882990108329,0.2444767441860453,0.36394948335246785
74,0.19223191669012107,0.23571564261139366,0.24452793549612672,363700,0,0,hebo,roc_auc,binary,LGBM,,False,holdout,0.0,78,3,3,LGBM_363700_20260405_160514,363700_rep0_fold0_hebo_roc_auc_holdout,LGBM_363700_20260405_160514::363700_rep0_fold0_hebo_roc_auc_holdout,0.08743882990108329,0.2444767441860453,0.36394948335246785
75,0.19223191669012107,0.23571564261139366,0.24452793549612672,363700,0,0,hebo,roc_auc,binary,LGBM,,False,holdout,0.0,78,3,3,LGBM_363700_20260405_160514,363700_rep0_fold0_hebo_roc_auc_holdout,LGBM_363700_20260405_160514::363700_rep0_fold0_hebo_roc_auc_holdout,0.08743882990108329,0.2444767441860453,0.36394948335246785
76,0.19223191669012107,0.23571564261139366,0.24452793549612672,363700,0,0,hebo,roc_auc,binary,LGBM,,False,holdout,0.0,78,3,3,LGBM_363700_20260405_160514,363700_rep0_fold0_hebo_roc_auc_holdout,LGBM_363700_20260405_160514::363700_rep0_fold0_hebo_roc_auc_holdout,0.08743882990108329,0.2444767441860453,0.36394948335246785
77,0.19223191669012107,0.23571564261139366,0.24452793549612672,363700,0,0,hebo,roc_auc,binary,LGBM,,False,holdout,0.0,78,3,3,LGBM_363700_20260405_160514,363700_rep0_fold0_hebo_roc_auc_holdout,LGBM_363700_20260405_160514::363700_rep0_fold0_hebo_roc_auc_holdout,0.08743882990108329,0.2444767441860453,0.36394948335246785
78,0.19223191669012107,0.23571564261139366,0.24452793549612672,363700,0,0,hebo,roc_auc,binary,LGBM,,False,holdout,0.0,78,3,3,LGBM_363700_20260405_160514,363700_rep0_fold0_hebo_roc_auc_holdout,LGBM_363700_20260405_160514::363700_rep0_fold0_hebo_roc_auc_holdout,0.08743882990108329,0.2444767441860453,0.36394948335246785
79,0.19223191669012107,0.23571564261139366,0.24452793549612672,363700,0,0,hebo,roc_auc,binary,LGBM,,False,holdout,0.0,78,3,3,LGBM_363700_20260405_160514,363700_rep0_fold0_hebo_roc_auc_holdout,LGBM_363700_20260405_160514::363700_rep0_fold0_hebo_roc_auc_holdout,0.08743882990108329,0.2444767441860453,0.36394948335246785
80,0.19223191669012107,0.23571564261139366,0.24452793549612672,363700,0,0,hebo,roc_auc,binary,LGBM,,False,holdout,0.0,78,3,3,LGBM_363700_20260405_160514,363700_rep0_fold0_hebo_roc_auc_holdout,LGBM_363700_20260405_160514::363700_rep0_fold0_hebo_roc_auc_holdout,0.08743882990108329,0.2444767441860453,0.36394948335246785
81,0.19223191669012107,0.23571564261139366,0.24452793549612672,363700,0,0,hebo,roc_auc,binary,LGBM,,False,holdout,0.0,78,3,3,LGBM_363700_20260405_160514,363700_rep0_fold0_hebo_roc_auc_holdout,LGBM_363700_20260405_160514::363700_rep0_fold0_hebo_roc_auc_holdout,0.08743882990108329,0.2444767441860453,0.36394948335246785
82,0.19223191669012107,0.23571564261139366,0.24452793549612672,363700,0,0,hebo,roc_auc,binary,LGBM,,False,holdout,0.0,78,3,3,LGBM_363700_20260405_160514,363700_rep0_fold0_hebo_roc_auc_holdout,LGBM_363700_20260405_160514::363700_rep0_fold0_hebo_roc_auc_holdout,0.08743882990108329,0.2444767441860453,0.36394948335246785
83,0.19223191669012107,0.23571564261139366,0.24452793549612672,363700,0,0,hebo,roc_auc,binary,LGBM,,False,holdout,0.0,78,3,3,LGBM_363700_20260405_160514,363700_rep0_fold0_hebo_roc_auc_holdout,LGBM_363700_20260405_160514::363700_rep0_fold0_hebo_roc_auc_holdout,0.08743882990108329,0.2444767441860453,0.36394948335246785
84,0.19223191669012107,0.23571564261139366,0.24452793549612672,363700,0,0,hebo,roc_auc,binary,LGBM,,False,holdout,0.0,78,3,3,LGBM_363700_20260405_160514,363700_rep0_fold0_hebo_roc_auc_holdout,LGBM_363700_20260405_160514::363700_rep0_fold0_hebo_roc_auc_holdout,0.08743882990108329,0.2444767441860453,0.36394948335246785
85,0.19223191669012107,0.23571564261139366,0.24452793549612672,363700,0,0,hebo,roc_auc,binary,LGBM,,False,holdout,0.0,78,3,3,LGBM_363700_20260405_160514,363700_rep0_fold0_hebo_roc_auc_holdout,LGBM_363700_20260405_160514::363700_rep0_fold0_hebo_roc_auc_holdout,0.08743882990108329,0.2444767441860453,0.36394948335246785
86,0.19223191669012107,0.23571564261139366,0.24452793549612672,363700,0,0,hebo,roc_auc,binary,LGBM,,False,holdout,0.0,78,3,3,LGBM_363700_20260405_160514,363700_rep0_fold0_hebo_roc_auc_holdout,LGBM_363700_20260405_160514::363700_rep0_fold0_hebo_roc_auc_holdout,0.08743882990108329,0.2444767441860453,0.36394948335246785
87,0.19223191669012107,0.23571564261139366,0.24452793549612672,363700,0,0,hebo,roc_auc,binary,LGBM,,False,holdout,0.0,78,3,3,LGBM_363700_20260405_160514,363700_rep0_fold0_hebo_roc_auc_holdout,LGBM_363700_20260405_160514::363700_rep0_fold0_hebo_roc_auc_holdout,0.08743882990108329,0.2444767441860453,0.36394948335246785
88,0.19223191669012107,0.23571564261139366,0.24452793549612672,363700,0,0,hebo,roc_auc,binary,LGBM,,False,holdout,0.0,78,3,3,LGBM_363700_20260405_160514,363700_rep0_fold0_hebo_roc_auc_holdout,LGBM_363700_20260405_160514::363700_rep0_fold0_hebo_roc_auc_holdout,0.08743882990108329,0.2444767441860453,0.36394948335246785
89,0.19223191669012107,0.23571564261139366,0.24452793549612672,363700,0,0,hebo,roc_auc,binary,LGBM,,False,holdout,0.0,78,3,3,LGBM_363700_20260405_160514,363700_rep0_fold0_hebo_roc_auc_holdout,LGBM_363700_20260405_160514::363700_rep0_fold0_hebo_roc_auc_holdout,0.08743882990108329,0.2444767441860453,0.36394948335246785
90,0.19223191669012107,0.23571564261139366,0.24452793549612672,363700,0,0,hebo,roc_auc,binary,LGBM,,False,holdout,0.0,78,3,3,LGBM_363700_20260405_160514,363700_rep0_fold0_hebo_roc_auc_holdout,LGBM_363700_20260405_160514::363700_rep0_fold0_hebo_roc_auc_holdout,0.08743882990108329,0.2444767441860453,0.36394948335246785
91,0.19223191669012107,0.23571564261139366,0.24452793549612672,363700,0,0,hebo,roc_auc,binary,LGBM,,False,holdout,0.0,78,3,3,LGBM_363700_20260405_160514,363700_rep0_fold0_hebo_roc_auc_holdout,LGBM_363700_20260405_160514::363700_rep0_fold0_hebo_roc_auc_holdout,0.08743882990108329,0.2444767441860453,0.36394948335246785
92,0.19223191669012107,0.23571564261139366,0.24452793549612672,363700,0,0,hebo,roc_auc,binary,LGBM,,False,holdout,0.0,78,3,3,LGBM_363700_20260405_160514,363700_rep0_fold0_hebo_roc_auc_holdout,LGBM_363700_20260405_160514::363700_rep0_fold0_hebo_roc_auc_holdout,0.08743882990108329,0.2444767441860453,0.36394948335246785
93,0.19223191669012107,0.23571564261139366,0.24452793549612672,363700,0,0,hebo,roc_auc,binary,LGBM,,False,holdout,0.0,78,3,3,LGBM_363700_20260405_160514,363700_rep0_fold0_hebo_roc_auc_holdout,LGBM_363700_20260405_160514::363700_rep0_fold0_hebo_roc_auc_holdout,0.08743882990108329,0.2444767441860453,0.36394948335246785
94,0.19223191669012107,0.23571564261139366,0.24452793549612672,363700,0,0,hebo,roc_auc,binary,LGBM,,False,holdout,0.0,78,3,3,LGBM_363700_20260405_160514,363700_rep0_fold0_hebo_roc_auc_holdout,LGBM_363700_20260405_160514::363700_rep0_fold0_hebo_roc_auc_holdout,0.08743882990108329,0.2444767441860453,0.36394948335246785
95,0.19223191669012107,0.23571564261139366,0.24452793549612672,363700,0,0,hebo,roc_auc,binary,LGBM,,False,holdout,0.0,78,3,3,LGBM_363700_20260405_160514,363700_rep0_fold0_hebo_roc_auc_holdout,LGBM_363700_20260405_160514::363700_rep0_fold0_hebo_roc_auc_holdout,0.08743882990108329,0.2444767441860453,0.36394948335246785
96,0.19223191669012107,0.23571564261139366,0.24452793549612672,363700,0,0,hebo,roc_auc,binary,LGBM,,False,holdout,0.0,78,3,3,LGBM_363700_20260405_160514,363700_rep0_fold0_hebo_roc_auc_holdout,LGBM_363700_20260405_160514::363700_rep0_fold0_hebo_roc_auc_holdout,0.08743882990108329,0.2444767441860453,0.36394948335246785
97,0.19223191669012107,0.23571564261139366,0.24452793549612672,363700,0,0,hebo,roc_auc,binary,LGBM,,False,holdout,0.0,78,3,3,LGBM_363700_20260405_160514,363700_rep0_fold0_hebo_roc_auc_holdout,LGBM_363700_20260405_160514::363700_rep0_fold0_hebo_roc_auc_holdout,0.08743882990108329,0.2444767441860453,0.36394948335246785
98,0.19223191669012107,0.23571564261139366,0.24452793549612672,363700,0,0,hebo,roc_auc,binary,LGBM,,False,holdout,0.0,78,3,3,LGBM_363700_20260405_160514,363700_rep0_fold0_hebo_roc_auc_holdout,LGBM_363700_20260405_160514::363700_rep0_fold0_hebo_roc_auc_holdout,0.08743882990108329,0.2444767441860453,0.36394948335246785
99,0.19223191669012107,0.23571564261139366,0.24452793549612672,363700,0,0,hebo,roc_auc,binary,LGBM,,False,holdout,0.0,78,3,3,LGBM_363700_20260405_160514,363700_rep0_fold0_hebo_roc_auc_holdout,LGBM_363700_20260405_160514::363700_rep0_fold0_hebo_roc_auc_holdout,0.08743882990108329,0.2444767441860453,0.36394948335246785
100,0.19223191669012107,0.23571564261139366,0.24452793549612672,363700,0,0,hebo,roc_auc,binary,LGBM,,False,holdout,0.0,78,3,3,LGBM_363700_20260405_160514,363700_rep0_fold0_hebo_roc_auc_holdout,LGBM_363700_20260405_160514::363700_rep0_fold0_hebo_roc_auc_holdout,0.08743882990108329,0.2444767441860453,0.36394948335246785
101,0.19223191669012107,0.23571564261139366,0.24452793549612672,363700,0,0,hebo,roc_auc,binary,LGBM,,False,holdout,0.0,78,3,3,LGBM_363700_20260405_160514,363700_rep0_fold0_hebo_roc_auc_holdout,LGBM_363700_20260405_160514::363700_rep0_fold0_hebo_roc_auc_holdout,0.08743882990108329,0.2444767441860453,0.36394948335246785
102,0.19223191669012107,0.23571564261139366,0.24452793549612672,363700,0,0,hebo,roc_auc,binary,LGBM,,False,holdout,0.0,78,3,3,LGBM_363700_20260405_160514,363700_rep0_fold0_hebo_roc_auc_holdout,LGBM_363700_20260405_160514::363700_rep0_fold0_hebo_roc_auc_holdout,0.08743882990108329,0.2444767441860453,0.36394948335246785
103,0.19223191669012107,0.23571564261139366,0.24452793549612672,363700,0,0,hebo,roc_auc,binary,LGBM,,False,holdout,0.0,78,3,3,LGBM_363700_20260405_160514,363700_rep0_fold0_hebo_roc_auc_holdout,LGBM_363700_20260405_160514::363700_rep0_fold0_hebo_roc_auc_holdout,0.08743882990108329,0.2444767441860453,0.36394948335246785
104,0.19223191669012107,0.23571564261139366,0.24452793549612672,363700,0,0,hebo,roc_auc,binary,LGBM,,False,holdout,0.0,78,3,3,LGBM_363700_20260405_160514,363700_rep0_fold0_hebo_roc_auc_holdout,LGBM_363700_20260405_160514::363700_rep0_fold0_hebo_roc_auc_holdout,0.08743882990108329,0.2444767441860453,0.36394948335246785
105,0.19223191669012107,0.23571564261139366,0.24452793549612672,363700,0,0,hebo,roc_auc,binary,LGBM,,False,holdout,0.0,78,3,3,LGBM_363700_20260405_160514,363700_rep0_fold0_hebo_roc_auc_holdout,LGBM_363700_20260405_160514::363700_rep0_fold0_hebo_roc_auc_holdout,0.08743882990108329,0.2444767441860453,0.36394948335246785
106,0.19223191669012107,0.23571564261139366,0.24452793549612672,363700,0,0,hebo,roc_auc,binary,LGBM,,False,holdout,0.0,78,3,3,LGBM_363700_20260405_160514,363700_rep0_fold0_hebo_roc_auc_holdout,LGBM_363700_20260405_160514::363700_rep0_fold0_hebo_roc_auc_holdout,0.08743882990108329,0.2444767441860453,0.36394948335246785
107,0.19223191669012107,0.23571564261139366,0.24452793549612672,363700,0,0,hebo,roc_auc,binary,LGBM,,False,holdout,0.0,78,3,3,LGBM_363700_20260405_160514,363700_rep0_fold0_hebo_roc_auc_holdout,LGBM_363700_20260405_160514::363700_rep0_fold0_hebo_roc_auc_holdout,0.08743882990108329,0.2444767441860453,0.36394948335246785
108,0.19223191669012107,0.23571564261139366,0.24452793549612672,363700,0,0,hebo,roc_auc,binary,LGBM,,False,holdout,0.0,78,3,3,LGBM_363700_20260405_160514,363700_rep0_fold0_hebo_roc_auc_holdout,LGBM_363700_20260405_160514::363700_rep0_fold0_hebo_roc_auc_holdout,0.08743882990108329,0.2444767441860453,0.36394948335246785
109,0.19223191669012107,0.23571564261139366,0.24452793549612672,363700,0,0,hebo,roc_auc,binary,LGBM,,False,holdout,0.0,78,3,3,LGBM_363700_20260405_160514,363700_rep0_fold0_hebo_roc_auc_holdout,LGBM_363700_20260405_160514::363700_rep0_fold0_hebo_roc_auc_holdout,0.08743882990108329,0.2444767441860453,0.36394948335246785
110,0.19223191669012107,0.23571564261139366,0.24452793549612672,363700,0,0,hebo,roc_auc,binary,LGBM,,False,holdout,0.0,78,3,3,LGBM_363700_20260405_160514,363700_rep0_fold0_hebo_roc_auc_holdout,LGBM_363700_20260405_160514::363700_rep0_fold0_hebo_roc_auc_holdout,0.08743882990108329,0.2444767441860453,0.36394948335246785
111,0.19223191669012107,0.23571564261139366,0.24452793549612672,363700,0,0,hebo,roc_auc,binary,LGBM,,False,holdout,0.0,78,3,3,LGBM_363700_20260405_160514,363700_rep0_fold0_hebo_roc_auc_holdout,LGBM_363700_20260405_160514::363700_rep0_fold0_hebo_roc_auc_holdout,0.08743882990108329,0.2444767441860453,0.36394948335246785
112,0.19223191669012107,0.23571564261139366,0.24452793549612672,363700,0,0,hebo,roc_auc,binary,LGBM,,False,holdout,0.0,78,3,3,LGBM_363700_20260405_160514,363700_rep0_fold0_hebo_roc_auc_holdout,LGBM_363700_20260405_160514::363700_rep0_fold0_hebo_roc_auc_holdout,0.08743882990108329,0.2444767441860453,0.36394948335246785
113,0.19335772586546585,0.23460750997319368,0.2419633999620069,363700,0,0,hebo,roc_auc,binary,LGBM,,False,holdout,0.0,78,3,3,LGBM_363700_20260405_160514,363700_rep0_fold0_hebo_roc_auc_holdout,LGBM_363700_20260405_160514::363700_rep0_fold0_hebo_roc_auc_holdout,0.10333679897400752,0.2139534883720916,0.308151549942596
114,0.19441317196735153,0.23390041581358056,0.24327205183950018,363700,0,0,hebo,roc_auc,binary,LGBM,,False,holdout,0.0,78,3,3,LGBM_363700_20260405_160514,363700_rep0_fold0_hebo_roc_auc_holdout,LGBM_363700_20260405_160514::363700_rep0_fold0_hebo_roc_auc_holdout,0.1182411449798734,0.19447674418605046,0.33662456946039165
115,0.19223191669012096,0.23064989340819375,0.24171011250184693,363700,0,0,hebo,roc_auc,binary,LGBM,,False,holdout,0.0,78,3,3,LGBM_363700_20260405_160514,363700_rep0_fold0_hebo_roc_auc_holdout,LGBM_363700_20260405_160514::363700_rep0_fold0_hebo_roc_auc_holdout,0.08743882990108172,0.10494186046511383,0.3026406429391525
116,0.19490571348156482,0.23271840766616714,0.23949384722544687,363700,0,0,hebo,roc_auc,binary,LGBM,,False,holdout,0.0,78,3,3,LGBM_363700_20260405_160514,363700_rep0_fold0_hebo_roc_auc_holdout,LGBM_363700_20260405_160514::363700_rep0_fold0_hebo_roc_auc_holdout,0.12519650644927716,0.1619186046511633,0.2544202066590119
117,0.19490571348156482,0.23271840766616714,0.23949384722544687,363700,0,0,hebo,roc_auc,binary,LGBM,,False,holdout,0.0,78,3,3,LGBM_363700_20260405_160514,363700_rep0_fold0_hebo_roc_auc_holdout,LGBM_363700_20260405_160514::363700_rep0_fold0_hebo_roc_auc_holdout,0.12519650644927716,0.1619186046511633,0.2544202066590119
118,0.19490571348156482,0.23271840766616714,0.23949384722544687,363700,0,0,hebo,roc_auc,binary,LGBM,,False,holdout,0.0,78,3,3,LGBM_363700_20260405_160514,363700_rep0_fold0_hebo_roc_auc_holdout,LGBM_363700_20260405_160514::363700_rep0_fold0_hebo_roc_auc_holdout,0.12519650644927716,0.1619186046511633,0.2544202066590119
119,0.19490571348156482,0.23271840766616714,0.23949384722544687,363700,0,0,hebo,roc_auc,binary,LGBM,,False,holdout,0.0,78,3,3,LGBM_363700_20260405_160514,363700_rep0_fold0_hebo_roc_auc_holdout,LGBM_363700_20260405_160514::363700_rep0_fold0_hebo_roc_auc_holdout,0.12519650644927716,0.1619186046511633,0.2544202066590119
120,0.19490571348156482,0.23271840766616714,0.23949384722544687,363700,0,0,hebo,roc_auc,binary,LGBM,,False,holdout,0.0,78,3,3,LGBM_363700_20260405_160514,363700_rep0_fold0_hebo_roc_auc_holdout,LGBM_363700_20260405_160514::363700_rep0_fold0_hebo_roc_auc_holdout,0.12519650644927716,0.1619186046511633,0.2544202066590119
121,0.19490571348156482,0.23271840766616714,0.23949384722544687,363700,0,0,hebo,roc_auc,binary,LGBM,,False,holdout,0.0,78,3,3,LGBM_363700_20260405_160514,363700_rep0_fold0_hebo_roc_auc_holdout,LGBM_363700_20260405_160514::363700_rep0_fold0_hebo_roc_auc_holdout,0.12519650644927716,0.1619186046511633,0.2544202066590119
122,0.19490571348156482,0.23271840766616714,0.23949384722544687,363700,0,0,hebo,roc_auc,binary,LGBM,,False,holdout,0.0,78,3,3,LGBM_363700_20260405_160514,363700_rep0_fold0_hebo_roc_auc_holdout,LGBM_363700_20260405_160514::363700_rep0_fold0_hebo_roc_auc_holdout,0.12519650644927716,0.1619186046511633,0.2544202066590119
123,0.19490571348156482,0.23271840766616714,0.23949384722544687,363700,0,0,hebo,roc_auc,binary,LGBM,,False,holdout,0.0,78,3,3,LGBM_363700_20260405_160514,363700_rep0_fold0_hebo_roc_auc_holdout,LGBM_363700_20260405_160514::363700_rep0_fold0_hebo_roc_auc_holdout,0.12519650644927716,0.1619186046511633,0.2544202066590119
124,0.19490571348156482,0.23271840766616714,0.23949384722544687,363700,0,0,hebo,roc_auc,binary,LGBM,,False,holdout,0.0,78,3,3,LGBM_363700_20260405_160514,363700_rep0_fold0_hebo_roc_auc_holdout,LGBM_363700_20260405_160514::363700_rep0_fold0_hebo_roc_auc_holdout,0.12519650644927716,0.1619186046511633,0.2544202066590119
125,0.19490571348156482,0.23271840766616714,0.23949384722544687,363700,0,0,hebo,roc_auc,binary,LGBM,,False,holdout,0.0,78,3,3,LGBM_363700_20260405_160514,363700_rep0_fold0_hebo_roc_auc_holdout,LGBM_363700_20260405_160514::363700_rep0_fold0_hebo_roc_auc_holdout,0.12519650644927716,0.1619186046511633,0.2544202066590119
126,0.19490571348156482,0.23271840766616714,0.23949384722544687,363700,0,0,hebo,roc_auc,binary,LGBM,,False,holdout,0.0,78,3,3,LGBM_363700_20260405_160514,363700_rep0_fold0_hebo_roc_auc_holdout,LGBM_363700_20260405_160514::363700_rep0_fold0_hebo_roc_auc_holdout,0.12519650644927716,0.1619186046511633,0.2544202066590119
127,0.19490571348156482,0.23271840766616714,0.23949384722544687,363700,0,0,hebo,roc_auc,binary,LGBM,,False,holdout,0.0,78,3,3,LGBM_363700_20260405_160514,363700_rep0_fold0_hebo_roc_auc_holdout,LGBM_363700_20260405_160514::363700_rep0_fold0_hebo_roc_auc_holdout,0.12519650644927716,0.1619186046511633,0.2544202066590119
128,0.19490571348156482,0.23271840766616714,0.23949384722544687,363700,0,0,hebo,roc_auc,binary,LGBM,,False,holdout,0.0,78,3,3,LGBM_363700_20260405_160514,363700_rep0_fold0_hebo_roc_auc_holdout,LGBM_363700_20260405_160514::363700_rep0_fold0_hebo_roc_auc_holdout,0.12519650644927716,0.1619186046511633,0.2544202066590119
129,0.19490571348156482,0.23271840766616714,0.23949384722544687,363700,0,0,hebo,roc_auc,binary,LGBM,,False,holdout,0.0,78,3,3,LGBM_363700_20260405_160514,363700_rep0_fold0_hebo_roc_auc_holdout,LGBM_363700_20260405_160514::363700_rep0_fold0_hebo_roc_auc_holdout,0.12519650644927716,0.1619186046511633,0.2544202066590119
130,0.19490571348156482,0.23271840766616714,0.23949384722544687,363700,0,0,hebo,roc_auc,binary,LGBM,,False,holdout,0.0,78,3,3,LGBM_363700_20260405_160514,363700_rep0_fold0_hebo_roc_auc_holdout,LGBM_363700_20260405_160514::363700_rep0_fold0_hebo_roc_auc_holdout,0.12519650644927716,0.1619186046511633,0.2544202066590119
131,0.19490571348156482,0.23271840766616714,0.23949384722544687,363700,0,0,hebo,roc_auc,binary,LGBM,,False,holdout,0.0,78,3,3,LGBM_363700_20260405_160514,363700_rep0_fold0_hebo_roc_auc_holdout,LGBM_363700_20260405_160514::363700_rep0_fold0_hebo_roc_auc_holdout,0.12519650644927716,0.1619186046511633,0.2544202066590119
132,0.19490571348156482,0.23271840766616714,0.23949384722544687,363700,0,0,hebo,roc_auc,binary,LGBM,,False,holdout,0.0,78,3,3,LGBM_363700_20260405_160514,363700_rep0_fold0_hebo_roc_auc_holdout,LGBM_363700_20260405_160514::363700_rep0_fold0_hebo_roc_auc_holdout,0.12519650644927716,0.1619186046511633,0.2544202066590119
133,0.19427244582043346,0.23322498258648716,0.2477045823923001,363700,0,0,hebo,roc_auc,binary,LGBM,,False,holdout,0.0,78,3,3,LGBM_363700_20260405_160514,363700_rep0_fold0_hebo_roc_auc_holdout,LGBM_363700_20260405_160514::363700_rep0_fold0_hebo_roc_auc_holdout,0.11625389884575826,0.17587209302325738,0.433065442020668
134,0.19427244582043346,0.23322498258648716,0.2477045823923001,363700,0,0,hebo,roc_auc,binary,LGBM,,False,holdout,0.0,78,3,3,LGBM_363700_20260405_160514,363700_rep0_fold0_hebo_roc_auc_holdout,LGBM_363700_20260405_160514::363700_rep0_fold0_hebo_roc_auc_holdout,0.11625389884575826,0.17587209302325738,0.433065442020668
135,0.19427244582043346,0.23322498258648716,0.2477045823923001,363700,0,0,hebo,roc_auc,binary,LGBM,,False,holdout,0.0,78,3,3,LGBM_363700_20260405_160514,363700_rep0_fold0_hebo_roc_auc_holdout,LGBM_363700_20260405_160514::363700_rep0_fold0_hebo_roc_auc_holdout,0.11625389884575826,0.17587209302325738,0.433065442020668
136,0.19427244582043346,0.23322498258648716,0.2477045823923001,363700,0,0,hebo,roc_auc,binary,LGBM,,False,holdout,0.0,78,3,3,LGBM_363700_20260405_160514,363700_rep0_fold0_hebo_roc_auc_holdout,LGBM_363700_20260405_160514::363700_rep0_fold0_hebo_roc_auc_holdout,0.11625389884575826,0.17587209302325738,0.433065442020668
137,0.19427244582043346,0.23322498258648716,0.2477045823923001,363700,0,0,hebo,roc_auc,binary,LGBM,,False,holdout,0.0,78,3,3,LGBM_363700_20260405_160514,363700_rep0_fold0_hebo_roc_auc_holdout,LGBM_363700_20260405_160514::363700_rep0_fold0_hebo_roc_auc_holdout,0.11625389884575826,0.17587209302325738,0.433065442020668
138,0.19427244582043346,0.23322498258648716,0.2477045823923001,363700,0,0,hebo,roc_auc,binary,LGBM,,False,holdout,0.0,78,3,3,LGBM_363700_20260405_160514,363700_rep0_fold0_hebo_roc_auc_holdout,LGBM_363700_20260405_160514::363700_rep0_fold0_hebo_roc_auc_holdout,0.11625389884575826,0.17587209302325738,0.433065442020668
139,0.19427244582043346,0.23322498258648716,0.2477045823923001,363700,0,0,hebo,roc_auc,binary,LGBM,,False,holdout,0.0,78,3,3,LGBM_363700_20260405_160514,363700_rep0_fold0_hebo_roc_auc_holdout,LGBM_363700_20260405_160514::363700_rep0_fold0_hebo_roc_auc_holdout,0.11625389884575826,0.17587209302325738,0.433065442020668
140,0.19427244582043346,0.23322498258648716,0.2477045823923001,363700,0,0,hebo,roc_auc,binary,LGBM,,False,holdout,0.0,78,3,3,LGBM_363700_20260405_160514,363700_rep0_fold0_hebo_roc_auc_holdout,LGBM_363700_20260405_160514::363700_rep0_fold0_hebo_roc_auc_holdout,0.11625389884575826,0.17587209302325738,0.433065442020668
141,0.19420208274697437,0.23307723156806048,0.2477467969689935,363700,0,0,hebo,roc_auc,binary,LGBM,,False,holdout,0.0,78,3,3,LGBM_363700_20260405_160514,363700_rep0_fold0_hebo_roc_auc_holdout,LGBM_363700_20260405_160514::363700_rep0_fold0_hebo_roc_auc_holdout,0.1152602757786999,0.17180232558139646,0.4339839265212435
142,0.19420208274697437,0.23307723156806048,0.2477467969689935,363700,0,0,hebo,roc_auc,binary,LGBM,,False,holdout,0.0,78,3,3,LGBM_363700_20260405_160514,363700_rep0_fold0_hebo_roc_auc_holdout,LGBM_363700_20260405_160514::363700_rep0_fold0_hebo_roc_auc_holdout,0.1152602757786999,0.17180232558139646,0.4339839265212435
143,0.19420208274697437,0.23307723156806048,0.2477467969689935,363700,0,0,hebo,roc_auc,binary,LGBM,,False,holdout,0.0,78,3,3,LGBM_363700_20260405_160514,363700_rep0_fold0_hebo_roc_auc_holdout,LGBM_363700_20260405_160514::363700_rep0_fold0_hebo_roc_auc_holdout,0.1152602757786999,0.17180232558139646,0.4339839265212435
144,0.19420208274697437,0.23307723156806048,0.2477467969689935,363700,0,0,hebo,roc_auc,binary,LGBM,,False,holdout,0.0,78,3,3,LGBM_363700_20260405_160514,363700_rep0_fold0_hebo_roc_auc_holdout,LGBM_363700_20260405_160514::363700_rep0_fold0_hebo_roc_auc_holdout,0.1152602757786999,0.17180232558139646,0.4339839265212435
145,0.19420208274697437,0.23307723156806048,0.2477467969689935,363700,0,0,hebo,roc_auc,binary,LGBM,,False,holdout,0.0,78,3,3,LGBM_363700_20260405_160514,363700_rep0_fold0_hebo_roc_auc_holdout,LGBM_363700_20260405_160514::363700_rep0_fold0_hebo_roc_auc_holdout,0.1152602757786999,0.17180232558139646,0.4339839265212435
146,0.19420208274697437,0.23307723156806048,0.2477467969689935,363700,0,0,hebo,roc_auc,binary,LGBM,,False,holdout,0.0,78,3,3,LGBM_363700_20260405_160514,363700_rep0_fold0_hebo_roc_auc_holdout,LGBM_363700_20260405_160514::363700_rep0_fold0_hebo_roc_auc_holdout,0.1152602757786999,0.17180232558139646,0.4339839265212435
147,0.19420208274697437,0.23307723156806048,0.2477467969689935,363700,0,0,hebo,roc_auc,binary,LGBM,,False,holdout,0.0,78,3,3,LGBM_363700_20260405_160514,363700_rep0_fold0_hebo_roc_auc_holdout,LGBM_363700_20260405_160514::363700_rep0_fold0_hebo_roc_auc_holdout,0.1152602757786999,0.17180232558139646,0.4339839265212435
148,0.19420208274697437,0.23307723156806048,0.2477467969689935,363700,0,0,hebo,roc_auc,binary,LGBM,,False,holdout,0.0,78,3,3,LGBM_363700_20260405_160514,363700_rep0_fold0_hebo_roc_auc_holdout,LGBM_363700_20260405_160514::363700_rep0_fold0_hebo_roc_auc_holdout,0.1152602757786999,0.17180232558139646,0.4339839265212435
149,0.19420208274697437,0.23307723156806048,0.2477467969689935,363700,0,0,hebo,roc_auc,binary,LGBM,,False,holdout,0.0,78,3,3,LGBM_363700_20260405_160514,363700_rep0_fold0_hebo_roc_auc_holdout,LGBM_363700_20260405_160514::363700_rep0_fold0_hebo_roc_auc_holdout,0.1152602757786999,0.17180232558139646,0.4339839265212435
150,0.19420208274697437,0.23307723156806048,0.2477467969689935,363700,0,0,hebo,roc_auc,binary,LGBM,,False,holdout,0.0,78,3,3,LGBM_363700_20260405_160514,363700_rep0_fold0_hebo_roc_auc_holdout,LGBM_363700_20260405_160514::363700_rep0_fold0_hebo_roc_auc_holdout,0.1152602757786999,0.17180232558139646,0.4339839265212435
151,0.19420208274697437,0.23307723156806048,0.2477467969689935,363700,0,0,hebo,roc_auc,binary,LGBM,,False,holdout,0.0,78,3,3,LGBM_363700_20260405_160514,363700_rep0_fold0_hebo_roc_auc_holdout,LGBM_363700_20260405_160514::363700_rep0_fold0_hebo_roc_auc_holdout,0.1152602757786999,0.17180232558139646,0.4339839265212435
152,0.19420208274697437,0.23307723156806048,0.2477467969689935,363700,0,0,hebo,roc_auc,binary,LGBM,,False,holdout,0.0,78,3,3,LGBM_363700_20260405_160514,363700_rep0_fold0_hebo_roc_auc_holdout,LGBM_363700_20260405_160514::363700_rep0_fold0_hebo_roc_auc_holdout,0.1152602757786999,0.17180232558139646,0.4339839265212435
153,0.19420208274697437,0.23307723156806048,0.2477467969689935,363700,0,0,hebo,roc_auc,binary,LGBM,,False,holdout,0.0,78,3,3,LGBM_363700_20260405_160514,363700_rep0_fold0_hebo_roc_auc_holdout,LGBM_363700_20260405_160514::363700_rep0_fold0_hebo_roc_auc_holdout,0.1152602757786999,0.17180232558139646,0.4339839265212435
154,0.19420208274697437,0.23307723156806048,0.2477467969689935,363700,0,0,hebo,roc_auc,binary,LGBM,,False,holdout,0.0,78,3,3,LGBM_363700_20260405_160514,363700_rep0_fold0_hebo_roc_auc_holdout,LGBM_363700_20260405_160514::363700_rep0_fold0_hebo_roc_auc_holdout,0.1152602757786999,0.17180232558139646,0.4339839265212435
155,0.19420208274697437,0.23307723156806048,0.2477467969689935,363700,0,0,hebo,roc_auc,binary,LGBM,,False,holdout,0.0,78,3,3,LGBM_363700_20260405_160514,363700_rep0_fold0_hebo_roc_auc_holdout,LGBM_363700_20260405_160514::363700_rep0_fold0_hebo_roc_auc_holdout,0.1152602757786999,0.17180232558139646,0.4339839265212435
156,0.19420208274697437,0.23307723156806048,0.2477467969689935,363700,0,0,hebo,roc_auc,binary,LGBM,,False,holdout,0.0,78,3,3,LGBM_363700_20260405_160514,363700_rep0_fold0_hebo_roc_auc_holdout,LGBM_363700_20260405_160514::363700_rep0_fold0_hebo_roc_auc_holdout,0.1152602757786999,0.17180232558139646,0.4339839265212435
157,0.19420208274697437,0.23307723156806048,0.2477467969689935,363700,0,0,hebo,roc_auc,binary,LGBM,,False,holdout,0.0,78,3,3,LGBM_363700_20260405_160514,363700_rep0_fold0_hebo_roc_auc_holdout,LGBM_363700_20260405_160514::363700_rep0_fold0_hebo_roc_auc_holdout,0.1152602757786999,0.17180232558139646,0.4339839265212435
158,0.19420208274697437,0.23307723156806048,0.2477467969689935,363700,0,0,hebo,roc_auc,binary,LGBM,,False,holdout,0.0,78,3,3,LGBM_363700_20260405_160514,363700_rep0_fold0_hebo_roc_auc_holdout,LGBM_363700_20260405_160514::363700_rep0_fold0_hebo_roc_auc_holdout,0.1152602757786999,0.17180232558139646,0.4339839265212435
159,0.19420208274697437,0.23307723156806048,0.2477467969689935,363700,0,0,hebo,roc_auc,binary,LGBM,,False,holdout,0.0,78,3,3,LGBM_363700_20260405_160514,363700_rep0_fold0_hebo_roc_auc_holdout,LGBM_363700_20260405_160514::363700_rep0_fold0_hebo_roc_auc_holdout,0.1152602757786999,0.17180232558139646,0.4339839265212435
160,0.19420208274697437,0.23307723156806048,0.2477467969689935,363700,0,0,hebo,roc_auc,binary,LGBM,,False,holdout,0.0,78,3,3,LGBM_363700_20260405_160514,363700_rep0_fold0_hebo_roc_auc_holdout,LGBM_363700_20260405_160514::363700_rep0_fold0_hebo_roc_auc_holdout,0.1152602757786999,0.17180232558139646,0.4339839265212435
161,0.19420208274697437,0.23307723156806048,0.2477467969689935,363700,0,0,hebo,roc_auc,binary,LGBM,,False,holdout,0.0,78,3,3,LGBM_363700_20260405_160514,363700_rep0_fold0_hebo_roc_auc_holdout,LGBM_363700_20260405_160514::363700_rep0_fold0_hebo_roc_auc_holdout,0.1152602757786999,0.17180232558139646,0.4339839265212435
162,0.19420208274697437,0.23307723156806048,0.2477467969689935,363700,0,0,hebo,roc_auc,binary,LGBM,,False,holdout,0.0,78,3,3,LGBM_363700_20260405_160514,363700_rep0_fold0_hebo_roc_auc_holdout,LGBM_363700_20260405_160514::363700_rep0_fold0_hebo_roc_auc_holdout,0.1152602757786999,0.17180232558139646,0.4339839265212435
163,0.19420208274697437,0.23307723156806048,0.2477467969689935,363700,0,0,hebo,roc_auc,binary,LGBM,,False,holdout,0.0,78,3,3,LGBM_363700_20260405_160514,363700_rep0_fold0_hebo_roc_auc_holdout,LGBM_363700_20260405_160514::363700_rep0_fold0_hebo_roc_auc_holdout,0.1152602757786999,0.17180232558139646,0.4339839265212435
164,0.19420208274697437,0.23307723156806048,0.2477467969689935,363700,0,0,hebo,roc_auc,binary,LGBM,,False,holdout,0.0,78,3,3,LGBM_363700_20260405_160514,363700_rep0_fold0_hebo_roc_auc_holdout,LGBM_363700_20260405_160514::363700_rep0_fold0_hebo_roc_auc_holdout,0.1152602757786999,0.17180232558139646,0.4339839265212435
165,0.19420208274697437,0.23307723156806048,0.2477467969689935,363700,0,0,hebo,roc_auc,binary,LGBM,,False,holdout,0.0,78,3,3,LGBM_363700_20260405_160514,363700_rep0_fold0_hebo_roc_auc_holdout,LGBM_363700_20260405_160514::363700_rep0_fold0_hebo_roc_auc_holdout,0.1152602757786999,0.17180232558139646,0.4339839265212435
166,0.19420208274697437,0.23307723156806048,0.2477467969689935,363700,0,0,hebo,roc_auc,binary,LGBM,,False,holdout,0.0,78,3,3,LGBM_363700_20260405_160514,363700_rep0_fold0_hebo_roc_auc_holdout,LGBM_363700_20260405_160514::363700_rep0_fold0_hebo_roc_auc_holdout,0.1152602757786999,0.17180232558139646,0.4339839265212435
167,0.19420208274697437,0.23307723156806048,0.2477467969689935,363700,0,0,hebo,roc_auc,binary,LGBM,,False,holdout,0.0,78,3,3,LGBM_363700_20260405_160514,363700_rep0_fold0_hebo_roc_auc_holdout,LGBM_363700_20260405_160514::363700_rep0_fold0_hebo_roc_auc_holdout,0.1152602757786999,0.17180232558139646,0.4339839265212435
168,0.19420208274697437,0.23307723156806048,0.2477467969689935,363700,0,0,hebo,roc_auc,binary,LGBM,,False,holdout,0.0,78,3,3,LGBM_363700_20260405_160514,363700_rep0_fold0_hebo_roc_auc_holdout,LGBM_363700_20260405_160514::363700_rep0_fold0_hebo_roc_auc_holdout,0.1152602757786999,0.17180232558139646,0.4339839265212435
169,0.19420208274697437,0.23307723156806048,0.2477467969689935,363700,0,0,hebo,roc_auc,binary,LGBM,,False,holdout,0.0,78,3,3,LGBM_363700_20260405_160514,363700_rep0_fold0_hebo_roc_auc_holdout,LGBM_363700_20260405_160514::363700_rep0_fold0_hebo_roc_auc_holdout,0.1152602757786999,0.17180232558139646,0.4339839265212435
170,0.19420208274697437,0.23307723156806048,0.2477467969689935,363700,0,0,hebo,roc_auc,binary,LGBM,,False,holdout,0.0,78,3,3,LGBM_363700_20260405_160514,363700_rep0_fold0_hebo_roc_auc_holdout,LGBM_363700_20260405_160514::363700_rep0_fold0_hebo_roc_auc_holdout,0.1152602757786999,0.17180232558139646,0.4339839265212435
171,0.19420208274697437,0.23307723156806048,0.2477467969689935,363700,0,0,hebo,roc_auc,binary,LGBM,,False,holdout,0.0,78,3,3,LGBM_363700_20260405_160514,363700_rep0_fold0_hebo_roc_auc_holdout,LGBM_363700_20260405_160514::363700_rep0_fold0_hebo_roc_auc_holdout,0.1152602757786999,0.17180232558139646,0.4339839265212435
172,0.19420208274697437,0.23307723156806048,0.2477467969689935,363700,0,0,hebo,roc_auc,binary,LGBM,,False,holdout,0.0,78,3,3,LGBM_363700_20260405_160514,363700_rep0_fold0_hebo_roc_auc_holdout,LGBM_363700_20260405_160514::363700_rep0_fold0_hebo_roc_auc_holdout,0.1152602757786999,0.17180232558139646,0.4339839265212435
173,0.19420208274697437,0.23307723156806048,0.2477467969689935,363700,0,0,hebo,roc_auc,binary,LGBM,,False,holdout,0.0,78,3,3,LGBM_363700_20260405_160514,363700_rep0_fold0_hebo_roc_auc_holdout,LGBM_363700_20260405_160514::363700_rep0_fold0_hebo_roc_auc_holdout,0.1152602757786999,0.17180232558139646,0.4339839265212435
174,0.19420208274697437,0.23307723156806048,0.2477467969689935,363700,0,0,hebo,roc_auc,binary,LGBM,,False,holdout,0.0,78,3,3,LGBM_363700_20260405_160514,363700_rep0_fold0_hebo_roc_auc_holdout,LGBM_363700_20260405_160514::363700_rep0_fold0_hebo_roc_auc_holdout,0.1152602757786999,0.17180232558139646,0.4339839265212435
175,0.19420208274697437,0.23307723156806048,0.2477467969689935,363700,0,0,hebo,roc_auc,binary,LGBM,,False,holdout,0.0,78,3,3,LGBM_363700_20260405_160514,363700_rep0_fold0_hebo_roc_auc_holdout,LGBM_363700_20260405_160514::363700_rep0_fold0_hebo_roc_auc_holdout,0.1152602757786999,0.17180232558139646,0.4339839265212435
176,0.19420208274697437,0.23307723156806048,0.2477467969689935,363700,0,0,hebo,roc_auc,binary,LGBM,,False,holdout,0.0,78,3,3,LGBM_363700_20260405_160514,363700_rep0_fold0_hebo_roc_auc_holdout,LGBM_363700_20260405_160514::363700_rep0_fold0_hebo_roc_auc_holdout,0.1152602757786999,0.17180232558139646,0.4339839265212435
177,0.19420208274697437,0.23307723156806048,0.2477467969689935,363700,0,0,hebo,roc_auc,binary,LGBM,,False,holdout,0.0,78,3,3,LGBM_363700_20260405_160514,363700_rep0_fold0_hebo_roc_auc_holdout,LGBM_363700_20260405_160514::363700_rep0_fold0_hebo_roc_auc_holdout,0.1152602757786999,0.17180232558139646,0.4339839265212435
178,0.19420208274697437,0.23307723156806048,0.2477467969689935,363700,0,0,hebo,roc_auc,binary,LGBM,,False,holdout,0.0,78,3,3,LGBM_363700_20260405_160514,363700_rep0_fold0_hebo_roc_auc_holdout,LGBM_363700_20260405_160514::363700_rep0_fold0_hebo_roc_auc_holdout,0.1152602757786999,0.17180232558139646,0.4339839265212435
179,0.19420208274697437,0.23307723156806048,0.2477467969689935,363700,0,0,hebo,roc_auc,binary,LGBM,,False,holdout,0.0,78,3,3,LGBM_363700_20260405_160514,363700_rep0_fold0_hebo_roc_auc_holdout,LGBM_363700_20260405_160514::363700_rep0_fold0_hebo_roc_auc_holdout,0.1152602757786999,0.17180232558139646,0.4339839265212435
180,0.19420208274697437,0.23307723156806048,0.2477467969689935,363700,0,0,hebo,roc_auc,binary,LGBM,,False,holdout,0.0,78,3,3,LGBM_363700_20260405_160514,363700_rep0_fold0_hebo_roc_auc_holdout,LGBM_363700_20260405_160514::363700_rep0_fold0_hebo_roc_auc_holdout,0.1152602757786999,0.17180232558139646,0.4339839265212435
181,0.19420208274697437,0.23307723156806048,0.2477467969689935,363700,0,0,hebo,roc_auc,binary,LGBM,,False,holdout,0.0,78,3,3,LGBM_363700_20260405_160514,363700_rep0_fold0_hebo_roc_auc_holdout,LGBM_363700_20260405_160514::363700_rep0_fold0_hebo_roc_auc_holdout,0.1152602757786999,0.17180232558139646,0.4339839265212435
182,0.19420208274697437,0.23307723156806048,0.2477467969689935,363700,0,0,hebo,roc_auc,binary,LGBM,,False,holdout,0.0,78,3,3,LGBM_363700_20260405_160514,363700_rep0_fold0_hebo_roc_auc_holdout,LGBM_363700_20260405_160514::363700_rep0_fold0_hebo_roc_auc_holdout,0.1152602757786999,0.17180232558139646,0.4339839265212435
183,0.19420208274697437,0.23307723156806048,0.2477467969689935,363700,0,0,hebo,roc_auc,binary,LGBM,,False,holdout,0.0,78,3,3,LGBM_363700_20260405_160514,363700_rep0_fold0_hebo_roc_auc_holdout,LGBM_363700_20260405_160514::363700_rep0_fold0_hebo_roc_auc_holdout,0.1152602757786999,0.17180232558139646,0.4339839265212435
184,0.19420208274697437,0.23307723156806048,0.2477467969689935,363700,0,0,hebo,roc_auc,binary,LGBM,,False,holdout,0.0,78,3,3,LGBM_363700_20260405_160514,363700_rep0_fold0_hebo_roc_auc_holdout,LGBM_363700_20260405_160514::363700_rep0_fold0_hebo_roc_auc_holdout,0.1152602757786999,0.17180232558139646,0.4339839265212435
185,0.19420208274697437,0.23307723156806048,0.2477467969689935,363700,0,0,hebo,roc_auc,binary,LGBM,,False,holdout,0.0,78,3,3,LGBM_363700_20260405_160514,363700_rep0_fold0_hebo_roc_auc_holdout,LGBM_363700_20260405_160514::363700_rep0_fold0_hebo_roc_auc_holdout,0.1152602757786999,0.17180232558139646,0.4339839265212435
186,0.19420208274697437,0.23307723156806048,0.2477467969689935,363700,0,0,hebo,roc_auc,binary,LGBM,,False,holdout,0.0,78,3,3,LGBM_363700_20260405_160514,363700_rep0_fold0_hebo_roc_auc_holdout,LGBM_363700_20260405_160514::363700_rep0_fold0_hebo_roc_auc_holdout,0.1152602757786999,0.17180232558139646,0.4339839265212435
187,0.19420208274697437,0.23307723156806048,0.2477467969689935,363700,0,0,hebo,roc_auc,binary,LGBM,,False,holdout,0.0,78,3,3,LGBM_363700_20260405_160514,363700_rep0_fold0_hebo_roc_auc_holdout,LGBM_363700_20260405_160514::363700_rep0_fold0_hebo_roc_auc_holdout,0.1152602757786999,0.17180232558139646,0.4339839265212435
188,0.19420208274697437,0.23307723156806048,0.2477467969689935,363700,0,0,hebo,roc_auc,binary,LGBM,,False,holdout,0.0,78,3,3,LGBM_363700_20260405_160514,363700_rep0_fold0_hebo_roc_auc_holdout,LGBM_363700_20260405_160514::363700_rep0_fold0_hebo_roc_auc_holdout,0.1152602757786999,0.17180232558139646,0.4339839265212435
189,0.19420208274697437,0.23307723156806048,0.2477467969689935,363700,0,0,hebo,roc_auc,binary,LGBM,,False,holdout,0.0,78,3,3,LGBM_363700_20260405_160514,363700_rep0_fold0_hebo_roc_auc_holdout,LGBM_363700_20260405_160514::363700_rep0_fold0_hebo_roc_auc_holdout,0.1152602757786999,0.17180232558139646,0.4339839265212435
190,0.19420208274697437,0.23307723156806048,0.2477467969689935,363700,0,0,hebo,roc_auc,binary,LGBM,,False,holdout,0.0,78,3,3,LGBM_363700_20260405_160514,363700_rep0_fold0_hebo_roc_auc_holdout,LGBM_363700_20260405_160514::363700_rep0_fold0_hebo_roc_auc_holdout,0.1152602757786999,0.17180232558139646,0.4339839265212435
191,0.19420208274697437,0.23307723156806048,0.2477467969689935,363700,0,0,hebo,roc_auc,binary,LGBM,,False,holdout,0.0,78,3,3,LGBM_363700_20260405_160514,363700_rep0_fold0_hebo_roc_auc_holdout,LGBM_363700_20260405_160514::363700_rep0_fold0_hebo_roc_auc_holdout,0.1152602757786999,0.17180232558139646,0.4339839265212435
192,0.19420208274697437,0.23307723156806048,0.2477467969689935,363700,0,0,hebo,roc_auc,binary,LGBM,,False,holdout,0.0,78,3,3,LGBM_363700_20260405_160514,363700_rep0_fold0_hebo_roc_auc_holdout,LGBM_363700_20260405_160514::363700_rep0_fold0_hebo_roc_auc_holdout,0.1152602757786999,0.17180232558139646,0.4339839265212435
193,0.19420208274697437,0.23307723156806048,0.2477467969689935,363700,0,0,hebo,roc_auc,binary,LGBM,,False,holdout,0.0,78,3,3,LGBM_363700_20260405_160514,363700_rep0_fold0_hebo_roc_auc_holdout,LGBM_363700_20260405_160514::363700_rep0_fold0_hebo_roc_auc_holdout,0.1152602757786999,0.17180232558139646,0.4339839265212435
194,0.19420208274697437,0.23307723156806048,0.2477467969689935,363700,0,0,hebo,roc_auc,binary,LGBM,,False,holdout,0.0,78,3,3,LGBM_363700_20260405_160514,363700_rep0_fold0_hebo_roc_auc_holdout,LGBM_363700_20260405_160514::363700_rep0_fold0_hebo_roc_auc_holdout,0.1152602757786999,0.17180232558139646,0.4339839265212435
195,0.19420208274697437,0.23307723156806048,0.2477467969689935,363700,0,0,hebo,roc_auc,binary,LGBM,,False,holdout,0.0,78,3,3,LGBM_363700_20260405_160514,363700_rep0_fold0_hebo_roc_auc_holdout,LGBM_363700_20260405_160514::363700_rep0_fold0_hebo_roc_auc_holdout,0.1152602757786999,0.17180232558139646,0.4339839265212435
196,0.19420208274697437,0.23307723156806048,0.2477467969689935,363700,0,0,hebo,roc_auc,binary,LGBM,,False,holdout,0.0,78,3,3,LGBM_363700_20260405_160514,363700_rep0_fold0_hebo_roc_auc_holdout,LGBM_363700_20260405_160514::363700_rep0_fold0_hebo_roc_auc_holdout,0.1152602757786999,0.17180232558139646,0.4339839265212435
197,0.19420208274697437,0.23307723156806048,0.2477467969689935,363700,0,0,hebo,roc_auc,binary,LGBM,,False,holdout,0.0,78,3,3,LGBM_363700_20260405_160514,363700_rep0_fold0_hebo_roc_auc_holdout,LGBM_363700_20260405_160514::363700_rep0_fold0_hebo_roc_auc_holdout,0.1152602757786999,0.17180232558139646,0.4339839265212435
198,0.19420208274697437,0.23307723156806048,0.2477467969689935,363700,0,0,hebo,roc_auc,binary,LGBM,,False,holdout,0.0,78,3,3,LGBM_363700_20260405_160514,363700_rep0_fold0_hebo_roc_auc_holdout,LGBM_363700_20260405_160514::363700_rep0_fold0_hebo_roc_auc_holdout,0.1152602757786999,0.17180232558139646,0.4339839265212435
199,0.19420208274697437,0.23307723156806048,0.2477467969689935,363700,0,0,hebo,roc_auc,binary,LGBM,,False,holdout,0.0,78,3,3,LGBM_363700_20260405_160514,363700_rep0_fold0_hebo_roc_auc_holdout,LGBM_363700_20260405_160514::363700_rep0_fold0_hebo_roc_auc_holdout,0.1152602757786999,0.17180232558139646,0.4339839265212435
200,0.19420208274697437,0.23307723156806048,0.2477467969689935,363700,0,0,hebo,roc_auc,binary,LGBM,,False,holdout,0.0,78,3,3,LGBM_363700_20260405_160514,363700_rep0_fold0_hebo_roc_auc_holdout,LGBM_363700_20260405_160514::363700_rep0_fold0_hebo_roc_auc_holdout,0.1152602757786999,0.17180232558139646,0.4339839265212435
201,0.19420208274697437,0.23307723156806048,0.2477467969689935,363700,0,0,hebo,roc_auc,binary,LGBM,,False,holdout,0.0,78,3,3,LGBM_363700_20260405_160514,363700_rep0_fold0_hebo_roc_auc_holdout,LGBM_363700_20260405_160514::363700_rep0_fold0_hebo_roc_auc_holdout,0.1152602757786999,0.17180232558139646,0.4339839265212435
202,0.19420208274697437,0.23307723156806048,0.2477467969689935,363700,0,0,hebo,roc_auc,binary,LGBM,,False,holdout,0.0,78,3,3,LGBM_363700_20260405_160514,363700_rep0_fold0_hebo_roc_auc_holdout,LGBM_363700_20260405_160514::363700_rep0_fold0_hebo_roc_auc_holdout,0.1152602757786999,0.17180232558139646,0.4339839265212435
203,0.19420208274697437,0.23307723156806048,0.2477467969689935,363700,0,0,hebo,roc_auc,binary,LGBM,,False,holdout,0.0,78,3,3,LGBM_363700_20260405_160514,363700_rep0_fold0_hebo_roc_auc_holdout,LGBM_363700_20260405_160514::363700_rep0_fold0_hebo_roc_auc_holdout,0.1152602757786999,0.17180232558139646,0.4339839265212435
204,0.19420208274697437,0.23307723156806048,0.2477467969689935,363700,0,0,hebo,roc_auc,binary,LGBM,,False,holdout,0.0,78,3,3,LGBM_363700_20260405_160514,363700_rep0_fold0_hebo_roc_auc_holdout,LGBM_363700_20260405_160514::363700_rep0_fold0_hebo_roc_auc_holdout,0.1152602757786999,0.17180232558139646,0.4339839265212435
205,0.19420208274697437,0.23307723156806048,0.2477467969689935,363700,0,0,hebo,roc_auc,binary,LGBM,,False,holdout,0.0,78,3,3,LGBM_363700_20260405_160514,363700_rep0_fold0_hebo_roc_auc_holdout,LGBM_363700_20260405_160514::363700_rep0_fold0_hebo_roc_auc_holdout,0.1152602757786999,0.17180232558139646,0.4339839265212435
206,0.19420208274697437,0.23307723156806048,0.2477467969689935,363700,0,0,hebo,roc_auc,binary,LGBM,,False,holdout,0.0,78,3,3,LGBM_363700_20260405_160514,363700_rep0_fold0_hebo_roc_auc_holdout,LGBM_363700_20260405_160514::363700_rep0_fold0_hebo_roc_auc_holdout,0.1152602757786999,0.17180232558139646,0.4339839265212435
207,0.19420208274697437,0.23307723156806048,0.2477467969689935,363700,0,0,hebo,roc_auc,binary,LGBM,,False,holdout,0.0,78,3,3,LGBM_363700_20260405_160514,363700_rep0_fold0_hebo_roc_auc_holdout,LGBM_363700_20260405_160514::363700_rep0_fold0_hebo_roc_auc_holdout,0.1152602757786999,0.17180232558139646,0.4339839265212435
208,0.19420208274697437,0.23307723156806048,0.2477467969689935,363700,0,0,hebo,roc_auc,binary,LGBM,,False,holdout,0.0,78,3,3,LGBM_363700_20260405_160514,363700_rep0_fold0_hebo_roc_auc_holdout,LGBM_363700_20260405_160514::363700_rep0_fold0_hebo_roc_auc_holdout,0.1152602757786999,0.17180232558139646,0.4339839265212435
209,0.19420208274697437,0.23307723156806048,0.2477467969689935,363700,0,0,hebo,roc_auc,binary,LGBM,,False,holdout,0.0,78,3,3,LGBM_363700_20260405_160514,363700_rep0_fold0_hebo_roc_auc_holdout,LGBM_363700_20260405_160514::363700_rep0_fold0_hebo_roc_auc_holdout,0.1152602757786999,0.17180232558139646,0.4339839265212435
210,0.19532789192231925,0.23368934293011379,0.24610042847795355,363700,0,0,hebo,roc_auc,binary,LGBM,,False,holdout,0.0,78,3,3,LGBM_363700_20260405_160514,363700_rep0_fold0_hebo_roc_auc_holdout,LGBM_363700_20260405_160514::363700_rep0_fold0_hebo_roc_auc_holdout,0.13115824485162572,0.18866279069767514,0.3981630309988557
211,0.19532789192231925,0.23368934293011379,0.24610042847795355,363700,0,0,hebo,roc_auc,binary,LGBM,,False,holdout,0.0,78,3,3,LGBM_363700_20260405_160514,363700_rep0_fold0_hebo_roc_auc_holdout,LGBM_363700_20260405_160514::363700_rep0_fold0_hebo_roc_auc_holdout,0.13115824485162572,0.18866279069767514,0.3981630309988557
212,0.19532789192231925,0.23368934293011379,0.24610042847795355,363700,0,0,hebo,roc_auc,binary,LGBM,,False,holdout,0.0,78,3,3,LGBM_363700_20260405_160514,363700_rep0_fold0_hebo_roc_auc_holdout,LGBM_363700_20260405_160514::363700_rep0_fold0_hebo_roc_auc_holdout,0.13115824485162572,0.18866279069767514,0.3981630309988557
213,0.19532789192231925,0.23368934293011379,0.24610042847795355,363700,0,0,hebo,roc_auc,binary,LGBM,,False,holdout,0.0,78,3,3,LGBM_363700_20260405_160514,363700_rep0_fold0_hebo_roc_auc_holdout,LGBM_363700_20260405_160514::363700_rep0_fold0_hebo_roc_auc_holdout,0.13115824485162572,0.18866279069767514,0.3981630309988557
214,0.19532789192231925,0.23368934293011379,0.24610042847795355,363700,0,0,hebo,roc_auc,binary,LGBM,,False,holdout,0.0,78,3,3,LGBM_363700_20260405_160514,363700_rep0_fold0_hebo_roc_auc_holdout,LGBM_363700_20260405_160514::363700_rep0_fold0_hebo_roc_auc_holdout,0.13115824485162572,0.18866279069767514,0.3981630309988557
215,0.19532789192231925,0.23368934293011379,0.24610042847795355,363700,0,0,hebo,roc_auc,binary,LGBM,,False,holdout,0.0,78,3,3,LGBM_363700_20260405_160514,363700_rep0_fold0_hebo_roc_auc_holdout,LGBM_363700_20260405_160514::363700_rep0_fold0_hebo_roc_auc_holdout,0.13115824485162572,0.18866279069767514,0.3981630309988557
216,0.19532789192231925,0.23368934293011379,0.24610042847795355,363700,0,0,hebo,roc_auc,binary,LGBM,,False,holdout,0.0,78,3,3,LGBM_363700_20260405_160514,363700_rep0_fold0_hebo_roc_auc_holdout,LGBM_363700_20260405_160514::363700_rep0_fold0_hebo_roc_auc_holdout,0.13115824485162572,0.18866279069767514,0.3981630309988557
217,0.19532789192231925,0.23368934293011379,0.24610042847795355,363700,0,0,hebo,roc_auc,binary,LGBM,,False,holdout,0.0,78,3,3,LGBM_363700_20260405_160514,363700_rep0_fold0_hebo_roc_auc_holdout,LGBM_363700_20260405_160514::363700_rep0_fold0_hebo_roc_auc_holdout,0.13115824485162572,0.18866279069767514,0.3981630309988557
218,0.19532789192231925,0.23368934293011379,0.24610042847795355,363700,0,0,hebo,roc_auc,binary,LGBM,,False,holdout,0.0,78,3,3,LGBM_363700_20260405_160514,363700_rep0_fold0_hebo_roc_auc_holdout,LGBM_363700_20260405_160514::363700_rep0_fold0_hebo_roc_auc_holdout,0.13115824485162572,0.18866279069767514,0.3981630309988557
219,0.19532789192231925,0.23368934293011379,0.24610042847795355,363700,0,0,hebo,roc_auc,binary,LGBM,,False,holdout,0.0,78,3,3,LGBM_363700_20260405_160514,363700_rep0_fold0_hebo_roc_auc_holdout,LGBM_363700_20260405_160514::363700_rep0_fold0_hebo_roc_auc_holdout,0.13115824485162572,0.18866279069767514,0.3981630309988557
220,0.19532789192231925,0.23368934293011379,0.24610042847795355,363700,0,0,hebo,roc_auc,binary,LGBM,,False,holdout,0.0,78,3,3,LGBM_363700_20260405_160514,363700_rep0_fold0_hebo_roc_auc_holdout,LGBM_363700_20260405_160514::363700_rep0_fold0_hebo_roc_auc_holdout,0.13115824485162572,0.18866279069767514,0.3981630309988557
221,0.19532789192231925,0.23368934293011379,0.24610042847795355,363700,0,0,hebo,roc_auc,binary,LGBM,,False,holdout,0.0,78,3,3,LGBM_363700_20260405_160514,363700_rep0_fold0_hebo_roc_auc_holdout,LGBM_363700_20260405_160514::363700_rep0_fold0_hebo_roc_auc_holdout,0.13115824485162572,0.18866279069767514,0.3981630309988557
222,0.19532789192231925,0.23368934293011379,0.24610042847795355,363700,0,0,hebo,roc_auc,binary,LGBM,,False,holdout,0.0,78,3,3,LGBM_363700_20260405_160514,363700_rep0_fold0_hebo_roc_auc_holdout,LGBM_363700_20260405_160514::363700_rep0_fold0_hebo_roc_auc_holdout,0.13115824485162572,0.18866279069767514,0.3981630309988557
223,0.19532789192231925,0.23368934293011379,0.24610042847795355,363700,0,0,hebo,roc_auc,binary,LGBM,,False,holdout,0.0,78,3,3,LGBM_363700_20260405_160514,363700_rep0_fold0_hebo_roc_auc_holdout,LGBM_363700_20260405_160514::363700_rep0_fold0_hebo_roc_auc_holdout,0.13115824485162572,0.18866279069767514,0.3981630309988557
224,0.19532789192231925,0.23368934293011379,0.24610042847795355,363700,0,0,hebo,roc_auc,binary,LGBM,,False,holdout,0.0,78,3,3,LGBM_363700_20260405_160514,363700_rep0_fold0_hebo_roc_auc_holdout,LGBM_363700_20260405_160514::363700_rep0_fold0_hebo_roc_auc_holdout,0.13115824485162572,0.18866279069767514,0.3981630309988557
225,0.19532789192231925,0.23368934293011379,0.24610042847795355,363700,0,0,hebo,roc_auc,binary,LGBM,,False,holdout,0.0,78,3,3,LGBM_363700_20260405_160514,363700_rep0_fold0_hebo_roc_auc_holdout,LGBM_363700_20260405_160514::363700_rep0_fold0_hebo_roc_auc_holdout,0.13115824485162572,0.18866279069767514,0.3981630309988557
226,0.19532789192231925,0.23368934293011379,0.24610042847795355,363700,0,0,hebo,roc_auc,binary,LGBM,,False,holdout,0.0,78,3,3,LGBM_363700_20260405_160514,363700_rep0_fold0_hebo_roc_auc_holdout,LGBM_363700_20260405_160514::363700_rep0_fold0_hebo_roc_auc_holdout,0.13115824485162572,0.18866279069767514,0.3981630309988557
227,0.19532789192231925,0.23368934293011379,0.24610042847795355,363700,0,0,hebo,roc_auc,binary,LGBM,,False,holdout,0.0,78,3,3,LGBM_363700_20260405_160514,363700_rep0_fold0_hebo_roc_auc_holdout,LGBM_363700_20260405_160514::363700_rep0_fold0_hebo_roc_auc_holdout,0.13115824485162572,0.18866279069767514,0.3981630309988557
228,0.19532789192231925,0.23368934293011379,0.24610042847795355,363700,0,0,hebo,roc_auc,binary,LGBM,,False,holdout,0.0,78,3,3,LGBM_363700_20260405_160514,363700_rep0_fold0_hebo_roc_auc_holdout,LGBM_363700_20260405_160514::363700_rep0_fold0_hebo_roc_auc_holdout,0.13115824485162572,0.18866279069767514,0.3981630309988557
229,0.19532789192231925,0.23368934293011379,0.24610042847795355,363700,0,0,hebo,roc_auc,binary,LGBM,,False,holdout,0.0,78,3,3,LGBM_363700_20260405_160514,363700_rep0_fold0_hebo_roc_auc_holdout,LGBM_363700_20260405_160514::363700_rep0_fold0_hebo_roc_auc_holdout,0.13115824485162572,0.18866279069767514,0.3981630309988557
230,0.19532789192231925,0.23368934293011379,0.24610042847795355,363700,0,0,hebo,roc_auc,binary,LGBM,,False,holdout,0.0,78,3,3,LGBM_363700_20260405_160514,363700_rep0_fold0_hebo_roc_auc_holdout,LGBM_363700_20260405_160514::363700_rep0_fold0_hebo_roc_auc_holdout,0.13115824485162572,0.18866279069767514,0.3981630309988557
231,0.19532789192231925,0.23368934293011379,0.24610042847795355,363700,0,0,hebo,roc_auc,binary,LGBM,,False,holdout,0.0,78,3,3,LGBM_363700_20260405_160514,363700_rep0_fold0_hebo_roc_auc_holdout,LGBM_363700_20260405_160514::363700_rep0_fold0_hebo_roc_auc_holdout,0.13115824485162572,0.18866279069767514,0.3981630309988557
232,0.19532789192231925,0.23368934293011379,0.24610042847795355,363700,0,0,hebo,roc_auc,binary,LGBM,,False,holdout,0.0,78,3,3,LGBM_363700_20260405_160514,363700_rep0_fold0_hebo_roc_auc_holdout,LGBM_363700_20260405_160514::363700_rep0_fold0_hebo_roc_auc_holdout,0.13115824485162572,0.18866279069767514,0.3981630309988557
233,0.19532789192231925,0.23368934293011379,0.24610042847795355,363700,0,0,hebo,roc_auc,binary,LGBM,,False,holdout,0.0,78,3,3,LGBM_363700_20260405_160514,363700_rep0_fold0_hebo_roc_auc_holdout,LGBM_363700_20260405_160514::363700_rep0_fold0_hebo_roc_auc_holdout,0.13115824485162572,0.18866279069767514,0.3981630309988557
234,0.19532789192231925,0.23368934293011379,0.24610042847795355,363700,0,0,hebo,roc_auc,binary,LGBM,,False,holdout,0.0,78,3,3,LGBM_363700_20260405_160514,363700_rep0_fold0_hebo_roc_auc_holdout,LGBM_363700_20260405_160514::363700_rep0_fold0_hebo_roc_auc_holdout,0.13115824485162572,0.18866279069767514,0.3981630309988557
235,0.19532789192231925,0.23368934293011379,0.24610042847795355,363700,0,0,hebo,roc_auc,binary,LGBM,,False,holdout,0.0,78,3,3,LGBM_363700_20260405_160514,363700_rep0_fold0_hebo_roc_auc_holdout,LGBM_363700_20260405_160514::363700_rep0_fold0_hebo_roc_auc_holdout,0.13115824485162572,0.18866279069767514,0.3981630309988557
236,0.19532789192231925,0.23368934293011379,0.24610042847795355,363700,0,0,hebo,roc_auc,binary,LGBM,,False,holdout,0.0,78,3,3,LGBM_363700_20260405_160514,363700_rep0_fold0_hebo_roc_auc_holdout,LGBM_363700_20260405_160514::363700_rep0_fold0_hebo_roc_auc_holdout,0.13115824485162572,0.18866279069767514,0.3981630309988557
237,0.19532789192231925,0.23368934293011379,0.24610042847795355,363700,0,0,hebo,roc_auc,binary,LGBM,,False,holdout,0.0,78,3,3,LGBM_363700_20260405_160514,363700_rep0_fold0_hebo_roc_auc_holdout,LGBM_363700_20260405_160514::363700_rep0_fold0_hebo_roc_auc_holdout,0.13115824485162572,0.18866279069767514,0.3981630309988557
238,0.19532789192231925,0.23368934293011379,0.24610042847795355,363700,0,0,hebo,roc_auc,binary,LGBM,,False,holdout,0.0,78,3,3,LGBM_363700_20260405_160514,363700_rep0_fold0_hebo_roc_auc_holdout,LGBM_363700_20260405_160514::363700_rep0_fold0_hebo_roc_auc_holdout,0.13115824485162572,0.18866279069767514,0.3981630309988557
239,0.19532789192231925,0.23368934293011379,0.24610042847795355,363700,0,0,hebo,roc_auc,binary,LGBM,,False,holdout,0.0,78,3,3,LGBM_363700_20260405_160514,363700_rep0_fold0_hebo_roc_auc_holdout,LGBM_363700_20260405_160514::363700_rep0_fold0_hebo_roc_auc_holdout,0.13115824485162572,0.18866279069767514,0.3981630309988557
240,0.19532789192231925,0.23368934293011379,0.24610042847795355,363700,0,0,hebo,roc_auc,binary,LGBM,,False,holdout,0.0,78,3,3,LGBM_363700_20260405_160514,363700_rep0_fold0_hebo_roc_auc_holdout,LGBM_363700_20260405_160514::363700_rep0_fold0_hebo_roc_auc_holdout,0.13115824485162572,0.18866279069767514,0.3981630309988557
241,0.19532789192231925,0.23368934293011379,0.24610042847795355,363700,0,0,hebo,roc_auc,binary,LGBM,,False,holdout,0.0,78,3,3,LGBM_363700_20260405_160514,363700_rep0_fold0_hebo_roc_auc_holdout,LGBM_363700_20260405_160514::363700_rep0_fold0_hebo_roc_auc_holdout,0.13115824485162572,0.18866279069767514,0.3981630309988557
242,0.19532789192231925,0.23368934293011379,0.24610042847795355,363700,0,0,hebo,roc_auc,binary,LGBM,,False,holdout,0.0,78,3,3,LGBM_363700_20260405_160514,363700_rep0_fold0_hebo_roc_auc_holdout,LGBM_363700_20260405_160514::363700_rep0_fold0_hebo_roc_auc_holdout,0.13115824485162572,0.18866279069767514,0.3981630309988557
243,0.19532789192231925,0.23368934293011379,0.24610042847795355,363700,0,0,hebo,roc_auc,binary,LGBM,,False,holdout,0.0,78,3,3,LGBM_363700_20260405_160514,363700_rep0_fold0_hebo_roc_auc_holdout,LGBM_363700_20260405_160514::363700_rep0_fold0_hebo_roc_auc_holdout,0.13115824485162572,0.18866279069767514,0.3981630309988557
244,0.19532789192231925,0.23368934293011379,0.24610042847795355,363700,0,0,hebo,roc_auc,binary,LGBM,,False,holdout,0.0,78,3,3,LGBM_363700_20260405_160514,363700_rep0_fold0_hebo_roc_auc_holdout,LGBM_363700_20260405_160514::363700_rep0_fold0_hebo_roc_auc_holdout,0.13115824485162572,0.18866279069767514,0.3981630309988557
245,0.19532789192231925,0.23368934293011379,0.24610042847795355,363700,0,0,hebo,roc_auc,binary,LGBM,,False,holdout,0.0,78,3,3,LGBM_363700_20260405_160514,363700_rep0_fold0_hebo_roc_auc_holdout,LGBM_363700_20260405_160514::363700_rep0_fold0_hebo_roc_auc_holdout,0.13115824485162572,0.18866279069767514,0.3981630309988557
246,0.19532789192231925,0.23368934293011379,0.24610042847795355,363700,0,0,hebo,roc_auc,binary,LGBM,,False,holdout,0.0,78,3,3,LGBM_363700_20260405_160514,363700_rep0_fold0_hebo_roc_auc_holdout,LGBM_363700_20260405_160514::363700_rep0_fold0_hebo_roc_auc_holdout,0.13115824485162572,0.18866279069767514,0.3981630309988557
247,0.19532789192231925,0.23368934293011379,0.24610042847795355,363700,0,0,hebo,roc_auc,binary,LGBM,,False,holdout,0.0,78,3,3,LGBM_363700_20260405_160514,363700_rep0_fold0_hebo_roc_auc_holdout,LGBM_363700_20260405_160514::363700_rep0_fold0_hebo_roc_auc_holdout,0.13115824485162572,0.18866279069767514,0.3981630309988557
248,0.19532789192231925,0.23368934293011379,0.24610042847795355,363700,0,0,hebo,roc_auc,binary,LGBM,,False,holdout,0.0,78,3,3,LGBM_363700_20260405_160514,363700_rep0_fold0_hebo_roc_auc_holdout,LGBM_363700_20260405_160514::363700_rep0_fold0_hebo_roc_auc_holdout,0.13115824485162572,0.18866279069767514,0.3981630309988557
249,0.19532789192231925,0.23368934293011379,0.24610042847795355,363700,0,0,hebo,roc_auc,binary,LGBM,,False,holdout,0.0,78,3,3,LGBM_363700_20260405_160514,363700_rep0_fold0_hebo_roc_auc_holdout,LGBM_363700_20260405_160514::363700_rep0_fold0_hebo_roc_auc_holdout,0.13115824485162572,0.18866279069767514,0.3981630309988557
0,0.24162772585669778,0.2807098765432099,0.2961538461538462,363700,2,0,smac,roc_auc,binary,LGBM,,False,holdout,0.0,78,3,3,LGBM_363700_20260405_160514,363700_rep2_fold0_smac_roc_auc_holdout,LGBM_363700_20260405_160514::363700_rep2_fold0_smac_roc_auc_holdout,1.0,0.2670013692377911,0.5595996360327585
1,0.24162772585669778,0.2807098765432099,0.2961538461538462,363700,2,0,smac,roc_auc,binary,LGBM,,False,holdout,0.0,78,3,3,LGBM_363700_20260405_160514,363700_rep2_fold0_smac_roc_auc_holdout,LGBM_363700_20260405_160514::363700_rep2_fold0_smac_roc_auc_holdout,1.0,0.2670013692377911,0.5595996360327585
2,0.20807372793354095,0.29445631528964866,0.3023504273504274,363700,2,0,smac,roc_auc,binary,LGBM,,False,holdout,0.0,78,3,3,LGBM_363700_20260405_160514,363700_rep2_fold0_smac_roc_auc_holdout,LGBM_363700_20260405_160514::363700_rep2_fold0_smac_roc_auc_holdout,0.6098113207547163,0.4431766316750345,0.6783439490445872
3,0.20807372793354095,0.29445631528964866,0.3023504273504274,363700,2,0,smac,roc_auc,binary,LGBM,,False,holdout,0.0,78,3,3,LGBM_363700_20260405_160514,363700_rep2_fold0_smac_roc_auc_holdout,LGBM_363700_20260405_160514::363700_rep2_fold0_smac_roc_auc_holdout,0.6098113207547163,0.4431766316750345,0.6783439490445872
4,0.2046339563862929,0.2781813865147199,0.2891025641025641,363700,2,0,smac,roc_auc,binary,LGBM,,False,holdout,0.0,78,3,3,LGBM_363700_20260405_160514,363700_rep2_fold0_smac_roc_auc_holdout,LGBM_363700_20260405_160514::363700_rep2_fold0_smac_roc_auc_holdout,0.5698113207547177,0.2345960748516667,0.42447679708826175
5,0.20353063343717548,0.27137939221272556,0.285375118708452,363700,2,0,smac,roc_auc,binary,LGBM,,False,holdout,0.0,78,3,3,LGBM_363700_20260405_160514,363700_rep2_fold0_smac_roc_auc_holdout,LGBM_363700_20260405_160514::363700_rep2_fold0_smac_roc_auc_holdout,0.5569811320754716,0.14742126882701986,0.35304822565969
6,0.20534787123572174,0.2721035137701804,0.28563627730294394,363700,2,0,smac,roc_auc,binary,LGBM,,False,holdout,0.0,78,3,3,LGBM_363700_20260405_160514,363700_rep2_fold0_smac_roc_auc_holdout,LGBM_363700_20260405_160514::363700_rep2_fold0_smac_roc_auc_holdout,0.5781132075471703,0.1567016582991018,0.3580527752502271
7,0.20534787123572174,0.2721035137701804,0.28563627730294394,363700,2,0,smac,roc_auc,binary,LGBM,,False,holdout,0.0,78,3,3,LGBM_363700_20260405_160514,363700_rep2_fold0_smac_roc_auc_holdout,LGBM_363700_20260405_160514::363700_rep2_fold0_smac_roc_auc_holdout,0.5781132075471703,0.1567016582991018,0.3580527752502271
8,0.20534787123572174,0.2721035137701804,0.28563627730294394,363700,2,0,smac,roc_auc,binary,LGBM,,False,holdout,0.0,78,3,3,LGBM_363700_20260405_160514,363700_rep2_fold0_smac_roc_auc_holdout,LGBM_363700_20260405_160514::363700_rep2_fold0_smac_roc_auc_holdout,0.5781132075471703,0.1567016582991018,0.3580527752502271
9,0.2028816199376947,0.2751187084520418,0.28542260208926884,363700,2,0,smac,roc_auc,binary,LGBM,,False,holdout,0.0,78,3,3,LGBM_363700_20260405_160514,363700_rep2_fold0_smac_roc_auc_holdout,LGBM_363700_20260405_160514::363700_rep2_fold0_smac_roc_auc_holdout,0.5494339622641512,0.19534459151072572,0.35395814376706275
10,0.20145379023883692,0.27867996201329537,0.28710826210826224,363700,2,0,smac,roc_auc,binary,LGBM,,False,holdout,0.0,78,3,3,LGBM_363700_20260405_160514,363700_rep2_fold0_smac_roc_auc_holdout,LGBM_363700_20260405_160514::363700_rep2_fold0_smac_roc_auc_holdout,0.5328301886792448,0.24098585120949367,0.38626023657871056
11,0.20145379023883692,0.27867996201329537,0.28710826210826224,363700,2,0,smac,roc_auc,binary,LGBM,,False,holdout,0.0,78,3,3,LGBM_363700_20260405_160514,363700_rep2_fold0_smac_roc_auc_holdout,LGBM_363700_20260405_160514::363700_rep2_fold0_smac_roc_auc_holdout,0.5328301886792448,0.24098585120949367,0.38626023657871056
12,0.20145379023883692,0.27867996201329537,0.28710826210826224,363700,2,0,smac,roc_auc,binary,LGBM,,False,holdout,0.0,78,3,3,LGBM_363700_20260405_160514,363700_rep2_fold0_smac_roc_auc_holdout,LGBM_363700_20260405_160514::363700_rep2_fold0_smac_roc_auc_holdout,0.5328301886792448,0.24098585120949367,0.38626023657871056
13,0.20145379023883692,0.27867996201329537,0.28710826210826224,363700,2,0,smac,roc_auc,binary,LGBM,,False,holdout,0.0,78,3,3,LGBM_363700_20260405_160514,363700_rep2_fold0_smac_roc_auc_holdout,LGBM_363700_20260405_160514::363700_rep2_fold0_smac_roc_auc_holdout,0.5328301886792448,0.24098585120949367,0.38626023657871056
14,0.20145379023883692,0.27867996201329537,0.28710826210826224,363700,2,0,smac,roc_auc,binary,LGBM,,False,holdout,0.0,78,3,3,LGBM_363700_20260405_160514,363700_rep2_fold0_smac_roc_auc_holdout,LGBM_363700_20260405_160514::363700_rep2_fold0_smac_roc_auc_holdout,0.5328301886792448,0.24098585120949367,0.38626023657871056
15,0.20327102803738317,0.2814102564102564,0.28903133903133904,363700,2,0,smac,roc_auc,binary,LGBM,,False,holdout,0.0,78,3,3,LGBM_363700_20260405_160514,363700_rep2_fold0_smac_roc_auc_holdout,LGBM_363700_20260405_160514::363700_rep2_fold0_smac_roc_auc_holdout,0.5539622641509434,0.27597748364521524,0.423111919927207
16,0.20106438213914846,0.30531813865147206,0.29717473884140555,363700,2,0,smac,roc_auc,binary,LGBM,,False,holdout,0.0,78,3,3,LGBM_363700_20260405_160514,363700_rep2_fold0_smac_roc_auc_holdout,LGBM_363700_20260405_160514::363700_rep2_fold0_smac_roc_auc_holdout,0.5283018867924525,0.5823824737562763,0.5791628753412206
17,0.20106438213914846,0.30531813865147206,0.29717473884140555,363700,2,0,smac,roc_auc,binary,LGBM,,False,holdout,0.0,78,3,3,LGBM_363700_20260405_160514,363700_rep2_fold0_smac_roc_auc_holdout,LGBM_363700_20260405_160514::363700_rep2_fold0_smac_roc_auc_holdout,0.5283018867924525,0.5823824737562763,0.5791628753412206
18,0.20106438213914846,0.30531813865147206,0.29717473884140555,363700,2,0,smac,roc_auc,binary,LGBM,,False,holdout,0.0,78,3,3,LGBM_363700_20260405_160514,363700_rep2_fold0_smac_roc_auc_holdout,LGBM_363700_20260405_160514::363700_rep2_fold0_smac_roc_auc_holdout,0.5283018867924525,0.5823824737562763,0.5791628753412206
19,0.20106438213914846,0.30531813865147206,0.29717473884140555,363700,2,0,smac,roc_auc,binary,LGBM,,False,holdout,0.0,78,3,3,LGBM_363700_20260405_160514,363700_rep2_fold0_smac_roc_auc_holdout,LGBM_363700_20260405_160514::363700_rep2_fold0_smac_roc_auc_holdout,0.5283018867924525,0.5823824737562763,0.5791628753412206
20,0.20106438213914846,0.30531813865147206,0.29717473884140555,363700,2,0,smac,roc_auc,binary,LGBM,,False,holdout,0.0,78,3,3,LGBM_363700_20260405_160514,363700_rep2_fold0_smac_roc_auc_holdout,LGBM_363700_20260405_160514::363700_rep2_fold0_smac_roc_auc_holdout,0.5283018867924525,0.5823824737562763,0.5791628753412206
21,0.20106438213914846,0.30531813865147206,0.29717473884140555,363700,2,0,smac,roc_auc,binary,LGBM,,False,holdout,0.0,78,3,3,LGBM_363700_20260405_160514,363700_rep2_fold0_smac_roc_auc_holdout,LGBM_363700_20260405_160514::363700_rep2_fold0_smac_roc_auc_holdout,0.5283018867924525,0.5823824737562763,0.5791628753412206
22,0.19548286604361376,0.3184710351377018,0.3033475783475784,363700,2,0,smac,roc_auc,binary,LGBM,,False,holdout,0.0,78,3,3,LGBM_363700_20260405_160514,363700_rep2_fold0_smac_roc_auc_holdout,LGBM_363700_20260405_160514::363700_rep2_fold0_smac_roc_auc_holdout,0.463396226415095,0.7509508595770571,0.6974522292993649
23,0.19548286604361376,0.3184710351377018,0.3033475783475784,363700,2,0,smac,roc_auc,binary,LGBM,,False,holdout,0.0,78,3,3,LGBM_363700_20260405_160514,363700_rep2_fold0_smac_roc_auc_holdout,LGBM_363700_20260405_160514::363700_rep2_fold0_smac_roc_auc_holdout,0.463396226415095,0.7509508595770571,0.6974522292993649
24,0.19548286604361376,0.3184710351377018,0.3033475783475784,363700,2,0,smac,roc_auc,binary,LGBM,,False,holdout,0.0,78,3,3,LGBM_363700_20260405_160514,363700_rep2_fold0_smac_roc_auc_holdout,LGBM_363700_20260405_160514::363700_rep2_fold0_smac_roc_auc_holdout,0.463396226415095,0.7509508595770571,0.6974522292993649
25,0.1953530633437176,0.3182336182336183,0.3029677113010446,363700,2,0,smac,roc_auc,binary,LGBM,,False,holdout,0.0,78,3,3,LGBM_363700_20260405_160514,363700_rep2_fold0_smac_roc_auc_holdout,LGBM_363700_20260405_160514::363700_rep2_fold0_smac_roc_auc_holdout,0.4618867924528309,0.7479081089304732,0.6901728844404004
26,0.1953530633437176,0.3182336182336183,0.3029677113010446,363700,2,0,smac,roc_auc,binary,LGBM,,False,holdout,0.0,78,3,3,LGBM_363700_20260405_160514,363700_rep2_fold0_smac_roc_auc_holdout,LGBM_363700_20260405_160514::363700_rep2_fold0_smac_roc_auc_holdout,0.4618867924528309,0.7479081089304732,0.6901728844404004
27,0.1953530633437176,0.3182336182336183,0.3029677113010446,363700,2,0,smac,roc_auc,binary,LGBM,,False,holdout,0.0,78,3,3,LGBM_363700_20260405_160514,363700_rep2_fold0_smac_roc_auc_holdout,LGBM_363700_20260405_160514::363700_rep2_fold0_smac_roc_auc_holdout,0.4618867924528309,0.7479081089304732,0.6901728844404004
28,0.1953530633437176,0.3182336182336183,0.3029677113010446,363700,2,0,smac,roc_auc,binary,LGBM,,False,holdout,0.0,78,3,3,LGBM_363700_20260405_160514,363700_rep2_fold0_smac_roc_auc_holdout,LGBM_363700_20260405_160514::363700_rep2_fold0_smac_roc_auc_holdout,0.4618867924528309,0.7479081089304732,0.6901728844404004
29,0.20366043613707163,0.2812203228869895,0.2902421652421653,363700,2,0,smac,roc_auc,binary,LGBM,,False,holdout,0.0,78,3,3,LGBM_363700_20260405_160514,363700_rep2_fold0_smac_roc_auc_holdout,LGBM_363700_20260405_160514::363700_rep2_fold0_smac_roc_auc_holdout,0.5584905660377357,0.273543283127947,0.44631483166515123
30,0.20366043613707163,0.2812203228869895,0.2902421652421653,363700,2,0,smac,roc_auc,binary,LGBM,,False,holdout,0.0,78,3,3,LGBM_363700_20260405_160514,363700_rep2_fold0_smac_roc_auc_holdout,LGBM_363700_20260405_160514::363700_rep2_fold0_smac_roc_auc_holdout,0.5584905660377357,0.273543283127947,0.44631483166515123
31,0.20366043613707163,0.2812203228869895,0.2902421652421653,363700,2,0,smac,roc_auc,binary,LGBM,,False,holdout,0.0,78,3,3,LGBM_363700_20260405_160514,363700_rep2_fold0_smac_roc_auc_holdout,LGBM_363700_20260405_160514::363700_rep2_fold0_smac_roc_auc_holdout,0.5584905660377357,0.273543283127947,0.44631483166515123
32,0.20366043613707163,0.2812203228869895,0.2902421652421653,363700,2,0,smac,roc_auc,binary,LGBM,,False,holdout,0.0,78,3,3,LGBM_363700_20260405_160514,363700_rep2_fold0_smac_roc_auc_holdout,LGBM_363700_20260405_160514::363700_rep2_fold0_smac_roc_auc_holdout,0.5584905660377357,0.273543283127947,0.44631483166515123
33,0.20366043613707163,0.2812203228869895,0.2902421652421653,363700,2,0,smac,roc_auc,binary,LGBM,,False,holdout,0.0,78,3,3,LGBM_363700_20260405_160514,363700_rep2_fold0_smac_roc_auc_holdout,LGBM_363700_20260405_160514::363700_rep2_fold0_smac_roc_auc_holdout,0.5584905660377357,0.273543283127947,0.44631483166515123
34,0.20366043613707163,0.2812203228869895,0.2902421652421653,363700,2,0,smac,roc_auc,binary,LGBM,,False,holdout,0.0,78,3,3,LGBM_363700_20260405_160514,363700_rep2_fold0_smac_roc_auc_holdout,LGBM_363700_20260405_160514::363700_rep2_fold0_smac_roc_auc_holdout,0.5584905660377357,0.273543283127947,0.44631483166515123
35,0.20366043613707163,0.2812203228869895,0.2902421652421653,363700,2,0,smac,roc_auc,binary,LGBM,,False,holdout,0.0,78,3,3,LGBM_363700_20260405_160514,363700_rep2_fold0_smac_roc_auc_holdout,LGBM_363700_20260405_160514::363700_rep2_fold0_smac_roc_auc_holdout,0.5584905660377357,0.273543283127947,0.44631483166515123
36,0.20366043613707163,0.2812203228869895,0.2902421652421653,363700,2,0,smac,roc_auc,binary,LGBM,,False,holdout,0.0,78,3,3,LGBM_363700_20260405_160514,363700_rep2_fold0_smac_roc_auc_holdout,LGBM_363700_20260405_160514::363700_rep2_fold0_smac_roc_auc_holdout,0.5584905660377357,0.273543283127947,0.44631483166515123
37,0.1905503634475597,0.297673314339981,0.2928774928774929,363700,2,0,smac,roc_auc,binary,LGBM,,False,holdout,0.0,78,3,3,LGBM_363700_20260405_160514,363700_rep2_fold0_smac_roc_auc_holdout,LGBM_363700_20260405_160514::363700_rep2_fold0_smac_roc_auc_holdout,0.40603773584905667,0.48440590293625413,0.49681528662420404
38,0.1905503634475597,0.297673314339981,0.2928774928774929,363700,2,0,smac,roc_auc,binary,LGBM,,False,holdout,0.0,78,3,3,LGBM_363700_20260405_160514,363700_rep2_fold0_smac_roc_auc_holdout,LGBM_363700_20260405_160514::363700_rep2_fold0_smac_roc_auc_holdout,0.40603773584905667,0.48440590293625413,0.49681528662420404
39,0.1936007268951193,0.2958214624881291,0.2920584045584046,363700,2,0,smac,roc_auc,binary,LGBM,,False,holdout,0.0,78,3,3,LGBM_363700_20260405_160514,363700_rep2_fold0_smac_roc_auc_holdout,LGBM_363700_20260405_160514::363700_rep2_fold0_smac_roc_auc_holdout,0.44150943396226294,0.4606724478928946,0.4811191992720665
40,0.1936007268951193,0.2958214624881291,0.2920584045584046,363700,2,0,smac,roc_auc,binary,LGBM,,False,holdout,0.0,78,3,3,LGBM_363700_20260405_160514,363700_rep2_fold0_smac_roc_auc_holdout,LGBM_363700_20260405_160514::363700_rep2_fold0_smac_roc_auc_holdout,0.44150943396226294,0.4606724478928946,0.4811191992720665
41,0.1936007268951193,0.2958214624881291,0.2920584045584046,363700,2,0,smac,roc_auc,binary,LGBM,,False,holdout,0.0,78,3,3,LGBM_363700_20260405_160514,363700_rep2_fold0_smac_roc_auc_holdout,LGBM_363700_20260405_160514::363700_rep2_fold0_smac_roc_auc_holdout,0.44150943396226294,0.4606724478928946,0.4811191992720665
42,0.1936007268951193,0.2958214624881291,0.2920584045584046,363700,2,0,smac,roc_auc,binary,LGBM,,False,holdout,0.0,78,3,3,LGBM_363700_20260405_160514,363700_rep2_fold0_smac_roc_auc_holdout,LGBM_363700_20260405_160514::363700_rep2_fold0_smac_roc_auc_holdout,0.44150943396226294,0.4606724478928946,0.4811191992720665
43,0.19665109034267914,0.27846628679962016,0.27574786324786327,363700,2,0,smac,roc_auc,binary,LGBM,,False,holdout,0.0,78,3,3,LGBM_363700_20260405_160514,363700_rep2_fold0_smac_roc_auc_holdout,LGBM_363700_20260405_160514::363700_rep2_fold0_smac_roc_auc_holdout,0.4769811320754719,0.23824737562756762,0.16856232939035518
44,0.19665109034267914,0.27846628679962016,0.27574786324786327,363700,2,0,smac,roc_auc,binary,LGBM,,False,holdout,0.0,78,3,3,LGBM_363700_20260405_160514,363700_rep2_fold0_smac_roc_auc_holdout,LGBM_363700_20260405_160514::363700_rep2_fold0_smac_roc_auc_holdout,0.4769811320754719,0.23824737562756762,0.16856232939035518
45,0.17653167185877472,0.2603157644824312,0.2727801519468186,363700,2,0,smac,roc_auc,binary,LGBM,,False,holdout,0.0,78,3,3,LGBM_363700_20260405_160514,363700_rep2_fold0_smac_roc_auc_holdout,LGBM_363700_20260405_160514::363700_rep2_fold0_smac_roc_auc_holdout,0.24301886792452887,0.005629088696182428,0.11169244767970833
46,0.16082554517133962,0.27688746438746425,0.2848646723646724,363700,2,0,smac,roc_auc,binary,LGBM,,False,holdout,0.0,78,3,3,LGBM_363700_20260405_160514,363700_rep2_fold0_smac_roc_auc_holdout,LGBM_363700_20260405_160514::363700_rep2_fold0_smac_roc_auc_holdout,0.06037735849056652,0.21801308382777865,0.3432666060054601
47,0.16082554517133962,0.27688746438746425,0.2848646723646724,363700,2,0,smac,roc_auc,binary,LGBM,,False,holdout,0.0,78,3,3,LGBM_363700_20260405_160514,363700_rep2_fold0_smac_roc_auc_holdout,LGBM_363700_20260405_160514::363700_rep2_fold0_smac_roc_auc_holdout,0.06037735849056652,0.21801308382777865,0.3432666060054601
48,0.17056074766355134,0.27811016144349476,0.28709639126305797,363700,2,0,smac,roc_auc,binary,LGBM,,False,holdout,0.0,78,3,3,LGBM_363700_20260405_160514,363700_rep2_fold0_smac_roc_auc_holdout,LGBM_363700_20260405_160514::363700_rep2_fold0_smac_roc_auc_holdout,0.17358490566037646,0.23368324965769038,0.3860327570518663
49,0.17056074766355134,0.27811016144349476,0.28709639126305797,363700,2,0,smac,roc_auc,binary,LGBM,,False,holdout,0.0,78,3,3,LGBM_363700_20260405_160514,363700_rep2_fold0_smac_roc_auc_holdout,LGBM_363700_20260405_160514::363700_rep2_fold0_smac_roc_auc_holdout,0.17358490566037646,0.23368324965769038,0.3860327570518663
50,0.17056074766355134,0.27811016144349476,0.28709639126305797,363700,2,0,smac,roc_auc,binary,LGBM,,False,holdout,0.0,78,3,3,LGBM_363700_20260405_160514,363700_rep2_fold0_smac_roc_auc_holdout,LGBM_363700_20260405_160514::363700_rep2_fold0_smac_roc_auc_holdout,0.17358490566037646,0.23368324965769038,0.3860327570518663
51,0.17056074766355134,0.27811016144349476,0.28709639126305797,363700,2,0,smac,roc_auc,binary,LGBM,,False,holdout,0.0,78,3,3,LGBM_363700_20260405_160514,363700_rep2_fold0_smac_roc_auc_holdout,LGBM_363700_20260405_160514::363700_rep2_fold0_smac_roc_auc_holdout,0.17358490566037646,0.23368324965769038,0.3860327570518663
52,0.17056074766355134,0.27811016144349476,0.28709639126305797,363700,2,0,smac,roc_auc,binary,LGBM,,False,holdout,0.0,78,3,3,LGBM_363700_20260405_160514,363700_rep2_fold0_smac_roc_auc_holdout,LGBM_363700_20260405_160514::363700_rep2_fold0_smac_roc_auc_holdout,0.17358490566037646,0.23368324965769038,0.3860327570518663
53,0.17056074766355134,0.27811016144349476,0.28709639126305797,363700,2,0,smac,roc_auc,binary,LGBM,,False,holdout,0.0,78,3,3,LGBM_363700_20260405_160514,363700_rep2_fold0_smac_roc_auc_holdout,LGBM_363700_20260405_160514::363700_rep2_fold0_smac_roc_auc_holdout,0.17358490566037646,0.23368324965769038,0.3860327570518663
54,0.17056074766355134,0.27811016144349476,0.28709639126305797,363700,2,0,smac,roc_auc,binary,LGBM,,False,holdout,0.0,78,3,3,LGBM_363700_20260405_160514,363700_rep2_fold0_smac_roc_auc_holdout,LGBM_363700_20260405_160514::363700_rep2_fold0_smac_roc_auc_holdout,0.17358490566037646,0.23368324965769038,0.3860327570518663
55,0.17056074766355134,0.27811016144349476,0.28709639126305797,363700,2,0,smac,roc_auc,binary,LGBM,,False,holdout,0.0,78,3,3,LGBM_363700_20260405_160514,363700_rep2_fold0_smac_roc_auc_holdout,LGBM_363700_20260405_160514::363700_rep2_fold0_smac_roc_auc_holdout,0.17358490566037646,0.23368324965769038,0.3860327570518663
56,0.17056074766355134,0.27811016144349476,0.28709639126305797,363700,2,0,smac,roc_auc,binary,LGBM,,False,holdout,0.0,78,3,3,LGBM_363700_20260405_160514,363700_rep2_fold0_smac_roc_auc_holdout,LGBM_363700_20260405_160514::363700_rep2_fold0_smac_roc_auc_holdout,0.17358490566037646,0.23368324965769038,0.3860327570518663
57,0.17056074766355134,0.27811016144349476,0.28709639126305797,363700,2,0,smac,roc_auc,binary,LGBM,,False,holdout,0.0,78,3,3,LGBM_363700_20260405_160514,363700_rep2_fold0_smac_roc_auc_holdout,LGBM_363700_20260405_160514::363700_rep2_fold0_smac_roc_auc_holdout,0.17358490566037646,0.23368324965769038,0.3860327570518663
58,0.17056074766355134,0.27811016144349476,0.28709639126305797,363700,2,0,smac,roc_auc,binary,LGBM,,False,holdout,0.0,78,3,3,LGBM_363700_20260405_160514,363700_rep2_fold0_smac_roc_auc_holdout,LGBM_363700_20260405_160514::363700_rep2_fold0_smac_roc_auc_holdout,0.17358490566037646,0.23368324965769038,0.3860327570518663
59,0.17056074766355134,0.27811016144349476,0.28709639126305797,363700,2,0,smac,roc_auc,binary,LGBM,,False,holdout,0.0,78,3,3,LGBM_363700_20260405_160514,363700_rep2_fold0_smac_roc_auc_holdout,LGBM_363700_20260405_160514::363700_rep2_fold0_smac_roc_auc_holdout,0.17358490566037646,0.23368324965769038,0.3860327570518663
60,0.17056074766355134,0.27811016144349476,0.28709639126305797,363700,2,0,smac,roc_auc,binary,LGBM,,False,holdout,0.0,78,3,3,LGBM_363700_20260405_160514,363700_rep2_fold0_smac_roc_auc_holdout,LGBM_363700_20260405_160514::363700_rep2_fold0_smac_roc_auc_holdout,0.17358490566037646,0.23368324965769038,0.3860327570518663
61,0.17056074766355134,0.27811016144349476,0.28709639126305797,363700,2,0,smac,roc_auc,binary,LGBM,,False,holdout,0.0,78,3,3,LGBM_363700_20260405_160514,363700_rep2_fold0_smac_roc_auc_holdout,LGBM_363700_20260405_160514::363700_rep2_fold0_smac_roc_auc_holdout,0.17358490566037646,0.23368324965769038,0.3860327570518663
62,0.17056074766355134,0.27811016144349476,0.28709639126305797,363700,2,0,smac,roc_auc,binary,LGBM,,False,holdout,0.0,78,3,3,LGBM_363700_20260405_160514,363700_rep2_fold0_smac_roc_auc_holdout,LGBM_363700_20260405_160514::363700_rep2_fold0_smac_roc_auc_holdout,0.17358490566037646,0.23368324965769038,0.3860327570518663
63,0.17056074766355134,0.27811016144349476,0.28709639126305797,363700,2,0,smac,roc_auc,binary,LGBM,,False,holdout,0.0,78,3,3,LGBM_363700_20260405_160514,363700_rep2_fold0_smac_roc_auc_holdout,LGBM_363700_20260405_160514::363700_rep2_fold0_smac_roc_auc_holdout,0.17358490566037646,0.23368324965769038,0.3860327570518663
64,0.17056074766355134,0.27811016144349476,0.28709639126305797,363700,2,0,smac,roc_auc,binary,LGBM,,False,holdout,0.0,78,3,3,LGBM_363700_20260405_160514,363700_rep2_fold0_smac_roc_auc_holdout,LGBM_363700_20260405_160514::363700_rep2_fold0_smac_roc_auc_holdout,0.17358490566037646,0.23368324965769038,0.3860327570518663
65,0.17056074766355134,0.27811016144349476,0.28709639126305797,363700,2,0,smac,roc_auc,binary,LGBM,,False,holdout,0.0,78,3,3,LGBM_363700_20260405_160514,363700_rep2_fold0_smac_roc_auc_holdout,LGBM_363700_20260405_160514::363700_rep2_fold0_smac_roc_auc_holdout,0.17358490566037646,0.23368324965769038,0.3860327570518663
66,0.17056074766355134,0.27811016144349476,0.28709639126305797,363700,2,0,smac,roc_auc,binary,LGBM,,False,holdout,0.0,78,3,3,LGBM_363700_20260405_160514,363700_rep2_fold0_smac_roc_auc_holdout,LGBM_363700_20260405_160514::363700_rep2_fold0_smac_roc_auc_holdout,0.17358490566037646,0.23368324965769038,0.3860327570518663
67,0.17056074766355134,0.27811016144349476,0.28709639126305797,363700,2,0,smac,roc_auc,binary,LGBM,,False,holdout,0.0,78,3,3,LGBM_363700_20260405_160514,363700_rep2_fold0_smac_roc_auc_holdout,LGBM_363700_20260405_160514::363700_rep2_fold0_smac_roc_auc_holdout,0.17358490566037646,0.23368324965769038,0.3860327570518663
68,0.17056074766355134,0.27811016144349476,0.28709639126305797,363700,2,0,smac,roc_auc,binary,LGBM,,False,holdout,0.0,78,3,3,LGBM_363700_20260405_160514,363700_rep2_fold0_smac_roc_auc_holdout,LGBM_363700_20260405_160514::363700_rep2_fold0_smac_roc_auc_holdout,0.17358490566037646,0.23368324965769038,0.3860327570518663
69,0.17056074766355134,0.27811016144349476,0.28709639126305797,363700,2,0,smac,roc_auc,binary,LGBM,,False,holdout,0.0,78,3,3,LGBM_363700_20260405_160514,363700_rep2_fold0_smac_roc_auc_holdout,LGBM_363700_20260405_160514::363700_rep2_fold0_smac_roc_auc_holdout,0.17358490566037646,0.23368324965769038,0.3860327570518663
70,0.17056074766355134,0.27811016144349476,0.28709639126305797,363700,2,0,smac,roc_auc,binary,LGBM,,False,holdout,0.0,78,3,3,LGBM_363700_20260405_160514,363700_rep2_fold0_smac_roc_auc_holdout,LGBM_363700_20260405_160514::363700_rep2_fold0_smac_roc_auc_holdout,0.17358490566037646,0.23368324965769038,0.3860327570518663
71,0.17056074766355134,0.27811016144349476,0.28709639126305797,363700,2,0,smac,roc_auc,binary,LGBM,,False,holdout,0.0,78,3,3,LGBM_363700_20260405_160514,363700_rep2_fold0_smac_roc_auc_holdout,LGBM_363700_20260405_160514::363700_rep2_fold0_smac_roc_auc_holdout,0.17358490566037646,0.23368324965769038,0.3860327570518663
72,0.17056074766355134,0.27811016144349476,0.28709639126305797,363700,2,0,smac,roc_auc,binary,LGBM,,False,holdout,0.0,78,3,3,LGBM_363700_20260405_160514,363700_rep2_fold0_smac_roc_auc_holdout,LGBM_363700_20260405_160514::363700_rep2_fold0_smac_roc_auc_holdout,0.17358490566037646,0.23368324965769038,0.3860327570518663
73,0.17056074766355134,0.27811016144349476,0.28709639126305797,363700,2,0,smac,roc_auc,binary,LGBM,,False,holdout,0.0,78,3,3,LGBM_363700_20260405_160514,363700_rep2_fold0_smac_roc_auc_holdout,LGBM_363700_20260405_160514::363700_rep2_fold0_smac_roc_auc_holdout,0.17358490566037646,0.23368324965769038,0.3860327570518663
74,0.17056074766355134,0.27811016144349476,0.28709639126305797,363700,2,0,smac,roc_auc,binary,LGBM,,False,holdout,0.0,78,3,3,LGBM_363700_20260405_160514,363700_rep2_fold0_smac_roc_auc_holdout,LGBM_363700_20260405_160514::363700_rep2_fold0_smac_roc_auc_holdout,0.17358490566037646,0.23368324965769038,0.3860327570518663
75,0.17056074766355134,0.27811016144349476,0.28709639126305797,363700,2,0,smac,roc_auc,binary,LGBM,,False,holdout,0.0,78,3,3,LGBM_363700_20260405_160514,363700_rep2_fold0_smac_roc_auc_holdout,LGBM_363700_20260405_160514::363700_rep2_fold0_smac_roc_auc_holdout,0.17358490566037646,0.23368324965769038,0.3860327570518663
76,0.17056074766355134,0.27811016144349476,0.28709639126305797,363700,2,0,smac,roc_auc,binary,LGBM,,False,holdout,0.0,78,3,3,LGBM_363700_20260405_160514,363700_rep2_fold0_smac_roc_auc_holdout,LGBM_363700_20260405_160514::363700_rep2_fold0_smac_roc_auc_holdout,0.17358490566037646,0.23368324965769038,0.3860327570518663
77,0.17056074766355134,0.27811016144349476,0.28709639126305797,363700,2,0,smac,roc_auc,binary,LGBM,,False,holdout,0.0,78,3,3,LGBM_363700_20260405_160514,363700_rep2_fold0_smac_roc_auc_holdout,LGBM_363700_20260405_160514::363700_rep2_fold0_smac_roc_auc_holdout,0.17358490566037646,0.23368324965769038,0.3860327570518663
78,0.17056074766355134,0.27811016144349476,0.28709639126305797,363700,2,0,smac,roc_auc,binary,LGBM,,False,holdout,0.0,78,3,3,LGBM_363700_20260405_160514,363700_rep2_fold0_smac_roc_auc_holdout,LGBM_363700_20260405_160514::363700_rep2_fold0_smac_roc_auc_holdout,0.17358490566037646,0.23368324965769038,0.3860327570518663
79,0.17056074766355134,0.27811016144349476,0.28709639126305797,363700,2,0,smac,roc_auc,binary,LGBM,,False,holdout,0.0,78,3,3,LGBM_363700_20260405_160514,363700_rep2_fold0_smac_roc_auc_holdout,LGBM_363700_20260405_160514::363700_rep2_fold0_smac_roc_auc_holdout,0.17358490566037646,0.23368324965769038,0.3860327570518663
80,0.17056074766355134,0.27811016144349476,0.28709639126305797,363700,2,0,smac,roc_auc,binary,LGBM,,False,holdout,0.0,78,3,3,LGBM_363700_20260405_160514,363700_rep2_fold0_smac_roc_auc_holdout,LGBM_363700_20260405_160514::363700_rep2_fold0_smac_roc_auc_holdout,0.17358490566037646,0.23368324965769038,0.3860327570518663
81,0.17056074766355134,0.27811016144349476,0.28709639126305797,363700,2,0,smac,roc_auc,binary,LGBM,,False,holdout,0.0,78,3,3,LGBM_363700_20260405_160514,363700_rep2_fold0_smac_roc_auc_holdout,LGBM_363700_20260405_160514::363700_rep2_fold0_smac_roc_auc_holdout,0.17358490566037646,0.23368324965769038,0.3860327570518663
82,0.17056074766355134,0.27811016144349476,0.28709639126305797,363700,2,0,smac,roc_auc,binary,LGBM,,False,holdout,0.0,78,3,3,LGBM_363700_20260405_160514,363700_rep2_fold0_smac_roc_auc_holdout,LGBM_363700_20260405_160514::363700_rep2_fold0_smac_roc_auc_holdout,0.17358490566037646,0.23368324965769038,0.3860327570518663
83,0.17056074766355134,0.27811016144349476,0.28709639126305797,363700,2,0,smac,roc_auc,binary,LGBM,,False,holdout,0.0,78,3,3,LGBM_363700_20260405_160514,363700_rep2_fold0_smac_roc_auc_holdout,LGBM_363700_20260405_160514::363700_rep2_fold0_smac_roc_auc_holdout,0.17358490566037646,0.23368324965769038,0.3860327570518663
84,0.17056074766355134,0.27811016144349476,0.28709639126305797,363700,2,0,smac,roc_auc,binary,LGBM,,False,holdout,0.0,78,3,3,LGBM_363700_20260405_160514,363700_rep2_fold0_smac_roc_auc_holdout,LGBM_363700_20260405_160514::363700_rep2_fold0_smac_roc_auc_holdout,0.17358490566037646,0.23368324965769038,0.3860327570518663
85,0.17056074766355134,0.27811016144349476,0.28709639126305797,363700,2,0,smac,roc_auc,binary,LGBM,,False,holdout,0.0,78,3,3,LGBM_363700_20260405_160514,363700_rep2_fold0_smac_roc_auc_holdout,LGBM_363700_20260405_160514::363700_rep2_fold0_smac_roc_auc_holdout,0.17358490566037646,0.23368324965769038,0.3860327570518663
86,0.17056074766355134,0.27811016144349476,0.28709639126305797,363700,2,0,smac,roc_auc,binary,LGBM,,False,holdout,0.0,78,3,3,LGBM_363700_20260405_160514,363700_rep2_fold0_smac_roc_auc_holdout,LGBM_363700_20260405_160514::363700_rep2_fold0_smac_roc_auc_holdout,0.17358490566037646,0.23368324965769038,0.3860327570518663
87,0.17056074766355134,0.27811016144349476,0.28709639126305797,363700,2,0,smac,roc_auc,binary,LGBM,,False,holdout,0.0,78,3,3,LGBM_363700_20260405_160514,363700_rep2_fold0_smac_roc_auc_holdout,LGBM_363700_20260405_160514::363700_rep2_fold0_smac_roc_auc_holdout,0.17358490566037646,0.23368324965769038,0.3860327570518663
88,0.17056074766355134,0.27811016144349476,0.28709639126305797,363700,2,0,smac,roc_auc,binary,LGBM,,False,holdout,0.0,78,3,3,LGBM_363700_20260405_160514,363700_rep2_fold0_smac_roc_auc_holdout,LGBM_363700_20260405_160514::363700_rep2_fold0_smac_roc_auc_holdout,0.17358490566037646,0.23368324965769038,0.3860327570518663
89,0.17056074766355134,0.27811016144349476,0.28709639126305797,363700,2,0,smac,roc_auc,binary,LGBM,,False,holdout,0.0,78,3,3,LGBM_363700_20260405_160514,363700_rep2_fold0_smac_roc_auc_holdout,LGBM_363700_20260405_160514::363700_rep2_fold0_smac_roc_auc_holdout,0.17358490566037646,0.23368324965769038,0.3860327570518663
90,0.17056074766355134,0.27811016144349476,0.28709639126305797,363700,2,0,smac,roc_auc,binary,LGBM,,False,holdout,0.0,78,3,3,LGBM_363700_20260405_160514,363700_rep2_fold0_smac_roc_auc_holdout,LGBM_363700_20260405_160514::363700_rep2_fold0_smac_roc_auc_holdout,0.17358490566037646,0.23368324965769038,0.3860327570518663
91,0.17056074766355134,0.27811016144349476,0.28709639126305797,363700,2,0,smac,roc_auc,binary,LGBM,,False,holdout,0.0,78,3,3,LGBM_363700_20260405_160514,363700_rep2_fold0_smac_roc_auc_holdout,LGBM_363700_20260405_160514::363700_rep2_fold0_smac_roc_auc_holdout,0.17358490566037646,0.23368324965769038,0.3860327570518663
92,0.17056074766355134,0.27811016144349476,0.28709639126305797,363700,2,0,smac,roc_auc,binary,LGBM,,False,holdout,0.0,78,3,3,LGBM_363700_20260405_160514,363700_rep2_fold0_smac_roc_auc_holdout,LGBM_363700_20260405_160514::363700_rep2_fold0_smac_roc_auc_holdout,0.17358490566037646,0.23368324965769038,0.3860327570518663
93,0.17056074766355134,0.27811016144349476,0.28709639126305797,363700,2,0,smac,roc_auc,binary,LGBM,,False,holdout,0.0,78,3,3,LGBM_363700_20260405_160514,363700_rep2_fold0_smac_roc_auc_holdout,LGBM_363700_20260405_160514::363700_rep2_fold0_smac_roc_auc_holdout,0.17358490566037646,0.23368324965769038,0.3860327570518663
94,0.17056074766355134,0.27811016144349476,0.28709639126305797,363700,2,0,smac,roc_auc,binary,LGBM,,False,holdout,0.0,78,3,3,LGBM_363700_20260405_160514,363700_rep2_fold0_smac_roc_auc_holdout,LGBM_363700_20260405_160514::363700_rep2_fold0_smac_roc_auc_holdout,0.17358490566037646,0.23368324965769038,0.3860327570518663
95,0.1642004153686396,0.2655508072174738,0.28085232668566007,363700,2,0,smac,roc_auc,binary,LGBM,,False,holdout,0.0,78,3,3,LGBM_363700_20260405_160514,363700_rep2_fold0_smac_roc_auc_holdout,LGBM_363700_20260405_160514::363700_rep2_fold0_smac_roc_auc_holdout,0.09962264150943308,0.07272174045336918,0.2663785259326671
96,0.1642004153686396,0.2655508072174738,0.28085232668566007,363700,2,0,smac,roc_auc,binary,LGBM,,False,holdout,0.0,78,3,3,LGBM_363700_20260405_160514,363700_rep2_fold0_smac_roc_auc_holdout,LGBM_363700_20260405_160514::363700_rep2_fold0_smac_roc_auc_holdout,0.09962264150943308,0.07272174045336918,0.2663785259326671
97,0.1642004153686396,0.2655508072174738,0.28085232668566007,363700,2,0,smac,roc_auc,binary,LGBM,,False,holdout,0.0,78,3,3,LGBM_363700_20260405_160514,363700_rep2_fold0_smac_roc_auc_holdout,LGBM_363700_20260405_160514::363700_rep2_fold0_smac_roc_auc_holdout,0.09962264150943308,0.07272174045336918,0.2663785259326671
98,0.1642004153686396,0.2655508072174738,0.28085232668566007,363700,2,0,smac,roc_auc,binary,LGBM,,False,holdout,0.0,78,3,3,LGBM_363700_20260405_160514,363700_rep2_fold0_smac_roc_auc_holdout,LGBM_363700_20260405_160514::363700_rep2_fold0_smac_roc_auc_holdout,0.09962264150943308,0.07272174045336918,0.2663785259326671
99,0.1642004153686396,0.2655508072174738,0.28085232668566007,363700,2,0,smac,roc_auc,binary,LGBM,,False,holdout,0.0,78,3,3,LGBM_363700_20260405_160514,363700_rep2_fold0_smac_roc_auc_holdout,LGBM_363700_20260405_160514::363700_rep2_fold0_smac_roc_auc_holdout,0.09962264150943308,0.07272174045336918,0.2663785259326671
100,0.1642004153686396,0.2655508072174738,0.28085232668566007,363700,2,0,smac,roc_auc,binary,LGBM,,False,holdout,0.0,78,3,3,LGBM_363700_20260405_160514,363700_rep2_fold0_smac_roc_auc_holdout,LGBM_363700_20260405_160514::363700_rep2_fold0_smac_roc_auc_holdout,0.09962264150943308,0.07272174045336918,0.2663785259326671
101,0.1642004153686396,0.2655508072174738,0.28085232668566007,363700,2,0,smac,roc_auc,binary,LGBM,,False,holdout,0.0,78,3,3,LGBM_363700_20260405_160514,363700_rep2_fold0_smac_roc_auc_holdout,LGBM_363700_20260405_160514::363700_rep2_fold0_smac_roc_auc_holdout,0.09962264150943308,0.07272174045336918,0.2663785259326671
102,0.1642004153686396,0.2655508072174738,0.28085232668566007,363700,2,0,smac,roc_auc,binary,LGBM,,False,holdout,0.0,78,3,3,LGBM_363700_20260405_160514,363700_rep2_fold0_smac_roc_auc_holdout,LGBM_363700_20260405_160514::363700_rep2_fold0_smac_roc_auc_holdout,0.09962264150943308,0.07272174045336918,0.2663785259326671
103,0.1642004153686396,0.2655508072174738,0.28085232668566007,363700,2,0,smac,roc_auc,binary,LGBM,,False,holdout,0.0,78,3,3,LGBM_363700_20260405_160514,363700_rep2_fold0_smac_roc_auc_holdout,LGBM_363700_20260405_160514::363700_rep2_fold0_smac_roc_auc_holdout,0.09962264150943308,0.07272174045336918,0.2663785259326671
104,0.1642004153686396,0.2655508072174738,0.28085232668566007,363700,2,0,smac,roc_auc,binary,LGBM,,False,holdout,0.0,78,3,3,LGBM_363700_20260405_160514,363700_rep2_fold0_smac_roc_auc_holdout,LGBM_363700_20260405_160514::363700_rep2_fold0_smac_roc_auc_holdout,0.09962264150943308,0.07272174045336918,0.2663785259326671
105,0.1642004153686396,0.2655508072174738,0.28085232668566007,363700,2,0,smac,roc_auc,binary,LGBM,,False,holdout,0.0,78,3,3,LGBM_363700_20260405_160514,363700_rep2_fold0_smac_roc_auc_holdout,LGBM_363700_20260405_160514::363700_rep2_fold0_smac_roc_auc_holdout,0.09962264150943308,0.07272174045336918,0.2663785259326671
106,0.1642004153686396,0.2655508072174738,0.28085232668566007,363700,2,0,smac,roc_auc,binary,LGBM,,False,holdout,0.0,78,3,3,LGBM_363700_20260405_160514,363700_rep2_fold0_smac_roc_auc_holdout,LGBM_363700_20260405_160514::363700_rep2_fold0_smac_roc_auc_holdout,0.09962264150943308,0.07272174045336918,0.2663785259326671
107,0.1642004153686396,0.2655508072174738,0.28085232668566007,363700,2,0,smac,roc_auc,binary,LGBM,,False,holdout,0.0,78,3,3,LGBM_363700_20260405_160514,363700_rep2_fold0_smac_roc_auc_holdout,LGBM_363700_20260405_160514::363700_rep2_fold0_smac_roc_auc_holdout,0.09962264150943308,0.07272174045336918,0.2663785259326671
108,0.1642004153686396,0.2655508072174738,0.28085232668566007,363700,2,0,smac,roc_auc,binary,LGBM,,False,holdout,0.0,78,3,3,LGBM_363700_20260405_160514,363700_rep2_fold0_smac_roc_auc_holdout,LGBM_363700_20260405_160514::363700_rep2_fold0_smac_roc_auc_holdout,0.09962264150943308,0.07272174045336918,0.2663785259326671
109,0.1642004153686396,0.2655508072174738,0.28085232668566007,363700,2,0,smac,roc_auc,binary,LGBM,,False,holdout,0.0,78,3,3,LGBM_363700_20260405_160514,363700_rep2_fold0_smac_roc_auc_holdout,LGBM_363700_20260405_160514::363700_rep2_fold0_smac_roc_auc_holdout,0.09962264150943308,0.07272174045336918,0.2663785259326671
110,0.1642004153686396,0.2655508072174738,0.28085232668566007,363700,2,0,smac,roc_auc,binary,LGBM,,False,holdout,0.0,78,3,3,LGBM_363700_20260405_160514,363700_rep2_fold0_smac_roc_auc_holdout,LGBM_363700_20260405_160514::363700_rep2_fold0_smac_roc_auc_holdout,0.09962264150943308,0.07272174045336918,0.2663785259326671
111,0.1642004153686396,0.2655508072174738,0.28085232668566007,363700,2,0,smac,roc_auc,binary,LGBM,,False,holdout,0.0,78,3,3,LGBM_363700_20260405_160514,363700_rep2_fold0_smac_roc_auc_holdout,LGBM_363700_20260405_160514::363700_rep2_fold0_smac_roc_auc_holdout,0.09962264150943308,0.07272174045336918,0.2663785259326671
112,0.1642004153686396,0.2655508072174738,0.28085232668566007,363700,2,0,smac,roc_auc,binary,LGBM,,False,holdout,0.0,78,3,3,LGBM_363700_20260405_160514,363700_rep2_fold0_smac_roc_auc_holdout,LGBM_363700_20260405_160514::363700_rep2_fold0_smac_roc_auc_holdout,0.09962264150943308,0.07272174045336918,0.2663785259326671
113,0.1642004153686396,0.2655508072174738,0.28085232668566007,363700,2,0,smac,roc_auc,binary,LGBM,,False,holdout,0.0,78,3,3,LGBM_363700_20260405_160514,363700_rep2_fold0_smac_roc_auc_holdout,LGBM_363700_20260405_160514::363700_rep2_fold0_smac_roc_auc_holdout,0.09962264150943308,0.07272174045336918,0.2663785259326671
114,0.1642004153686396,0.2655508072174738,0.28085232668566007,363700,2,0,smac,roc_auc,binary,LGBM,,False,holdout,0.0,78,3,3,LGBM_363700_20260405_160514,363700_rep2_fold0_smac_roc_auc_holdout,LGBM_363700_20260405_160514::363700_rep2_fold0_smac_roc_auc_holdout,0.09962264150943308,0.07272174045336918,0.2663785259326671
115,0.1642004153686396,0.2655508072174738,0.28085232668566007,363700,2,0,smac,roc_auc,binary,LGBM,,False,holdout,0.0,78,3,3,LGBM_363700_20260405_160514,363700_rep2_fold0_smac_roc_auc_holdout,LGBM_363700_20260405_160514::363700_rep2_fold0_smac_roc_auc_holdout,0.09962264150943308,0.07272174045336918,0.2663785259326671
116,0.1642004153686396,0.2655508072174738,0.28085232668566007,363700,2,0,smac,roc_auc,binary,LGBM,,False,holdout,0.0,78,3,3,LGBM_363700_20260405_160514,363700_rep2_fold0_smac_roc_auc_holdout,LGBM_363700_20260405_160514::363700_rep2_fold0_smac_roc_auc_holdout,0.09962264150943308,0.07272174045336918,0.2663785259326671
117,0.1642004153686396,0.2655508072174738,0.28085232668566007,363700,2,0,smac,roc_auc,binary,LGBM,,False,holdout,0.0,78,3,3,LGBM_363700_20260405_160514,363700_rep2_fold0_smac_roc_auc_holdout,LGBM_363700_20260405_160514::363700_rep2_fold0_smac_roc_auc_holdout,0.09962264150943308,0.07272174045336918,0.2663785259326671
118,0.1642004153686396,0.2655508072174738,0.28085232668566007,363700,2,0,smac,roc_auc,binary,LGBM,,False,holdout,0.0,78,3,3,LGBM_363700_20260405_160514,363700_rep2_fold0_smac_roc_auc_holdout,LGBM_363700_20260405_160514::363700_rep2_fold0_smac_roc_auc_holdout,0.09962264150943308,0.07272174045336918,0.2663785259326671
119,0.1642004153686396,0.2655508072174738,0.28085232668566007,363700,2,0,smac,roc_auc,binary,LGBM,,False,holdout,0.0,78,3,3,LGBM_363700_20260405_160514,363700_rep2_fold0_smac_roc_auc_holdout,LGBM_363700_20260405_160514::363700_rep2_fold0_smac_roc_auc_holdout,0.09962264150943308,0.07272174045336918,0.2663785259326671
120,0.16160436137071654,0.268755935422602,0.26695156695156697,363700,2,0,smac,roc_auc,binary,LGBM,,False,holdout,0.0,78,3,3,LGBM_363700_20260405_160514,363700_rep2_fold0_smac_roc_auc_holdout,LGBM_363700_20260405_160514::363700_rep2_fold0_smac_roc_auc_holdout,0.0694339622641511,0.11379887418225991,0.0
121,0.16160436137071654,0.268755935422602,0.26695156695156697,363700,2,0,smac,roc_auc,binary,LGBM,,False,holdout,0.0,78,3,3,LGBM_363700_20260405_160514,363700_rep2_fold0_smac_roc_auc_holdout,LGBM_363700_20260405_160514::363700_rep2_fold0_smac_roc_auc_holdout,0.0694339622641511,0.11379887418225991,0.0
122,0.16160436137071654,0.268755935422602,0.26695156695156697,363700,2,0,smac,roc_auc,binary,LGBM,,False,holdout,0.0,78,3,3,LGBM_363700_20260405_160514,363700_rep2_fold0_smac_roc_auc_holdout,LGBM_363700_20260405_160514::363700_rep2_fold0_smac_roc_auc_holdout,0.0694339622641511,0.11379887418225991,0.0
123,0.16160436137071654,0.268755935422602,0.26695156695156697,363700,2,0,smac,roc_auc,binary,LGBM,,False,holdout,0.0,78,3,3,LGBM_363700_20260405_160514,363700_rep2_fold0_smac_roc_auc_holdout,LGBM_363700_20260405_160514::363700_rep2_fold0_smac_roc_auc_holdout,0.0694339622641511,0.11379887418225991,0.0
124,0.16160436137071654,0.268755935422602,0.26695156695156697,363700,2,0,smac,roc_auc,binary,LGBM,,False,holdout,0.0,78,3,3,LGBM_363700_20260405_160514,363700_rep2_fold0_smac_roc_auc_holdout,LGBM_363700_20260405_160514::363700_rep2_fold0_smac_roc_auc_holdout,0.0694339622641511,0.11379887418225991,0.0
125,0.1634215991692627,0.26222697056030386,0.2669990503323837,363700,2,0,smac,roc_auc,binary,LGBM,,False,holdout,0.0,78,3,3,LGBM_363700_20260405_160514,363700_rep2_fold0_smac_roc_auc_holdout,LGBM_363700_20260405_160514::363700_rep2_fold0_smac_roc_auc_holdout,0.09056603773584848,0.03012323140118653,0.0009099181073705709
126,0.1634215991692627,0.26222697056030386,0.2669990503323837,363700,2,0,smac,roc_auc,binary,LGBM,,False,holdout,0.0,78,3,3,LGBM_363700_20260405_160514,363700_rep2_fold0_smac_roc_auc_holdout,LGBM_363700_20260405_160514::363700_rep2_fold0_smac_roc_auc_holdout,0.09056603773584848,0.03012323140118653,0.0009099181073705709
127,0.1634215991692627,0.26222697056030386,0.2669990503323837,363700,2,0,smac,roc_auc,binary,LGBM,,False,holdout,0.0,78,3,3,LGBM_363700_20260405_160514,363700_rep2_fold0_smac_roc_auc_holdout,LGBM_363700_20260405_160514::363700_rep2_fold0_smac_roc_auc_holdout,0.09056603773584848,0.03012323140118653,0.0009099181073705709
128,0.1634215991692627,0.26222697056030386,0.2669990503323837,363700,2,0,smac,roc_auc,binary,LGBM,,False,holdout,0.0,78,3,3,LGBM_363700_20260405_160514,363700_rep2_fold0_smac_roc_auc_holdout,LGBM_363700_20260405_160514::363700_rep2_fold0_smac_roc_auc_holdout,0.09056603773584848,0.03012323140118653,0.0009099181073705709
129,0.1634215991692627,0.26222697056030386,0.2669990503323837,363700,2,0,smac,roc_auc,binary,LGBM,,False,holdout,0.0,78,3,3,LGBM_363700_20260405_160514,363700_rep2_fold0_smac_roc_auc_holdout,LGBM_363700_20260405_160514::363700_rep2_fold0_smac_roc_auc_holdout,0.09056603773584848,0.03012323140118653,0.0009099181073705709
130,0.1634215991692627,0.26222697056030386,0.2669990503323837,363700,2,0,smac,roc_auc,binary,LGBM,,False,holdout,0.0,78,3,3,LGBM_363700_20260405_160514,363700_rep2_fold0_smac_roc_auc_holdout,LGBM_363700_20260405_160514::363700_rep2_fold0_smac_roc_auc_holdout,0.09056603773584848,0.03012323140118653,0.0009099181073705709
131,0.1634215991692627,0.26222697056030386,0.2669990503323837,363700,2,0,smac,roc_auc,binary,LGBM,,False,holdout,0.0,78,3,3,LGBM_363700_20260405_160514,363700_rep2_fold0_smac_roc_auc_holdout,LGBM_363700_20260405_160514::363700_rep2_fold0_smac_roc_auc_holdout,0.09056603773584848,0.03012323140118653,0.0009099181073705709
132,0.1634215991692627,0.26222697056030386,0.2669990503323837,363700,2,0,smac,roc_auc,binary,LGBM,,False,holdout,0.0,78,3,3,LGBM_363700_20260405_160514,363700_rep2_fold0_smac_roc_auc_holdout,LGBM_363700_20260405_160514::363700_rep2_fold0_smac_roc_auc_holdout,0.09056603773584848,0.03012323140118653,0.0009099181073705709
133,0.1634215991692627,0.26222697056030386,0.2669990503323837,363700,2,0,smac,roc_auc,binary,LGBM,,False,holdout,0.0,78,3,3,LGBM_363700_20260405_160514,363700_rep2_fold0_smac_roc_auc_holdout,LGBM_363700_20260405_160514::363700_rep2_fold0_smac_roc_auc_holdout,0.09056603773584848,0.03012323140118653,0.0009099181073705709
134,0.1634215991692627,0.26222697056030386,0.2669990503323837,363700,2,0,smac,roc_auc,binary,LGBM,,False,holdout,0.0,78,3,3,LGBM_363700_20260405_160514,363700_rep2_fold0_smac_roc_auc_holdout,LGBM_363700_20260405_160514::363700_rep2_fold0_smac_roc_auc_holdout,0.09056603773584848,0.03012323140118653,0.0009099181073705709
135,0.1634215991692627,0.26222697056030386,0.2669990503323837,363700,2,0,smac,roc_auc,binary,LGBM,,False,holdout,0.0,78,3,3,LGBM_363700_20260405_160514,363700_rep2_fold0_smac_roc_auc_holdout,LGBM_363700_20260405_160514::363700_rep2_fold0_smac_roc_auc_holdout,0.09056603773584848,0.03012323140118653,0.0009099181073705709
136,0.1634215991692627,0.26222697056030386,0.2669990503323837,363700,2,0,smac,roc_auc,binary,LGBM,,False,holdout,0.0,78,3,3,LGBM_363700_20260405_160514,363700_rep2_fold0_smac_roc_auc_holdout,LGBM_363700_20260405_160514::363700_rep2_fold0_smac_roc_auc_holdout,0.09056603773584848,0.03012323140118653,0.0009099181073705709
137,0.1634215991692627,0.26222697056030386,0.2669990503323837,363700,2,0,smac,roc_auc,binary,LGBM,,False,holdout,0.0,78,3,3,LGBM_363700_20260405_160514,363700_rep2_fold0_smac_roc_auc_holdout,LGBM_363700_20260405_160514::363700_rep2_fold0_smac_roc_auc_holdout,0.09056603773584848,0.03012323140118653,0.0009099181073705709
138,0.1634215991692627,0.26222697056030386,0.2669990503323837,363700,2,0,smac,roc_auc,binary,LGBM,,False,holdout,0.0,78,3,3,LGBM_363700_20260405_160514,363700_rep2_fold0_smac_roc_auc_holdout,LGBM_363700_20260405_160514::363700_rep2_fold0_smac_roc_auc_holdout,0.09056603773584848,0.03012323140118653,0.0009099181073705709
139,0.1634215991692627,0.26222697056030386,0.2669990503323837,363700,2,0,smac,roc_auc,binary,LGBM,,False,holdout,0.0,78,3,3,LGBM_363700_20260405_160514,363700_rep2_fold0_smac_roc_auc_holdout,LGBM_363700_20260405_160514::363700_rep2_fold0_smac_roc_auc_holdout,0.09056603773584848,0.03012323140118653,0.0009099181073705709
140,0.1634215991692627,0.26222697056030386,0.2669990503323837,363700,2,0,smac,roc_auc,binary,LGBM,,False,holdout,0.0,78,3,3,LGBM_363700_20260405_160514,363700_rep2_fold0_smac_roc_auc_holdout,LGBM_363700_20260405_160514::363700_rep2_fold0_smac_roc_auc_holdout,0.09056603773584848,0.03012323140118653,0.0009099181073705709
141,0.1634215991692627,0.26222697056030386,0.2669990503323837,363700,2,0,smac,roc_auc,binary,LGBM,,False,holdout,0.0,78,3,3,LGBM_363700_20260405_160514,363700_rep2_fold0_smac_roc_auc_holdout,LGBM_363700_20260405_160514::363700_rep2_fold0_smac_roc_auc_holdout,0.09056603773584848,0.03012323140118653,0.0009099181073705709
142,0.1634215991692627,0.26222697056030386,0.2669990503323837,363700,2,0,smac,roc_auc,binary,LGBM,,False,holdout,0.0,78,3,3,LGBM_363700_20260405_160514,363700_rep2_fold0_smac_roc_auc_holdout,LGBM_363700_20260405_160514::363700_rep2_fold0_smac_roc_auc_holdout,0.09056603773584848,0.03012323140118653,0.0009099181073705709
143,0.1634215991692627,0.26222697056030386,0.2669990503323837,363700,2,0,smac,roc_auc,binary,LGBM,,False,holdout,0.0,78,3,3,LGBM_363700_20260405_160514,363700_rep2_fold0_smac_roc_auc_holdout,LGBM_363700_20260405_160514::363700_rep2_fold0_smac_roc_auc_holdout,0.09056603773584848,0.03012323140118653,0.0009099181073705709
144,0.1634215991692627,0.26222697056030386,0.2669990503323837,363700,2,0,smac,roc_auc,binary,LGBM,,False,holdout,0.0,78,3,3,LGBM_363700_20260405_160514,363700_rep2_fold0_smac_roc_auc_holdout,LGBM_363700_20260405_160514::363700_rep2_fold0_smac_roc_auc_holdout,0.09056603773584848,0.03012323140118653,0.0009099181073705709
145,0.1634215991692627,0.26222697056030386,0.2669990503323837,363700,2,0,smac,roc_auc,binary,LGBM,,False,holdout,0.0,78,3,3,LGBM_363700_20260405_160514,363700_rep2_fold0_smac_roc_auc_holdout,LGBM_363700_20260405_160514::363700_rep2_fold0_smac_roc_auc_holdout,0.09056603773584848,0.03012323140118653,0.0009099181073705709
146,0.1634215991692627,0.26222697056030386,0.2669990503323837,363700,2,0,smac,roc_auc,binary,LGBM,,False,holdout,0.0,78,3,3,LGBM_363700_20260405_160514,363700_rep2_fold0_smac_roc_auc_holdout,LGBM_363700_20260405_160514::363700_rep2_fold0_smac_roc_auc_holdout,0.09056603773584848,0.03012323140118653,0.0009099181073705709
147,0.1634215991692627,0.26222697056030386,0.2669990503323837,363700,2,0,smac,roc_auc,binary,LGBM,,False,holdout,0.0,78,3,3,LGBM_363700_20260405_160514,363700_rep2_fold0_smac_roc_auc_holdout,LGBM_363700_20260405_160514::363700_rep2_fold0_smac_roc_auc_holdout,0.09056603773584848,0.03012323140118653,0.0009099181073705709
148,0.1634215991692627,0.26222697056030386,0.2669990503323837,363700,2,0,smac,roc_auc,binary,LGBM,,False,holdout,0.0,78,3,3,LGBM_363700_20260405_160514,363700_rep2_fold0_smac_roc_auc_holdout,LGBM_363700_20260405_160514::363700_rep2_fold0_smac_roc_auc_holdout,0.09056603773584848,0.03012323140118653,0.0009099181073705709
149,0.1634215991692627,0.26222697056030386,0.2669990503323837,363700,2,0,smac,roc_auc,binary,LGBM,,False,holdout,0.0,78,3,3,LGBM_363700_20260405_160514,363700_rep2_fold0_smac_roc_auc_holdout,LGBM_363700_20260405_160514::363700_rep2_fold0_smac_roc_auc_holdout,0.09056603773584848,0.03012323140118653,0.0009099181073705709
150,0.1634215991692627,0.26222697056030386,0.2669990503323837,363700,2,0,smac,roc_auc,binary,LGBM,,False,holdout,0.0,78,3,3,LGBM_363700_20260405_160514,363700_rep2_fold0_smac_roc_auc_holdout,LGBM_363700_20260405_160514::363700_rep2_fold0_smac_roc_auc_holdout,0.09056603773584848,0.03012323140118653,0.0009099181073705709
151,0.1634215991692627,0.26222697056030386,0.2669990503323837,363700,2,0,smac,roc_auc,binary,LGBM,,False,holdout,0.0,78,3,3,LGBM_363700_20260405_160514,363700_rep2_fold0_smac_roc_auc_holdout,LGBM_363700_20260405_160514::363700_rep2_fold0_smac_roc_auc_holdout,0.09056603773584848,0.03012323140118653,0.0009099181073705709
152,0.1634215991692627,0.26222697056030386,0.2669990503323837,363700,2,0,smac,roc_auc,binary,LGBM,,False,holdout,0.0,78,3,3,LGBM_363700_20260405_160514,363700_rep2_fold0_smac_roc_auc_holdout,LGBM_363700_20260405_160514::363700_rep2_fold0_smac_roc_auc_holdout,0.09056603773584848,0.03012323140118653,0.0009099181073705709
153,0.1634215991692627,0.26222697056030386,0.2669990503323837,363700,2,0,smac,roc_auc,binary,LGBM,,False,holdout,0.0,78,3,3,LGBM_363700_20260405_160514,363700_rep2_fold0_smac_roc_auc_holdout,LGBM_363700_20260405_160514::363700_rep2_fold0_smac_roc_auc_holdout,0.09056603773584848,0.03012323140118653,0.0009099181073705709
154,0.1634215991692627,0.26222697056030386,0.2669990503323837,363700,2,0,smac,roc_auc,binary,LGBM,,False,holdout,0.0,78,3,3,LGBM_363700_20260405_160514,363700_rep2_fold0_smac_roc_auc_holdout,LGBM_363700_20260405_160514::363700_rep2_fold0_smac_roc_auc_holdout,0.09056603773584848,0.03012323140118653,0.0009099181073705709
155,0.1634215991692627,0.26222697056030386,0.2669990503323837,363700,2,0,smac,roc_auc,binary,LGBM,,False,holdout,0.0,78,3,3,LGBM_363700_20260405_160514,363700_rep2_fold0_smac_roc_auc_holdout,LGBM_363700_20260405_160514::363700_rep2_fold0_smac_roc_auc_holdout,0.09056603773584848,0.03012323140118653,0.0009099181073705709
156,0.1634215991692627,0.26222697056030386,0.2669990503323837,363700,2,0,smac,roc_auc,binary,LGBM,,False,holdout,0.0,78,3,3,LGBM_363700_20260405_160514,363700_rep2_fold0_smac_roc_auc_holdout,LGBM_363700_20260405_160514::363700_rep2_fold0_smac_roc_auc_holdout,0.09056603773584848,0.03012323140118653,0.0009099181073705709
157,0.1634215991692627,0.26222697056030386,0.2669990503323837,363700,2,0,smac,roc_auc,binary,LGBM,,False,holdout,0.0,78,3,3,LGBM_363700_20260405_160514,363700_rep2_fold0_smac_roc_auc_holdout,LGBM_363700_20260405_160514::363700_rep2_fold0_smac_roc_auc_holdout,0.09056603773584848,0.03012323140118653,0.0009099181073705709
158,0.1634215991692627,0.26222697056030386,0.2669990503323837,363700,2,0,smac,roc_auc,binary,LGBM,,False,holdout,0.0,78,3,3,LGBM_363700_20260405_160514,363700_rep2_fold0_smac_roc_auc_holdout,LGBM_363700_20260405_160514::363700_rep2_fold0_smac_roc_auc_holdout,0.09056603773584848,0.03012323140118653,0.0009099181073705709
159,0.1634215991692627,0.26222697056030386,0.2669990503323837,363700,2,0,smac,roc_auc,binary,LGBM,,False,holdout,0.0,78,3,3,LGBM_363700_20260405_160514,363700_rep2_fold0_smac_roc_auc_holdout,LGBM_363700_20260405_160514::363700_rep2_fold0_smac_roc_auc_holdout,0.09056603773584848,0.03012323140118653,0.0009099181073705709
160,0.1634215991692627,0.26222697056030386,0.2669990503323837,363700,2,0,smac,roc_auc,binary,LGBM,,False,holdout,0.0,78,3,3,LGBM_363700_20260405_160514,363700_rep2_fold0_smac_roc_auc_holdout,LGBM_363700_20260405_160514::363700_rep2_fold0_smac_roc_auc_holdout,0.09056603773584848,0.03012323140118653,0.0009099181073705709
161,0.1634215991692627,0.26222697056030386,0.2669990503323837,363700,2,0,smac,roc_auc,binary,LGBM,,False,holdout,0.0,78,3,3,LGBM_363700_20260405_160514,363700_rep2_fold0_smac_roc_auc_holdout,LGBM_363700_20260405_160514::363700_rep2_fold0_smac_roc_auc_holdout,0.09056603773584848,0.03012323140118653,0.0009099181073705709
162,0.1634215991692627,0.26222697056030386,0.2669990503323837,363700,2,0,smac,roc_auc,binary,LGBM,,False,holdout,0.0,78,3,3,LGBM_363700_20260405_160514,363700_rep2_fold0_smac_roc_auc_holdout,LGBM_363700_20260405_160514::363700_rep2_fold0_smac_roc_auc_holdout,0.09056603773584848,0.03012323140118653,0.0009099181073705709
163,0.1634215991692627,0.26222697056030386,0.2669990503323837,363700,2,0,smac,roc_auc,binary,LGBM,,False,holdout,0.0,78,3,3,LGBM_363700_20260405_160514,363700_rep2_fold0_smac_roc_auc_holdout,LGBM_363700_20260405_160514::363700_rep2_fold0_smac_roc_auc_holdout,0.09056603773584848,0.03012323140118653,0.0009099181073705709
164,0.1634215991692627,0.26222697056030386,0.2669990503323837,363700,2,0,smac,roc_auc,binary,LGBM,,False,holdout,0.0,78,3,3,LGBM_363700_20260405_160514,363700_rep2_fold0_smac_roc_auc_holdout,LGBM_363700_20260405_160514::363700_rep2_fold0_smac_roc_auc_holdout,0.09056603773584848,0.03012323140118653,0.0009099181073705709
165,0.1634215991692627,0.26222697056030386,0.2669990503323837,363700,2,0,smac,roc_auc,binary,LGBM,,False,holdout,0.0,78,3,3,LGBM_363700_20260405_160514,363700_rep2_fold0_smac_roc_auc_holdout,LGBM_363700_20260405_160514::363700_rep2_fold0_smac_roc_auc_holdout,0.09056603773584848,0.03012323140118653,0.0009099181073705709
166,0.1634215991692627,0.26222697056030386,0.2669990503323837,363700,2,0,smac,roc_auc,binary,LGBM,,False,holdout,0.0,78,3,3,LGBM_363700_20260405_160514,363700_rep2_fold0_smac_roc_auc_holdout,LGBM_363700_20260405_160514::363700_rep2_fold0_smac_roc_auc_holdout,0.09056603773584848,0.03012323140118653,0.0009099181073705709
167,0.1634215991692627,0.26222697056030386,0.2669990503323837,363700,2,0,smac,roc_auc,binary,LGBM,,False,holdout,0.0,78,3,3,LGBM_363700_20260405_160514,363700_rep2_fold0_smac_roc_auc_holdout,LGBM_363700_20260405_160514::363700_rep2_fold0_smac_roc_auc_holdout,0.09056603773584848,0.03012323140118653,0.0009099181073705709
168,0.1634215991692627,0.26222697056030386,0.2669990503323837,363700,2,0,smac,roc_auc,binary,LGBM,,False,holdout,0.0,78,3,3,LGBM_363700_20260405_160514,363700_rep2_fold0_smac_roc_auc_holdout,LGBM_363700_20260405_160514::363700_rep2_fold0_smac_roc_auc_holdout,0.09056603773584848,0.03012323140118653,0.0009099181073705709
169,0.1634215991692627,0.26222697056030386,0.2669990503323837,363700,2,0,smac,roc_auc,binary,LGBM,,False,holdout,0.0,78,3,3,LGBM_363700_20260405_160514,363700_rep2_fold0_smac_roc_auc_holdout,LGBM_363700_20260405_160514::363700_rep2_fold0_smac_roc_auc_holdout,0.09056603773584848,0.03012323140118653,0.0009099181073705709
170,0.1634215991692627,0.26222697056030386,0.2669990503323837,363700,2,0,smac,roc_auc,binary,LGBM,,False,holdout,0.0,78,3,3,LGBM_363700_20260405_160514,363700_rep2_fold0_smac_roc_auc_holdout,LGBM_363700_20260405_160514::363700_rep2_fold0_smac_roc_auc_holdout,0.09056603773584848,0.03012323140118653,0.0009099181073705709
171,0.1634215991692627,0.26222697056030386,0.2669990503323837,363700,2,0,smac,roc_auc,binary,LGBM,,False,holdout,0.0,78,3,3,LGBM_363700_20260405_160514,363700_rep2_fold0_smac_roc_auc_holdout,LGBM_363700_20260405_160514::363700_rep2_fold0_smac_roc_auc_holdout,0.09056603773584848,0.03012323140118653,0.0009099181073705709
172,0.1634215991692627,0.26222697056030386,0.2669990503323837,363700,2,0,smac,roc_auc,binary,LGBM,,False,holdout,0.0,78,3,3,LGBM_363700_20260405_160514,363700_rep2_fold0_smac_roc_auc_holdout,LGBM_363700_20260405_160514::363700_rep2_fold0_smac_roc_auc_holdout,0.09056603773584848,0.03012323140118653,0.0009099181073705709
173,0.1634215991692627,0.26222697056030386,0.2669990503323837,363700,2,0,smac,roc_auc,binary,LGBM,,False,holdout,0.0,78,3,3,LGBM_363700_20260405_160514,363700_rep2_fold0_smac_roc_auc_holdout,LGBM_363700_20260405_160514::363700_rep2_fold0_smac_roc_auc_holdout,0.09056603773584848,0.03012323140118653,0.0009099181073705709
174,0.1634215991692627,0.26222697056030386,0.2669990503323837,363700,2,0,smac,roc_auc,binary,LGBM,,False,holdout,0.0,78,3,3,LGBM_363700_20260405_160514,363700_rep2_fold0_smac_roc_auc_holdout,LGBM_363700_20260405_160514::363700_rep2_fold0_smac_roc_auc_holdout,0.09056603773584848,0.03012323140118653,0.0009099181073705709
175,0.1634215991692627,0.26222697056030386,0.2669990503323837,363700,2,0,smac,roc_auc,binary,LGBM,,False,holdout,0.0,78,3,3,LGBM_363700_20260405_160514,363700_rep2_fold0_smac_roc_auc_holdout,LGBM_363700_20260405_160514::363700_rep2_fold0_smac_roc_auc_holdout,0.09056603773584848,0.03012323140118653,0.0009099181073705709
176,0.1634215991692627,0.26222697056030386,0.2669990503323837,363700,2,0,smac,roc_auc,binary,LGBM,,False,holdout,0.0,78,3,3,LGBM_363700_20260405_160514,363700_rep2_fold0_smac_roc_auc_holdout,LGBM_363700_20260405_160514::363700_rep2_fold0_smac_roc_auc_holdout,0.09056603773584848,0.03012323140118653,0.0009099181073705709
177,0.1634215991692627,0.26222697056030386,0.2669990503323837,363700,2,0,smac,roc_auc,binary,LGBM,,False,holdout,0.0,78,3,3,LGBM_363700_20260405_160514,363700_rep2_fold0_smac_roc_auc_holdout,LGBM_363700_20260405_160514::363700_rep2_fold0_smac_roc_auc_holdout,0.09056603773584848,0.03012323140118653,0.0009099181073705709
178,0.1634215991692627,0.26222697056030386,0.2669990503323837,363700,2,0,smac,roc_auc,binary,LGBM,,False,holdout,0.0,78,3,3,LGBM_363700_20260405_160514,363700_rep2_fold0_smac_roc_auc_holdout,LGBM_363700_20260405_160514::363700_rep2_fold0_smac_roc_auc_holdout,0.09056603773584848,0.03012323140118653,0.0009099181073705709
179,0.1634215991692627,0.26222697056030386,0.2669990503323837,363700,2,0,smac,roc_auc,binary,LGBM,,False,holdout,0.0,78,3,3,LGBM_363700_20260405_160514,363700_rep2_fold0_smac_roc_auc_holdout,LGBM_363700_20260405_160514::363700_rep2_fold0_smac_roc_auc_holdout,0.09056603773584848,0.03012323140118653,0.0009099181073705709
180,0.1634215991692627,0.26222697056030386,0.2669990503323837,363700,2,0,smac,roc_auc,binary,LGBM,,False,holdout,0.0,78,3,3,LGBM_363700_20260405_160514,363700_rep2_fold0_smac_roc_auc_holdout,LGBM_363700_20260405_160514::363700_rep2_fold0_smac_roc_auc_holdout,0.09056603773584848,0.03012323140118653,0.0009099181073705709
181,0.1634215991692627,0.26222697056030386,0.2669990503323837,363700,2,0,smac,roc_auc,binary,LGBM,,False,holdout,0.0,78,3,3,LGBM_363700_20260405_160514,363700_rep2_fold0_smac_roc_auc_holdout,LGBM_363700_20260405_160514::363700_rep2_fold0_smac_roc_auc_holdout,0.09056603773584848,0.03012323140118653,0.0009099181073705709
182,0.1634215991692627,0.26222697056030386,0.2669990503323837,363700,2,0,smac,roc_auc,binary,LGBM,,False,holdout,0.0,78,3,3,LGBM_363700_20260405_160514,363700_rep2_fold0_smac_roc_auc_holdout,LGBM_363700_20260405_160514::363700_rep2_fold0_smac_roc_auc_holdout,0.09056603773584848,0.03012323140118653,0.0009099181073705709
183,0.1634215991692627,0.26222697056030386,0.2669990503323837,363700,2,0,smac,roc_auc,binary,LGBM,,False,holdout,0.0,78,3,3,LGBM_363700_20260405_160514,363700_rep2_fold0_smac_roc_auc_holdout,LGBM_363700_20260405_160514::363700_rep2_fold0_smac_roc_auc_holdout,0.09056603773584848,0.03012323140118653,0.0009099181073705709
184,0.1634215991692627,0.26222697056030386,0.2669990503323837,363700,2,0,smac,roc_auc,binary,LGBM,,False,holdout,0.0,78,3,3,LGBM_363700_20260405_160514,363700_rep2_fold0_smac_roc_auc_holdout,LGBM_363700_20260405_160514::363700_rep2_fold0_smac_roc_auc_holdout,0.09056603773584848,0.03012323140118653,0.0009099181073705709
185,0.1634215991692627,0.26222697056030386,0.2669990503323837,363700,2,0,smac,roc_auc,binary,LGBM,,False,holdout,0.0,78,3,3,LGBM_363700_20260405_160514,363700_rep2_fold0_smac_roc_auc_holdout,LGBM_363700_20260405_160514::363700_rep2_fold0_smac_roc_auc_holdout,0.09056603773584848,0.03012323140118653,0.0009099181073705709
186,0.15563343717549327,0.2598765432098765,0.26722459639126306,363700,2,0,smac,roc_auc,binary,LGBM,,False,holdout,0.0,78,3,3,LGBM_363700_20260405_160514,363700_rep2_fold0_smac_roc_auc_holdout,LGBM_363700_20260405_160514::363700_rep2_fold0_smac_roc_auc_holdout,0.0,0.0,0.005232029117379187
187,0.15563343717549327,0.2598765432098765,0.26722459639126306,363700,2,0,smac,roc_auc,binary,LGBM,,False,holdout,0.0,78,3,3,LGBM_363700_20260405_160514,363700_rep2_fold0_smac_roc_auc_holdout,LGBM_363700_20260405_160514::363700_rep2_fold0_smac_roc_auc_holdout,0.0,0.0,0.005232029117379187
188,0.15563343717549327,0.2598765432098765,0.26722459639126306,363700,2,0,smac,roc_auc,binary,LGBM,,False,holdout,0.0,78,3,3,LGBM_363700_20260405_160514,363700_rep2_fold0_smac_roc_auc_holdout,LGBM_363700_20260405_160514::363700_rep2_fold0_smac_roc_auc_holdout,0.0,0.0,0.005232029117379187
189,0.15563343717549327,0.2598765432098765,0.26722459639126306,363700,2,0,smac,roc_auc,binary,LGBM,,False,holdout,0.0,78,3,3,LGBM_363700_20260405_160514,363700_rep2_fold0_smac_roc_auc_holdout,LGBM_363700_20260405_160514::363700_rep2_fold0_smac_roc_auc_holdout,0.0,0.0,0.005232029117379187
190,0.15563343717549327,0.2598765432098765,0.26722459639126306,363700,2,0,smac,roc_auc,binary,LGBM,,False,holdout,0.0,78,3,3,LGBM_363700_20260405_160514,363700_rep2_fold0_smac_roc_auc_holdout,LGBM_363700_20260405_160514::363700_rep2_fold0_smac_roc_auc_holdout,0.0,0.0,0.005232029117379187
191,0.15563343717549327,0.2598765432098765,0.26722459639126306,363700,2,0,smac,roc_auc,binary,LGBM,,False,holdout,0.0,78,3,3,LGBM_363700_20260405_160514,363700_rep2_fold0_smac_roc_auc_holdout,LGBM_363700_20260405_160514::363700_rep2_fold0_smac_roc_auc_holdout,0.0,0.0,0.005232029117379187
192,0.15563343717549327,0.2598765432098765,0.26722459639126306,363700,2,0,smac,roc_auc,binary,LGBM,,False,holdout,0.0,78,3,3,LGBM_363700_20260405_160514,363700_rep2_fold0_smac_roc_auc_holdout,LGBM_363700_20260405_160514::363700_rep2_fold0_smac_roc_auc_holdout,0.0,0.0,0.005232029117379187
193,0.15563343717549327,0.2598765432098765,0.26722459639126306,363700,2,0,smac,roc_auc,binary,LGBM,,False,holdout,0.0,78,3,3,LGBM_363700_20260405_160514,363700_rep2_fold0_smac_roc_auc_holdout,LGBM_363700_20260405_160514::363700_rep2_fold0_smac_roc_auc_holdout,0.0,0.0,0.005232029117379187
194,0.15563343717549327,0.2598765432098765,0.26722459639126306,363700,2,0,smac,roc_auc,binary,LGBM,,False,holdout,0.0,78,3,3,LGBM_363700_20260405_160514,363700_rep2_fold0_smac_roc_auc_holdout,LGBM_363700_20260405_160514::363700_rep2_fold0_smac_roc_auc_holdout,0.0,0.0,0.005232029117379187
195,0.15563343717549327,0.2598765432098765,0.26722459639126306,363700,2,0,smac,roc_auc,binary,LGBM,,False,holdout,0.0,78,3,3,LGBM_363700_20260405_160514,363700_rep2_fold0_smac_roc_auc_holdout,LGBM_363700_20260405_160514::363700_rep2_fold0_smac_roc_auc_holdout,0.0,0.0,0.005232029117379187
196,0.15563343717549327,0.2598765432098765,0.26722459639126306,363700,2,0,smac,roc_auc,binary,LGBM,,False,holdout,0.0,78,3,3,LGBM_363700_20260405_160514,363700_rep2_fold0_smac_roc_auc_holdout,LGBM_363700_20260405_160514::363700_rep2_fold0_smac_roc_auc_holdout,0.0,0.0,0.005232029117379187
197,0.15563343717549327,0.2598765432098765,0.26722459639126306,363700,2,0,smac,roc_auc,binary,LGBM,,False,holdout,0.0,78,3,3,LGBM_363700_20260405_160514,363700_rep2_fold0_smac_roc_auc_holdout,LGBM_363700_20260405_160514::363700_rep2_fold0_smac_roc_auc_holdout,0.0,0.0,0.005232029117379187
198,0.15563343717549327,0.2598765432098765,0.26722459639126306,363700,2,0,smac,roc_auc,binary,LGBM,,False,holdout,0.0,78,3,3,LGBM_363700_20260405_160514,363700_rep2_fold0_smac_roc_auc_holdout,LGBM_363700_20260405_160514::363700_rep2_fold0_smac_roc_auc_holdout,0.0,0.0,0.005232029117379187
199,0.15563343717549327,0.2598765432098765,0.26722459639126306,363700,2,0,smac,roc_auc,binary,LGBM,,False,holdout,0.0,78,3,3,LGBM_363700_20260405_160514,363700_rep2_fold0_smac_roc_auc_holdout,LGBM_363700_20260405_160514::363700_rep2_fold0_smac_roc_auc_holdout,0.0,0.0,0.005232029117379187
200,0.15563343717549327,0.2598765432098765,0.26722459639126306,363700,2,0,smac,roc_auc,binary,LGBM,,False,holdout,0.0,78,3,3,LGBM_363700_20260405_160514,363700_rep2_fold0_smac_roc_auc_holdout,LGBM_363700_20260405_160514::363700_rep2_fold0_smac_roc_auc_holdout,0.0,0.0,0.005232029117379187
201,0.15563343717549327,0.2598765432098765,0.26722459639126306,363700,2,0,smac,roc_auc,binary,LGBM,,False,holdout,0.0,78,3,3,LGBM_363700_20260405_160514,363700_rep2_fold0_smac_roc_auc_holdout,LGBM_363700_20260405_160514::363700_rep2_fold0_smac_roc_auc_holdout,0.0,0.0,0.005232029117379187
202,0.15563343717549327,0.2598765432098765,0.26722459639126306,363700,2,0,smac,roc_auc,binary,LGBM,,False,holdout,0.0,78,3,3,LGBM_363700_20260405_160514,363700_rep2_fold0_smac_roc_auc_holdout,LGBM_363700_20260405_160514::363700_rep2_fold0_smac_roc_auc_holdout,0.0,0.0,0.005232029117379187
203,0.15563343717549327,0.2598765432098765,0.26722459639126306,363700,2,0,smac,roc_auc,binary,LGBM,,False,holdout,0.0,78,3,3,LGBM_363700_20260405_160514,363700_rep2_fold0_smac_roc_auc_holdout,LGBM_363700_20260405_160514::363700_rep2_fold0_smac_roc_auc_holdout,0.0,0.0,0.005232029117379187
204,0.15563343717549327,0.2598765432098765,0.26722459639126306,363700,2,0,smac,roc_auc,binary,LGBM,,False,holdout,0.0,78,3,3,LGBM_363700_20260405_160514,363700_rep2_fold0_smac_roc_auc_holdout,LGBM_363700_20260405_160514::363700_rep2_fold0_smac_roc_auc_holdout,0.0,0.0,0.005232029117379187
205,0.15563343717549327,0.2598765432098765,0.26722459639126306,363700,2,0,smac,roc_auc,binary,LGBM,,False,holdout,0.0,78,3,3,LGBM_363700_20260405_160514,363700_rep2_fold0_smac_roc_auc_holdout,LGBM_363700_20260405_160514::363700_rep2_fold0_smac_roc_auc_holdout,0.0,0.0,0.005232029117379187
206,0.15563343717549327,0.2598765432098765,0.26722459639126306,363700,2,0,smac,roc_auc,binary,LGBM,,False,holdout,0.0,78,3,3,LGBM_363700_20260405_160514,363700_rep2_fold0_smac_roc_auc_holdout,LGBM_363700_20260405_160514::363700_rep2_fold0_smac_roc_auc_holdout,0.0,0.0,0.005232029117379187
207,0.15563343717549327,0.2598765432098765,0.26722459639126306,363700,2,0,smac,roc_auc,binary,LGBM,,False,holdout,0.0,78,3,3,LGBM_363700_20260405_160514,363700_rep2_fold0_smac_roc_auc_holdout,LGBM_363700_20260405_160514::363700_rep2_fold0_smac_roc_auc_holdout,0.0,0.0,0.005232029117379187
208,0.15563343717549327,0.2598765432098765,0.26722459639126306,363700,2,0,smac,roc_auc,binary,LGBM,,False,holdout,0.0,78,3,3,LGBM_363700_20260405_160514,363700_rep2_fold0_smac_roc_auc_holdout,LGBM_363700_20260405_160514::363700_rep2_fold0_smac_roc_auc_holdout,0.0,0.0,0.005232029117379187
209,0.15563343717549327,0.2598765432098765,0.26722459639126306,363700,2,0,smac,roc_auc,binary,LGBM,,False,holdout,0.0,78,3,3,LGBM_363700_20260405_160514,363700_rep2_fold0_smac_roc_auc_holdout,LGBM_363700_20260405_160514::363700_rep2_fold0_smac_roc_auc_holdout,0.0,0.0,0.005232029117379187
210,0.15563343717549327,0.2598765432098765,0.26722459639126306,363700,2,0,smac,roc_auc,binary,LGBM,,False,holdout,0.0,78,3,3,LGBM_363700_20260405_160514,363700_rep2_fold0_smac_roc_auc_holdout,LGBM_363700_20260405_160514::363700_rep2_fold0_smac_roc_auc_holdout,0.0,0.0,0.005232029117379187
211,0.15563343717549327,0.2598765432098765,0.26722459639126306,363700,2,0,smac,roc_auc,binary,LGBM,,False,holdout,0.0,78,3,3,LGBM_363700_20260405_160514,363700_rep2_fold0_smac_roc_auc_holdout,LGBM_363700_20260405_160514::363700_rep2_fold0_smac_roc_auc_holdout,0.0,0.0,0.005232029117379187
212,0.15563343717549327,0.2598765432098765,0.26722459639126306,363700,2,0,smac,roc_auc,binary,LGBM,,False,holdout,0.0,78,3,3,LGBM_363700_20260405_160514,363700_rep2_fold0_smac_roc_auc_holdout,LGBM_363700_20260405_160514::363700_rep2_fold0_smac_roc_auc_holdout,0.0,0.0,0.005232029117379187
213,0.15563343717549327,0.2598765432098765,0.26722459639126306,363700,2,0,smac,roc_auc,binary,LGBM,,False,holdout,0.0,78,3,3,LGBM_363700_20260405_160514,363700_rep2_fold0_smac_roc_auc_holdout,LGBM_363700_20260405_160514::363700_rep2_fold0_smac_roc_auc_holdout,0.0,0.0,0.005232029117379187
214,0.15563343717549327,0.2598765432098765,0.26722459639126306,363700,2,0,smac,roc_auc,binary,LGBM,,False,holdout,0.0,78,3,3,LGBM_363700_20260405_160514,363700_rep2_fold0_smac_roc_auc_holdout,LGBM_363700_20260405_160514::363700_rep2_fold0_smac_roc_auc_holdout,0.0,0.0,0.005232029117379187
215,0.15563343717549327,0.2598765432098765,0.26722459639126306,363700,2,0,smac,roc_auc,binary,LGBM,,False,holdout,0.0,78,3,3,LGBM_363700_20260405_160514,363700_rep2_fold0_smac_roc_auc_holdout,LGBM_363700_20260405_160514::363700_rep2_fold0_smac_roc_auc_holdout,0.0,0.0,0.005232029117379187
216,0.15563343717549327,0.2598765432098765,0.26722459639126306,363700,2,0,smac,roc_auc,binary,LGBM,,False,holdout,0.0,78,3,3,LGBM_363700_20260405_160514,363700_rep2_fold0_smac_roc_auc_holdout,LGBM_363700_20260405_160514::363700_rep2_fold0_smac_roc_auc_holdout,0.0,0.0,0.005232029117379187
217,0.15563343717549327,0.2598765432098765,0.26722459639126306,363700,2,0,smac,roc_auc,binary,LGBM,,False,holdout,0.0,78,3,3,LGBM_363700_20260405_160514,363700_rep2_fold0_smac_roc_auc_holdout,LGBM_363700_20260405_160514::363700_rep2_fold0_smac_roc_auc_holdout,0.0,0.0,0.005232029117379187
218,0.15563343717549327,0.2598765432098765,0.26722459639126306,363700,2,0,smac,roc_auc,binary,LGBM,,False,holdout,0.0,78,3,3,LGBM_363700_20260405_160514,363700_rep2_fold0_smac_roc_auc_holdout,LGBM_363700_20260405_160514::363700_rep2_fold0_smac_roc_auc_holdout,0.0,0.0,0.005232029117379187
219,0.15563343717549327,0.2598765432098765,0.26722459639126306,363700,2,0,smac,roc_auc,binary,LGBM,,False,holdout,0.0,78,3,3,LGBM_363700_20260405_160514,363700_rep2_fold0_smac_roc_auc_holdout,LGBM_363700_20260405_160514::363700_rep2_fold0_smac_roc_auc_holdout,0.0,0.0,0.005232029117379187
220,0.15563343717549327,0.2598765432098765,0.26722459639126306,363700,2,0,smac,roc_auc,binary,LGBM,,False,holdout,0.0,78,3,3,LGBM_363700_20260405_160514,363700_rep2_fold0_smac_roc_auc_holdout,LGBM_363700_20260405_160514::363700_rep2_fold0_smac_roc_auc_holdout,0.0,0.0,0.005232029117379187
221,0.15563343717549327,0.2598765432098765,0.26722459639126306,363700,2,0,smac,roc_auc,binary,LGBM,,False,holdout,0.0,78,3,3,LGBM_363700_20260405_160514,363700_rep2_fold0_smac_roc_auc_holdout,LGBM_363700_20260405_160514::363700_rep2_fold0_smac_roc_auc_holdout,0.0,0.0,0.005232029117379187
222,0.15563343717549327,0.2598765432098765,0.26722459639126306,363700,2,0,smac,roc_auc,binary,LGBM,,False,holdout,0.0,78,3,3,LGBM_363700_20260405_160514,363700_rep2_fold0_smac_roc_auc_holdout,LGBM_363700_20260405_160514::363700_rep2_fold0_smac_roc_auc_holdout,0.0,0.0,0.005232029117379187
223,0.15563343717549327,0.2598765432098765,0.26722459639126306,363700,2,0,smac,roc_auc,binary,LGBM,,False,holdout,0.0,78,3,3,LGBM_363700_20260405_160514,363700_rep2_fold0_smac_roc_auc_holdout,LGBM_363700_20260405_160514::363700_rep2_fold0_smac_roc_auc_holdout,0.0,0.0,0.005232029117379187
224,0.15563343717549327,0.2598765432098765,0.26722459639126306,363700,2,0,smac,roc_auc,binary,LGBM,,False,holdout,0.0,78,3,3,LGBM_363700_20260405_160514,363700_rep2_fold0_smac_roc_auc_holdout,LGBM_363700_20260405_160514::363700_rep2_fold0_smac_roc_auc_holdout,0.0,0.0,0.005232029117379187
225,0.15563343717549327,0.2598765432098765,0.26722459639126306,363700,2,0,smac,roc_auc,binary,LGBM,,False,holdout,0.0,78,3,3,LGBM_363700_20260405_160514,363700_rep2_fold0_smac_roc_auc_holdout,LGBM_363700_20260405_160514::363700_rep2_fold0_smac_roc_auc_holdout,0.0,0.0,0.005232029117379187
226,0.15563343717549327,0.2598765432098765,0.26722459639126306,363700,2,0,smac,roc_auc,binary,LGBM,,False,holdout,0.0,78,3,3,LGBM_363700_20260405_160514,363700_rep2_fold0_smac_roc_auc_holdout,LGBM_363700_20260405_160514::363700_rep2_fold0_smac_roc_auc_holdout,0.0,0.0,0.005232029117379187
227,0.15563343717549327,0.2598765432098765,0.26722459639126306,363700,2,0,smac,roc_auc,binary,LGBM,,False,holdout,0.0,78,3,3,LGBM_363700_20260405_160514,363700_rep2_fold0_smac_roc_auc_holdout,LGBM_363700_20260405_160514::363700_rep2_fold0_smac_roc_auc_holdout,0.0,0.0,0.005232029117379187
228,0.15563343717549327,0.2598765432098765,0.26722459639126306,363700,2,0,smac,roc_auc,binary,LGBM,,False,holdout,0.0,78,3,3,LGBM_363700_20260405_160514,363700_rep2_fold0_smac_roc_auc_holdout,LGBM_363700_20260405_160514::363700_rep2_fold0_smac_roc_auc_holdout,0.0,0.0,0.005232029117379187
229,0.15563343717549327,0.2598765432098765,0.26722459639126306,363700,2,0,smac,roc_auc,binary,LGBM,,False,holdout,0.0,78,3,3,LGBM_363700_20260405_160514,363700_rep2_fold0_smac_roc_auc_holdout,LGBM_363700_20260405_160514::363700_rep2_fold0_smac_roc_auc_holdout,0.0,0.0,0.005232029117379187
230,0.15563343717549327,0.2598765432098765,0.26722459639126306,363700,2,0,smac,roc_auc,binary,LGBM,,False,holdout,0.0,78,3,3,LGBM_363700_20260405_160514,363700_rep2_fold0_smac_roc_auc_holdout,LGBM_363700_20260405_160514::363700_rep2_fold0_smac_roc_auc_holdout,0.0,0.0,0.005232029117379187
231,0.15563343717549327,0.2598765432098765,0.26722459639126306,363700,2,0,smac,roc_auc,binary,LGBM,,False,holdout,0.0,78,3,3,LGBM_363700_20260405_160514,363700_rep2_fold0_smac_roc_auc_holdout,LGBM_363700_20260405_160514::363700_rep2_fold0_smac_roc_auc_holdout,0.0,0.0,0.005232029117379187
232,0.15563343717549327,0.2598765432098765,0.26722459639126306,363700,2,0,smac,roc_auc,binary,LGBM,,False,holdout,0.0,78,3,3,LGBM_363700_20260405_160514,363700_rep2_fold0_smac_roc_auc_holdout,LGBM_363700_20260405_160514::363700_rep2_fold0_smac_roc_auc_holdout,0.0,0.0,0.005232029117379187
233,0.15563343717549327,0.2598765432098765,0.26722459639126306,363700,2,0,smac,roc_auc,binary,LGBM,,False,holdout,0.0,78,3,3,LGBM_363700_20260405_160514,363700_rep2_fold0_smac_roc_auc_holdout,LGBM_363700_20260405_160514::363700_rep2_fold0_smac_roc_auc_holdout,0.0,0.0,0.005232029117379187
234,0.15563343717549327,0.2598765432098765,0.26722459639126306,363700,2,0,smac,roc_auc,binary,LGBM,,False,holdout,0.0,78,3,3,LGBM_363700_20260405_160514,363700_rep2_fold0_smac_roc_auc_holdout,LGBM_363700_20260405_160514::363700_rep2_fold0_smac_roc_auc_holdout,0.0,0.0,0.005232029117379187
235,0.15563343717549327,0.2598765432098765,0.26722459639126306,363700,2,0,smac,roc_auc,binary,LGBM,,False,holdout,0.0,78,3,3,LGBM_363700_20260405_160514,363700_rep2_fold0_smac_roc_auc_holdout,LGBM_363700_20260405_160514::363700_rep2_fold0_smac_roc_auc_holdout,0.0,0.0,0.005232029117379187
236,0.15563343717549327,0.2598765432098765,0.26722459639126306,363700,2,0,smac,roc_auc,binary,LGBM,,False,holdout,0.0,78,3,3,LGBM_363700_20260405_160514,363700_rep2_fold0_smac_roc_auc_holdout,LGBM_363700_20260405_160514::363700_rep2_fold0_smac_roc_auc_holdout,0.0,0.0,0.005232029117379187
237,0.15563343717549327,0.2598765432098765,0.26722459639126306,363700,2,0,smac,roc_auc,binary,LGBM,,False,holdout,0.0,78,3,3,LGBM_363700_20260405_160514,363700_rep2_fold0_smac_roc_auc_holdout,LGBM_363700_20260405_160514::363700_rep2_fold0_smac_roc_auc_holdout,0.0,0.0,0.005232029117379187
238,0.15563343717549327,0.2598765432098765,0.26722459639126306,363700,2,0,smac,roc_auc,binary,LGBM,,False,holdout,0.0,78,3,3,LGBM_363700_20260405_160514,363700_rep2_fold0_smac_roc_auc_holdout,LGBM_363700_20260405_160514::363700_rep2_fold0_smac_roc_auc_holdout,0.0,0.0,0.005232029117379187
239,0.15563343717549327,0.2598765432098765,0.26722459639126306,363700,2,0,smac,roc_auc,binary,LGBM,,False,holdout,0.0,78,3,3,LGBM_363700_20260405_160514,363700_rep2_fold0_smac_roc_auc_holdout,LGBM_363700_20260405_160514::363700_rep2_fold0_smac_roc_auc_holdout,0.0,0.0,0.005232029117379187
240,0.15563343717549327,0.2598765432098765,0.26722459639126306,363700,2,0,smac,roc_auc,binary,LGBM,,False,holdout,0.0,78,3,3,LGBM_363700_20260405_160514,363700_rep2_fold0_smac_roc_auc_holdout,LGBM_363700_20260405_160514::363700_rep2_fold0_smac_roc_auc_holdout,0.0,0.0,0.005232029117379187
241,0.15563343717549327,0.2598765432098765,0.26722459639126306,363700,2,0,smac,roc_auc,binary,LGBM,,False,holdout,0.0,78,3,3,LGBM_363700_20260405_160514,363700_rep2_fold0_smac_roc_auc_holdout,LGBM_363700_20260405_160514::363700_rep2_fold0_smac_roc_auc_holdout,0.0,0.0,0.005232029117379187
242,0.15563343717549327,0.2598765432098765,0.26722459639126306,363700,2,0,smac,roc_auc,binary,LGBM,,False,holdout,0.0,78,3,3,LGBM_363700_20260405_160514,363700_rep2_fold0_smac_roc_auc_holdout,LGBM_363700_20260405_160514::363700_rep2_fold0_smac_roc_auc_holdout,0.0,0.0,0.005232029117379187
243,0.15563343717549327,0.2598765432098765,0.26722459639126306,363700,2,0,smac,roc_auc,binary,LGBM,,False,holdout,0.0,78,3,3,LGBM_363700_20260405_160514,363700_rep2_fold0_smac_roc_auc_holdout,LGBM_363700_20260405_160514::363700_rep2_fold0_smac_roc_auc_holdout,0.0,0.0,0.005232029117379187
244,0.15563343717549327,0.2598765432098765,0.26722459639126306,363700,2,0,smac,roc_auc,binary,LGBM,,False,holdout,0.0,78,3,3,LGBM_363700_20260405_160514,363700_rep2_fold0_smac_roc_auc_holdout,LGBM_363700_20260405_160514::363700_rep2_fold0_smac_roc_auc_holdout,0.0,0.0,0.005232029117379187
245,0.15563343717549327,0.2598765432098765,0.26722459639126306,363700,2,0,smac,roc_auc,binary,LGBM,,False,holdout,0.0,78,3,3,LGBM_363700_20260405_160514,363700_rep2_fold0_smac_roc_auc_holdout,LGBM_363700_20260405_160514::363700_rep2_fold0_smac_roc_auc_holdout,0.0,0.0,0.005232029117379187
246,0.15563343717549327,0.2598765432098765,0.26722459639126306,363700,2,0,smac,roc_auc,binary,LGBM,,False,holdout,0.0,78,3,3,LGBM_363700_20260405_160514,363700_rep2_fold0_smac_roc_auc_holdout,LGBM_363700_20260405_160514::363700_rep2_fold0_smac_roc_auc_holdout,0.0,0.0,0.005232029117379187
247,0.15563343717549327,0.2598765432098765,0.26722459639126306,363700,2,0,smac,roc_auc,binary,LGBM,,False,holdout,0.0,78,3,3,LGBM_363700_20260405_160514,363700_rep2_fold0_smac_roc_auc_holdout,LGBM_363700_20260405_160514::363700_rep2_fold0_smac_roc_auc_holdout,0.0,0.0,0.005232029117379187
248,0.15563343717549327,0.2598765432098765,0.26722459639126306,363700,2,0,smac,roc_auc,binary,LGBM,,False,holdout,0.0,78,3,3,LGBM_363700_20260405_160514,363700_rep2_fold0_smac_roc_auc_holdout,LGBM_363700_20260405_160514::363700_rep2_fold0_smac_roc_auc_holdout,0.0,0.0,0.005232029117379187
249,0.15563343717549327,0.2598765432098765,0.26722459639126306,363700,2,0,smac,roc_auc,binary,LGBM,,False,holdout,0.0,78,3,3,LGBM_363700_20260405_160514,363700_rep2_fold0_smac_roc_auc_holdout,LGBM_363700_20260405_160514::363700_rep2_fold0_smac_roc_auc_holdout,0.0,0.0,0.005232029117379187
0,0.23273624091381095,0.33790360873694214,0.31913580246913575,363700,2,0,hebo,roc_auc,binary,LGBM,,False,holdout,0.0,78,3,3,LGBM_363700_20260405_160514,363700_rep2_fold0_hebo_roc_auc_holdout,LGBM_363700_20260405_160514::363700_rep2_fold0_hebo_roc_auc_holdout,0.8966037735849054,1.0,1.0
1,0.23273624091381095,0.33790360873694214,0.31913580246913575,363700,2,0,hebo,roc_auc,binary,LGBM,,False,holdout,0.0,78,3,3,LGBM_363700_20260405_160514,363700_rep2_fold0_hebo_roc_auc_holdout,LGBM_363700_20260405_160514::363700_rep2_fold0_hebo_roc_auc_holdout,0.8966037735849054,1.0,1.0
2,0.2076843198338526,0.29261633428300093,0.3040479582146248,363700,2,0,hebo,roc_auc,binary,LGBM,,False,holdout,0.0,78,3,3,LGBM_363700_20260405_160514,363700_rep2_fold0_hebo_roc_auc_holdout,LGBM_363700_20260405_160514::363700_rep2_fold0_hebo_roc_auc_holdout,0.6052830188679253,0.41959531416400386,0.710873521383075
3,0.2076843198338526,0.29261633428300093,0.3040479582146248,363700,2,0,hebo,roc_auc,binary,LGBM,,False,holdout,0.0,78,3,3,LGBM_363700_20260405_160514,363700_rep2_fold0_hebo_roc_auc_holdout,LGBM_363700_20260405_160514::363700_rep2_fold0_hebo_roc_auc_holdout,0.6052830188679253,0.41959531416400386,0.710873521383075
4,0.2076843198338526,0.29261633428300093,0.3040479582146248,363700,2,0,hebo,roc_auc,binary,LGBM,,False,holdout,0.0,78,3,3,LGBM_363700_20260405_160514,363700_rep2_fold0_hebo_roc_auc_holdout,LGBM_363700_20260405_160514::363700_rep2_fold0_hebo_roc_auc_holdout,0.6052830188679253,0.41959531416400386,0.710873521383075
5,0.2076843198338526,0.29261633428300093,0.3040479582146248,363700,2,0,hebo,roc_auc,binary,LGBM,,False,holdout,0.0,78,3,3,LGBM_363700_20260405_160514,363700_rep2_fold0_hebo_roc_auc_holdout,LGBM_363700_20260405_160514::363700_rep2_fold0_hebo_roc_auc_holdout,0.6052830188679253,0.41959531416400386,0.710873521383075
6,0.2076843198338526,0.29261633428300093,0.3040479582146248,363700,2,0,hebo,roc_auc,binary,LGBM,,False,holdout,0.0,78,3,3,LGBM_363700_20260405_160514,363700_rep2_fold0_hebo_roc_auc_holdout,LGBM_363700_20260405_160514::363700_rep2_fold0_hebo_roc_auc_holdout,0.6052830188679253,0.41959531416400386,0.710873521383075
7,0.2076843198338526,0.29261633428300093,0.3040479582146248,363700,2,0,hebo,roc_auc,binary,LGBM,,False,holdout,0.0,78,3,3,LGBM_363700_20260405_160514,363700_rep2_fold0_hebo_roc_auc_holdout,LGBM_363700_20260405_160514::363700_rep2_fold0_hebo_roc_auc_holdout,0.6052830188679253,0.41959531416400386,0.710873521383075
8,0.2076843198338526,0.29261633428300093,0.3040479582146248,363700,2,0,hebo,roc_auc,binary,LGBM,,False,holdout,0.0,78,3,3,LGBM_363700_20260405_160514,363700_rep2_fold0_hebo_roc_auc_holdout,LGBM_363700_20260405_160514::363700_rep2_fold0_hebo_roc_auc_holdout,0.6052830188679253,0.41959531416400386,0.710873521383075
9,0.20781412253374876,0.2924026590693257,0.30407169990503313,363700,2,0,hebo,roc_auc,binary,LGBM,,False,holdout,0.0,78,3,3,LGBM_363700_20260405_160514,363700_rep2_fold0_hebo_roc_auc_holdout,LGBM_363700_20260405_160514::363700_rep2_fold0_hebo_roc_auc_holdout,0.6067924528301895,0.4168568385820778,0.7113284804367592
10,0.20781412253374876,0.2924026590693257,0.30407169990503313,363700,2,0,hebo,roc_auc,binary,LGBM,,False,holdout,0.0,78,3,3,LGBM_363700_20260405_160514,363700_rep2_fold0_hebo_roc_auc_holdout,LGBM_363700_20260405_160514::363700_rep2_fold0_hebo_roc_auc_holdout,0.6067924528301895,0.4168568385820778,0.7113284804367592
11,0.20781412253374876,0.2924026590693257,0.30407169990503313,363700,2,0,hebo,roc_auc,binary,LGBM,,False,holdout,0.0,78,3,3,LGBM_363700_20260405_160514,363700_rep2_fold0_hebo_roc_auc_holdout,LGBM_363700_20260405_160514::363700_rep2_fold0_hebo_roc_auc_holdout,0.6067924528301895,0.4168568385820778,0.7113284804367592
12,0.20781412253374876,0.2924026590693257,0.30407169990503313,363700,2,0,hebo,roc_auc,binary,LGBM,,False,holdout,0.0,78,3,3,LGBM_363700_20260405_160514,363700_rep2_fold0_hebo_roc_auc_holdout,LGBM_363700_20260405_160514::363700_rep2_fold0_hebo_roc_auc_holdout,0.6067924528301895,0.4168568385820778,0.7113284804367592
13,0.20781412253374876,0.2924026590693257,0.30407169990503313,363700,2,0,hebo,roc_auc,binary,LGBM,,False,holdout,0.0,78,3,3,LGBM_363700_20260405_160514,363700_rep2_fold0_hebo_roc_auc_holdout,LGBM_363700_20260405_160514::363700_rep2_fold0_hebo_roc_auc_holdout,0.6067924528301895,0.4168568385820778,0.7113284804367592
14,0.20781412253374876,0.2924026590693257,0.30407169990503313,363700,2,0,hebo,roc_auc,binary,LGBM,,False,holdout,0.0,78,3,3,LGBM_363700_20260405_160514,363700_rep2_fold0_hebo_roc_auc_holdout,LGBM_363700_20260405_160514::363700_rep2_fold0_hebo_roc_auc_holdout,0.6067924528301895,0.4168568385820778,0.7113284804367592
15,0.20781412253374876,0.2924026590693257,0.30407169990503313,363700,2,0,hebo,roc_auc,binary,LGBM,,False,holdout,0.0,78,3,3,LGBM_363700_20260405_160514,363700_rep2_fold0_hebo_roc_auc_holdout,LGBM_363700_20260405_160514::363700_rep2_fold0_hebo_roc_auc_holdout,0.6067924528301895,0.4168568385820778,0.7113284804367592
16,0.20781412253374876,0.2924026590693257,0.30407169990503313,363700,2,0,hebo,roc_auc,binary,LGBM,,False,holdout,0.0,78,3,3,LGBM_363700_20260405_160514,363700_rep2_fold0_hebo_roc_auc_holdout,LGBM_363700_20260405_160514::363700_rep2_fold0_hebo_roc_auc_holdout,0.6067924528301895,0.4168568385820778,0.7113284804367592
17,0.20781412253374876,0.2924026590693257,0.30407169990503313,363700,2,0,hebo,roc_auc,binary,LGBM,,False,holdout,0.0,78,3,3,LGBM_363700_20260405_160514,363700_rep2_fold0_hebo_roc_auc_holdout,LGBM_363700_20260405_160514::363700_rep2_fold0_hebo_roc_auc_holdout,0.6067924528301895,0.4168568385820778,0.7113284804367592
18,0.20781412253374876,0.2924026590693257,0.30407169990503313,363700,2,0,hebo,roc_auc,binary,LGBM,,False,holdout,0.0,78,3,3,LGBM_363700_20260405_160514,363700_rep2_fold0_hebo_roc_auc_holdout,LGBM_363700_20260405_160514::363700_rep2_fold0_hebo_roc_auc_holdout,0.6067924528301895,0.4168568385820778,0.7113284804367592
19,0.20781412253374876,0.2924026590693257,0.30407169990503313,363700,2,0,hebo,roc_auc,binary,LGBM,,False,holdout,0.0,78,3,3,LGBM_363700_20260405_160514,363700_rep2_fold0_hebo_roc_auc_holdout,LGBM_363700_20260405_160514::363700_rep2_fold0_hebo_roc_auc_holdout,0.6067924528301895,0.4168568385820778,0.7113284804367592
20,0.20781412253374876,0.2924026590693257,0.30407169990503313,363700,2,0,hebo,roc_auc,binary,LGBM,,False,holdout,0.0,78,3,3,LGBM_363700_20260405_160514,363700_rep2_fold0_hebo_roc_auc_holdout,LGBM_363700_20260405_160514::363700_rep2_fold0_hebo_roc_auc_holdout,0.6067924528301895,0.4168568385820778,0.7113284804367592
21,0.20781412253374876,0.2924026590693257,0.30407169990503313,363700,2,0,hebo,roc_auc,binary,LGBM,,False,holdout,0.0,78,3,3,LGBM_363700_20260405_160514,363700_rep2_fold0_hebo_roc_auc_holdout,LGBM_363700_20260405_160514::363700_rep2_fold0_hebo_roc_auc_holdout,0.6067924528301895,0.4168568385820778,0.7113284804367592
22,0.20781412253374876,0.2924026590693257,0.30407169990503313,363700,2,0,hebo,roc_auc,binary,LGBM,,False,holdout,0.0,78,3,3,LGBM_363700_20260405_160514,363700_rep2_fold0_hebo_roc_auc_holdout,LGBM_363700_20260405_160514::363700_rep2_fold0_hebo_roc_auc_holdout,0.6067924528301895,0.4168568385820778,0.7113284804367592
23,0.20781412253374876,0.2924026590693257,0.30407169990503313,363700,2,0,hebo,roc_auc,binary,LGBM,,False,holdout,0.0,78,3,3,LGBM_363700_20260405_160514,363700_rep2_fold0_hebo_roc_auc_holdout,LGBM_363700_20260405_160514::363700_rep2_fold0_hebo_roc_auc_holdout,0.6067924528301895,0.4168568385820778,0.7113284804367592
24,0.20781412253374876,0.2924026590693257,0.30407169990503313,363700,2,0,hebo,roc_auc,binary,LGBM,,False,holdout,0.0,78,3,3,LGBM_363700_20260405_160514,363700_rep2_fold0_hebo_roc_auc_holdout,LGBM_363700_20260405_160514::363700_rep2_fold0_hebo_roc_auc_holdout,0.6067924528301895,0.4168568385820778,0.7113284804367592
25,0.20781412253374876,0.2924026590693257,0.30407169990503313,363700,2,0,hebo,roc_auc,binary,LGBM,,False,holdout,0.0,78,3,3,LGBM_363700_20260405_160514,363700_rep2_fold0_hebo_roc_auc_holdout,LGBM_363700_20260405_160514::363700_rep2_fold0_hebo_roc_auc_holdout,0.6067924528301895,0.4168568385820778,0.7113284804367592
26,0.20781412253374876,0.2924026590693257,0.30407169990503313,363700,2,0,hebo,roc_auc,binary,LGBM,,False,holdout,0.0,78,3,3,LGBM_363700_20260405_160514,363700_rep2_fold0_hebo_roc_auc_holdout,LGBM_363700_20260405_160514::363700_rep2_fold0_hebo_roc_auc_holdout,0.6067924528301895,0.4168568385820778,0.7113284804367592
27,0.20781412253374876,0.2924026590693257,0.30407169990503313,363700,2,0,hebo,roc_auc,binary,LGBM,,False,holdout,0.0,78,3,3,LGBM_363700_20260405_160514,363700_rep2_fold0_hebo_roc_auc_holdout,LGBM_363700_20260405_160514::363700_rep2_fold0_hebo_roc_auc_holdout,0.6067924528301895,0.4168568385820778,0.7113284804367592
28,0.20781412253374876,0.2924026590693257,0.30407169990503313,363700,2,0,hebo,roc_auc,binary,LGBM,,False,holdout,0.0,78,3,3,LGBM_363700_20260405_160514,363700_rep2_fold0_hebo_roc_auc_holdout,LGBM_363700_20260405_160514::363700_rep2_fold0_hebo_roc_auc_holdout,0.6067924528301895,0.4168568385820778,0.7113284804367592
29,0.20781412253374876,0.2924026590693257,0.30407169990503313,363700,2,0,hebo,roc_auc,binary,LGBM,,False,holdout,0.0,78,3,3,LGBM_363700_20260405_160514,363700_rep2_fold0_hebo_roc_auc_holdout,LGBM_363700_20260405_160514::363700_rep2_fold0_hebo_roc_auc_holdout,0.6067924528301895,0.4168568385820778,0.7113284804367592
30,0.20781412253374876,0.2924026590693257,0.30407169990503313,363700,2,0,hebo,roc_auc,binary,LGBM,,False,holdout,0.0,78,3,3,LGBM_363700_20260405_160514,363700_rep2_fold0_hebo_roc_auc_holdout,LGBM_363700_20260405_160514::363700_rep2_fold0_hebo_roc_auc_holdout,0.6067924528301895,0.4168568385820778,0.7113284804367592
31,0.20781412253374876,0.2924026590693257,0.30407169990503313,363700,2,0,hebo,roc_auc,binary,LGBM,,False,holdout,0.0,78,3,3,LGBM_363700_20260405_160514,363700_rep2_fold0_hebo_roc_auc_holdout,LGBM_363700_20260405_160514::363700_rep2_fold0_hebo_roc_auc_holdout,0.6067924528301895,0.4168568385820778,0.7113284804367592
32,0.20781412253374876,0.2924026590693257,0.30407169990503313,363700,2,0,hebo,roc_auc,binary,LGBM,,False,holdout,0.0,78,3,3,LGBM_363700_20260405_160514,363700_rep2_fold0_hebo_roc_auc_holdout,LGBM_363700_20260405_160514::363700_rep2_fold0_hebo_roc_auc_holdout,0.6067924528301895,0.4168568385820778,0.7113284804367592
33,0.19807892004153682,0.2870607787274454,0.30127018043684717,363700,2,0,hebo,roc_auc,binary,LGBM,,False,holdout,0.0,78,3,3,LGBM_363700_20260405_160514,363700_rep2_fold0_hebo_roc_auc_holdout,LGBM_363700_20260405_160514::363700_rep2_fold0_hebo_roc_auc_holdout,0.49358490566037694,0.3483949490339266,0.6576433121019126
34,0.19807892004153682,0.2870607787274454,0.30127018043684717,363700,2,0,hebo,roc_auc,binary,LGBM,,False,holdout,0.0,78,3,3,LGBM_363700_20260405_160514,363700_rep2_fold0_hebo_roc_auc_holdout,LGBM_363700_20260405_160514::363700_rep2_fold0_hebo_roc_auc_holdout,0.49358490566037694,0.3483949490339266,0.6576433121019126
35,0.19807892004153682,0.2870607787274454,0.30127018043684717,363700,2,0,hebo,roc_auc,binary,LGBM,,False,holdout,0.0,78,3,3,LGBM_363700_20260405_160514,363700_rep2_fold0_hebo_roc_auc_holdout,LGBM_363700_20260405_160514::363700_rep2_fold0_hebo_roc_auc_holdout,0.49358490566037694,0.3483949490339266,0.6576433121019126
36,0.19807892004153682,0.2870607787274454,0.30127018043684717,363700,2,0,hebo,roc_auc,binary,LGBM,,False,holdout,0.0,78,3,3,LGBM_363700_20260405_160514,363700_rep2_fold0_hebo_roc_auc_holdout,LGBM_363700_20260405_160514::363700_rep2_fold0_hebo_roc_auc_holdout,0.49358490566037694,0.3483949490339266,0.6576433121019126
37,0.19470404984423662,0.2870370370370371,0.29945394112060775,363700,2,0,hebo,roc_auc,binary,LGBM,,False,holdout,0.0,78,3,3,LGBM_363700_20260405_160514,363700_rep2_fold0_hebo_roc_auc_holdout,LGBM_363700_20260405_160514::363700_rep2_fold0_hebo_roc_auc_holdout,0.4543396226415078,0.3480906739692688,0.6228389444949951
38,0.19470404984423662,0.2870370370370371,0.29945394112060775,363700,2,0,hebo,roc_auc,binary,LGBM,,False,holdout,0.0,78,3,3,LGBM_363700_20260405_160514,363700_rep2_fold0_hebo_roc_auc_holdout,LGBM_363700_20260405_160514::363700_rep2_fold0_hebo_roc_auc_holdout,0.4543396226415078,0.3480906739692688,0.6228389444949951
39,0.19470404984423662,0.2870370370370371,0.29945394112060775,363700,2,0,hebo,roc_auc,binary,LGBM,,False,holdout,0.0,78,3,3,LGBM_363700_20260405_160514,363700_rep2_fold0_hebo_roc_auc_holdout,LGBM_363700_20260405_160514::363700_rep2_fold0_hebo_roc_auc_holdout,0.4543396226415078,0.3480906739692688,0.6228389444949951
40,0.19470404984423662,0.2870370370370371,0.29945394112060775,363700,2,0,hebo,roc_auc,binary,LGBM,,False,holdout,0.0,78,3,3,LGBM_363700_20260405_160514,363700_rep2_fold0_hebo_roc_auc_holdout,LGBM_363700_20260405_160514::363700_rep2_fold0_hebo_roc_auc_holdout,0.4543396226415078,0.3480906739692688,0.6228389444949951
41,0.19470404984423662,0.2870370370370371,0.29945394112060775,363700,2,0,hebo,roc_auc,binary,LGBM,,False,holdout,0.0,78,3,3,LGBM_363700_20260405_160514,363700_rep2_fold0_hebo_roc_auc_holdout,LGBM_363700_20260405_160514::363700_rep2_fold0_hebo_roc_auc_holdout,0.4543396226415078,0.3480906739692688,0.6228389444949951
42,0.19470404984423662,0.2870370370370371,0.29945394112060775,363700,2,0,hebo,roc_auc,binary,LGBM,,False,holdout,0.0,78,3,3,LGBM_363700_20260405_160514,363700_rep2_fold0_hebo_roc_auc_holdout,LGBM_363700_20260405_160514::363700_rep2_fold0_hebo_roc_auc_holdout,0.4543396226415078,0.3480906739692688,0.6228389444949951
43,0.19470404984423662,0.2870370370370371,0.29945394112060775,363700,2,0,hebo,roc_auc,binary,LGBM,,False,holdout,0.0,78,3,3,LGBM_363700_20260405_160514,363700_rep2_fold0_hebo_roc_auc_holdout,LGBM_363700_20260405_160514::363700_rep2_fold0_hebo_roc_auc_holdout,0.4543396226415078,0.3480906739692688,0.6228389444949951
44,0.19470404984423662,0.2870370370370371,0.29945394112060775,363700,2,0,hebo,roc_auc,binary,LGBM,,False,holdout,0.0,78,3,3,LGBM_363700_20260405_160514,363700_rep2_fold0_hebo_roc_auc_holdout,LGBM_363700_20260405_160514::363700_rep2_fold0_hebo_roc_auc_holdout,0.4543396226415078,0.3480906739692688,0.6228389444949951
45,0.19470404984423662,0.2870370370370371,0.29945394112060775,363700,2,0,hebo,roc_auc,binary,LGBM,,False,holdout,0.0,78,3,3,LGBM_363700_20260405_160514,363700_rep2_fold0_hebo_roc_auc_holdout,LGBM_363700_20260405_160514::363700_rep2_fold0_hebo_roc_auc_holdout,0.4543396226415078,0.3480906739692688,0.6228389444949951
46,0.19470404984423662,0.2870370370370371,0.29945394112060775,363700,2,0,hebo,roc_auc,binary,LGBM,,False,holdout,0.0,78,3,3,LGBM_363700_20260405_160514,363700_rep2_fold0_hebo_roc_auc_holdout,LGBM_363700_20260405_160514::363700_rep2_fold0_hebo_roc_auc_holdout,0.4543396226415078,0.3480906739692688,0.6228389444949951
47,0.19470404984423662,0.2870370370370371,0.29945394112060775,363700,2,0,hebo,roc_auc,binary,LGBM,,False,holdout,0.0,78,3,3,LGBM_363700_20260405_160514,363700_rep2_fold0_hebo_roc_auc_holdout,LGBM_363700_20260405_160514::363700_rep2_fold0_hebo_roc_auc_holdout,0.4543396226415078,0.3480906739692688,0.6228389444949951
48,0.19470404984423662,0.2870370370370371,0.29945394112060775,363700,2,0,hebo,roc_auc,binary,LGBM,,False,holdout,0.0,78,3,3,LGBM_363700_20260405_160514,363700_rep2_fold0_hebo_roc_auc_holdout,LGBM_363700_20260405_160514::363700_rep2_fold0_hebo_roc_auc_holdout,0.4543396226415078,0.3480906739692688,0.6228389444949951
49,0.19470404984423662,0.2870370370370371,0.29945394112060775,363700,2,0,hebo,roc_auc,binary,LGBM,,False,holdout,0.0,78,3,3,LGBM_363700_20260405_160514,363700_rep2_fold0_hebo_roc_auc_holdout,LGBM_363700_20260405_160514::363700_rep2_fold0_hebo_roc_auc_holdout,0.4543396226415078,0.3480906739692688,0.6228389444949951
50,0.19470404984423662,0.2870370370370371,0.29945394112060775,363700,2,0,hebo,roc_auc,binary,LGBM,,False,holdout,0.0,78,3,3,LGBM_363700_20260405_160514,363700_rep2_fold0_hebo_roc_auc_holdout,LGBM_363700_20260405_160514::363700_rep2_fold0_hebo_roc_auc_holdout,0.4543396226415078,0.3480906739692688,0.6228389444949951
51,0.19470404984423662,0.2870370370370371,0.29945394112060775,363700,2,0,hebo,roc_auc,binary,LGBM,,False,holdout,0.0,78,3,3,LGBM_363700_20260405_160514,363700_rep2_fold0_hebo_roc_auc_holdout,LGBM_363700_20260405_160514::363700_rep2_fold0_hebo_roc_auc_holdout,0.4543396226415078,0.3480906739692688,0.6228389444949951
52,0.19470404984423662,0.2870370370370371,0.29945394112060775,363700,2,0,hebo,roc_auc,binary,LGBM,,False,holdout,0.0,78,3,3,LGBM_363700_20260405_160514,363700_rep2_fold0_hebo_roc_auc_holdout,LGBM_363700_20260405_160514::363700_rep2_fold0_hebo_roc_auc_holdout,0.4543396226415078,0.3480906739692688,0.6228389444949951
53,0.19470404984423662,0.2870370370370371,0.29945394112060775,363700,2,0,hebo,roc_auc,binary,LGBM,,False,holdout,0.0,78,3,3,LGBM_363700_20260405_160514,363700_rep2_fold0_hebo_roc_auc_holdout,LGBM_363700_20260405_160514::363700_rep2_fold0_hebo_roc_auc_holdout,0.4543396226415078,0.3480906739692688,0.6228389444949951
54,0.19470404984423662,0.2870370370370371,0.29945394112060775,363700,2,0,hebo,roc_auc,binary,LGBM,,False,holdout,0.0,78,3,3,LGBM_363700_20260405_160514,363700_rep2_fold0_hebo_roc_auc_holdout,LGBM_363700_20260405_160514::363700_rep2_fold0_hebo_roc_auc_holdout,0.4543396226415078,0.3480906739692688,0.6228389444949951
55,0.19470404984423662,0.2870370370370371,0.29945394112060775,363700,2,0,hebo,roc_auc,binary,LGBM,,False,holdout,0.0,78,3,3,LGBM_363700_20260405_160514,363700_rep2_fold0_hebo_roc_auc_holdout,LGBM_363700_20260405_160514::363700_rep2_fold0_hebo_roc_auc_holdout,0.4543396226415078,0.3480906739692688,0.6228389444949951
56,0.19470404984423662,0.2870370370370371,0.29945394112060775,363700,2,0,hebo,roc_auc,binary,LGBM,,False,holdout,0.0,78,3,3,LGBM_363700_20260405_160514,363700_rep2_fold0_hebo_roc_auc_holdout,LGBM_363700_20260405_160514::363700_rep2_fold0_hebo_roc_auc_holdout,0.4543396226415078,0.3480906739692688,0.6228389444949951
57,0.19470404984423662,0.2870370370370371,0.29945394112060775,363700,2,0,hebo,roc_auc,binary,LGBM,,False,holdout,0.0,78,3,3,LGBM_363700_20260405_160514,363700_rep2_fold0_hebo_roc_auc_holdout,LGBM_363700_20260405_160514::363700_rep2_fold0_hebo_roc_auc_holdout,0.4543396226415078,0.3480906739692688,0.6228389444949951
58,0.19470404984423662,0.2870370370370371,0.29945394112060775,363700,2,0,hebo,roc_auc,binary,LGBM,,False,holdout,0.0,78,3,3,LGBM_363700_20260405_160514,363700_rep2_fold0_hebo_roc_auc_holdout,LGBM_363700_20260405_160514::363700_rep2_fold0_hebo_roc_auc_holdout,0.4543396226415078,0.3480906739692688,0.6228389444949951
59,0.19470404984423662,0.2870370370370371,0.29945394112060775,363700,2,0,hebo,roc_auc,binary,LGBM,,False,holdout,0.0,78,3,3,LGBM_363700_20260405_160514,363700_rep2_fold0_hebo_roc_auc_holdout,LGBM_363700_20260405_160514::363700_rep2_fold0_hebo_roc_auc_holdout,0.4543396226415078,0.3480906739692688,0.6228389444949951
60,0.19470404984423662,0.2870370370370371,0.29945394112060775,363700,2,0,hebo,roc_auc,binary,LGBM,,False,holdout,0.0,78,3,3,LGBM_363700_20260405_160514,363700_rep2_fold0_hebo_roc_auc_holdout,LGBM_363700_20260405_160514::363700_rep2_fold0_hebo_roc_auc_holdout,0.4543396226415078,0.3480906739692688,0.6228389444949951
61,0.19470404984423662,0.2870370370370371,0.29945394112060775,363700,2,0,hebo,roc_auc,binary,LGBM,,False,holdout,0.0,78,3,3,LGBM_363700_20260405_160514,363700_rep2_fold0_hebo_roc_auc_holdout,LGBM_363700_20260405_160514::363700_rep2_fold0_hebo_roc_auc_holdout,0.4543396226415078,0.3480906739692688,0.6228389444949951
62,0.19470404984423662,0.2870370370370371,0.29945394112060775,363700,2,0,hebo,roc_auc,binary,LGBM,,False,holdout,0.0,78,3,3,LGBM_363700_20260405_160514,363700_rep2_fold0_hebo_roc_auc_holdout,LGBM_363700_20260405_160514::363700_rep2_fold0_hebo_roc_auc_holdout,0.4543396226415078,0.3480906739692688,0.6228389444949951
63,0.19470404984423662,0.2870370370370371,0.29945394112060775,363700,2,0,hebo,roc_auc,binary,LGBM,,False,holdout,0.0,78,3,3,LGBM_363700_20260405_160514,363700_rep2_fold0_hebo_roc_auc_holdout,LGBM_363700_20260405_160514::363700_rep2_fold0_hebo_roc_auc_holdout,0.4543396226415078,0.3480906739692688,0.6228389444949951
64,0.19470404984423662,0.2870370370370371,0.29945394112060775,363700,2,0,hebo,roc_auc,binary,LGBM,,False,holdout,0.0,78,3,3,LGBM_363700_20260405_160514,363700_rep2_fold0_hebo_roc_auc_holdout,LGBM_363700_20260405_160514::363700_rep2_fold0_hebo_roc_auc_holdout,0.4543396226415078,0.3480906739692688,0.6228389444949951
65,0.19470404984423662,0.2870370370370371,0.29945394112060775,363700,2,0,hebo,roc_auc,binary,LGBM,,False,holdout,0.0,78,3,3,LGBM_363700_20260405_160514,363700_rep2_fold0_hebo_roc_auc_holdout,LGBM_363700_20260405_160514::363700_rep2_fold0_hebo_roc_auc_holdout,0.4543396226415078,0.3480906739692688,0.6228389444949951
66,0.19470404984423662,0.2870370370370371,0.29945394112060775,363700,2,0,hebo,roc_auc,binary,LGBM,,False,holdout,0.0,78,3,3,LGBM_363700_20260405_160514,363700_rep2_fold0_hebo_roc_auc_holdout,LGBM_363700_20260405_160514::363700_rep2_fold0_hebo_roc_auc_holdout,0.4543396226415078,0.3480906739692688,0.6228389444949951
67,0.19470404984423662,0.2870370370370371,0.29945394112060775,363700,2,0,hebo,roc_auc,binary,LGBM,,False,holdout,0.0,78,3,3,LGBM_363700_20260405_160514,363700_rep2_fold0_hebo_roc_auc_holdout,LGBM_363700_20260405_160514::363700_rep2_fold0_hebo_roc_auc_holdout,0.4543396226415078,0.3480906739692688,0.6228389444949951
68,0.19470404984423662,0.2870370370370371,0.29945394112060775,363700,2,0,hebo,roc_auc,binary,LGBM,,False,holdout,0.0,78,3,3,LGBM_363700_20260405_160514,363700_rep2_fold0_hebo_roc_auc_holdout,LGBM_363700_20260405_160514::363700_rep2_fold0_hebo_roc_auc_holdout,0.4543396226415078,0.3480906739692688,0.6228389444949951
69,0.19470404984423662,0.2870370370370371,0.29945394112060775,363700,2,0,hebo,roc_auc,binary,LGBM,,False,holdout,0.0,78,3,3,LGBM_363700_20260405_160514,363700_rep2_fold0_hebo_roc_auc_holdout,LGBM_363700_20260405_160514::363700_rep2_fold0_hebo_roc_auc_holdout,0.4543396226415078,0.3480906739692688,0.6228389444949951
70,0.19470404984423662,0.2870370370370371,0.29945394112060775,363700,2,0,hebo,roc_auc,binary,LGBM,,False,holdout,0.0,78,3,3,LGBM_363700_20260405_160514,363700_rep2_fold0_hebo_roc_auc_holdout,LGBM_363700_20260405_160514::363700_rep2_fold0_hebo_roc_auc_holdout,0.4543396226415078,0.3480906739692688,0.6228389444949951
71,0.19470404984423662,0.2870370370370371,0.29945394112060775,363700,2,0,hebo,roc_auc,binary,LGBM,,False,holdout,0.0,78,3,3,LGBM_363700_20260405_160514,363700_rep2_fold0_hebo_roc_auc_holdout,LGBM_363700_20260405_160514::363700_rep2_fold0_hebo_roc_auc_holdout,0.4543396226415078,0.3480906739692688,0.6228389444949951
72,0.19470404984423662,0.2870370370370371,0.29945394112060775,363700,2,0,hebo,roc_auc,binary,LGBM,,False,holdout,0.0,78,3,3,LGBM_363700_20260405_160514,363700_rep2_fold0_hebo_roc_auc_holdout,LGBM_363700_20260405_160514::363700_rep2_fold0_hebo_roc_auc_holdout,0.4543396226415078,0.3480906739692688,0.6228389444949951
73,0.19470404984423662,0.2870370370370371,0.29945394112060775,363700,2,0,hebo,roc_auc,binary,LGBM,,False,holdout,0.0,78,3,3,LGBM_363700_20260405_160514,363700_rep2_fold0_hebo_roc_auc_holdout,LGBM_363700_20260405_160514::363700_rep2_fold0_hebo_roc_auc_holdout,0.4543396226415078,0.3480906739692688,0.6228389444949951
74,0.19470404984423662,0.2870370370370371,0.29945394112060775,363700,2,0,hebo,roc_auc,binary,LGBM,,False,holdout,0.0,78,3,3,LGBM_363700_20260405_160514,363700_rep2_fold0_hebo_roc_auc_holdout,LGBM_363700_20260405_160514::363700_rep2_fold0_hebo_roc_auc_holdout,0.4543396226415078,0.3480906739692688,0.6228389444949951
75,0.19470404984423662,0.2870370370370371,0.29945394112060775,363700,2,0,hebo,roc_auc,binary,LGBM,,False,holdout,0.0,78,3,3,LGBM_363700_20260405_160514,363700_rep2_fold0_hebo_roc_auc_holdout,LGBM_363700_20260405_160514::363700_rep2_fold0_hebo_roc_auc_holdout,0.4543396226415078,0.3480906739692688,0.6228389444949951
76,0.19470404984423662,0.2870370370370371,0.29945394112060775,363700,2,0,hebo,roc_auc,binary,LGBM,,False,holdout,0.0,78,3,3,LGBM_363700_20260405_160514,363700_rep2_fold0_hebo_roc_auc_holdout,LGBM_363700_20260405_160514::363700_rep2_fold0_hebo_roc_auc_holdout,0.4543396226415078,0.3480906739692688,0.6228389444949951
77,0.19470404984423662,0.2870370370370371,0.29945394112060775,363700,2,0,hebo,roc_auc,binary,LGBM,,False,holdout,0.0,78,3,3,LGBM_363700_20260405_160514,363700_rep2_fold0_hebo_roc_auc_holdout,LGBM_363700_20260405_160514::363700_rep2_fold0_hebo_roc_auc_holdout,0.4543396226415078,0.3480906739692688,0.6228389444949951
78,0.19470404984423662,0.2870370370370371,0.29945394112060775,363700,2,0,hebo,roc_auc,binary,LGBM,,False,holdout,0.0,78,3,3,LGBM_363700_20260405_160514,363700_rep2_fold0_hebo_roc_auc_holdout,LGBM_363700_20260405_160514::363700_rep2_fold0_hebo_roc_auc_holdout,0.4543396226415078,0.3480906739692688,0.6228389444949951
79,0.19470404984423662,0.2870370370370371,0.29945394112060775,363700,2,0,hebo,roc_auc,binary,LGBM,,False,holdout,0.0,78,3,3,LGBM_363700_20260405_160514,363700_rep2_fold0_hebo_roc_auc_holdout,LGBM_363700_20260405_160514::363700_rep2_fold0_hebo_roc_auc_holdout,0.4543396226415078,0.3480906739692688,0.6228389444949951
80,0.19470404984423662,0.2870370370370371,0.29945394112060775,363700,2,0,hebo,roc_auc,binary,LGBM,,False,holdout,0.0,78,3,3,LGBM_363700_20260405_160514,363700_rep2_fold0_hebo_roc_auc_holdout,LGBM_363700_20260405_160514::363700_rep2_fold0_hebo_roc_auc_holdout,0.4543396226415078,0.3480906739692688,0.6228389444949951
81,0.19470404984423662,0.2870370370370371,0.29945394112060775,363700,2,0,hebo,roc_auc,binary,LGBM,,False,holdout,0.0,78,3,3,LGBM_363700_20260405_160514,363700_rep2_fold0_hebo_roc_auc_holdout,LGBM_363700_20260405_160514::363700_rep2_fold0_hebo_roc_auc_holdout,0.4543396226415078,0.3480906739692688,0.6228389444949951
82,0.19470404984423662,0.2870370370370371,0.29945394112060775,363700,2,0,hebo,roc_auc,binary,LGBM,,False,holdout,0.0,78,3,3,LGBM_363700_20260405_160514,363700_rep2_fold0_hebo_roc_auc_holdout,LGBM_363700_20260405_160514::363700_rep2_fold0_hebo_roc_auc_holdout,0.4543396226415078,0.3480906739692688,0.6228389444949951
83,0.19470404984423662,0.2870370370370371,0.29945394112060775,363700,2,0,hebo,roc_auc,binary,LGBM,,False,holdout,0.0,78,3,3,LGBM_363700_20260405_160514,363700_rep2_fold0_hebo_roc_auc_holdout,LGBM_363700_20260405_160514::363700_rep2_fold0_hebo_roc_auc_holdout,0.4543396226415078,0.3480906739692688,0.6228389444949951
84,0.19470404984423662,0.2870370370370371,0.29945394112060775,363700,2,0,hebo,roc_auc,binary,LGBM,,False,holdout,0.0,78,3,3,LGBM_363700_20260405_160514,363700_rep2_fold0_hebo_roc_auc_holdout,LGBM_363700_20260405_160514::363700_rep2_fold0_hebo_roc_auc_holdout,0.4543396226415078,0.3480906739692688,0.6228389444949951
85,0.19470404984423662,0.2870370370370371,0.29945394112060775,363700,2,0,hebo,roc_auc,binary,LGBM,,False,holdout,0.0,78,3,3,LGBM_363700_20260405_160514,363700_rep2_fold0_hebo_roc_auc_holdout,LGBM_363700_20260405_160514::363700_rep2_fold0_hebo_roc_auc_holdout,0.4543396226415078,0.3480906739692688,0.6228389444949951
86,0.19470404984423662,0.2870370370370371,0.29945394112060775,363700,2,0,hebo,roc_auc,binary,LGBM,,False,holdout,0.0,78,3,3,LGBM_363700_20260405_160514,363700_rep2_fold0_hebo_roc_auc_holdout,LGBM_363700_20260405_160514::363700_rep2_fold0_hebo_roc_auc_holdout,0.4543396226415078,0.3480906739692688,0.6228389444949951
87,0.19470404984423662,0.2870370370370371,0.29945394112060775,363700,2,0,hebo,roc_auc,binary,LGBM,,False,holdout,0.0,78,3,3,LGBM_363700_20260405_160514,363700_rep2_fold0_hebo_roc_auc_holdout,LGBM_363700_20260405_160514::363700_rep2_fold0_hebo_roc_auc_holdout,0.4543396226415078,0.3480906739692688,0.6228389444949951
88,0.19470404984423662,0.2870370370370371,0.29945394112060775,363700,2,0,hebo,roc_auc,binary,LGBM,,False,holdout,0.0,78,3,3,LGBM_363700_20260405_160514,363700_rep2_fold0_hebo_roc_auc_holdout,LGBM_363700_20260405_160514::363700_rep2_fold0_hebo_roc_auc_holdout,0.4543396226415078,0.3480906739692688,0.6228389444949951
89,0.19470404984423662,0.2870370370370371,0.29945394112060775,363700,2,0,hebo,roc_auc,binary,LGBM,,False,holdout,0.0,78,3,3,LGBM_363700_20260405_160514,363700_rep2_fold0_hebo_roc_auc_holdout,LGBM_363700_20260405_160514::363700_rep2_fold0_hebo_roc_auc_holdout,0.4543396226415078,0.3480906739692688,0.6228389444949951
90,0.19470404984423662,0.2870370370370371,0.29945394112060775,363700,2,0,hebo,roc_auc,binary,LGBM,,False,holdout,0.0,78,3,3,LGBM_363700_20260405_160514,363700_rep2_fold0_hebo_roc_auc_holdout,LGBM_363700_20260405_160514::363700_rep2_fold0_hebo_roc_auc_holdout,0.4543396226415078,0.3480906739692688,0.6228389444949951
91,0.19470404984423662,0.2870370370370371,0.29945394112060775,363700,2,0,hebo,roc_auc,binary,LGBM,,False,holdout,0.0,78,3,3,LGBM_363700_20260405_160514,363700_rep2_fold0_hebo_roc_auc_holdout,LGBM_363700_20260405_160514::363700_rep2_fold0_hebo_roc_auc_holdout,0.4543396226415078,0.3480906739692688,0.6228389444949951
92,0.19470404984423662,0.2870370370370371,0.29945394112060775,363700,2,0,hebo,roc_auc,binary,LGBM,,False,holdout,0.0,78,3,3,LGBM_363700_20260405_160514,363700_rep2_fold0_hebo_roc_auc_holdout,LGBM_363700_20260405_160514::363700_rep2_fold0_hebo_roc_auc_holdout,0.4543396226415078,0.3480906739692688,0.6228389444949951
93,0.19470404984423662,0.2870370370370371,0.29945394112060775,363700,2,0,hebo,roc_auc,binary,LGBM,,False,holdout,0.0,78,3,3,LGBM_363700_20260405_160514,363700_rep2_fold0_hebo_roc_auc_holdout,LGBM_363700_20260405_160514::363700_rep2_fold0_hebo_roc_auc_holdout,0.4543396226415078,0.3480906739692688,0.6228389444949951
94,0.19470404984423662,0.2870370370370371,0.29945394112060775,363700,2,0,hebo,roc_auc,binary,LGBM,,False,holdout,0.0,78,3,3,LGBM_363700_20260405_160514,363700_rep2_fold0_hebo_roc_auc_holdout,LGBM_363700_20260405_160514::363700_rep2_fold0_hebo_roc_auc_holdout,0.4543396226415078,0.3480906739692688,0.6228389444949951
95,0.19470404984423662,0.2870370370370371,0.29945394112060775,363700,2,0,hebo,roc_auc,binary,LGBM,,False,holdout,0.0,78,3,3,LGBM_363700_20260405_160514,363700_rep2_fold0_hebo_roc_auc_holdout,LGBM_363700_20260405_160514::363700_rep2_fold0_hebo_roc_auc_holdout,0.4543396226415078,0.3480906739692688,0.6228389444949951
96,0.19470404984423662,0.2870370370370371,0.29945394112060775,363700,2,0,hebo,roc_auc,binary,LGBM,,False,holdout,0.0,78,3,3,LGBM_363700_20260405_160514,363700_rep2_fold0_hebo_roc_auc_holdout,LGBM_363700_20260405_160514::363700_rep2_fold0_hebo_roc_auc_holdout,0.4543396226415078,0.3480906739692688,0.6228389444949951
97,0.19470404984423662,0.2870370370370371,0.29945394112060775,363700,2,0,hebo,roc_auc,binary,LGBM,,False,holdout,0.0,78,3,3,LGBM_363700_20260405_160514,363700_rep2_fold0_hebo_roc_auc_holdout,LGBM_363700_20260405_160514::363700_rep2_fold0_hebo_roc_auc_holdout,0.4543396226415078,0.3480906739692688,0.6228389444949951
98,0.19470404984423662,0.2870370370370371,0.29945394112060775,363700,2,0,hebo,roc_auc,binary,LGBM,,False,holdout,0.0,78,3,3,LGBM_363700_20260405_160514,363700_rep2_fold0_hebo_roc_auc_holdout,LGBM_363700_20260405_160514::363700_rep2_fold0_hebo_roc_auc_holdout,0.4543396226415078,0.3480906739692688,0.6228389444949951
99,0.19470404984423662,0.2870370370370371,0.29945394112060775,363700,2,0,hebo,roc_auc,binary,LGBM,,False,holdout,0.0,78,3,3,LGBM_363700_20260405_160514,363700_rep2_fold0_hebo_roc_auc_holdout,LGBM_363700_20260405_160514::363700_rep2_fold0_hebo_roc_auc_holdout,0.4543396226415078,0.3480906739692688,0.6228389444949951
100,0.19470404984423662,0.2870370370370371,0.29945394112060775,363700,2,0,hebo,roc_auc,binary,LGBM,,False,holdout,0.0,78,3,3,LGBM_363700_20260405_160514,363700_rep2_fold0_hebo_roc_auc_holdout,LGBM_363700_20260405_160514::363700_rep2_fold0_hebo_roc_auc_holdout,0.4543396226415078,0.3480906739692688,0.6228389444949951
101,0.19470404984423662,0.2870370370370371,0.29945394112060775,363700,2,0,hebo,roc_auc,binary,LGBM,,False,holdout,0.0,78,3,3,LGBM_363700_20260405_160514,363700_rep2_fold0_hebo_roc_auc_holdout,LGBM_363700_20260405_160514::363700_rep2_fold0_hebo_roc_auc_holdout,0.4543396226415078,0.3480906739692688,0.6228389444949951
102,0.19470404984423662,0.2870370370370371,0.29945394112060775,363700,2,0,hebo,roc_auc,binary,LGBM,,False,holdout,0.0,78,3,3,LGBM_363700_20260405_160514,363700_rep2_fold0_hebo_roc_auc_holdout,LGBM_363700_20260405_160514::363700_rep2_fold0_hebo_roc_auc_holdout,0.4543396226415078,0.3480906739692688,0.6228389444949951
103,0.19470404984423662,0.2870370370370371,0.29945394112060775,363700,2,0,hebo,roc_auc,binary,LGBM,,False,holdout,0.0,78,3,3,LGBM_363700_20260405_160514,363700_rep2_fold0_hebo_roc_auc_holdout,LGBM_363700_20260405_160514::363700_rep2_fold0_hebo_roc_auc_holdout,0.4543396226415078,0.3480906739692688,0.6228389444949951
104,0.19470404984423662,0.2870370370370371,0.29945394112060775,363700,2,0,hebo,roc_auc,binary,LGBM,,False,holdout,0.0,78,3,3,LGBM_363700_20260405_160514,363700_rep2_fold0_hebo_roc_auc_holdout,LGBM_363700_20260405_160514::363700_rep2_fold0_hebo_roc_auc_holdout,0.4543396226415078,0.3480906739692688,0.6228389444949951
105,0.19470404984423662,0.2870370370370371,0.29945394112060775,363700,2,0,hebo,roc_auc,binary,LGBM,,False,holdout,0.0,78,3,3,LGBM_363700_20260405_160514,363700_rep2_fold0_hebo_roc_auc_holdout,LGBM_363700_20260405_160514::363700_rep2_fold0_hebo_roc_auc_holdout,0.4543396226415078,0.3480906739692688,0.6228389444949951
106,0.19470404984423662,0.2870370370370371,0.29945394112060775,363700,2,0,hebo,roc_auc,binary,LGBM,,False,holdout,0.0,78,3,3,LGBM_363700_20260405_160514,363700_rep2_fold0_hebo_roc_auc_holdout,LGBM_363700_20260405_160514::363700_rep2_fold0_hebo_roc_auc_holdout,0.4543396226415078,0.3480906739692688,0.6228389444949951
107,0.19470404984423662,0.2870370370370371,0.29945394112060775,363700,2,0,hebo,roc_auc,binary,LGBM,,False,holdout,0.0,78,3,3,LGBM_363700_20260405_160514,363700_rep2_fold0_hebo_roc_auc_holdout,LGBM_363700_20260405_160514::363700_rep2_fold0_hebo_roc_auc_holdout,0.4543396226415078,0.3480906739692688,0.6228389444949951
108,0.19470404984423662,0.2870370370370371,0.29945394112060775,363700,2,0,hebo,roc_auc,binary,LGBM,,False,holdout,0.0,78,3,3,LGBM_363700_20260405_160514,363700_rep2_fold0_hebo_roc_auc_holdout,LGBM_363700_20260405_160514::363700_rep2_fold0_hebo_roc_auc_holdout,0.4543396226415078,0.3480906739692688,0.6228389444949951
109,0.19470404984423662,0.2870370370370371,0.29945394112060775,363700,2,0,hebo,roc_auc,binary,LGBM,,False,holdout,0.0,78,3,3,LGBM_363700_20260405_160514,363700_rep2_fold0_hebo_roc_auc_holdout,LGBM_363700_20260405_160514::363700_rep2_fold0_hebo_roc_auc_holdout,0.4543396226415078,0.3480906739692688,0.6228389444949951
110,0.1917185877466251,0.2999287749287749,0.30468898385565046,363700,2,0,hebo,roc_auc,binary,LGBM,,False,holdout,0.0,78,3,3,LGBM_363700_20260405_160514,363700_rep2_fold0_hebo_roc_auc_holdout,LGBM_363700_20260405_160514::363700_rep2_fold0_hebo_roc_auc_holdout,0.4196226415094335,0.5133120340788065,0.7231574158325745
111,0.1917185877466251,0.2999287749287749,0.30468898385565046,363700,2,0,hebo,roc_auc,binary,LGBM,,False,holdout,0.0,78,3,3,LGBM_363700_20260405_160514,363700_rep2_fold0_hebo_roc_auc_holdout,LGBM_363700_20260405_160514::363700_rep2_fold0_hebo_roc_auc_holdout,0.4196226415094335,0.5133120340788065,0.7231574158325745
112,0.1917185877466251,0.2999287749287749,0.30468898385565046,363700,2,0,hebo,roc_auc,binary,LGBM,,False,holdout,0.0,78,3,3,LGBM_363700_20260405_160514,363700_rep2_fold0_hebo_roc_auc_holdout,LGBM_363700_20260405_160514::363700_rep2_fold0_hebo_roc_auc_holdout,0.4196226415094335,0.5133120340788065,0.7231574158325745
113,0.1917185877466251,0.2999287749287749,0.30468898385565046,363700,2,0,hebo,roc_auc,binary,LGBM,,False,holdout,0.0,78,3,3,LGBM_363700_20260405_160514,363700_rep2_fold0_hebo_roc_auc_holdout,LGBM_363700_20260405_160514::363700_rep2_fold0_hebo_roc_auc_holdout,0.4196226415094335,0.5133120340788065,0.7231574158325745
114,0.1917185877466251,0.2999287749287749,0.30468898385565046,363700,2,0,hebo,roc_auc,binary,LGBM,,False,holdout,0.0,78,3,3,LGBM_363700_20260405_160514,363700_rep2_fold0_hebo_roc_auc_holdout,LGBM_363700_20260405_160514::363700_rep2_fold0_hebo_roc_auc_holdout,0.4196226415094335,0.5133120340788065,0.7231574158325745
115,0.1917185877466251,0.2999287749287749,0.30468898385565046,363700,2,0,hebo,roc_auc,binary,LGBM,,False,holdout,0.0,78,3,3,LGBM_363700_20260405_160514,363700_rep2_fold0_hebo_roc_auc_holdout,LGBM_363700_20260405_160514::363700_rep2_fold0_hebo_roc_auc_holdout,0.4196226415094335,0.5133120340788065,0.7231574158325745
116,0.1917185877466251,0.2999287749287749,0.30468898385565046,363700,2,0,hebo,roc_auc,binary,LGBM,,False,holdout,0.0,78,3,3,LGBM_363700_20260405_160514,363700_rep2_fold0_hebo_roc_auc_holdout,LGBM_363700_20260405_160514::363700_rep2_fold0_hebo_roc_auc_holdout,0.4196226415094335,0.5133120340788065,0.7231574158325745
117,0.1917185877466251,0.2999287749287749,0.30468898385565046,363700,2,0,hebo,roc_auc,binary,LGBM,,False,holdout,0.0,78,3,3,LGBM_363700_20260405_160514,363700_rep2_fold0_hebo_roc_auc_holdout,LGBM_363700_20260405_160514::363700_rep2_fold0_hebo_roc_auc_holdout,0.4196226415094335,0.5133120340788065,0.7231574158325745
118,0.1917185877466251,0.2999287749287749,0.30468898385565046,363700,2,0,hebo,roc_auc,binary,LGBM,,False,holdout,0.0,78,3,3,LGBM_363700_20260405_160514,363700_rep2_fold0_hebo_roc_auc_holdout,LGBM_363700_20260405_160514::363700_rep2_fold0_hebo_roc_auc_holdout,0.4196226415094335,0.5133120340788065,0.7231574158325745
119,0.1917185877466251,0.2999287749287749,0.30468898385565046,363700,2,0,hebo,roc_auc,binary,LGBM,,False,holdout,0.0,78,3,3,LGBM_363700_20260405_160514,363700_rep2_fold0_hebo_roc_auc_holdout,LGBM_363700_20260405_160514::363700_rep2_fold0_hebo_roc_auc_holdout,0.4196226415094335,0.5133120340788065,0.7231574158325745
120,0.1917185877466251,0.2999287749287749,0.30468898385565046,363700,2,0,hebo,roc_auc,binary,LGBM,,False,holdout,0.0,78,3,3,LGBM_363700_20260405_160514,363700_rep2_fold0_hebo_roc_auc_holdout,LGBM_363700_20260405_160514::363700_rep2_fold0_hebo_roc_auc_holdout,0.4196226415094335,0.5133120340788065,0.7231574158325745
121,0.1917185877466251,0.2999287749287749,0.30468898385565046,363700,2,0,hebo,roc_auc,binary,LGBM,,False,holdout,0.0,78,3,3,LGBM_363700_20260405_160514,363700_rep2_fold0_hebo_roc_auc_holdout,LGBM_363700_20260405_160514::363700_rep2_fold0_hebo_roc_auc_holdout,0.4196226415094335,0.5133120340788065,0.7231574158325745
122,0.1917185877466251,0.2999287749287749,0.30468898385565046,363700,2,0,hebo,roc_auc,binary,LGBM,,False,holdout,0.0,78,3,3,LGBM_363700_20260405_160514,363700_rep2_fold0_hebo_roc_auc_holdout,LGBM_363700_20260405_160514::363700_rep2_fold0_hebo_roc_auc_holdout,0.4196226415094335,0.5133120340788065,0.7231574158325745
123,0.1917185877466251,0.2999287749287749,0.30468898385565046,363700,2,0,hebo,roc_auc,binary,LGBM,,False,holdout,0.0,78,3,3,LGBM_363700_20260405_160514,363700_rep2_fold0_hebo_roc_auc_holdout,LGBM_363700_20260405_160514::363700_rep2_fold0_hebo_roc_auc_holdout,0.4196226415094335,0.5133120340788065,0.7231574158325745
124,0.1917185877466251,0.2999287749287749,0.30468898385565046,363700,2,0,hebo,roc_auc,binary,LGBM,,False,holdout,0.0,78,3,3,LGBM_363700_20260405_160514,363700_rep2_fold0_hebo_roc_auc_holdout,LGBM_363700_20260405_160514::363700_rep2_fold0_hebo_roc_auc_holdout,0.4196226415094335,0.5133120340788065,0.7231574158325745
125,0.1917185877466251,0.2999287749287749,0.30468898385565046,363700,2,0,hebo,roc_auc,binary,LGBM,,False,holdout,0.0,78,3,3,LGBM_363700_20260405_160514,363700_rep2_fold0_hebo_roc_auc_holdout,LGBM_363700_20260405_160514::363700_rep2_fold0_hebo_roc_auc_holdout,0.4196226415094335,0.5133120340788065,0.7231574158325745
126,0.1917185877466251,0.2999287749287749,0.30468898385565046,363700,2,0,hebo,roc_auc,binary,LGBM,,False,holdout,0.0,78,3,3,LGBM_363700_20260405_160514,363700_rep2_fold0_hebo_roc_auc_holdout,LGBM_363700_20260405_160514::363700_rep2_fold0_hebo_roc_auc_holdout,0.4196226415094335,0.5133120340788065,0.7231574158325745
127,0.1917185877466251,0.2999287749287749,0.30468898385565046,363700,2,0,hebo,roc_auc,binary,LGBM,,False,holdout,0.0,78,3,3,LGBM_363700_20260405_160514,363700_rep2_fold0_hebo_roc_auc_holdout,LGBM_363700_20260405_160514::363700_rep2_fold0_hebo_roc_auc_holdout,0.4196226415094335,0.5133120340788065,0.7231574158325745
128,0.1917185877466251,0.2999287749287749,0.30468898385565046,363700,2,0,hebo,roc_auc,binary,LGBM,,False,holdout,0.0,78,3,3,LGBM_363700_20260405_160514,363700_rep2_fold0_hebo_roc_auc_holdout,LGBM_363700_20260405_160514::363700_rep2_fold0_hebo_roc_auc_holdout,0.4196226415094335,0.5133120340788065,0.7231574158325745
129,0.1917185877466251,0.2999287749287749,0.30468898385565046,363700,2,0,hebo,roc_auc,binary,LGBM,,False,holdout,0.0,78,3,3,LGBM_363700_20260405_160514,363700_rep2_fold0_hebo_roc_auc_holdout,LGBM_363700_20260405_160514::363700_rep2_fold0_hebo_roc_auc_holdout,0.4196226415094335,0.5133120340788065,0.7231574158325745
130,0.1917185877466251,0.2999287749287749,0.30468898385565046,363700,2,0,hebo,roc_auc,binary,LGBM,,False,holdout,0.0,78,3,3,LGBM_363700_20260405_160514,363700_rep2_fold0_hebo_roc_auc_holdout,LGBM_363700_20260405_160514::363700_rep2_fold0_hebo_roc_auc_holdout,0.4196226415094335,0.5133120340788065,0.7231574158325745
131,0.1917185877466251,0.2999287749287749,0.30468898385565046,363700,2,0,hebo,roc_auc,binary,LGBM,,False,holdout,0.0,78,3,3,LGBM_363700_20260405_160514,363700_rep2_fold0_hebo_roc_auc_holdout,LGBM_363700_20260405_160514::363700_rep2_fold0_hebo_roc_auc_holdout,0.4196226415094335,0.5133120340788065,0.7231574158325745
132,0.1917185877466251,0.2999287749287749,0.30468898385565046,363700,2,0,hebo,roc_auc,binary,LGBM,,False,holdout,0.0,78,3,3,LGBM_363700_20260405_160514,363700_rep2_fold0_hebo_roc_auc_holdout,LGBM_363700_20260405_160514::363700_rep2_fold0_hebo_roc_auc_holdout,0.4196226415094335,0.5133120340788065,0.7231574158325745
133,0.1917185877466251,0.2999287749287749,0.30468898385565046,363700,2,0,hebo,roc_auc,binary,LGBM,,False,holdout,0.0,78,3,3,LGBM_363700_20260405_160514,363700_rep2_fold0_hebo_roc_auc_holdout,LGBM_363700_20260405_160514::363700_rep2_fold0_hebo_roc_auc_holdout,0.4196226415094335,0.5133120340788065,0.7231574158325745
134,0.1917185877466251,0.2999287749287749,0.30468898385565046,363700,2,0,hebo,roc_auc,binary,LGBM,,False,holdout,0.0,78,3,3,LGBM_363700_20260405_160514,363700_rep2_fold0_hebo_roc_auc_holdout,LGBM_363700_20260405_160514::363700_rep2_fold0_hebo_roc_auc_holdout,0.4196226415094335,0.5133120340788065,0.7231574158325745
135,0.1917185877466251,0.2999287749287749,0.30468898385565046,363700,2,0,hebo,roc_auc,binary,LGBM,,False,holdout,0.0,78,3,3,LGBM_363700_20260405_160514,363700_rep2_fold0_hebo_roc_auc_holdout,LGBM_363700_20260405_160514::363700_rep2_fold0_hebo_roc_auc_holdout,0.4196226415094335,0.5133120340788065,0.7231574158325745
136,0.1917185877466251,0.2999287749287749,0.30468898385565046,363700,2,0,hebo,roc_auc,binary,LGBM,,False,holdout,0.0,78,3,3,LGBM_363700_20260405_160514,363700_rep2_fold0_hebo_roc_auc_holdout,LGBM_363700_20260405_160514::363700_rep2_fold0_hebo_roc_auc_holdout,0.4196226415094335,0.5133120340788065,0.7231574158325745
137,0.1917185877466251,0.2999287749287749,0.30468898385565046,363700,2,0,hebo,roc_auc,binary,LGBM,,False,holdout,0.0,78,3,3,LGBM_363700_20260405_160514,363700_rep2_fold0_hebo_roc_auc_holdout,LGBM_363700_20260405_160514::363700_rep2_fold0_hebo_roc_auc_holdout,0.4196226415094335,0.5133120340788065,0.7231574158325745
138,0.1917185877466251,0.2999287749287749,0.30468898385565046,363700,2,0,hebo,roc_auc,binary,LGBM,,False,holdout,0.0,78,3,3,LGBM_363700_20260405_160514,363700_rep2_fold0_hebo_roc_auc_holdout,LGBM_363700_20260405_160514::363700_rep2_fold0_hebo_roc_auc_holdout,0.4196226415094335,0.5133120340788065,0.7231574158325745
139,0.1917185877466251,0.2999287749287749,0.30468898385565046,363700,2,0,hebo,roc_auc,binary,LGBM,,False,holdout,0.0,78,3,3,LGBM_363700_20260405_160514,363700_rep2_fold0_hebo_roc_auc_holdout,LGBM_363700_20260405_160514::363700_rep2_fold0_hebo_roc_auc_holdout,0.4196226415094335,0.5133120340788065,0.7231574158325745
140,0.1917185877466251,0.2999287749287749,0.30468898385565046,363700,2,0,hebo,roc_auc,binary,LGBM,,False,holdout,0.0,78,3,3,LGBM_363700_20260405_160514,363700_rep2_fold0_hebo_roc_auc_holdout,LGBM_363700_20260405_160514::363700_rep2_fold0_hebo_roc_auc_holdout,0.4196226415094335,0.5133120340788065,0.7231574158325745
141,0.1917185877466251,0.2999287749287749,0.30468898385565046,363700,2,0,hebo,roc_auc,binary,LGBM,,False,holdout,0.0,78,3,3,LGBM_363700_20260405_160514,363700_rep2_fold0_hebo_roc_auc_holdout,LGBM_363700_20260405_160514::363700_rep2_fold0_hebo_roc_auc_holdout,0.4196226415094335,0.5133120340788065,0.7231574158325745
142,0.1917185877466251,0.2999287749287749,0.30468898385565046,363700,2,0,hebo,roc_auc,binary,LGBM,,False,holdout,0.0,78,3,3,LGBM_363700_20260405_160514,363700_rep2_fold0_hebo_roc_auc_holdout,LGBM_363700_20260405_160514::363700_rep2_fold0_hebo_roc_auc_holdout,0.4196226415094335,0.5133120340788065,0.7231574158325745
143,0.1917185877466251,0.2999287749287749,0.30468898385565046,363700,2,0,hebo,roc_auc,binary,LGBM,,False,holdout,0.0,78,3,3,LGBM_363700_20260405_160514,363700_rep2_fold0_hebo_roc_auc_holdout,LGBM_363700_20260405_160514::363700_rep2_fold0_hebo_roc_auc_holdout,0.4196226415094335,0.5133120340788065,0.7231574158325745
144,0.1917185877466251,0.2999287749287749,0.30468898385565046,363700,2,0,hebo,roc_auc,binary,LGBM,,False,holdout,0.0,78,3,3,LGBM_363700_20260405_160514,363700_rep2_fold0_hebo_roc_auc_holdout,LGBM_363700_20260405_160514::363700_rep2_fold0_hebo_roc_auc_holdout,0.4196226415094335,0.5133120340788065,0.7231574158325745
145,0.1917185877466251,0.2999287749287749,0.30468898385565046,363700,2,0,hebo,roc_auc,binary,LGBM,,False,holdout,0.0,78,3,3,LGBM_363700_20260405_160514,363700_rep2_fold0_hebo_roc_auc_holdout,LGBM_363700_20260405_160514::363700_rep2_fold0_hebo_roc_auc_holdout,0.4196226415094335,0.5133120340788065,0.7231574158325745
146,0.1917185877466251,0.2999287749287749,0.30468898385565046,363700,2,0,hebo,roc_auc,binary,LGBM,,False,holdout,0.0,78,3,3,LGBM_363700_20260405_160514,363700_rep2_fold0_hebo_roc_auc_holdout,LGBM_363700_20260405_160514::363700_rep2_fold0_hebo_roc_auc_holdout,0.4196226415094335,0.5133120340788065,0.7231574158325745
147,0.19119937694704048,0.29597578347578346,0.2976495726495727,363700,2,0,hebo,roc_auc,binary,LGBM,,False,holdout,0.0,78,3,3,LGBM_363700_20260405_160514,363700_rep2_fold0_hebo_roc_auc_holdout,LGBM_363700_20260405_160514::363700_rep2_fold0_hebo_roc_auc_holdout,0.41358490566037714,0.46265023581317466,0.5882620564149241
148,0.19119937694704048,0.29597578347578346,0.2976495726495727,363700,2,0,hebo,roc_auc,binary,LGBM,,False,holdout,0.0,78,3,3,LGBM_363700_20260405_160514,363700_rep2_fold0_hebo_roc_auc_holdout,LGBM_363700_20260405_160514::363700_rep2_fold0_hebo_roc_auc_holdout,0.41358490566037714,0.46265023581317466,0.5882620564149241
149,0.19119937694704048,0.29597578347578346,0.2976495726495727,363700,2,0,hebo,roc_auc,binary,LGBM,,False,holdout,0.0,78,3,3,LGBM_363700_20260405_160514,363700_rep2_fold0_hebo_roc_auc_holdout,LGBM_363700_20260405_160514::363700_rep2_fold0_hebo_roc_auc_holdout,0.41358490566037714,0.46265023581317466,0.5882620564149241
150,0.19119937694704048,0.29597578347578346,0.2976495726495727,363700,2,0,hebo,roc_auc,binary,LGBM,,False,holdout,0.0,78,3,3,LGBM_363700_20260405_160514,363700_rep2_fold0_hebo_roc_auc_holdout,LGBM_363700_20260405_160514::363700_rep2_fold0_hebo_roc_auc_holdout,0.41358490566037714,0.46265023581317466,0.5882620564149241
151,0.19119937694704048,0.29597578347578346,0.2976495726495727,363700,2,0,hebo,roc_auc,binary,LGBM,,False,holdout,0.0,78,3,3,LGBM_363700_20260405_160514,363700_rep2_fold0_hebo_roc_auc_holdout,LGBM_363700_20260405_160514::363700_rep2_fold0_hebo_roc_auc_holdout,0.41358490566037714,0.46265023581317466,0.5882620564149241
152,0.19106957424714432,0.2930318138651471,0.29082383665717004,363700,2,0,hebo,roc_auc,binary,LGBM,,False,holdout,0.0,78,3,3,LGBM_363700_20260405_160514,363700_rep2_fold0_hebo_roc_auc_holdout,LGBM_363700_20260405_160514::363700_rep2_fold0_hebo_roc_auc_holdout,0.41207547169811304,0.4249201277955256,0.457461328480438
153,0.19087487019729998,0.2911324786324787,0.29760208926875586,363700,2,0,hebo,roc_auc,binary,LGBM,,False,holdout,0.0,78,3,3,LGBM_363700_20260405_160514,363700_rep2_fold0_hebo_roc_auc_holdout,LGBM_363700_20260405_160514::363700_rep2_fold0_hebo_roc_auc_holdout,0.4098113207547156,0.40057812262285186,0.5873521383075514
154,0.19087487019729998,0.2911324786324787,0.29760208926875586,363700,2,0,hebo,roc_auc,binary,LGBM,,False,holdout,0.0,78,3,3,LGBM_363700_20260405_160514,363700_rep2_fold0_hebo_roc_auc_holdout,LGBM_363700_20260405_160514::363700_rep2_fold0_hebo_roc_auc_holdout,0.4098113207547156,0.40057812262285186,0.5873521383075514
155,0.19087487019729998,0.2911324786324787,0.29760208926875586,363700,2,0,hebo,roc_auc,binary,LGBM,,False,holdout,0.0,78,3,3,LGBM_363700_20260405_160514,363700_rep2_fold0_hebo_roc_auc_holdout,LGBM_363700_20260405_160514::363700_rep2_fold0_hebo_roc_auc_holdout,0.4098113207547156,0.40057812262285186,0.5873521383075514
156,0.19087487019729998,0.2911324786324787,0.29760208926875586,363700,2,0,hebo,roc_auc,binary,LGBM,,False,holdout,0.0,78,3,3,LGBM_363700_20260405_160514,363700_rep2_fold0_hebo_roc_auc_holdout,LGBM_363700_20260405_160514::363700_rep2_fold0_hebo_roc_auc_holdout,0.4098113207547156,0.40057812262285186,0.5873521383075514
157,0.19087487019729998,0.2911324786324787,0.29760208926875586,363700,2,0,hebo,roc_auc,binary,LGBM,,False,holdout,0.0,78,3,3,LGBM_363700_20260405_160514,363700_rep2_fold0_hebo_roc_auc_holdout,LGBM_363700_20260405_160514::363700_rep2_fold0_hebo_roc_auc_holdout,0.4098113207547156,0.40057812262285186,0.5873521383075514
158,0.19087487019729998,0.2911324786324787,0.29760208926875586,363700,2,0,hebo,roc_auc,binary,LGBM,,False,holdout,0.0,78,3,3,LGBM_363700_20260405_160514,363700_rep2_fold0_hebo_roc_auc_holdout,LGBM_363700_20260405_160514::363700_rep2_fold0_hebo_roc_auc_holdout,0.4098113207547156,0.40057812262285186,0.5873521383075514
159,0.19087487019729998,0.2911324786324787,0.29760208926875586,363700,2,0,hebo,roc_auc,binary,LGBM,,False,holdout,0.0,78,3,3,LGBM_363700_20260405_160514,363700_rep2_fold0_hebo_roc_auc_holdout,LGBM_363700_20260405_160514::363700_rep2_fold0_hebo_roc_auc_holdout,0.4098113207547156,0.40057812262285186,0.5873521383075514
160,0.19087487019729998,0.2911324786324787,0.29760208926875586,363700,2,0,hebo,roc_auc,binary,LGBM,,False,holdout,0.0,78,3,3,LGBM_363700_20260405_160514,363700_rep2_fold0_hebo_roc_auc_holdout,LGBM_363700_20260405_160514::363700_rep2_fold0_hebo_roc_auc_holdout,0.4098113207547156,0.40057812262285186,0.5873521383075514
161,0.19087487019729998,0.2911324786324787,0.29760208926875586,363700,2,0,hebo,roc_auc,binary,LGBM,,False,holdout,0.0,78,3,3,LGBM_363700_20260405_160514,363700_rep2_fold0_hebo_roc_auc_holdout,LGBM_363700_20260405_160514::363700_rep2_fold0_hebo_roc_auc_holdout,0.4098113207547156,0.40057812262285186,0.5873521383075514
162,0.18964174454828653,0.2903964862298196,0.30013057929724596,363700,2,0,hebo,roc_auc,binary,LGBM,,False,holdout,0.0,78,3,3,LGBM_363700_20260405_160514,363700_rep2_fold0_hebo_roc_auc_holdout,LGBM_363700_20260405_160514::363700_rep2_fold0_hebo_roc_auc_holdout,0.39547169811320665,0.3911455956184396,0.6358052775250231
163,0.18964174454828653,0.2903964862298196,0.30013057929724596,363700,2,0,hebo,roc_auc,binary,LGBM,,False,holdout,0.0,78,3,3,LGBM_363700_20260405_160514,363700_rep2_fold0_hebo_roc_auc_holdout,LGBM_363700_20260405_160514::363700_rep2_fold0_hebo_roc_auc_holdout,0.39547169811320665,0.3911455956184396,0.6358052775250231
164,0.18964174454828653,0.2903964862298196,0.30013057929724596,363700,2,0,hebo,roc_auc,binary,LGBM,,False,holdout,0.0,78,3,3,LGBM_363700_20260405_160514,363700_rep2_fold0_hebo_roc_auc_holdout,LGBM_363700_20260405_160514::363700_rep2_fold0_hebo_roc_auc_holdout,0.39547169811320665,0.3911455956184396,0.6358052775250231
165,0.18964174454828653,0.2903964862298196,0.30013057929724596,363700,2,0,hebo,roc_auc,binary,LGBM,,False,holdout,0.0,78,3,3,LGBM_363700_20260405_160514,363700_rep2_fold0_hebo_roc_auc_holdout,LGBM_363700_20260405_160514::363700_rep2_fold0_hebo_roc_auc_holdout,0.39547169811320665,0.3911455956184396,0.6358052775250231
166,0.18964174454828653,0.2903964862298196,0.30013057929724596,363700,2,0,hebo,roc_auc,binary,LGBM,,False,holdout,0.0,78,3,3,LGBM_363700_20260405_160514,363700_rep2_fold0_hebo_roc_auc_holdout,LGBM_363700_20260405_160514::363700_rep2_fold0_hebo_roc_auc_holdout,0.39547169811320665,0.3911455956184396,0.6358052775250231
167,0.18964174454828653,0.2903964862298196,0.30013057929724596,363700,2,0,hebo,roc_auc,binary,LGBM,,False,holdout,0.0,78,3,3,LGBM_363700_20260405_160514,363700_rep2_fold0_hebo_roc_auc_holdout,LGBM_363700_20260405_160514::363700_rep2_fold0_hebo_roc_auc_holdout,0.39547169811320665,0.3911455956184396,0.6358052775250231
168,0.18964174454828653,0.2903964862298196,0.30013057929724596,363700,2,0,hebo,roc_auc,binary,LGBM,,False,holdout,0.0,78,3,3,LGBM_363700_20260405_160514,363700_rep2_fold0_hebo_roc_auc_holdout,LGBM_363700_20260405_160514::363700_rep2_fold0_hebo_roc_auc_holdout,0.39547169811320665,0.3911455956184396,0.6358052775250231
169,0.18964174454828653,0.2903964862298196,0.30013057929724596,363700,2,0,hebo,roc_auc,binary,LGBM,,False,holdout,0.0,78,3,3,LGBM_363700_20260405_160514,363700_rep2_fold0_hebo_roc_auc_holdout,LGBM_363700_20260405_160514::363700_rep2_fold0_hebo_roc_auc_holdout,0.39547169811320665,0.3911455956184396,0.6358052775250231
170,0.18964174454828653,0.2903964862298196,0.30013057929724596,363700,2,0,hebo,roc_auc,binary,LGBM,,False,holdout,0.0,78,3,3,LGBM_363700_20260405_160514,363700_rep2_fold0_hebo_roc_auc_holdout,LGBM_363700_20260405_160514::363700_rep2_fold0_hebo_roc_auc_holdout,0.39547169811320665,0.3911455956184396,0.6358052775250231
171,0.18964174454828653,0.2903964862298196,0.30013057929724596,363700,2,0,hebo,roc_auc,binary,LGBM,,False,holdout,0.0,78,3,3,LGBM_363700_20260405_160514,363700_rep2_fold0_hebo_roc_auc_holdout,LGBM_363700_20260405_160514::363700_rep2_fold0_hebo_roc_auc_holdout,0.39547169811320665,0.3911455956184396,0.6358052775250231
172,0.18964174454828653,0.2903964862298196,0.30013057929724596,363700,2,0,hebo,roc_auc,binary,LGBM,,False,holdout,0.0,78,3,3,LGBM_363700_20260405_160514,363700_rep2_fold0_hebo_roc_auc_holdout,LGBM_363700_20260405_160514::363700_rep2_fold0_hebo_roc_auc_holdout,0.39547169811320665,0.3911455956184396,0.6358052775250231
173,0.18964174454828653,0.2903964862298196,0.30013057929724596,363700,2,0,hebo,roc_auc,binary,LGBM,,False,holdout,0.0,78,3,3,LGBM_363700_20260405_160514,363700_rep2_fold0_hebo_roc_auc_holdout,LGBM_363700_20260405_160514::363700_rep2_fold0_hebo_roc_auc_holdout,0.39547169811320665,0.3911455956184396,0.6358052775250231
174,0.18964174454828653,0.2903964862298196,0.30013057929724596,363700,2,0,hebo,roc_auc,binary,LGBM,,False,holdout,0.0,78,3,3,LGBM_363700_20260405_160514,363700_rep2_fold0_hebo_roc_auc_holdout,LGBM_363700_20260405_160514::363700_rep2_fold0_hebo_roc_auc_holdout,0.39547169811320665,0.3911455956184396,0.6358052775250231
175,0.18964174454828653,0.2903964862298196,0.30013057929724596,363700,2,0,hebo,roc_auc,binary,LGBM,,False,holdout,0.0,78,3,3,LGBM_363700_20260405_160514,363700_rep2_fold0_hebo_roc_auc_holdout,LGBM_363700_20260405_160514::363700_rep2_fold0_hebo_roc_auc_holdout,0.39547169811320665,0.3911455956184396,0.6358052775250231
176,0.18964174454828653,0.2903964862298196,0.30013057929724596,363700,2,0,hebo,roc_auc,binary,LGBM,,False,holdout,0.0,78,3,3,LGBM_363700_20260405_160514,363700_rep2_fold0_hebo_roc_auc_holdout,LGBM_363700_20260405_160514::363700_rep2_fold0_hebo_roc_auc_holdout,0.39547169811320665,0.3911455956184396,0.6358052775250231
177,0.18964174454828653,0.2903964862298196,0.30013057929724596,363700,2,0,hebo,roc_auc,binary,LGBM,,False,holdout,0.0,78,3,3,LGBM_363700_20260405_160514,363700_rep2_fold0_hebo_roc_auc_holdout,LGBM_363700_20260405_160514::363700_rep2_fold0_hebo_roc_auc_holdout,0.39547169811320665,0.3911455956184396,0.6358052775250231
178,0.18964174454828653,0.2903964862298196,0.30013057929724596,363700,2,0,hebo,roc_auc,binary,LGBM,,False,holdout,0.0,78,3,3,LGBM_363700_20260405_160514,363700_rep2_fold0_hebo_roc_auc_holdout,LGBM_363700_20260405_160514::363700_rep2_fold0_hebo_roc_auc_holdout,0.39547169811320665,0.3911455956184396,0.6358052775250231
179,0.18964174454828653,0.2903964862298196,0.30013057929724596,363700,2,0,hebo,roc_auc,binary,LGBM,,False,holdout,0.0,78,3,3,LGBM_363700_20260405_160514,363700_rep2_fold0_hebo_roc_auc_holdout,LGBM_363700_20260405_160514::363700_rep2_fold0_hebo_roc_auc_holdout,0.39547169811320665,0.3911455956184396,0.6358052775250231
180,0.18964174454828653,0.2903964862298196,0.30013057929724596,363700,2,0,hebo,roc_auc,binary,LGBM,,False,holdout,0.0,78,3,3,LGBM_363700_20260405_160514,363700_rep2_fold0_hebo_roc_auc_holdout,LGBM_363700_20260405_160514::363700_rep2_fold0_hebo_roc_auc_holdout,0.39547169811320665,0.3911455956184396,0.6358052775250231
181,0.18964174454828653,0.2903964862298196,0.30013057929724596,363700,2,0,hebo,roc_auc,binary,LGBM,,False,holdout,0.0,78,3,3,LGBM_363700_20260405_160514,363700_rep2_fold0_hebo_roc_auc_holdout,LGBM_363700_20260405_160514::363700_rep2_fold0_hebo_roc_auc_holdout,0.39547169811320665,0.3911455956184396,0.6358052775250231
182,0.18964174454828653,0.2903964862298196,0.30013057929724596,363700,2,0,hebo,roc_auc,binary,LGBM,,False,holdout,0.0,78,3,3,LGBM_363700_20260405_160514,363700_rep2_fold0_hebo_roc_auc_holdout,LGBM_363700_20260405_160514::363700_rep2_fold0_hebo_roc_auc_holdout,0.39547169811320665,0.3911455956184396,0.6358052775250231
183,0.18964174454828653,0.2903964862298196,0.30013057929724596,363700,2,0,hebo,roc_auc,binary,LGBM,,False,holdout,0.0,78,3,3,LGBM_363700_20260405_160514,363700_rep2_fold0_hebo_roc_auc_holdout,LGBM_363700_20260405_160514::363700_rep2_fold0_hebo_roc_auc_holdout,0.39547169811320665,0.3911455956184396,0.6358052775250231
184,0.18964174454828653,0.2903964862298196,0.30013057929724596,363700,2,0,hebo,roc_auc,binary,LGBM,,False,holdout,0.0,78,3,3,LGBM_363700_20260405_160514,363700_rep2_fold0_hebo_roc_auc_holdout,LGBM_363700_20260405_160514::363700_rep2_fold0_hebo_roc_auc_holdout,0.39547169811320665,0.3911455956184396,0.6358052775250231
185,0.18964174454828653,0.2903964862298196,0.30013057929724596,363700,2,0,hebo,roc_auc,binary,LGBM,,False,holdout,0.0,78,3,3,LGBM_363700_20260405_160514,363700_rep2_fold0_hebo_roc_auc_holdout,LGBM_363700_20260405_160514::363700_rep2_fold0_hebo_roc_auc_holdout,0.39547169811320665,0.3911455956184396,0.6358052775250231
186,0.18964174454828653,0.2903964862298196,0.30013057929724596,363700,2,0,hebo,roc_auc,binary,LGBM,,False,holdout,0.0,78,3,3,LGBM_363700_20260405_160514,363700_rep2_fold0_hebo_roc_auc_holdout,LGBM_363700_20260405_160514::363700_rep2_fold0_hebo_roc_auc_holdout,0.39547169811320665,0.3911455956184396,0.6358052775250231
187,0.18964174454828653,0.2903964862298196,0.30013057929724596,363700,2,0,hebo,roc_auc,binary,LGBM,,False,holdout,0.0,78,3,3,LGBM_363700_20260405_160514,363700_rep2_fold0_hebo_roc_auc_holdout,LGBM_363700_20260405_160514::363700_rep2_fold0_hebo_roc_auc_holdout,0.39547169811320665,0.3911455956184396,0.6358052775250231
188,0.18964174454828653,0.2903964862298196,0.30013057929724596,363700,2,0,hebo,roc_auc,binary,LGBM,,False,holdout,0.0,78,3,3,LGBM_363700_20260405_160514,363700_rep2_fold0_hebo_roc_auc_holdout,LGBM_363700_20260405_160514::363700_rep2_fold0_hebo_roc_auc_holdout,0.39547169811320665,0.3911455956184396,0.6358052775250231
189,0.18964174454828653,0.2903964862298196,0.30013057929724596,363700,2,0,hebo,roc_auc,binary,LGBM,,False,holdout,0.0,78,3,3,LGBM_363700_20260405_160514,363700_rep2_fold0_hebo_roc_auc_holdout,LGBM_363700_20260405_160514::363700_rep2_fold0_hebo_roc_auc_holdout,0.39547169811320665,0.3911455956184396,0.6358052775250231
190,0.18899273104880576,0.2876899335232669,0.29755460588793936,363700,2,0,hebo,roc_auc,binary,LGBM,,False,holdout,0.0,78,3,3,LGBM_363700_20260405_160514,363700_rep2_fold0_hebo_roc_auc_holdout,LGBM_363700_20260405_160514::363700_rep2_fold0_hebo_roc_auc_holdout,0.3879245283018862,0.3564582382473758,0.5864422202001851
191,0.18899273104880576,0.2876899335232669,0.29755460588793936,363700,2,0,hebo,roc_auc,binary,LGBM,,False,holdout,0.0,78,3,3,LGBM_363700_20260405_160514,363700_rep2_fold0_hebo_roc_auc_holdout,LGBM_363700_20260405_160514::363700_rep2_fold0_hebo_roc_auc_holdout,0.3879245283018862,0.3564582382473758,0.5864422202001851
192,0.18899273104880576,0.2876899335232669,0.29755460588793936,363700,2,0,hebo,roc_auc,binary,LGBM,,False,holdout,0.0,78,3,3,LGBM_363700_20260405_160514,363700_rep2_fold0_hebo_roc_auc_holdout,LGBM_363700_20260405_160514::363700_rep2_fold0_hebo_roc_auc_holdout,0.3879245283018862,0.3564582382473758,0.5864422202001851
193,0.1886033229491174,0.29120370370370374,0.2971272554605887,363700,2,0,hebo,roc_auc,binary,LGBM,,False,holdout,0.0,78,3,3,LGBM_363700_20260405_160514,363700_rep2_fold0_hebo_roc_auc_holdout,LGBM_363700_20260405_160514::363700_rep2_fold0_hebo_roc_auc_holdout,0.3833962264150952,0.4014909478168267,0.5782529572338478
194,0.1886033229491174,0.29120370370370374,0.2971272554605887,363700,2,0,hebo,roc_auc,binary,LGBM,,False,holdout,0.0,78,3,3,LGBM_363700_20260405_160514,363700_rep2_fold0_hebo_roc_auc_holdout,LGBM_363700_20260405_160514::363700_rep2_fold0_hebo_roc_auc_holdout,0.3833962264150952,0.4014909478168267,0.5782529572338478
195,0.1886033229491174,0.29120370370370374,0.2971272554605887,363700,2,0,hebo,roc_auc,binary,LGBM,,False,holdout,0.0,78,3,3,LGBM_363700_20260405_160514,363700_rep2_fold0_hebo_roc_auc_holdout,LGBM_363700_20260405_160514::363700_rep2_fold0_hebo_roc_auc_holdout,0.3833962264150952,0.4014909478168267,0.5782529572338478
196,0.1886033229491174,0.29120370370370374,0.2971272554605887,363700,2,0,hebo,roc_auc,binary,LGBM,,False,holdout,0.0,78,3,3,LGBM_363700_20260405_160514,363700_rep2_fold0_hebo_roc_auc_holdout,LGBM_363700_20260405_160514::363700_rep2_fold0_hebo_roc_auc_holdout,0.3833962264150952,0.4014909478168267,0.5782529572338478
197,0.1886033229491174,0.29120370370370374,0.2971272554605887,363700,2,0,hebo,roc_auc,binary,LGBM,,False,holdout,0.0,78,3,3,LGBM_363700_20260405_160514,363700_rep2_fold0_hebo_roc_auc_holdout,LGBM_363700_20260405_160514::363700_rep2_fold0_hebo_roc_auc_holdout,0.3833962264150952,0.4014909478168267,0.5782529572338478
198,0.1886033229491174,0.29120370370370374,0.2971272554605887,363700,2,0,hebo,roc_auc,binary,LGBM,,False,holdout,0.0,78,3,3,LGBM_363700_20260405_160514,363700_rep2_fold0_hebo_roc_auc_holdout,LGBM_363700_20260405_160514::363700_rep2_fold0_hebo_roc_auc_holdout,0.3833962264150952,0.4014909478168267,0.5782529572338478
199,0.1886033229491174,0.29120370370370374,0.2971272554605887,363700,2,0,hebo,roc_auc,binary,LGBM,,False,holdout,0.0,78,3,3,LGBM_363700_20260405_160514,363700_rep2_fold0_hebo_roc_auc_holdout,LGBM_363700_20260405_160514::363700_rep2_fold0_hebo_roc_auc_holdout,0.3833962264150952,0.4014909478168267,0.5782529572338478
200,0.1886033229491174,0.29120370370370374,0.2971272554605887,363700,2,0,hebo,roc_auc,binary,LGBM,,False,holdout,0.0,78,3,3,LGBM_363700_20260405_160514,363700_rep2_fold0_hebo_roc_auc_holdout,LGBM_363700_20260405_160514::363700_rep2_fold0_hebo_roc_auc_holdout,0.3833962264150952,0.4014909478168267,0.5782529572338478
201,0.1886033229491174,0.29120370370370374,0.2971272554605887,363700,2,0,hebo,roc_auc,binary,LGBM,,False,holdout,0.0,78,3,3,LGBM_363700_20260405_160514,363700_rep2_fold0_hebo_roc_auc_holdout,LGBM_363700_20260405_160514::363700_rep2_fold0_hebo_roc_auc_holdout,0.3833962264150952,0.4014909478168267,0.5782529572338478
202,0.1886033229491174,0.29120370370370374,0.2971272554605887,363700,2,0,hebo,roc_auc,binary,LGBM,,False,holdout,0.0,78,3,3,LGBM_363700_20260405_160514,363700_rep2_fold0_hebo_roc_auc_holdout,LGBM_363700_20260405_160514::363700_rep2_fold0_hebo_roc_auc_holdout,0.3833962264150952,0.4014909478168267,0.5782529572338478
203,0.1886033229491174,0.29120370370370374,0.2971272554605887,363700,2,0,hebo,roc_auc,binary,LGBM,,False,holdout,0.0,78,3,3,LGBM_363700_20260405_160514,363700_rep2_fold0_hebo_roc_auc_holdout,LGBM_363700_20260405_160514::363700_rep2_fold0_hebo_roc_auc_holdout,0.3833962264150952,0.4014909478168267,0.5782529572338478
204,0.1886033229491174,0.29120370370370374,0.2971272554605887,363700,2,0,hebo,roc_auc,binary,LGBM,,False,holdout,0.0,78,3,3,LGBM_363700_20260405_160514,363700_rep2_fold0_hebo_roc_auc_holdout,LGBM_363700_20260405_160514::363700_rep2_fold0_hebo_roc_auc_holdout,0.3833962264150952,0.4014909478168267,0.5782529572338478
205,0.1886033229491174,0.29120370370370374,0.2971272554605887,363700,2,0,hebo,roc_auc,binary,LGBM,,False,holdout,0.0,78,3,3,LGBM_363700_20260405_160514,363700_rep2_fold0_hebo_roc_auc_holdout,LGBM_363700_20260405_160514::363700_rep2_fold0_hebo_roc_auc_holdout,0.3833962264150952,0.4014909478168267,0.5782529572338478
206,0.1886033229491174,0.29120370370370374,0.2971272554605887,363700,2,0,hebo,roc_auc,binary,LGBM,,False,holdout,0.0,78,3,3,LGBM_363700_20260405_160514,363700_rep2_fold0_hebo_roc_auc_holdout,LGBM_363700_20260405_160514::363700_rep2_fold0_hebo_roc_auc_holdout,0.3833962264150952,0.4014909478168267,0.5782529572338478
207,0.1886033229491174,0.29120370370370374,0.2971272554605887,363700,2,0,hebo,roc_auc,binary,LGBM,,False,holdout,0.0,78,3,3,LGBM_363700_20260405_160514,363700_rep2_fold0_hebo_roc_auc_holdout,LGBM_363700_20260405_160514::363700_rep2_fold0_hebo_roc_auc_holdout,0.3833962264150952,0.4014909478168267,0.5782529572338478
208,0.1886033229491174,0.29120370370370374,0.2971272554605887,363700,2,0,hebo,roc_auc,binary,LGBM,,False,holdout,0.0,78,3,3,LGBM_363700_20260405_160514,363700_rep2_fold0_hebo_roc_auc_holdout,LGBM_363700_20260405_160514::363700_rep2_fold0_hebo_roc_auc_holdout,0.3833962264150952,0.4014909478168267,0.5782529572338478
209,0.1886033229491174,0.29120370370370374,0.2971272554605887,363700,2,0,hebo,roc_auc,binary,LGBM,,False,holdout,0.0,78,3,3,LGBM_363700_20260405_160514,363700_rep2_fold0_hebo_roc_auc_holdout,LGBM_363700_20260405_160514::363700_rep2_fold0_hebo_roc_auc_holdout,0.3833962264150952,0.4014909478168267,0.5782529572338478
210,0.1886033229491174,0.29120370370370374,0.2971272554605887,363700,2,0,hebo,roc_auc,binary,LGBM,,False,holdout,0.0,78,3,3,LGBM_363700_20260405_160514,363700_rep2_fold0_hebo_roc_auc_holdout,LGBM_363700_20260405_160514::363700_rep2_fold0_hebo_roc_auc_holdout,0.3833962264150952,0.4014909478168267,0.5782529572338478
211,0.1886033229491174,0.29120370370370374,0.2971272554605887,363700,2,0,hebo,roc_auc,binary,LGBM,,False,holdout,0.0,78,3,3,LGBM_363700_20260405_160514,363700_rep2_fold0_hebo_roc_auc_holdout,LGBM_363700_20260405_160514::363700_rep2_fold0_hebo_roc_auc_holdout,0.3833962264150952,0.4014909478168267,0.5782529572338478
212,0.1886033229491174,0.29120370370370374,0.2971272554605887,363700,2,0,hebo,roc_auc,binary,LGBM,,False,holdout,0.0,78,3,3,LGBM_363700_20260405_160514,363700_rep2_fold0_hebo_roc_auc_holdout,LGBM_363700_20260405_160514::363700_rep2_fold0_hebo_roc_auc_holdout,0.3833962264150952,0.4014909478168267,0.5782529572338478
213,0.1886033229491174,0.29120370370370374,0.2971272554605887,363700,2,0,hebo,roc_auc,binary,LGBM,,False,holdout,0.0,78,3,3,LGBM_363700_20260405_160514,363700_rep2_fold0_hebo_roc_auc_holdout,LGBM_363700_20260405_160514::363700_rep2_fold0_hebo_roc_auc_holdout,0.3833962264150952,0.4014909478168267,0.5782529572338478
214,0.1886033229491174,0.29120370370370374,0.2971272554605887,363700,2,0,hebo,roc_auc,binary,LGBM,,False,holdout,0.0,78,3,3,LGBM_363700_20260405_160514,363700_rep2_fold0_hebo_roc_auc_holdout,LGBM_363700_20260405_160514::363700_rep2_fold0_hebo_roc_auc_holdout,0.3833962264150952,0.4014909478168267,0.5782529572338478
215,0.1886033229491174,0.29120370370370374,0.2971272554605887,363700,2,0,hebo,roc_auc,binary,LGBM,,False,holdout,0.0,78,3,3,LGBM_363700_20260405_160514,363700_rep2_fold0_hebo_roc_auc_holdout,LGBM_363700_20260405_160514::363700_rep2_fold0_hebo_roc_auc_holdout,0.3833962264150952,0.4014909478168267,0.5782529572338478
216,0.1886033229491174,0.29120370370370374,0.2971272554605887,363700,2,0,hebo,roc_auc,binary,LGBM,,False,holdout,0.0,78,3,3,LGBM_363700_20260405_160514,363700_rep2_fold0_hebo_roc_auc_holdout,LGBM_363700_20260405_160514::363700_rep2_fold0_hebo_roc_auc_holdout,0.3833962264150952,0.4014909478168267,0.5782529572338478
217,0.1886033229491174,0.29120370370370374,0.2971272554605887,363700,2,0,hebo,roc_auc,binary,LGBM,,False,holdout,0.0,78,3,3,LGBM_363700_20260405_160514,363700_rep2_fold0_hebo_roc_auc_holdout,LGBM_363700_20260405_160514::363700_rep2_fold0_hebo_roc_auc_holdout,0.3833962264150952,0.4014909478168267,0.5782529572338478
218,0.1886033229491174,0.29120370370370374,0.2971272554605887,363700,2,0,hebo,roc_auc,binary,LGBM,,False,holdout,0.0,78,3,3,LGBM_363700_20260405_160514,363700_rep2_fold0_hebo_roc_auc_holdout,LGBM_363700_20260405_160514::363700_rep2_fold0_hebo_roc_auc_holdout,0.3833962264150952,0.4014909478168267,0.5782529572338478
219,0.1886033229491174,0.29120370370370374,0.2971272554605887,363700,2,0,hebo,roc_auc,binary,LGBM,,False,holdout,0.0,78,3,3,LGBM_363700_20260405_160514,363700_rep2_fold0_hebo_roc_auc_holdout,LGBM_363700_20260405_160514::363700_rep2_fold0_hebo_roc_auc_holdout,0.3833962264150952,0.4014909478168267,0.5782529572338478
220,0.1886033229491174,0.29120370370370374,0.2971272554605887,363700,2,0,hebo,roc_auc,binary,LGBM,,False,holdout,0.0,78,3,3,LGBM_363700_20260405_160514,363700_rep2_fold0_hebo_roc_auc_holdout,LGBM_363700_20260405_160514::363700_rep2_fold0_hebo_roc_auc_holdout,0.3833962264150952,0.4014909478168267,0.5782529572338478
221,0.1886033229491174,0.29120370370370374,0.2971272554605887,363700,2,0,hebo,roc_auc,binary,LGBM,,False,holdout,0.0,78,3,3,LGBM_363700_20260405_160514,363700_rep2_fold0_hebo_roc_auc_holdout,LGBM_363700_20260405_160514::363700_rep2_fold0_hebo_roc_auc_holdout,0.3833962264150952,0.4014909478168267,0.5782529572338478
222,0.1886033229491174,0.29120370370370374,0.2971272554605887,363700,2,0,hebo,roc_auc,binary,LGBM,,False,holdout,0.0,78,3,3,LGBM_363700_20260405_160514,363700_rep2_fold0_hebo_roc_auc_holdout,LGBM_363700_20260405_160514::363700_rep2_fold0_hebo_roc_auc_holdout,0.3833962264150952,0.4014909478168267,0.5782529572338478
223,0.1886033229491174,0.29120370370370374,0.2971272554605887,363700,2,0,hebo,roc_auc,binary,LGBM,,False,holdout,0.0,78,3,3,LGBM_363700_20260405_160514,363700_rep2_fold0_hebo_roc_auc_holdout,LGBM_363700_20260405_160514::363700_rep2_fold0_hebo_roc_auc_holdout,0.3833962264150952,0.4014909478168267,0.5782529572338478
224,0.1886033229491174,0.29120370370370374,0.2971272554605887,363700,2,0,hebo,roc_auc,binary,LGBM,,False,holdout,0.0,78,3,3,LGBM_363700_20260405_160514,363700_rep2_fold0_hebo_roc_auc_holdout,LGBM_363700_20260405_160514::363700_rep2_fold0_hebo_roc_auc_holdout,0.3833962264150952,0.4014909478168267,0.5782529572338478
225,0.1886033229491174,0.29120370370370374,0.2971272554605887,363700,2,0,hebo,roc_auc,binary,LGBM,,False,holdout,0.0,78,3,3,LGBM_363700_20260405_160514,363700_rep2_fold0_hebo_roc_auc_holdout,LGBM_363700_20260405_160514::363700_rep2_fold0_hebo_roc_auc_holdout,0.3833962264150952,0.4014909478168267,0.5782529572338478
226,0.1886033229491174,0.29120370370370374,0.2971272554605887,363700,2,0,hebo,roc_auc,binary,LGBM,,False,holdout,0.0,78,3,3,LGBM_363700_20260405_160514,363700_rep2_fold0_hebo_roc_auc_holdout,LGBM_363700_20260405_160514::363700_rep2_fold0_hebo_roc_auc_holdout,0.3833962264150952,0.4014909478168267,0.5782529572338478
227,0.1886033229491174,0.29120370370370374,0.2971272554605887,363700,2,0,hebo,roc_auc,binary,LGBM,,False,holdout,0.0,78,3,3,LGBM_363700_20260405_160514,363700_rep2_fold0_hebo_roc_auc_holdout,LGBM_363700_20260405_160514::363700_rep2_fold0_hebo_roc_auc_holdout,0.3833962264150952,0.4014909478168267,0.5782529572338478
228,0.1886033229491174,0.29120370370370374,0.2971272554605887,363700,2,0,hebo,roc_auc,binary,LGBM,,False,holdout,0.0,78,3,3,LGBM_363700_20260405_160514,363700_rep2_fold0_hebo_roc_auc_holdout,LGBM_363700_20260405_160514::363700_rep2_fold0_hebo_roc_auc_holdout,0.3833962264150952,0.4014909478168267,0.5782529572338478
229,0.1886033229491174,0.29120370370370374,0.2971272554605887,363700,2,0,hebo,roc_auc,binary,LGBM,,False,holdout,0.0,78,3,3,LGBM_363700_20260405_160514,363700_rep2_fold0_hebo_roc_auc_holdout,LGBM_363700_20260405_160514::363700_rep2_fold0_hebo_roc_auc_holdout,0.3833962264150952,0.4014909478168267,0.5782529572338478
230,0.1886033229491174,0.29120370370370374,0.2971272554605887,363700,2,0,hebo,roc_auc,binary,LGBM,,False,holdout,0.0,78,3,3,LGBM_363700_20260405_160514,363700_rep2_fold0_hebo_roc_auc_holdout,LGBM_363700_20260405_160514::363700_rep2_fold0_hebo_roc_auc_holdout,0.3833962264150952,0.4014909478168267,0.5782529572338478
231,0.1886033229491174,0.29120370370370374,0.2971272554605887,363700,2,0,hebo,roc_auc,binary,LGBM,,False,holdout,0.0,78,3,3,LGBM_363700_20260405_160514,363700_rep2_fold0_hebo_roc_auc_holdout,LGBM_363700_20260405_160514::363700_rep2_fold0_hebo_roc_auc_holdout,0.3833962264150952,0.4014909478168267,0.5782529572338478
232,0.1886033229491174,0.29120370370370374,0.2971272554605887,363700,2,0,hebo,roc_auc,binary,LGBM,,False,holdout,0.0,78,3,3,LGBM_363700_20260405_160514,363700_rep2_fold0_hebo_roc_auc_holdout,LGBM_363700_20260405_160514::363700_rep2_fold0_hebo_roc_auc_holdout,0.3833962264150952,0.4014909478168267,0.5782529572338478
233,0.1886033229491174,0.29120370370370374,0.2971272554605887,363700,2,0,hebo,roc_auc,binary,LGBM,,False,holdout,0.0,78,3,3,LGBM_363700_20260405_160514,363700_rep2_fold0_hebo_roc_auc_holdout,LGBM_363700_20260405_160514::363700_rep2_fold0_hebo_roc_auc_holdout,0.3833962264150952,0.4014909478168267,0.5782529572338478
234,0.1886033229491174,0.29120370370370374,0.2971272554605887,363700,2,0,hebo,roc_auc,binary,LGBM,,False,holdout,0.0,78,3,3,LGBM_363700_20260405_160514,363700_rep2_fold0_hebo_roc_auc_holdout,LGBM_363700_20260405_160514::363700_rep2_fold0_hebo_roc_auc_holdout,0.3833962264150952,0.4014909478168267,0.5782529572338478
235,0.1886033229491174,0.29120370370370374,0.2971272554605887,363700,2,0,hebo,roc_auc,binary,LGBM,,False,holdout,0.0,78,3,3,LGBM_363700_20260405_160514,363700_rep2_fold0_hebo_roc_auc_holdout,LGBM_363700_20260405_160514::363700_rep2_fold0_hebo_roc_auc_holdout,0.3833962264150952,0.4014909478168267,0.5782529572338478
236,0.1886033229491174,0.29120370370370374,0.2971272554605887,363700,2,0,hebo,roc_auc,binary,LGBM,,False,holdout,0.0,78,3,3,LGBM_363700_20260405_160514,363700_rep2_fold0_hebo_roc_auc_holdout,LGBM_363700_20260405_160514::363700_rep2_fold0_hebo_roc_auc_holdout,0.3833962264150952,0.4014909478168267,0.5782529572338478
237,0.1886033229491174,0.29120370370370374,0.2971272554605887,363700,2,0,hebo,roc_auc,binary,LGBM,,False,holdout,0.0,78,3,3,LGBM_363700_20260405_160514,363700_rep2_fold0_hebo_roc_auc_holdout,LGBM_363700_20260405_160514::363700_rep2_fold0_hebo_roc_auc_holdout,0.3833962264150952,0.4014909478168267,0.5782529572338478
238,0.1886033229491174,0.29120370370370374,0.2971272554605887,363700,2,0,hebo,roc_auc,binary,LGBM,,False,holdout,0.0,78,3,3,LGBM_363700_20260405_160514,363700_rep2_fold0_hebo_roc_auc_holdout,LGBM_363700_20260405_160514::363700_rep2_fold0_hebo_roc_auc_holdout,0.3833962264150952,0.4014909478168267,0.5782529572338478
239,0.1886033229491174,0.29120370370370374,0.2971272554605887,363700,2,0,hebo,roc_auc,binary,LGBM,,False,holdout,0.0,78,3,3,LGBM_363700_20260405_160514,363700_rep2_fold0_hebo_roc_auc_holdout,LGBM_363700_20260405_160514::363700_rep2_fold0_hebo_roc_auc_holdout,0.3833962264150952,0.4014909478168267,0.5782529572338478
240,0.1886033229491174,0.29120370370370374,0.2971272554605887,363700,2,0,hebo,roc_auc,binary,LGBM,,False,holdout,0.0,78,3,3,LGBM_363700_20260405_160514,363700_rep2_fold0_hebo_roc_auc_holdout,LGBM_363700_20260405_160514::363700_rep2_fold0_hebo_roc_auc_holdout,0.3833962264150952,0.4014909478168267,0.5782529572338478
241,0.1886033229491174,0.29120370370370374,0.2971272554605887,363700,2,0,hebo,roc_auc,binary,LGBM,,False,holdout,0.0,78,3,3,LGBM_363700_20260405_160514,363700_rep2_fold0_hebo_roc_auc_holdout,LGBM_363700_20260405_160514::363700_rep2_fold0_hebo_roc_auc_holdout,0.3833962264150952,0.4014909478168267,0.5782529572338478
242,0.1886033229491174,0.29120370370370374,0.2971272554605887,363700,2,0,hebo,roc_auc,binary,LGBM,,False,holdout,0.0,78,3,3,LGBM_363700_20260405_160514,363700_rep2_fold0_hebo_roc_auc_holdout,LGBM_363700_20260405_160514::363700_rep2_fold0_hebo_roc_auc_holdout,0.3833962264150952,0.4014909478168267,0.5782529572338478
243,0.1886033229491174,0.29120370370370374,0.2971272554605887,363700,2,0,hebo,roc_auc,binary,LGBM,,False,holdout,0.0,78,3,3,LGBM_363700_20260405_160514,363700_rep2_fold0_hebo_roc_auc_holdout,LGBM_363700_20260405_160514::363700_rep2_fold0_hebo_roc_auc_holdout,0.3833962264150952,0.4014909478168267,0.5782529572338478
244,0.1886033229491174,0.29120370370370374,0.2971272554605887,363700,2,0,hebo,roc_auc,binary,LGBM,,False,holdout,0.0,78,3,3,LGBM_363700_20260405_160514,363700_rep2_fold0_hebo_roc_auc_holdout,LGBM_363700_20260405_160514::363700_rep2_fold0_hebo_roc_auc_holdout,0.3833962264150952,0.4014909478168267,0.5782529572338478
245,0.1886033229491174,0.29120370370370374,0.2971272554605887,363700,2,0,hebo,roc_auc,binary,LGBM,,False,holdout,0.0,78,3,3,LGBM_363700_20260405_160514,363700_rep2_fold0_hebo_roc_auc_holdout,LGBM_363700_20260405_160514::363700_rep2_fold0_hebo_roc_auc_holdout,0.3833962264150952,0.4014909478168267,0.5782529572338478
246,0.1886033229491174,0.29120370370370374,0.2971272554605887,363700,2,0,hebo,roc_auc,binary,LGBM,,False,holdout,0.0,78,3,3,LGBM_363700_20260405_160514,363700_rep2_fold0_hebo_roc_auc_holdout,LGBM_363700_20260405_160514::363700_rep2_fold0_hebo_roc_auc_holdout,0.3833962264150952,0.4014909478168267,0.5782529572338478
247,0.1886033229491174,0.29120370370370374,0.2971272554605887,363700,2,0,hebo,roc_auc,binary,LGBM,,False,holdout,0.0,78,3,3,LGBM_363700_20260405_160514,363700_rep2_fold0_hebo_roc_auc_holdout,LGBM_363700_20260405_160514::363700_rep2_fold0_hebo_roc_auc_holdout,0.3833962264150952,0.4014909478168267,0.5782529572338478
248,0.1886033229491174,0.29120370370370374,0.2971272554605887,363700,2,0,hebo,roc_auc,binary,LGBM,,False,holdout,0.0,78,3,3,LGBM_363700_20260405_160514,363700_rep2_fold0_hebo_roc_auc_holdout,LGBM_363700_20260405_160514::363700_rep2_fold0_hebo_roc_auc_holdout,0.3833962264150952,0.4014909478168267,0.5782529572338478
249,0.1886033229491174,0.29120370370370374,0.2971272554605887,363700,2,0,hebo,roc_auc,binary,LGBM,,False,holdout,0.0,78,3,3,LGBM_363700_20260405_160514,363700_rep2_fold0_hebo_roc_auc_holdout,LGBM_363700_20260405_160514::363700_rep2_fold0_hebo_roc_auc_holdout,0.3833962264150952,0.4014909478168267,0.5782529572338478
0,0.2176153894923707,0.27901234567901234,0.2821699905033238,363700,2,0,smac,roc_auc,binary,LGBM,,False,cv,0.0,78,3,3,LGBM_363700_20260405_160514,363700_rep2_fold0_smac_roc_auc_cv,LGBM_363700_20260405_160514::363700_rep2_fold0_smac_roc_auc_cv,0.7207682424893946,0.24524570211471164,0.29162875341219247
1,0.2176153894923707,0.27901234567901234,0.2821699905033238,363700,2,0,smac,roc_auc,binary,LGBM,,False,cv,0.0,78,3,3,LGBM_363700_20260405_160514,363700_rep2_fold0_smac_roc_auc_cv,LGBM_363700_20260405_160514::363700_rep2_fold0_smac_roc_auc_cv,0.7207682424893946,0.24524570211471164,0.29162875341219247
2,0.21666437719261167,0.27822886989553663,0.28105413105413113,363700,2,0,smac,roc_auc,binary,LGBM,,False,cv,0.0,78,3,3,LGBM_363700_20260405_160514,363700_rep2_fold0_smac_roc_auc_cv,LGBM_363700_20260405_160514::363700_rep2_fold0_smac_roc_auc_cv,0.709709225497178,0.23520462498098374,0.27024567788899145
3,0.2165455006551419,0.2777777777777778,0.2826685660018994,363700,2,0,smac,roc_auc,binary,LGBM,,False,cv,0.0,78,3,3,LGBM_363700_20260405_160514,363700_rep2_fold0_smac_roc_auc_cv,LGBM_363700_20260405_160514::363700_rep2_fold0_smac_roc_auc_cv,0.7083268483731521,0.22942339875247242,0.3011828935395824
4,0.21201234202629027,0.2715574548907882,0.27456077872744544,363700,2,0,smac,roc_auc,binary,LGBM,,False,cv,0.0,78,3,3,LGBM_363700_20260405_160514,363700_rep2_fold0_smac_roc_auc_cv,LGBM_363700_20260405_160514::363700_rep2_fold0_smac_roc_auc_cv,0.6556122007102496,0.14970333181195777,0.1458143767060973
5,0.21201234202629027,0.2715574548907882,0.27456077872744544,363700,2,0,smac,roc_auc,binary,LGBM,,False,cv,0.0,78,3,3,LGBM_363700_20260405_160514,363700_rep2_fold0_smac_roc_auc_cv,LGBM_363700_20260405_160514::363700_rep2_fold0_smac_roc_auc_cv,0.6556122007102496,0.14970333181195777,0.1458143767060973
6,0.20231201656874753,0.2705603038936373,0.2730531813865147,363700,2,0,smac,roc_auc,binary,LGBM,,False,cv,0.0,78,3,3,LGBM_363700_20260405_160514,363700_rep2_fold0_smac_roc_auc_cv,LGBM_363700_20260405_160514::363700_rep2_fold0_smac_roc_auc_cv,0.5428102273896318,0.13692377909630382,0.1169244767970875
7,0.20231201656874753,0.2705603038936373,0.2730531813865147,363700,2,0,smac,roc_auc,binary,LGBM,,False,cv,0.0,78,3,3,LGBM_363700_20260405_160514,363700_rep2_fold0_smac_roc_auc_cv,LGBM_363700_20260405_160514::363700_rep2_fold0_smac_roc_auc_cv,0.5428102273896318,0.13692377909630382,0.1169244767970875
8,0.20231201656874753,0.2705603038936373,0.2730531813865147,363700,2,0,smac,roc_auc,binary,LGBM,,False,cv,0.0,78,3,3,LGBM_363700_20260405_160514,363700_rep2_fold0_smac_roc_auc_cv,LGBM_363700_20260405_160514::363700_rep2_fold0_smac_roc_auc_cv,0.5428102273896318,0.13692377909630382,0.1169244767970875
9,0.20231201656874753,0.2705603038936373,0.2730531813865147,363700,2,0,smac,roc_auc,binary,LGBM,,False,cv,0.0,78,3,3,LGBM_363700_20260405_160514,363700_rep2_fold0_smac_roc_auc_cv,LGBM_363700_20260405_160514::363700_rep2_fold0_smac_roc_auc_cv,0.5428102273896318,0.13692377909630382,0.1169244767970875
10,0.20231201656874753,0.2705603038936373,0.2730531813865147,363700,2,0,smac,roc_auc,binary,LGBM,,False,cv,0.0,78,3,3,LGBM_363700_20260405_160514,363700_rep2_fold0_smac_roc_auc_cv,LGBM_363700_20260405_160514::363700_rep2_fold0_smac_roc_auc_cv,0.5428102273896318,0.13692377909630382,0.1169244767970875
11,0.20130817025233527,0.27602089268755936,0.2763414055080722,363700,2,0,smac,roc_auc,binary,LGBM,,False,cv,0.0,78,3,3,LGBM_363700_20260405_160514,363700_rep2_fold0_smac_roc_auc_cv,LGBM_363700_20260405_160514::363700_rep2_fold0_smac_roc_auc_cv,0.5311368205645147,0.20690704396774698,0.17993630573248412
12,0.20130817025233527,0.27602089268755936,0.2763414055080722,363700,2,0,smac,roc_auc,binary,LGBM,,False,cv,0.0,78,3,3,LGBM_363700_20260405_160514,363700_rep2_fold0_smac_roc_auc_cv,LGBM_363700_20260405_160514::363700_rep2_fold0_smac_roc_auc_cv,0.5311368205645147,0.20690704396774698,0.17993630573248412
13,0.19950124688279292,0.2719966761633428,0.2755223171889838,363700,2,0,smac,roc_auc,binary,LGBM,,False,cv,0.0,78,3,3,LGBM_363700_20260405_160514,363700_rep2_fold0_smac_roc_auc_cv,LGBM_363700_20260405_160514::363700_rep2_fold0_smac_roc_auc_cv,0.5101246882793007,0.15533242050813878,0.16424021838034444
14,0.19950124688279292,0.2719966761633428,0.2755223171889838,363700,2,0,smac,roc_auc,binary,LGBM,,False,cv,0.0,78,3,3,LGBM_363700_20260405_160514,363700_rep2_fold0_smac_roc_auc_cv,LGBM_363700_20260405_160514::363700_rep2_fold0_smac_roc_auc_cv,0.5101246882793007,0.15533242050813878,0.16424021838034444
15,0.20123684432985345,0.2758428300094966,0.2785849952516619,363700,2,0,smac,roc_auc,binary,LGBM,,False,cv,0.0,78,3,3,LGBM_363700_20260405_160514,363700_rep2_fold0_smac_roc_auc_cv,LGBM_363700_20260405_160514::363700_rep2_fold0_smac_roc_auc_cv,0.5303073942900997,0.20462498098280765,0.22292993630573243
16,0.20123684432985345,0.2758428300094966,0.2785849952516619,363700,2,0,smac,roc_auc,binary,LGBM,,False,cv,0.0,78,3,3,LGBM_363700_20260405_160514,363700_rep2_fold0_smac_roc_auc_cv,LGBM_363700_20260405_160514::363700_rep2_fold0_smac_roc_auc_cv,0.5303073942900997,0.20462498098280765,0.22292993630573243
17,0.20123684432985345,0.2758428300094966,0.2785849952516619,363700,2,0,smac,roc_auc,binary,LGBM,,False,cv,0.0,78,3,3,LGBM_363700_20260405_160514,363700_rep2_fold0_smac_roc_auc_cv,LGBM_363700_20260405_160514::363700_rep2_fold0_smac_roc_auc_cv,0.5303073942900997,0.20462498098280765,0.22292993630573243
18,0.20123684432985345,0.2758428300094966,0.2785849952516619,363700,2,0,smac,roc_auc,binary,LGBM,,False,cv,0.0,78,3,3,LGBM_363700_20260405_160514,363700_rep2_fold0_smac_roc_auc_cv,LGBM_363700_20260405_160514::363700_rep2_fold0_smac_roc_auc_cv,0.5303073942900997,0.20462498098280765,0.22292993630573243
19,0.20384156135086018,0.2731837606837607,0.27559354226020893,363700,2,0,smac,roc_auc,binary,LGBM,,False,cv,0.0,78,3,3,LGBM_363700_20260405_160514,363700_rep2_fold0_smac_roc_auc_cv,LGBM_363700_20260405_160514::363700_rep2_fold0_smac_roc_auc_cv,0.5605968130521161,0.17054617374106237,0.16560509554140135
20,0.20384156135086018,0.2731837606837607,0.27559354226020893,363700,2,0,smac,roc_auc,binary,LGBM,,False,cv,0.0,78,3,3,LGBM_363700_20260405_160514,363700_rep2_fold0_smac_roc_auc_cv,LGBM_363700_20260405_160514::363700_rep2_fold0_smac_roc_auc_cv,0.5605968130521161,0.17054617374106237,0.16560509554140135
21,0.20387326176085208,0.27205603038936377,0.2756766381766381,363700,2,0,smac,roc_auc,binary,LGBM,,False,cv,0.0,78,3,3,LGBM_363700_20260405_160514,363700_rep2_fold0_smac_roc_auc_cv,LGBM_363700_20260405_160514::363700_rep2_fold0_smac_roc_auc_cv,0.5609654469518558,0.15609310816978617,0.16719745222929827
22,0.20387326176085208,0.27205603038936377,0.2756766381766381,363700,2,0,smac,roc_auc,binary,LGBM,,False,cv,0.0,78,3,3,LGBM_363700_20260405_160514,363700_rep2_fold0_smac_roc_auc_cv,LGBM_363700_20260405_160514::363700_rep2_fold0_smac_roc_auc_cv,0.5609654469518558,0.15609310816978617,0.16719745222929827
23,0.20387326176085208,0.27205603038936377,0.2756766381766381,363700,2,0,smac,roc_auc,binary,LGBM,,False,cv,0.0,78,3,3,LGBM_363700_20260405_160514,363700_rep2_fold0_smac_roc_auc_cv,LGBM_363700_20260405_160514::363700_rep2_fold0_smac_roc_auc_cv,0.5609654469518558,0.15609310816978617,0.16719745222929827
24,0.20387326176085208,0.27205603038936377,0.2756766381766381,363700,2,0,smac,roc_auc,binary,LGBM,,False,cv,0.0,78,3,3,LGBM_363700_20260405_160514,363700_rep2_fold0_smac_roc_auc_cv,LGBM_363700_20260405_160514::363700_rep2_fold0_smac_roc_auc_cv,0.5609654469518558,0.15609310816978617,0.16719745222929827
25,0.19998731983600315,0.27213912630579296,0.2759852801519469,363700,2,0,smac,roc_auc,binary,LGBM,,False,cv,0.0,78,3,3,LGBM_363700_20260405_160514,363700_rep2_fold0_smac_roc_auc_cv,LGBM_363700_20260405_160514::363700_rep2_fold0_smac_roc_auc_cv,0.51577707474199,0.15715807089608996,0.17311191992720804
26,0.19998731983600315,0.27213912630579296,0.2759852801519469,363700,2,0,smac,roc_auc,binary,LGBM,,False,cv,0.0,78,3,3,LGBM_363700_20260405_160514,363700_rep2_fold0_smac_roc_auc_cv,LGBM_363700_20260405_160514::363700_rep2_fold0_smac_roc_auc_cv,0.51577707474199,0.15715807089608996,0.17311191992720804
27,0.19829398960226552,0.2729226020892688,0.27439458689458696,363700,2,0,smac,roc_auc,binary,LGBM,,False,cv,0.0,78,3,3,LGBM_363700_20260405_160514,363700_rep2_fold0_smac_roc_auc_cv,LGBM_363700_20260405_160514::363700_rep2_fold0_smac_roc_auc_cv,0.4960858805975149,0.16719914802981928,0.14262966333030136
28,0.19823323048311425,0.2742758784425451,0.27488129154795826,363700,2,0,smac,roc_auc,binary,LGBM,,False,cv,0.0,78,3,3,LGBM_363700_20260405_160514,363700_rep2_fold0_smac_roc_auc_cv,LGBM_363700_20260405_160514::363700_rep2_fold0_smac_roc_auc_cv,0.4953793322896789,0.18454282671535044,0.15195632393084704
29,0.19823323048311425,0.2742758784425451,0.27488129154795826,363700,2,0,smac,roc_auc,binary,LGBM,,False,cv,0.0,78,3,3,LGBM_363700_20260405_160514,363700_rep2_fold0_smac_roc_auc_cv,LGBM_363700_20260405_160514::363700_rep2_fold0_smac_roc_auc_cv,0.4953793322896789,0.18454282671535044,0.15195632393084704
30,0.1972373092691999,0.2697649572649573,0.2708214624881292,363700,2,0,smac,roc_auc,binary,LGBM,,False,cv,0.0,78,3,3,LGBM_363700_20260405_160514,363700_rep2_fold0_smac_roc_auc_cv,LGBM_363700_20260405_160514::363700_rep2_fold0_smac_roc_auc_cv,0.4837980839394961,0.1267305644302456,0.07415832575068344
31,0.1972373092691999,0.2697649572649573,0.2708214624881292,363700,2,0,smac,roc_auc,binary,LGBM,,False,cv,0.0,78,3,3,LGBM_363700_20260405_160514,363700_rep2_fold0_smac_roc_auc_cv,LGBM_363700_20260405_160514::363700_rep2_fold0_smac_roc_auc_cv,0.4837980839394961,0.1267305644302456,0.07415832575068344
32,0.1972373092691999,0.2697649572649573,0.2708214624881292,363700,2,0,smac,roc_auc,binary,LGBM,,False,cv,0.0,78,3,3,LGBM_363700_20260405_160514,363700_rep2_fold0_smac_roc_auc_cv,LGBM_363700_20260405_160514::363700_rep2_fold0_smac_roc_auc_cv,0.4837980839394961,0.1267305644302456,0.07415832575068344
33,0.1972373092691999,0.2697649572649573,0.2708214624881292,363700,2,0,smac,roc_auc,binary,LGBM,,False,cv,0.0,78,3,3,LGBM_363700_20260405_160514,363700_rep2_fold0_smac_roc_auc_cv,LGBM_363700_20260405_160514::363700_rep2_fold0_smac_roc_auc_cv,0.4837980839394961,0.1267305644302456,0.07415832575068344
34,0.1972373092691999,0.2697649572649573,0.2708214624881292,363700,2,0,smac,roc_auc,binary,LGBM,,False,cv,0.0,78,3,3,LGBM_363700_20260405_160514,363700_rep2_fold0_smac_roc_auc_cv,LGBM_363700_20260405_160514::363700_rep2_fold0_smac_roc_auc_cv,0.4837980839394961,0.1267305644302456,0.07415832575068344
35,0.1972373092691999,0.2697649572649573,0.2708214624881292,363700,2,0,smac,roc_auc,binary,LGBM,,False,cv,0.0,78,3,3,LGBM_363700_20260405_160514,363700_rep2_fold0_smac_roc_auc_cv,LGBM_363700_20260405_160514::363700_rep2_fold0_smac_roc_auc_cv,0.4837980839394961,0.1267305644302456,0.07415832575068344
36,0.1972373092691999,0.2697649572649573,0.2708214624881292,363700,2,0,smac,roc_auc,binary,LGBM,,False,cv,0.0,78,3,3,LGBM_363700_20260405_160514,363700_rep2_fold0_smac_roc_auc_cv,LGBM_363700_20260405_160514::363700_rep2_fold0_smac_roc_auc_cv,0.4837980839394961,0.1267305644302456,0.07415832575068344
37,0.1978898093748679,0.2712132003798672,0.2734805318138652,363700,2,0,smac,roc_auc,binary,LGBM,,False,cv,0.0,78,3,3,LGBM_363700_20260405_160514,363700_rep2_fold0_smac_roc_auc_cv,LGBM_363700_20260405_160514::363700_rep2_fold0_smac_roc_auc_cv,0.49138579837582225,0.1452913433744123,0.12511373976342266
38,0.1978898093748679,0.2712132003798672,0.2734805318138652,363700,2,0,smac,roc_auc,binary,LGBM,,False,cv,0.0,78,3,3,LGBM_363700_20260405_160514,363700_rep2_fold0_smac_roc_auc_cv,LGBM_363700_20260405_160514::363700_rep2_fold0_smac_roc_auc_cv,0.49138579837582225,0.1452913433744123,0.12511373976342266
39,0.1978898093748679,0.2712132003798672,0.2734805318138652,363700,2,0,smac,roc_auc,binary,LGBM,,False,cv,0.0,78,3,3,LGBM_363700_20260405_160514,363700_rep2_fold0_smac_roc_auc_cv,LGBM_363700_20260405_160514::363700_rep2_fold0_smac_roc_auc_cv,0.49138579837582225,0.1452913433744123,0.12511373976342266
40,0.1978898093748679,0.2712132003798672,0.2734805318138652,363700,2,0,smac,roc_auc,binary,LGBM,,False,cv,0.0,78,3,3,LGBM_363700_20260405_160514,363700_rep2_fold0_smac_roc_auc_cv,LGBM_363700_20260405_160514::363700_rep2_fold0_smac_roc_auc_cv,0.49138579837582225,0.1452913433744123,0.12511373976342266
41,0.1978898093748679,0.2712132003798672,0.2734805318138652,363700,2,0,smac,roc_auc,binary,LGBM,,False,cv,0.0,78,3,3,LGBM_363700_20260405_160514,363700_rep2_fold0_smac_roc_auc_cv,LGBM_363700_20260405_160514::363700_rep2_fold0_smac_roc_auc_cv,0.49138579837582225,0.1452913433744123,0.12511373976342266
42,0.1978898093748679,0.2712132003798672,0.2734805318138652,363700,2,0,smac,roc_auc,binary,LGBM,,False,cv,0.0,78,3,3,LGBM_363700_20260405_160514,363700_rep2_fold0_smac_roc_auc_cv,LGBM_363700_20260405_160514::363700_rep2_fold0_smac_roc_auc_cv,0.49138579837582225,0.1452913433744123,0.12511373976342266
43,0.1978898093748679,0.2712132003798672,0.2734805318138652,363700,2,0,smac,roc_auc,binary,LGBM,,False,cv,0.0,78,3,3,LGBM_363700_20260405_160514,363700_rep2_fold0_smac_roc_auc_cv,LGBM_363700_20260405_160514::363700_rep2_fold0_smac_roc_auc_cv,0.49138579837582225,0.1452913433744123,0.12511373976342266
44,0.1978898093748679,0.2712132003798672,0.2734805318138652,363700,2,0,smac,roc_auc,binary,LGBM,,False,cv,0.0,78,3,3,LGBM_363700_20260405_160514,363700_rep2_fold0_smac_roc_auc_cv,LGBM_363700_20260405_160514::363700_rep2_fold0_smac_roc_auc_cv,0.49138579837582225,0.1452913433744123,0.12511373976342266
45,0.19831248150809422,0.2730531813865147,0.2745489078822413,363700,2,0,smac,roc_auc,binary,LGBM,,False,cv,0.0,78,3,3,LGBM_363700_20260405_160514,363700_rep2_fold0_smac_roc_auc_cv,LGBM_363700_20260405_160514::363700_rep2_fold0_smac_roc_auc_cv,0.4963009170390308,0.16887266088544012,0.1455868971792552
46,0.19831248150809422,0.2730531813865147,0.2745489078822413,363700,2,0,smac,roc_auc,binary,LGBM,,False,cv,0.0,78,3,3,LGBM_363700_20260405_160514,363700_rep2_fold0_smac_roc_auc_cv,LGBM_363700_20260405_160514::363700_rep2_fold0_smac_roc_auc_cv,0.4963009170390308,0.16887266088544012,0.1455868971792552
47,0.19831248150809422,0.2730531813865147,0.2745489078822413,363700,2,0,smac,roc_auc,binary,LGBM,,False,cv,0.0,78,3,3,LGBM_363700_20260405_160514,363700_rep2_fold0_smac_roc_auc_cv,LGBM_363700_20260405_160514::363700_rep2_fold0_smac_roc_auc_cv,0.4963009170390308,0.16887266088544012,0.1455868971792552
48,0.19831248150809422,0.2730531813865147,0.2745489078822413,363700,2,0,smac,roc_auc,binary,LGBM,,False,cv,0.0,78,3,3,LGBM_363700_20260405_160514,363700_rep2_fold0_smac_roc_auc_cv,LGBM_363700_20260405_160514::363700_rep2_fold0_smac_roc_auc_cv,0.4963009170390308,0.16887266088544012,0.1455868971792552
49,0.19831248150809422,0.2730531813865147,0.2745489078822413,363700,2,0,smac,roc_auc,binary,LGBM,,False,cv,0.0,78,3,3,LGBM_363700_20260405_160514,363700_rep2_fold0_smac_roc_auc_cv,LGBM_363700_20260405_160514::363700_rep2_fold0_smac_roc_auc_cv,0.4963009170390308,0.16887266088544012,0.1455868971792552
50,0.19831248150809422,0.2730531813865147,0.2745489078822413,363700,2,0,smac,roc_auc,binary,LGBM,,False,cv,0.0,78,3,3,LGBM_363700_20260405_160514,363700_rep2_fold0_smac_roc_auc_cv,LGBM_363700_20260405_160514::363700_rep2_fold0_smac_roc_auc_cv,0.4963009170390308,0.16887266088544012,0.1455868971792552
51,0.19831248150809422,0.2730531813865147,0.2745489078822413,363700,2,0,smac,roc_auc,binary,LGBM,,False,cv,0.0,78,3,3,LGBM_363700_20260405_160514,363700_rep2_fold0_smac_roc_auc_cv,LGBM_363700_20260405_160514::363700_rep2_fold0_smac_roc_auc_cv,0.4963009170390308,0.16887266088544012,0.1455868971792552
52,0.19831248150809422,0.2730531813865147,0.2745489078822413,363700,2,0,smac,roc_auc,binary,LGBM,,False,cv,0.0,78,3,3,LGBM_363700_20260405_160514,363700_rep2_fold0_smac_roc_auc_cv,LGBM_363700_20260405_160514::363700_rep2_fold0_smac_roc_auc_cv,0.4963009170390308,0.16887266088544012,0.1455868971792552
53,0.19831248150809422,0.2730531813865147,0.2745489078822413,363700,2,0,smac,roc_auc,binary,LGBM,,False,cv,0.0,78,3,3,LGBM_363700_20260405_160514,363700_rep2_fold0_smac_roc_auc_cv,LGBM_363700_20260405_160514::363700_rep2_fold0_smac_roc_auc_cv,0.4963009170390308,0.16887266088544012,0.1455868971792552
54,0.19831248150809422,0.2730531813865147,0.2745489078822413,363700,2,0,smac,roc_auc,binary,LGBM,,False,cv,0.0,78,3,3,LGBM_363700_20260405_160514,363700_rep2_fold0_smac_roc_auc_cv,LGBM_363700_20260405_160514::363700_rep2_fold0_smac_roc_auc_cv,0.4963009170390308,0.16887266088544012,0.1455868971792552
55,0.19831248150809422,0.2730531813865147,0.2745489078822413,363700,2,0,smac,roc_auc,binary,LGBM,,False,cv,0.0,78,3,3,LGBM_363700_20260405_160514,363700_rep2_fold0_smac_roc_auc_cv,LGBM_363700_20260405_160514::363700_rep2_fold0_smac_roc_auc_cv,0.4963009170390308,0.16887266088544012,0.1455868971792552
56,0.19765469800076074,0.26853038936372275,0.27298195631528965,363700,2,0,smac,roc_auc,binary,LGBM,,False,cv,0.0,78,3,3,LGBM_363700_20260405_160514,363700_rep2_fold0_smac_roc_auc_cv,LGBM_363700_20260405_160514::363700_rep2_fold0_smac_roc_auc_cv,0.48865176361941254,0.11090826106800637,0.11555959963603273
57,0.19963333192442634,0.27113010446343777,0.27599715099715105,363700,2,0,smac,roc_auc,binary,LGBM,,False,cv,0.0,78,3,3,LGBM_363700_20260405_160514,363700_rep2_fold0_smac_roc_auc_cv,LGBM_363700_20260405_160514::363700_rep2_fold0_smac_roc_auc_cv,0.5116606628615555,0.14422638064810567,0.17333939945405014
58,0.19963333192442634,0.27113010446343777,0.27599715099715105,363700,2,0,smac,roc_auc,binary,LGBM,,False,cv,0.0,78,3,3,LGBM_363700_20260405_160514,363700_rep2_fold0_smac_roc_auc_cv,LGBM_363700_20260405_160514::363700_rep2_fold0_smac_roc_auc_cv,0.5116606628615555,0.14422638064810567,0.17333939945405014
59,0.19963333192442634,0.27113010446343777,0.27599715099715105,363700,2,0,smac,roc_auc,binary,LGBM,,False,cv,0.0,78,3,3,LGBM_363700_20260405_160514,363700_rep2_fold0_smac_roc_auc_cv,LGBM_363700_20260405_160514::363700_rep2_fold0_smac_roc_auc_cv,0.5116606628615555,0.14422638064810567,0.17333939945405014
60,0.19963333192442634,0.27113010446343777,0.27599715099715105,363700,2,0,smac,roc_auc,binary,LGBM,,False,cv,0.0,78,3,3,LGBM_363700_20260405_160514,363700_rep2_fold0_smac_roc_auc_cv,LGBM_363700_20260405_160514::363700_rep2_fold0_smac_roc_auc_cv,0.5116606628615555,0.14422638064810567,0.17333939945405014
61,0.19963333192442634,0.27113010446343777,0.27599715099715105,363700,2,0,smac,roc_auc,binary,LGBM,,False,cv,0.0,78,3,3,LGBM_363700_20260405_160514,363700_rep2_fold0_smac_roc_auc_cv,LGBM_363700_20260405_160514::363700_rep2_fold0_smac_roc_auc_cv,0.5116606628615555,0.14422638064810567,0.17333939945405014
62,0.19963333192442634,0.27113010446343777,0.27599715099715105,363700,2,0,smac,roc_auc,binary,LGBM,,False,cv,0.0,78,3,3,LGBM_363700_20260405_160514,363700_rep2_fold0_smac_roc_auc_cv,LGBM_363700_20260405_160514::363700_rep2_fold0_smac_roc_auc_cv,0.5116606628615555,0.14422638064810567,0.17333939945405014
63,0.19963333192442634,0.27113010446343777,0.27599715099715105,363700,2,0,smac,roc_auc,binary,LGBM,,False,cv,0.0,78,3,3,LGBM_363700_20260405_160514,363700_rep2_fold0_smac_roc_auc_cv,LGBM_363700_20260405_160514::363700_rep2_fold0_smac_roc_auc_cv,0.5116606628615555,0.14422638064810567,0.17333939945405014
64,0.19963333192442634,0.27113010446343777,0.27599715099715105,363700,2,0,smac,roc_auc,binary,LGBM,,False,cv,0.0,78,3,3,LGBM_363700_20260405_160514,363700_rep2_fold0_smac_roc_auc_cv,LGBM_363700_20260405_160514::363700_rep2_fold0_smac_roc_auc_cv,0.5116606628615555,0.14422638064810567,0.17333939945405014
65,0.19963333192442634,0.27113010446343777,0.27599715099715105,363700,2,0,smac,roc_auc,binary,LGBM,,False,cv,0.0,78,3,3,LGBM_363700_20260405_160514,363700_rep2_fold0_smac_roc_auc_cv,LGBM_363700_20260405_160514::363700_rep2_fold0_smac_roc_auc_cv,0.5116606628615555,0.14422638064810567,0.17333939945405014
66,0.19963333192442634,0.27113010446343777,0.27599715099715105,363700,2,0,smac,roc_auc,binary,LGBM,,False,cv,0.0,78,3,3,LGBM_363700_20260405_160514,363700_rep2_fold0_smac_roc_auc_cv,LGBM_363700_20260405_160514::363700_rep2_fold0_smac_roc_auc_cv,0.5116606628615555,0.14422638064810567,0.17333939945405014
67,0.19963333192442634,0.27113010446343777,0.27599715099715105,363700,2,0,smac,roc_auc,binary,LGBM,,False,cv,0.0,78,3,3,LGBM_363700_20260405_160514,363700_rep2_fold0_smac_roc_auc_cv,LGBM_363700_20260405_160514::363700_rep2_fold0_smac_roc_auc_cv,0.5116606628615555,0.14422638064810567,0.17333939945405014
68,0.20000581174183196,0.26980056980056977,0.27561728395061735,363700,2,0,smac,roc_auc,binary,LGBM,,False,cv,0.0,78,3,3,LGBM_363700_20260405_160514,363700_rep2_fold0_smac_roc_auc_cv,LGBM_363700_20260405_160514::363700_rep2_fold0_smac_roc_auc_cv,0.5159921111835072,0.12718697702723233,0.1660600545950877
69,0.20000581174183196,0.26980056980056977,0.27561728395061735,363700,2,0,smac,roc_auc,binary,LGBM,,False,cv,0.0,78,3,3,LGBM_363700_20260405_160514,363700_rep2_fold0_smac_roc_auc_cv,LGBM_363700_20260405_160514::363700_rep2_fold0_smac_roc_auc_cv,0.5159921111835072,0.12718697702723233,0.1660600545950877
70,0.1967036857010016,0.27213912630579296,0.27352801519468184,363700,2,0,smac,roc_auc,binary,LGBM,,False,cv,0.0,78,3,3,LGBM_363700_20260405_160514,363700_rep2_fold0_smac_roc_auc_cv,LGBM_363700_20260405_160514::363700_rep2_fold0_smac_roc_auc_cv,0.4775927466271946,0.15715807089608996,0.1260236578707911
71,0.1967036857010016,0.27213912630579296,0.27352801519468184,363700,2,0,smac,roc_auc,binary,LGBM,,False,cv,0.0,78,3,3,LGBM_363700_20260405_160514,363700_rep2_fold0_smac_roc_auc_cv,LGBM_363700_20260405_160514::363700_rep2_fold0_smac_roc_auc_cv,0.4775927466271946,0.15715807089608996,0.1260236578707911
72,0.1967036857010016,0.27213912630579296,0.27352801519468184,363700,2,0,smac,roc_auc,binary,LGBM,,False,cv,0.0,78,3,3,LGBM_363700_20260405_160514,363700_rep2_fold0_smac_roc_auc_cv,LGBM_363700_20260405_160514::363700_rep2_fold0_smac_roc_auc_cv,0.4775927466271946,0.15715807089608996,0.1260236578707911
73,0.1967036857010016,0.27213912630579296,0.27352801519468184,363700,2,0,smac,roc_auc,binary,LGBM,,False,cv,0.0,78,3,3,LGBM_363700_20260405_160514,363700_rep2_fold0_smac_roc_auc_cv,LGBM_363700_20260405_160514::363700_rep2_fold0_smac_roc_auc_cv,0.4775927466271946,0.15715807089608996,0.1260236578707911
74,0.1967036857010016,0.27213912630579296,0.27352801519468184,363700,2,0,smac,roc_auc,binary,LGBM,,False,cv,0.0,78,3,3,LGBM_363700_20260405_160514,363700_rep2_fold0_smac_roc_auc_cv,LGBM_363700_20260405_160514::363700_rep2_fold0_smac_roc_auc_cv,0.4775927466271946,0.15715807089608996,0.1260236578707911
75,0.1967036857010016,0.27213912630579296,0.27352801519468184,363700,2,0,smac,roc_auc,binary,LGBM,,False,cv,0.0,78,3,3,LGBM_363700_20260405_160514,363700_rep2_fold0_smac_roc_auc_cv,LGBM_363700_20260405_160514::363700_rep2_fold0_smac_roc_auc_cv,0.4775927466271946,0.15715807089608996,0.1260236578707911
76,0.1967036857010016,0.27213912630579296,0.27352801519468184,363700,2,0,smac,roc_auc,binary,LGBM,,False,cv,0.0,78,3,3,LGBM_363700_20260405_160514,363700_rep2_fold0_smac_roc_auc_cv,LGBM_363700_20260405_160514::363700_rep2_fold0_smac_roc_auc_cv,0.4775927466271946,0.15715807089608996,0.1260236578707911
77,0.1967036857010016,0.27213912630579296,0.27352801519468184,363700,2,0,smac,roc_auc,binary,LGBM,,False,cv,0.0,78,3,3,LGBM_363700_20260405_160514,363700_rep2_fold0_smac_roc_auc_cv,LGBM_363700_20260405_160514::363700_rep2_fold0_smac_roc_auc_cv,0.4775927466271946,0.15715807089608996,0.1260236578707911
78,0.1967036857010016,0.27213912630579296,0.27352801519468184,363700,2,0,smac,roc_auc,binary,LGBM,,False,cv,0.0,78,3,3,LGBM_363700_20260405_160514,363700_rep2_fold0_smac_roc_auc_cv,LGBM_363700_20260405_160514::363700_rep2_fold0_smac_roc_auc_cv,0.4775927466271946,0.15715807089608996,0.1260236578707911
79,0.1967036857010016,0.27213912630579296,0.27352801519468184,363700,2,0,smac,roc_auc,binary,LGBM,,False,cv,0.0,78,3,3,LGBM_363700_20260405_160514,363700_rep2_fold0_smac_roc_auc_cv,LGBM_363700_20260405_160514::363700_rep2_fold0_smac_roc_auc_cv,0.4775927466271946,0.15715807089608996,0.1260236578707911
80,0.1967036857010016,0.27213912630579296,0.27352801519468184,363700,2,0,smac,roc_auc,binary,LGBM,,False,cv,0.0,78,3,3,LGBM_363700_20260405_160514,363700_rep2_fold0_smac_roc_auc_cv,LGBM_363700_20260405_160514::363700_rep2_fold0_smac_roc_auc_cv,0.4775927466271946,0.15715807089608996,0.1260236578707911
81,0.1967036857010016,0.27213912630579296,0.27352801519468184,363700,2,0,smac,roc_auc,binary,LGBM,,False,cv,0.0,78,3,3,LGBM_363700_20260405_160514,363700_rep2_fold0_smac_roc_auc_cv,LGBM_363700_20260405_160514::363700_rep2_fold0_smac_roc_auc_cv,0.4775927466271946,0.15715807089608996,0.1260236578707911
82,0.19625459655944877,0.27105887939221285,0.2723171889838557,363700,2,0,smac,roc_auc,binary,LGBM,,False,cv,0.0,78,3,3,LGBM_363700_20260405_160514,363700_rep2_fold0_smac_roc_auc_cv,LGBM_363700_20260405_160514::363700_rep2_fold0_smac_roc_auc_cv,0.4723704330475371,0.1433135554541322,0.10282074613284899
83,0.19625459655944877,0.27105887939221285,0.2723171889838557,363700,2,0,smac,roc_auc,binary,LGBM,,False,cv,0.0,78,3,3,LGBM_363700_20260405_160514,363700_rep2_fold0_smac_roc_auc_cv,LGBM_363700_20260405_160514::363700_rep2_fold0_smac_roc_auc_cv,0.4723704330475371,0.1433135554541322,0.10282074613284899
84,0.19625459655944877,0.27105887939221285,0.2723171889838557,363700,2,0,smac,roc_auc,binary,LGBM,,False,cv,0.0,78,3,3,LGBM_363700_20260405_160514,363700_rep2_fold0_smac_roc_auc_cv,LGBM_363700_20260405_160514::363700_rep2_fold0_smac_roc_auc_cv,0.4723704330475371,0.1433135554541322,0.10282074613284899
85,0.19625459655944877,0.27105887939221285,0.2723171889838557,363700,2,0,smac,roc_auc,binary,LGBM,,False,cv,0.0,78,3,3,LGBM_363700_20260405_160514,363700_rep2_fold0_smac_roc_auc_cv,LGBM_363700_20260405_160514::363700_rep2_fold0_smac_roc_auc_cv,0.4723704330475371,0.1433135554541322,0.10282074613284899
86,0.19625459655944877,0.27105887939221285,0.2723171889838557,363700,2,0,smac,roc_auc,binary,LGBM,,False,cv,0.0,78,3,3,LGBM_363700_20260405_160514,363700_rep2_fold0_smac_roc_auc_cv,LGBM_363700_20260405_160514::363700_rep2_fold0_smac_roc_auc_cv,0.4723704330475371,0.1433135554541322,0.10282074613284899
87,0.19625459655944877,0.27105887939221285,0.2723171889838557,363700,2,0,smac,roc_auc,binary,LGBM,,False,cv,0.0,78,3,3,LGBM_363700_20260405_160514,363700_rep2_fold0_smac_roc_auc_cv,LGBM_363700_20260405_160514::363700_rep2_fold0_smac_roc_auc_cv,0.4723704330475371,0.1433135554541322,0.10282074613284899
88,0.19625459655944877,0.27105887939221285,0.2723171889838557,363700,2,0,smac,roc_auc,binary,LGBM,,False,cv,0.0,78,3,3,LGBM_363700_20260405_160514,363700_rep2_fold0_smac_roc_auc_cv,LGBM_363700_20260405_160514::363700_rep2_fold0_smac_roc_auc_cv,0.4723704330475371,0.1433135554541322,0.10282074613284899
89,0.19625459655944877,0.27105887939221285,0.2723171889838557,363700,2,0,smac,roc_auc,binary,LGBM,,False,cv,0.0,78,3,3,LGBM_363700_20260405_160514,363700_rep2_fold0_smac_roc_auc_cv,LGBM_363700_20260405_160514::363700_rep2_fold0_smac_roc_auc_cv,0.4723704330475371,0.1433135554541322,0.10282074613284899
90,0.19625459655944877,0.27105887939221285,0.2723171889838557,363700,2,0,smac,roc_auc,binary,LGBM,,False,cv,0.0,78,3,3,LGBM_363700_20260405_160514,363700_rep2_fold0_smac_roc_auc_cv,LGBM_363700_20260405_160514::363700_rep2_fold0_smac_roc_auc_cv,0.4723704330475371,0.1433135554541322,0.10282074613284899
91,0.19625459655944877,0.27105887939221285,0.2723171889838557,363700,2,0,smac,roc_auc,binary,LGBM,,False,cv,0.0,78,3,3,LGBM_363700_20260405_160514,363700_rep2_fold0_smac_roc_auc_cv,LGBM_363700_20260405_160514::363700_rep2_fold0_smac_roc_auc_cv,0.4723704330475371,0.1433135554541322,0.10282074613284899
92,0.19625459655944877,0.27105887939221285,0.2723171889838557,363700,2,0,smac,roc_auc,binary,LGBM,,False,cv,0.0,78,3,3,LGBM_363700_20260405_160514,363700_rep2_fold0_smac_roc_auc_cv,LGBM_363700_20260405_160514::363700_rep2_fold0_smac_roc_auc_cv,0.4723704330475371,0.1433135554541322,0.10282074613284899
93,0.19625459655944877,0.27105887939221285,0.2723171889838557,363700,2,0,smac,roc_auc,binary,LGBM,,False,cv,0.0,78,3,3,LGBM_363700_20260405_160514,363700_rep2_fold0_smac_roc_auc_cv,LGBM_363700_20260405_160514::363700_rep2_fold0_smac_roc_auc_cv,0.4723704330475371,0.1433135554541322,0.10282074613284899
94,0.19625459655944877,0.27105887939221285,0.2723171889838557,363700,2,0,smac,roc_auc,binary,LGBM,,False,cv,0.0,78,3,3,LGBM_363700_20260405_160514,363700_rep2_fold0_smac_roc_auc_cv,LGBM_363700_20260405_160514::363700_rep2_fold0_smac_roc_auc_cv,0.4723704330475371,0.1433135554541322,0.10282074613284899
95,0.19625459655944877,0.27105887939221285,0.2723171889838557,363700,2,0,smac,roc_auc,binary,LGBM,,False,cv,0.0,78,3,3,LGBM_363700_20260405_160514,363700_rep2_fold0_smac_roc_auc_cv,LGBM_363700_20260405_160514::363700_rep2_fold0_smac_roc_auc_cv,0.4723704330475371,0.1433135554541322,0.10282074613284899
96,0.19625459655944877,0.27105887939221285,0.2723171889838557,363700,2,0,smac,roc_auc,binary,LGBM,,False,cv,0.0,78,3,3,LGBM_363700_20260405_160514,363700_rep2_fold0_smac_roc_auc_cv,LGBM_363700_20260405_160514::363700_rep2_fold0_smac_roc_auc_cv,0.4723704330475371,0.1433135554541322,0.10282074613284899
97,0.19625459655944877,0.27105887939221285,0.2723171889838557,363700,2,0,smac,roc_auc,binary,LGBM,,False,cv,0.0,78,3,3,LGBM_363700_20260405_160514,363700_rep2_fold0_smac_roc_auc_cv,LGBM_363700_20260405_160514::363700_rep2_fold0_smac_roc_auc_cv,0.4723704330475371,0.1433135554541322,0.10282074613284899
98,0.19625459655944877,0.27105887939221285,0.2723171889838557,363700,2,0,smac,roc_auc,binary,LGBM,,False,cv,0.0,78,3,3,LGBM_363700_20260405_160514,363700_rep2_fold0_smac_roc_auc_cv,LGBM_363700_20260405_160514::363700_rep2_fold0_smac_roc_auc_cv,0.4723704330475371,0.1433135554541322,0.10282074613284899
99,0.19625459655944877,0.27105887939221285,0.2723171889838557,363700,2,0,smac,roc_auc,binary,LGBM,,False,cv,0.0,78,3,3,LGBM_363700_20260405_160514,363700_rep2_fold0_smac_roc_auc_cv,LGBM_363700_20260405_160514::363700_rep2_fold0_smac_roc_auc_cv,0.4723704330475371,0.1433135554541322,0.10282074613284899
100,0.19625459655944877,0.27105887939221285,0.2723171889838557,363700,2,0,smac,roc_auc,binary,LGBM,,False,cv,0.0,78,3,3,LGBM_363700_20260405_160514,363700_rep2_fold0_smac_roc_auc_cv,LGBM_363700_20260405_160514::363700_rep2_fold0_smac_roc_auc_cv,0.4723704330475371,0.1433135554541322,0.10282074613284899
101,0.19625459655944877,0.27105887939221285,0.2723171889838557,363700,2,0,smac,roc_auc,binary,LGBM,,False,cv,0.0,78,3,3,LGBM_363700_20260405_160514,363700_rep2_fold0_smac_roc_auc_cv,LGBM_363700_20260405_160514::363700_rep2_fold0_smac_roc_auc_cv,0.4723704330475371,0.1433135554541322,0.10282074613284899
102,0.19625459655944877,0.27105887939221285,0.2723171889838557,363700,2,0,smac,roc_auc,binary,LGBM,,False,cv,0.0,78,3,3,LGBM_363700_20260405_160514,363700_rep2_fold0_smac_roc_auc_cv,LGBM_363700_20260405_160514::363700_rep2_fold0_smac_roc_auc_cv,0.4723704330475371,0.1433135554541322,0.10282074613284899
103,0.19625459655944877,0.27105887939221285,0.2723171889838557,363700,2,0,smac,roc_auc,binary,LGBM,,False,cv,0.0,78,3,3,LGBM_363700_20260405_160514,363700_rep2_fold0_smac_roc_auc_cv,LGBM_363700_20260405_160514::363700_rep2_fold0_smac_roc_auc_cv,0.4723704330475371,0.1433135554541322,0.10282074613284899
104,0.19625459655944877,0.27105887939221285,0.2723171889838557,363700,2,0,smac,roc_auc,binary,LGBM,,False,cv,0.0,78,3,3,LGBM_363700_20260405_160514,363700_rep2_fold0_smac_roc_auc_cv,LGBM_363700_20260405_160514::363700_rep2_fold0_smac_roc_auc_cv,0.4723704330475371,0.1433135554541322,0.10282074613284899
105,0.19625459655944877,0.27105887939221285,0.2723171889838557,363700,2,0,smac,roc_auc,binary,LGBM,,False,cv,0.0,78,3,3,LGBM_363700_20260405_160514,363700_rep2_fold0_smac_roc_auc_cv,LGBM_363700_20260405_160514::363700_rep2_fold0_smac_roc_auc_cv,0.4723704330475371,0.1433135554541322,0.10282074613284899
106,0.19625459655944877,0.27105887939221285,0.2723171889838557,363700,2,0,smac,roc_auc,binary,LGBM,,False,cv,0.0,78,3,3,LGBM_363700_20260405_160514,363700_rep2_fold0_smac_roc_auc_cv,LGBM_363700_20260405_160514::363700_rep2_fold0_smac_roc_auc_cv,0.4723704330475371,0.1433135554541322,0.10282074613284899
107,0.19625459655944877,0.27105887939221285,0.2723171889838557,363700,2,0,smac,roc_auc,binary,LGBM,,False,cv,0.0,78,3,3,LGBM_363700_20260405_160514,363700_rep2_fold0_smac_roc_auc_cv,LGBM_363700_20260405_160514::363700_rep2_fold0_smac_roc_auc_cv,0.4723704330475371,0.1433135554541322,0.10282074613284899
108,0.19625459655944877,0.27105887939221285,0.2723171889838557,363700,2,0,smac,roc_auc,binary,LGBM,,False,cv,0.0,78,3,3,LGBM_363700_20260405_160514,363700_rep2_fold0_smac_roc_auc_cv,LGBM_363700_20260405_160514::363700_rep2_fold0_smac_roc_auc_cv,0.4723704330475371,0.1433135554541322,0.10282074613284899
109,0.19625459655944877,0.27105887939221285,0.2723171889838557,363700,2,0,smac,roc_auc,binary,LGBM,,False,cv,0.0,78,3,3,LGBM_363700_20260405_160514,363700_rep2_fold0_smac_roc_auc_cv,LGBM_363700_20260405_160514::363700_rep2_fold0_smac_roc_auc_cv,0.4723704330475371,0.1433135554541322,0.10282074613284899
110,0.19625459655944877,0.27105887939221285,0.2723171889838557,363700,2,0,smac,roc_auc,binary,LGBM,,False,cv,0.0,78,3,3,LGBM_363700_20260405_160514,363700_rep2_fold0_smac_roc_auc_cv,LGBM_363700_20260405_160514::363700_rep2_fold0_smac_roc_auc_cv,0.4723704330475371,0.1433135554541322,0.10282074613284899
111,0.19625459655944877,0.27105887939221285,0.2723171889838557,363700,2,0,smac,roc_auc,binary,LGBM,,False,cv,0.0,78,3,3,LGBM_363700_20260405_160514,363700_rep2_fold0_smac_roc_auc_cv,LGBM_363700_20260405_160514::363700_rep2_fold0_smac_roc_auc_cv,0.4723704330475371,0.1433135554541322,0.10282074613284899
112,0.19625459655944877,0.27105887939221285,0.2723171889838557,363700,2,0,smac,roc_auc,binary,LGBM,,False,cv,0.0,78,3,3,LGBM_363700_20260405_160514,363700_rep2_fold0_smac_roc_auc_cv,LGBM_363700_20260405_160514::363700_rep2_fold0_smac_roc_auc_cv,0.4723704330475371,0.1433135554541322,0.10282074613284899
113,0.19625459655944877,0.27105887939221285,0.2723171889838557,363700,2,0,smac,roc_auc,binary,LGBM,,False,cv,0.0,78,3,3,LGBM_363700_20260405_160514,363700_rep2_fold0_smac_roc_auc_cv,LGBM_363700_20260405_160514::363700_rep2_fold0_smac_roc_auc_cv,0.4723704330475371,0.1433135554541322,0.10282074613284899
114,0.19625459655944877,0.27105887939221285,0.2723171889838557,363700,2,0,smac,roc_auc,binary,LGBM,,False,cv,0.0,78,3,3,LGBM_363700_20260405_160514,363700_rep2_fold0_smac_roc_auc_cv,LGBM_363700_20260405_160514::363700_rep2_fold0_smac_roc_auc_cv,0.4723704330475371,0.1433135554541322,0.10282074613284899
115,0.19625459655944877,0.27105887939221285,0.2723171889838557,363700,2,0,smac,roc_auc,binary,LGBM,,False,cv,0.0,78,3,3,LGBM_363700_20260405_160514,363700_rep2_fold0_smac_roc_auc_cv,LGBM_363700_20260405_160514::363700_rep2_fold0_smac_roc_auc_cv,0.4723704330475371,0.1433135554541322,0.10282074613284899
116,0.19625459655944877,0.27105887939221285,0.2723171889838557,363700,2,0,smac,roc_auc,binary,LGBM,,False,cv,0.0,78,3,3,LGBM_363700_20260405_160514,363700_rep2_fold0_smac_roc_auc_cv,LGBM_363700_20260405_160514::363700_rep2_fold0_smac_roc_auc_cv,0.4723704330475371,0.1433135554541322,0.10282074613284899
117,0.19625459655944877,0.27105887939221285,0.2723171889838557,363700,2,0,smac,roc_auc,binary,LGBM,,False,cv,0.0,78,3,3,LGBM_363700_20260405_160514,363700_rep2_fold0_smac_roc_auc_cv,LGBM_363700_20260405_160514::363700_rep2_fold0_smac_roc_auc_cv,0.4723704330475371,0.1433135554541322,0.10282074613284899
118,0.19625459655944877,0.27105887939221285,0.2723171889838557,363700,2,0,smac,roc_auc,binary,LGBM,,False,cv,0.0,78,3,3,LGBM_363700_20260405_160514,363700_rep2_fold0_smac_roc_auc_cv,LGBM_363700_20260405_160514::363700_rep2_fold0_smac_roc_auc_cv,0.4723704330475371,0.1433135554541322,0.10282074613284899
119,0.19625459655944877,0.27105887939221285,0.2723171889838557,363700,2,0,smac,roc_auc,binary,LGBM,,False,cv,0.0,78,3,3,LGBM_363700_20260405_160514,363700_rep2_fold0_smac_roc_auc_cv,LGBM_363700_20260405_160514::363700_rep2_fold0_smac_roc_auc_cv,0.4723704330475371,0.1433135554541322,0.10282074613284899
120,0.19625459655944877,0.27105887939221285,0.2723171889838557,363700,2,0,smac,roc_auc,binary,LGBM,,False,cv,0.0,78,3,3,LGBM_363700_20260405_160514,363700_rep2_fold0_smac_roc_auc_cv,LGBM_363700_20260405_160514::363700_rep2_fold0_smac_roc_auc_cv,0.4723704330475371,0.1433135554541322,0.10282074613284899
121,0.19625459655944877,0.27105887939221285,0.2723171889838557,363700,2,0,smac,roc_auc,binary,LGBM,,False,cv,0.0,78,3,3,LGBM_363700_20260405_160514,363700_rep2_fold0_smac_roc_auc_cv,LGBM_363700_20260405_160514::363700_rep2_fold0_smac_roc_auc_cv,0.4723704330475371,0.1433135554541322,0.10282074613284899
122,0.19625459655944877,0.27105887939221285,0.2723171889838557,363700,2,0,smac,roc_auc,binary,LGBM,,False,cv,0.0,78,3,3,LGBM_363700_20260405_160514,363700_rep2_fold0_smac_roc_auc_cv,LGBM_363700_20260405_160514::363700_rep2_fold0_smac_roc_auc_cv,0.4723704330475371,0.1433135554541322,0.10282074613284899
123,0.19625459655944877,0.27105887939221285,0.2723171889838557,363700,2,0,smac,roc_auc,binary,LGBM,,False,cv,0.0,78,3,3,LGBM_363700_20260405_160514,363700_rep2_fold0_smac_roc_auc_cv,LGBM_363700_20260405_160514::363700_rep2_fold0_smac_roc_auc_cv,0.4723704330475371,0.1433135554541322,0.10282074613284899
124,0.19625459655944877,0.27105887939221285,0.2723171889838557,363700,2,0,smac,roc_auc,binary,LGBM,,False,cv,0.0,78,3,3,LGBM_363700_20260405_160514,363700_rep2_fold0_smac_roc_auc_cv,LGBM_363700_20260405_160514::363700_rep2_fold0_smac_roc_auc_cv,0.4723704330475371,0.1433135554541322,0.10282074613284899
125,0.19625459655944877,0.27105887939221285,0.2723171889838557,363700,2,0,smac,roc_auc,binary,LGBM,,False,cv,0.0,78,3,3,LGBM_363700_20260405_160514,363700_rep2_fold0_smac_roc_auc_cv,LGBM_363700_20260405_160514::363700_rep2_fold0_smac_roc_auc_cv,0.4723704330475371,0.1433135554541322,0.10282074613284899
126,0.19625459655944877,0.27105887939221285,0.2723171889838557,363700,2,0,smac,roc_auc,binary,LGBM,,False,cv,0.0,78,3,3,LGBM_363700_20260405_160514,363700_rep2_fold0_smac_roc_auc_cv,LGBM_363700_20260405_160514::363700_rep2_fold0_smac_roc_auc_cv,0.4723704330475371,0.1433135554541322,0.10282074613284899
127,0.19625459655944877,0.27105887939221285,0.2723171889838557,363700,2,0,smac,roc_auc,binary,LGBM,,False,cv,0.0,78,3,3,LGBM_363700_20260405_160514,363700_rep2_fold0_smac_roc_auc_cv,LGBM_363700_20260405_160514::363700_rep2_fold0_smac_roc_auc_cv,0.4723704330475371,0.1433135554541322,0.10282074613284899
128,0.19625459655944877,0.27105887939221285,0.2723171889838557,363700,2,0,smac,roc_auc,binary,LGBM,,False,cv,0.0,78,3,3,LGBM_363700_20260405_160514,363700_rep2_fold0_smac_roc_auc_cv,LGBM_363700_20260405_160514::363700_rep2_fold0_smac_roc_auc_cv,0.4723704330475371,0.1433135554541322,0.10282074613284899
129,0.19625459655944877,0.27105887939221285,0.2723171889838557,363700,2,0,smac,roc_auc,binary,LGBM,,False,cv,0.0,78,3,3,LGBM_363700_20260405_160514,363700_rep2_fold0_smac_roc_auc_cv,LGBM_363700_20260405_160514::363700_rep2_fold0_smac_roc_auc_cv,0.4723704330475371,0.1433135554541322,0.10282074613284899
130,0.19625459655944877,0.27105887939221285,0.2723171889838557,363700,2,0,smac,roc_auc,binary,LGBM,,False,cv,0.0,78,3,3,LGBM_363700_20260405_160514,363700_rep2_fold0_smac_roc_auc_cv,LGBM_363700_20260405_160514::363700_rep2_fold0_smac_roc_auc_cv,0.4723704330475371,0.1433135554541322,0.10282074613284899
131,0.19625459655944877,0.27105887939221285,0.2723171889838557,363700,2,0,smac,roc_auc,binary,LGBM,,False,cv,0.0,78,3,3,LGBM_363700_20260405_160514,363700_rep2_fold0_smac_roc_auc_cv,LGBM_363700_20260405_160514::363700_rep2_fold0_smac_roc_auc_cv,0.4723704330475371,0.1433135554541322,0.10282074613284899
132,0.19625459655944877,0.27105887939221285,0.2723171889838557,363700,2,0,smac,roc_auc,binary,LGBM,,False,cv,0.0,78,3,3,LGBM_363700_20260405_160514,363700_rep2_fold0_smac_roc_auc_cv,LGBM_363700_20260405_160514::363700_rep2_fold0_smac_roc_auc_cv,0.4723704330475371,0.1433135554541322,0.10282074613284899
133,0.19625459655944877,0.27105887939221285,0.2723171889838557,363700,2,0,smac,roc_auc,binary,LGBM,,False,cv,0.0,78,3,3,LGBM_363700_20260405_160514,363700_rep2_fold0_smac_roc_auc_cv,LGBM_363700_20260405_160514::363700_rep2_fold0_smac_roc_auc_cv,0.4723704330475371,0.1433135554541322,0.10282074613284899
134,0.19625459655944877,0.27105887939221285,0.2723171889838557,363700,2,0,smac,roc_auc,binary,LGBM,,False,cv,0.0,78,3,3,LGBM_363700_20260405_160514,363700_rep2_fold0_smac_roc_auc_cv,LGBM_363700_20260405_160514::363700_rep2_fold0_smac_roc_auc_cv,0.4723704330475371,0.1433135554541322,0.10282074613284899
135,0.19625459655944877,0.27105887939221285,0.2723171889838557,363700,2,0,smac,roc_auc,binary,LGBM,,False,cv,0.0,78,3,3,LGBM_363700_20260405_160514,363700_rep2_fold0_smac_roc_auc_cv,LGBM_363700_20260405_160514::363700_rep2_fold0_smac_roc_auc_cv,0.4723704330475371,0.1433135554541322,0.10282074613284899
136,0.19625459655944877,0.27105887939221285,0.2723171889838557,363700,2,0,smac,roc_auc,binary,LGBM,,False,cv,0.0,78,3,3,LGBM_363700_20260405_160514,363700_rep2_fold0_smac_roc_auc_cv,LGBM_363700_20260405_160514::363700_rep2_fold0_smac_roc_auc_cv,0.4723704330475371,0.1433135554541322,0.10282074613284899
137,0.19625459655944877,0.27105887939221285,0.2723171889838557,363700,2,0,smac,roc_auc,binary,LGBM,,False,cv,0.0,78,3,3,LGBM_363700_20260405_160514,363700_rep2_fold0_smac_roc_auc_cv,LGBM_363700_20260405_160514::363700_rep2_fold0_smac_roc_auc_cv,0.4723704330475371,0.1433135554541322,0.10282074613284899
138,0.19625459655944877,0.27105887939221285,0.2723171889838557,363700,2,0,smac,roc_auc,binary,LGBM,,False,cv,0.0,78,3,3,LGBM_363700_20260405_160514,363700_rep2_fold0_smac_roc_auc_cv,LGBM_363700_20260405_160514::363700_rep2_fold0_smac_roc_auc_cv,0.4723704330475371,0.1433135554541322,0.10282074613284899
139,0.19625459655944877,0.27105887939221285,0.2723171889838557,363700,2,0,smac,roc_auc,binary,LGBM,,False,cv,0.0,78,3,3,LGBM_363700_20260405_160514,363700_rep2_fold0_smac_roc_auc_cv,LGBM_363700_20260405_160514::363700_rep2_fold0_smac_roc_auc_cv,0.4723704330475371,0.1433135554541322,0.10282074613284899
140,0.19625459655944877,0.27105887939221285,0.2723171889838557,363700,2,0,smac,roc_auc,binary,LGBM,,False,cv,0.0,78,3,3,LGBM_363700_20260405_160514,363700_rep2_fold0_smac_roc_auc_cv,LGBM_363700_20260405_160514::363700_rep2_fold0_smac_roc_auc_cv,0.4723704330475371,0.1433135554541322,0.10282074613284899
141,0.19625459655944877,0.27105887939221285,0.2723171889838557,363700,2,0,smac,roc_auc,binary,LGBM,,False,cv,0.0,78,3,3,LGBM_363700_20260405_160514,363700_rep2_fold0_smac_roc_auc_cv,LGBM_363700_20260405_160514::363700_rep2_fold0_smac_roc_auc_cv,0.4723704330475371,0.1433135554541322,0.10282074613284899
142,0.19625459655944877,0.27105887939221285,0.2723171889838557,363700,2,0,smac,roc_auc,binary,LGBM,,False,cv,0.0,78,3,3,LGBM_363700_20260405_160514,363700_rep2_fold0_smac_roc_auc_cv,LGBM_363700_20260405_160514::363700_rep2_fold0_smac_roc_auc_cv,0.4723704330475371,0.1433135554541322,0.10282074613284899
143,0.19625459655944877,0.27105887939221285,0.2723171889838557,363700,2,0,smac,roc_auc,binary,LGBM,,False,cv,0.0,78,3,3,LGBM_363700_20260405_160514,363700_rep2_fold0_smac_roc_auc_cv,LGBM_363700_20260405_160514::363700_rep2_fold0_smac_roc_auc_cv,0.4723704330475371,0.1433135554541322,0.10282074613284899
144,0.19625459655944877,0.27105887939221285,0.2723171889838557,363700,2,0,smac,roc_auc,binary,LGBM,,False,cv,0.0,78,3,3,LGBM_363700_20260405_160514,363700_rep2_fold0_smac_roc_auc_cv,LGBM_363700_20260405_160514::363700_rep2_fold0_smac_roc_auc_cv,0.4723704330475371,0.1433135554541322,0.10282074613284899
145,0.19625459655944877,0.27105887939221285,0.2723171889838557,363700,2,0,smac,roc_auc,binary,LGBM,,False,cv,0.0,78,3,3,LGBM_363700_20260405_160514,363700_rep2_fold0_smac_roc_auc_cv,LGBM_363700_20260405_160514::363700_rep2_fold0_smac_roc_auc_cv,0.4723704330475371,0.1433135554541322,0.10282074613284899
146,0.19625459655944877,0.27105887939221285,0.2723171889838557,363700,2,0,smac,roc_auc,binary,LGBM,,False,cv,0.0,78,3,3,LGBM_363700_20260405_160514,363700_rep2_fold0_smac_roc_auc_cv,LGBM_363700_20260405_160514::363700_rep2_fold0_smac_roc_auc_cv,0.4723704330475371,0.1433135554541322,0.10282074613284899
147,0.19625459655944877,0.27105887939221285,0.2723171889838557,363700,2,0,smac,roc_auc,binary,LGBM,,False,cv,0.0,78,3,3,LGBM_363700_20260405_160514,363700_rep2_fold0_smac_roc_auc_cv,LGBM_363700_20260405_160514::363700_rep2_fold0_smac_roc_auc_cv,0.4723704330475371,0.1433135554541322,0.10282074613284899
148,0.19625459655944877,0.27105887939221285,0.2723171889838557,363700,2,0,smac,roc_auc,binary,LGBM,,False,cv,0.0,78,3,3,LGBM_363700_20260405_160514,363700_rep2_fold0_smac_roc_auc_cv,LGBM_363700_20260405_160514::363700_rep2_fold0_smac_roc_auc_cv,0.4723704330475371,0.1433135554541322,0.10282074613284899
149,0.19625459655944877,0.27105887939221285,0.2723171889838557,363700,2,0,smac,roc_auc,binary,LGBM,,False,cv,0.0,78,3,3,LGBM_363700_20260405_160514,363700_rep2_fold0_smac_roc_auc_cv,LGBM_363700_20260405_160514::363700_rep2_fold0_smac_roc_auc_cv,0.4723704330475371,0.1433135554541322,0.10282074613284899
150,0.19625459655944877,0.27105887939221285,0.2723171889838557,363700,2,0,smac,roc_auc,binary,LGBM,,False,cv,0.0,78,3,3,LGBM_363700_20260405_160514,363700_rep2_fold0_smac_roc_auc_cv,LGBM_363700_20260405_160514::363700_rep2_fold0_smac_roc_auc_cv,0.4723704330475371,0.1433135554541322,0.10282074613284899
151,0.19625459655944877,0.27105887939221285,0.2723171889838557,363700,2,0,smac,roc_auc,binary,LGBM,,False,cv,0.0,78,3,3,LGBM_363700_20260405_160514,363700_rep2_fold0_smac_roc_auc_cv,LGBM_363700_20260405_160514::363700_rep2_fold0_smac_roc_auc_cv,0.4723704330475371,0.1433135554541322,0.10282074613284899
152,0.19625459655944877,0.27105887939221285,0.2723171889838557,363700,2,0,smac,roc_auc,binary,LGBM,,False,cv,0.0,78,3,3,LGBM_363700_20260405_160514,363700_rep2_fold0_smac_roc_auc_cv,LGBM_363700_20260405_160514::363700_rep2_fold0_smac_roc_auc_cv,0.4723704330475371,0.1433135554541322,0.10282074613284899
153,0.19625459655944877,0.27105887939221285,0.2723171889838557,363700,2,0,smac,roc_auc,binary,LGBM,,False,cv,0.0,78,3,3,LGBM_363700_20260405_160514,363700_rep2_fold0_smac_roc_auc_cv,LGBM_363700_20260405_160514::363700_rep2_fold0_smac_roc_auc_cv,0.4723704330475371,0.1433135554541322,0.10282074613284899
154,0.19625459655944877,0.27105887939221285,0.2723171889838557,363700,2,0,smac,roc_auc,binary,LGBM,,False,cv,0.0,78,3,3,LGBM_363700_20260405_160514,363700_rep2_fold0_smac_roc_auc_cv,LGBM_363700_20260405_160514::363700_rep2_fold0_smac_roc_auc_cv,0.4723704330475371,0.1433135554541322,0.10282074613284899
155,0.19625459655944877,0.27105887939221285,0.2723171889838557,363700,2,0,smac,roc_auc,binary,LGBM,,False,cv,0.0,78,3,3,LGBM_363700_20260405_160514,363700_rep2_fold0_smac_roc_auc_cv,LGBM_363700_20260405_160514::363700_rep2_fold0_smac_roc_auc_cv,0.4723704330475371,0.1433135554541322,0.10282074613284899
156,0.19625459655944877,0.27105887939221285,0.2723171889838557,363700,2,0,smac,roc_auc,binary,LGBM,,False,cv,0.0,78,3,3,LGBM_363700_20260405_160514,363700_rep2_fold0_smac_roc_auc_cv,LGBM_363700_20260405_160514::363700_rep2_fold0_smac_roc_auc_cv,0.4723704330475371,0.1433135554541322,0.10282074613284899
157,0.19625459655944877,0.27105887939221285,0.2723171889838557,363700,2,0,smac,roc_auc,binary,LGBM,,False,cv,0.0,78,3,3,LGBM_363700_20260405_160514,363700_rep2_fold0_smac_roc_auc_cv,LGBM_363700_20260405_160514::363700_rep2_fold0_smac_roc_auc_cv,0.4723704330475371,0.1433135554541322,0.10282074613284899
158,0.19625459655944877,0.27105887939221285,0.2723171889838557,363700,2,0,smac,roc_auc,binary,LGBM,,False,cv,0.0,78,3,3,LGBM_363700_20260405_160514,363700_rep2_fold0_smac_roc_auc_cv,LGBM_363700_20260405_160514::363700_rep2_fold0_smac_roc_auc_cv,0.4723704330475371,0.1433135554541322,0.10282074613284899
159,0.19625459655944877,0.27105887939221285,0.2723171889838557,363700,2,0,smac,roc_auc,binary,LGBM,,False,cv,0.0,78,3,3,LGBM_363700_20260405_160514,363700_rep2_fold0_smac_roc_auc_cv,LGBM_363700_20260405_160514::363700_rep2_fold0_smac_roc_auc_cv,0.4723704330475371,0.1433135554541322,0.10282074613284899
160,0.19625459655944877,0.27105887939221285,0.2723171889838557,363700,2,0,smac,roc_auc,binary,LGBM,,False,cv,0.0,78,3,3,LGBM_363700_20260405_160514,363700_rep2_fold0_smac_roc_auc_cv,LGBM_363700_20260405_160514::363700_rep2_fold0_smac_roc_auc_cv,0.4723704330475371,0.1433135554541322,0.10282074613284899
161,0.19625459655944877,0.27105887939221285,0.2723171889838557,363700,2,0,smac,roc_auc,binary,LGBM,,False,cv,0.0,78,3,3,LGBM_363700_20260405_160514,363700_rep2_fold0_smac_roc_auc_cv,LGBM_363700_20260405_160514::363700_rep2_fold0_smac_roc_auc_cv,0.4723704330475371,0.1433135554541322,0.10282074613284899
162,0.19625459655944877,0.27105887939221285,0.2723171889838557,363700,2,0,smac,roc_auc,binary,LGBM,,False,cv,0.0,78,3,3,LGBM_363700_20260405_160514,363700_rep2_fold0_smac_roc_auc_cv,LGBM_363700_20260405_160514::363700_rep2_fold0_smac_roc_auc_cv,0.4723704330475371,0.1433135554541322,0.10282074613284899
163,0.19625459655944877,0.27105887939221285,0.2723171889838557,363700,2,0,smac,roc_auc,binary,LGBM,,False,cv,0.0,78,3,3,LGBM_363700_20260405_160514,363700_rep2_fold0_smac_roc_auc_cv,LGBM_363700_20260405_160514::363700_rep2_fold0_smac_roc_auc_cv,0.4723704330475371,0.1433135554541322,0.10282074613284899
164,0.19625459655944877,0.27105887939221285,0.2723171889838557,363700,2,0,smac,roc_auc,binary,LGBM,,False,cv,0.0,78,3,3,LGBM_363700_20260405_160514,363700_rep2_fold0_smac_roc_auc_cv,LGBM_363700_20260405_160514::363700_rep2_fold0_smac_roc_auc_cv,0.4723704330475371,0.1433135554541322,0.10282074613284899
165,0.19625459655944877,0.27105887939221285,0.2723171889838557,363700,2,0,smac,roc_auc,binary,LGBM,,False,cv,0.0,78,3,3,LGBM_363700_20260405_160514,363700_rep2_fold0_smac_roc_auc_cv,LGBM_363700_20260405_160514::363700_rep2_fold0_smac_roc_auc_cv,0.4723704330475371,0.1433135554541322,0.10282074613284899
166,0.19625459655944877,0.27105887939221285,0.2723171889838557,363700,2,0,smac,roc_auc,binary,LGBM,,False,cv,0.0,78,3,3,LGBM_363700_20260405_160514,363700_rep2_fold0_smac_roc_auc_cv,LGBM_363700_20260405_160514::363700_rep2_fold0_smac_roc_auc_cv,0.4723704330475371,0.1433135554541322,0.10282074613284899
167,0.19625459655944877,0.27105887939221285,0.2723171889838557,363700,2,0,smac,roc_auc,binary,LGBM,,False,cv,0.0,78,3,3,LGBM_363700_20260405_160514,363700_rep2_fold0_smac_roc_auc_cv,LGBM_363700_20260405_160514::363700_rep2_fold0_smac_roc_auc_cv,0.4723704330475371,0.1433135554541322,0.10282074613284899
168,0.19625459655944877,0.27105887939221285,0.2723171889838557,363700,2,0,smac,roc_auc,binary,LGBM,,False,cv,0.0,78,3,3,LGBM_363700_20260405_160514,363700_rep2_fold0_smac_roc_auc_cv,LGBM_363700_20260405_160514::363700_rep2_fold0_smac_roc_auc_cv,0.4723704330475371,0.1433135554541322,0.10282074613284899
169,0.19625459655944877,0.27105887939221285,0.2723171889838557,363700,2,0,smac,roc_auc,binary,LGBM,,False,cv,0.0,78,3,3,LGBM_363700_20260405_160514,363700_rep2_fold0_smac_roc_auc_cv,LGBM_363700_20260405_160514::363700_rep2_fold0_smac_roc_auc_cv,0.4723704330475371,0.1433135554541322,0.10282074613284899
170,0.19625459655944877,0.27105887939221285,0.2723171889838557,363700,2,0,smac,roc_auc,binary,LGBM,,False,cv,0.0,78,3,3,LGBM_363700_20260405_160514,363700_rep2_fold0_smac_roc_auc_cv,LGBM_363700_20260405_160514::363700_rep2_fold0_smac_roc_auc_cv,0.4723704330475371,0.1433135554541322,0.10282074613284899
171,0.19625459655944877,0.27105887939221285,0.2723171889838557,363700,2,0,smac,roc_auc,binary,LGBM,,False,cv,0.0,78,3,3,LGBM_363700_20260405_160514,363700_rep2_fold0_smac_roc_auc_cv,LGBM_363700_20260405_160514::363700_rep2_fold0_smac_roc_auc_cv,0.4723704330475371,0.1433135554541322,0.10282074613284899
172,0.19625459655944877,0.27105887939221285,0.2723171889838557,363700,2,0,smac,roc_auc,binary,LGBM,,False,cv,0.0,78,3,3,LGBM_363700_20260405_160514,363700_rep2_fold0_smac_roc_auc_cv,LGBM_363700_20260405_160514::363700_rep2_fold0_smac_roc_auc_cv,0.4723704330475371,0.1433135554541322,0.10282074613284899
173,0.19625459655944877,0.27105887939221285,0.2723171889838557,363700,2,0,smac,roc_auc,binary,LGBM,,False,cv,0.0,78,3,3,LGBM_363700_20260405_160514,363700_rep2_fold0_smac_roc_auc_cv,LGBM_363700_20260405_160514::363700_rep2_fold0_smac_roc_auc_cv,0.4723704330475371,0.1433135554541322,0.10282074613284899
174,0.19625459655944877,0.27105887939221285,0.2723171889838557,363700,2,0,smac,roc_auc,binary,LGBM,,False,cv,0.0,78,3,3,LGBM_363700_20260405_160514,363700_rep2_fold0_smac_roc_auc_cv,LGBM_363700_20260405_160514::363700_rep2_fold0_smac_roc_auc_cv,0.4723704330475371,0.1433135554541322,0.10282074613284899
175,0.19625459655944877,0.27105887939221285,0.2723171889838557,363700,2,0,smac,roc_auc,binary,LGBM,,False,cv,0.0,78,3,3,LGBM_363700_20260405_160514,363700_rep2_fold0_smac_roc_auc_cv,LGBM_363700_20260405_160514::363700_rep2_fold0_smac_roc_auc_cv,0.4723704330475371,0.1433135554541322,0.10282074613284899
176,0.19625459655944877,0.27105887939221285,0.2723171889838557,363700,2,0,smac,roc_auc,binary,LGBM,,False,cv,0.0,78,3,3,LGBM_363700_20260405_160514,363700_rep2_fold0_smac_roc_auc_cv,LGBM_363700_20260405_160514::363700_rep2_fold0_smac_roc_auc_cv,0.4723704330475371,0.1433135554541322,0.10282074613284899
177,0.19625459655944877,0.27105887939221285,0.2723171889838557,363700,2,0,smac,roc_auc,binary,LGBM,,False,cv,0.0,78,3,3,LGBM_363700_20260405_160514,363700_rep2_fold0_smac_roc_auc_cv,LGBM_363700_20260405_160514::363700_rep2_fold0_smac_roc_auc_cv,0.4723704330475371,0.1433135554541322,0.10282074613284899
178,0.19625459655944877,0.27105887939221285,0.2723171889838557,363700,2,0,smac,roc_auc,binary,LGBM,,False,cv,0.0,78,3,3,LGBM_363700_20260405_160514,363700_rep2_fold0_smac_roc_auc_cv,LGBM_363700_20260405_160514::363700_rep2_fold0_smac_roc_auc_cv,0.4723704330475371,0.1433135554541322,0.10282074613284899
179,0.19625459655944877,0.27105887939221285,0.2723171889838557,363700,2,0,smac,roc_auc,binary,LGBM,,False,cv,0.0,78,3,3,LGBM_363700_20260405_160514,363700_rep2_fold0_smac_roc_auc_cv,LGBM_363700_20260405_160514::363700_rep2_fold0_smac_roc_auc_cv,0.4723704330475371,0.1433135554541322,0.10282074613284899
180,0.19625459655944877,0.27105887939221285,0.2723171889838557,363700,2,0,smac,roc_auc,binary,LGBM,,False,cv,0.0,78,3,3,LGBM_363700_20260405_160514,363700_rep2_fold0_smac_roc_auc_cv,LGBM_363700_20260405_160514::363700_rep2_fold0_smac_roc_auc_cv,0.4723704330475371,0.1433135554541322,0.10282074613284899
181,0.19625459655944877,0.27105887939221285,0.2723171889838557,363700,2,0,smac,roc_auc,binary,LGBM,,False,cv,0.0,78,3,3,LGBM_363700_20260405_160514,363700_rep2_fold0_smac_roc_auc_cv,LGBM_363700_20260405_160514::363700_rep2_fold0_smac_roc_auc_cv,0.4723704330475371,0.1433135554541322,0.10282074613284899
182,0.19625459655944877,0.27105887939221285,0.2723171889838557,363700,2,0,smac,roc_auc,binary,LGBM,,False,cv,0.0,78,3,3,LGBM_363700_20260405_160514,363700_rep2_fold0_smac_roc_auc_cv,LGBM_363700_20260405_160514::363700_rep2_fold0_smac_roc_auc_cv,0.4723704330475371,0.1433135554541322,0.10282074613284899
183,0.19625459655944877,0.27105887939221285,0.2723171889838557,363700,2,0,smac,roc_auc,binary,LGBM,,False,cv,0.0,78,3,3,LGBM_363700_20260405_160514,363700_rep2_fold0_smac_roc_auc_cv,LGBM_363700_20260405_160514::363700_rep2_fold0_smac_roc_auc_cv,0.4723704330475371,0.1433135554541322,0.10282074613284899
184,0.19625459655944877,0.27105887939221285,0.2723171889838557,363700,2,0,smac,roc_auc,binary,LGBM,,False,cv,0.0,78,3,3,LGBM_363700_20260405_160514,363700_rep2_fold0_smac_roc_auc_cv,LGBM_363700_20260405_160514::363700_rep2_fold0_smac_roc_auc_cv,0.4723704330475371,0.1433135554541322,0.10282074613284899
185,0.19625459655944877,0.27105887939221285,0.2723171889838557,363700,2,0,smac,roc_auc,binary,LGBM,,False,cv,0.0,78,3,3,LGBM_363700_20260405_160514,363700_rep2_fold0_smac_roc_auc_cv,LGBM_363700_20260405_160514::363700_rep2_fold0_smac_roc_auc_cv,0.4723704330475371,0.1433135554541322,0.10282074613284899
186,0.19625459655944877,0.27105887939221285,0.2723171889838557,363700,2,0,smac,roc_auc,binary,LGBM,,False,cv,0.0,78,3,3,LGBM_363700_20260405_160514,363700_rep2_fold0_smac_roc_auc_cv,LGBM_363700_20260405_160514::363700_rep2_fold0_smac_roc_auc_cv,0.4723704330475371,0.1433135554541322,0.10282074613284899
187,0.19842079124223333,0.2735992402659069,0.2757359924026591,363700,2,0,smac,roc_auc,binary,LGBM,,False,cv,0.0,78,3,3,LGBM_363700_20260405_160514,363700_rep2_fold0_smac_roc_auc_cv,LGBM_363700_20260405_160514::363700_rep2_fold0_smac_roc_auc_cv,0.4975604161964764,0.17587098737258414,0.16833484986351308
188,0.19842079124223333,0.2735992402659069,0.2757359924026591,363700,2,0,smac,roc_auc,binary,LGBM,,False,cv,0.0,78,3,3,LGBM_363700_20260405_160514,363700_rep2_fold0_smac_roc_auc_cv,LGBM_363700_20260405_160514::363700_rep2_fold0_smac_roc_auc_cv,0.4975604161964764,0.17587098737258414,0.16833484986351308
189,0.19842079124223333,0.2735992402659069,0.2757359924026591,363700,2,0,smac,roc_auc,binary,LGBM,,False,cv,0.0,78,3,3,LGBM_363700_20260405_160514,363700_rep2_fold0_smac_roc_auc_cv,LGBM_363700_20260405_160514::363700_rep2_fold0_smac_roc_auc_cv,0.4975604161964764,0.17587098737258414,0.16833484986351308
190,0.19842079124223333,0.2735992402659069,0.2757359924026591,363700,2,0,smac,roc_auc,binary,LGBM,,False,cv,0.0,78,3,3,LGBM_363700_20260405_160514,363700_rep2_fold0_smac_roc_auc_cv,LGBM_363700_20260405_160514::363700_rep2_fold0_smac_roc_auc_cv,0.4975604161964764,0.17587098737258414,0.16833484986351308
191,0.19842079124223333,0.2735992402659069,0.2757359924026591,363700,2,0,smac,roc_auc,binary,LGBM,,False,cv,0.0,78,3,3,LGBM_363700_20260405_160514,363700_rep2_fold0_smac_roc_auc_cv,LGBM_363700_20260405_160514::363700_rep2_fold0_smac_roc_auc_cv,0.4975604161964764,0.17587098737258414,0.16833484986351308
192,0.19842079124223333,0.2735992402659069,0.2757359924026591,363700,2,0,smac,roc_auc,binary,LGBM,,False,cv,0.0,78,3,3,LGBM_363700_20260405_160514,363700_rep2_fold0_smac_roc_auc_cv,LGBM_363700_20260405_160514::363700_rep2_fold0_smac_roc_auc_cv,0.4975604161964764,0.17587098737258414,0.16833484986351308
193,0.19842079124223333,0.2735992402659069,0.2757359924026591,363700,2,0,smac,roc_auc,binary,LGBM,,False,cv,0.0,78,3,3,LGBM_363700_20260405_160514,363700_rep2_fold0_smac_roc_auc_cv,LGBM_363700_20260405_160514::363700_rep2_fold0_smac_roc_auc_cv,0.4975604161964764,0.17587098737258414,0.16833484986351308
194,0.19842079124223333,0.2735992402659069,0.2757359924026591,363700,2,0,smac,roc_auc,binary,LGBM,,False,cv,0.0,78,3,3,LGBM_363700_20260405_160514,363700_rep2_fold0_smac_roc_auc_cv,LGBM_363700_20260405_160514::363700_rep2_fold0_smac_roc_auc_cv,0.4975604161964764,0.17587098737258414,0.16833484986351308
195,0.19842079124223333,0.2735992402659069,0.2757359924026591,363700,2,0,smac,roc_auc,binary,LGBM,,False,cv,0.0,78,3,3,LGBM_363700_20260405_160514,363700_rep2_fold0_smac_roc_auc_cv,LGBM_363700_20260405_160514::363700_rep2_fold0_smac_roc_auc_cv,0.4975604161964764,0.17587098737258414,0.16833484986351308
196,0.19842079124223333,0.2735992402659069,0.2757359924026591,363700,2,0,smac,roc_auc,binary,LGBM,,False,cv,0.0,78,3,3,LGBM_363700_20260405_160514,363700_rep2_fold0_smac_roc_auc_cv,LGBM_363700_20260405_160514::363700_rep2_fold0_smac_roc_auc_cv,0.4975604161964764,0.17587098737258414,0.16833484986351308
197,0.19842079124223333,0.2735992402659069,0.2757359924026591,363700,2,0,smac,roc_auc,binary,LGBM,,False,cv,0.0,78,3,3,LGBM_363700_20260405_160514,363700_rep2_fold0_smac_roc_auc_cv,LGBM_363700_20260405_160514::363700_rep2_fold0_smac_roc_auc_cv,0.4975604161964764,0.17587098737258414,0.16833484986351308
198,0.19842079124223333,0.2735992402659069,0.2757359924026591,363700,2,0,smac,roc_auc,binary,LGBM,,False,cv,0.0,78,3,3,LGBM_363700_20260405_160514,363700_rep2_fold0_smac_roc_auc_cv,LGBM_363700_20260405_160514::363700_rep2_fold0_smac_roc_auc_cv,0.4975604161964764,0.17587098737258414,0.16833484986351308
199,0.19842079124223333,0.2735992402659069,0.2757359924026591,363700,2,0,smac,roc_auc,binary,LGBM,,False,cv,0.0,78,3,3,LGBM_363700_20260405_160514,363700_rep2_fold0_smac_roc_auc_cv,LGBM_363700_20260405_160514::363700_rep2_fold0_smac_roc_auc_cv,0.4975604161964764,0.17587098737258414,0.16833484986351308
200,0.19842079124223333,0.2735992402659069,0.2757359924026591,363700,2,0,smac,roc_auc,binary,LGBM,,False,cv,0.0,78,3,3,LGBM_363700_20260405_160514,363700_rep2_fold0_smac_roc_auc_cv,LGBM_363700_20260405_160514::363700_rep2_fold0_smac_roc_auc_cv,0.4975604161964764,0.17587098737258414,0.16833484986351308
201,0.19842079124223333,0.2735992402659069,0.2757359924026591,363700,2,0,smac,roc_auc,binary,LGBM,,False,cv,0.0,78,3,3,LGBM_363700_20260405_160514,363700_rep2_fold0_smac_roc_auc_cv,LGBM_363700_20260405_160514::363700_rep2_fold0_smac_roc_auc_cv,0.4975604161964764,0.17587098737258414,0.16833484986351308
202,0.19842079124223333,0.2735992402659069,0.2757359924026591,363700,2,0,smac,roc_auc,binary,LGBM,,False,cv,0.0,78,3,3,LGBM_363700_20260405_160514,363700_rep2_fold0_smac_roc_auc_cv,LGBM_363700_20260405_160514::363700_rep2_fold0_smac_roc_auc_cv,0.4975604161964764,0.17587098737258414,0.16833484986351308
203,0.19842079124223333,0.2735992402659069,0.2757359924026591,363700,2,0,smac,roc_auc,binary,LGBM,,False,cv,0.0,78,3,3,LGBM_363700_20260405_160514,363700_rep2_fold0_smac_roc_auc_cv,LGBM_363700_20260405_160514::363700_rep2_fold0_smac_roc_auc_cv,0.4975604161964764,0.17587098737258414,0.16833484986351308
204,0.19842079124223333,0.2735992402659069,0.2757359924026591,363700,2,0,smac,roc_auc,binary,LGBM,,False,cv,0.0,78,3,3,LGBM_363700_20260405_160514,363700_rep2_fold0_smac_roc_auc_cv,LGBM_363700_20260405_160514::363700_rep2_fold0_smac_roc_auc_cv,0.4975604161964764,0.17587098737258414,0.16833484986351308
205,0.19842079124223333,0.2735992402659069,0.2757359924026591,363700,2,0,smac,roc_auc,binary,LGBM,,False,cv,0.0,78,3,3,LGBM_363700_20260405_160514,363700_rep2_fold0_smac_roc_auc_cv,LGBM_363700_20260405_160514::363700_rep2_fold0_smac_roc_auc_cv,0.4975604161964764,0.17587098737258414,0.16833484986351308
206,0.19842079124223333,0.2735992402659069,0.2757359924026591,363700,2,0,smac,roc_auc,binary,LGBM,,False,cv,0.0,78,3,3,LGBM_363700_20260405_160514,363700_rep2_fold0_smac_roc_auc_cv,LGBM_363700_20260405_160514::363700_rep2_fold0_smac_roc_auc_cv,0.4975604161964764,0.17587098737258414,0.16833484986351308
207,0.19842079124223333,0.2735992402659069,0.2757359924026591,363700,2,0,smac,roc_auc,binary,LGBM,,False,cv,0.0,78,3,3,LGBM_363700_20260405_160514,363700_rep2_fold0_smac_roc_auc_cv,LGBM_363700_20260405_160514::363700_rep2_fold0_smac_roc_auc_cv,0.4975604161964764,0.17587098737258414,0.16833484986351308
208,0.19842079124223333,0.2735992402659069,0.2757359924026591,363700,2,0,smac,roc_auc,binary,LGBM,,False,cv,0.0,78,3,3,LGBM_363700_20260405_160514,363700_rep2_fold0_smac_roc_auc_cv,LGBM_363700_20260405_160514::363700_rep2_fold0_smac_roc_auc_cv,0.4975604161964764,0.17587098737258414,0.16833484986351308
209,0.19842079124223333,0.2735992402659069,0.2757359924026591,363700,2,0,smac,roc_auc,binary,LGBM,,False,cv,0.0,78,3,3,LGBM_363700_20260405_160514,363700_rep2_fold0_smac_roc_auc_cv,LGBM_363700_20260405_160514::363700_rep2_fold0_smac_roc_auc_cv,0.4975604161964764,0.17587098737258414,0.16833484986351308
210,0.19842079124223333,0.2735992402659069,0.2757359924026591,363700,2,0,smac,roc_auc,binary,LGBM,,False,cv,0.0,78,3,3,LGBM_363700_20260405_160514,363700_rep2_fold0_smac_roc_auc_cv,LGBM_363700_20260405_160514::363700_rep2_fold0_smac_roc_auc_cv,0.4975604161964764,0.17587098737258414,0.16833484986351308
211,0.19842079124223333,0.2735992402659069,0.2757359924026591,363700,2,0,smac,roc_auc,binary,LGBM,,False,cv,0.0,78,3,3,LGBM_363700_20260405_160514,363700_rep2_fold0_smac_roc_auc_cv,LGBM_363700_20260405_160514::363700_rep2_fold0_smac_roc_auc_cv,0.4975604161964764,0.17587098737258414,0.16833484986351308
212,0.19842079124223333,0.2735992402659069,0.2757359924026591,363700,2,0,smac,roc_auc,binary,LGBM,,False,cv,0.0,78,3,3,LGBM_363700_20260405_160514,363700_rep2_fold0_smac_roc_auc_cv,LGBM_363700_20260405_160514::363700_rep2_fold0_smac_roc_auc_cv,0.4975604161964764,0.17587098737258414,0.16833484986351308
213,0.19842079124223333,0.2735992402659069,0.2757359924026591,363700,2,0,smac,roc_auc,binary,LGBM,,False,cv,0.0,78,3,3,LGBM_363700_20260405_160514,363700_rep2_fold0_smac_roc_auc_cv,LGBM_363700_20260405_160514::363700_rep2_fold0_smac_roc_auc_cv,0.4975604161964764,0.17587098737258414,0.16833484986351308
214,0.19842079124223333,0.2735992402659069,0.2757359924026591,363700,2,0,smac,roc_auc,binary,LGBM,,False,cv,0.0,78,3,3,LGBM_363700_20260405_160514,363700_rep2_fold0_smac_roc_auc_cv,LGBM_363700_20260405_160514::363700_rep2_fold0_smac_roc_auc_cv,0.4975604161964764,0.17587098737258414,0.16833484986351308
215,0.19842079124223333,0.2735992402659069,0.2757359924026591,363700,2,0,smac,roc_auc,binary,LGBM,,False,cv,0.0,78,3,3,LGBM_363700_20260405_160514,363700_rep2_fold0_smac_roc_auc_cv,LGBM_363700_20260405_160514::363700_rep2_fold0_smac_roc_auc_cv,0.4975604161964764,0.17587098737258414,0.16833484986351308
216,0.19842079124223333,0.2735992402659069,0.2757359924026591,363700,2,0,smac,roc_auc,binary,LGBM,,False,cv,0.0,78,3,3,LGBM_363700_20260405_160514,363700_rep2_fold0_smac_roc_auc_cv,LGBM_363700_20260405_160514::363700_rep2_fold0_smac_roc_auc_cv,0.4975604161964764,0.17587098737258414,0.16833484986351308
217,0.19842079124223333,0.2735992402659069,0.2757359924026591,363700,2,0,smac,roc_auc,binary,LGBM,,False,cv,0.0,78,3,3,LGBM_363700_20260405_160514,363700_rep2_fold0_smac_roc_auc_cv,LGBM_363700_20260405_160514::363700_rep2_fold0_smac_roc_auc_cv,0.4975604161964764,0.17587098737258414,0.16833484986351308
218,0.19842079124223333,0.2735992402659069,0.2757359924026591,363700,2,0,smac,roc_auc,binary,LGBM,,False,cv,0.0,78,3,3,LGBM_363700_20260405_160514,363700_rep2_fold0_smac_roc_auc_cv,LGBM_363700_20260405_160514::363700_rep2_fold0_smac_roc_auc_cv,0.4975604161964764,0.17587098737258414,0.16833484986351308
219,0.19842079124223333,0.2735992402659069,0.2757359924026591,363700,2,0,smac,roc_auc,binary,LGBM,,False,cv,0.0,78,3,3,LGBM_363700_20260405_160514,363700_rep2_fold0_smac_roc_auc_cv,LGBM_363700_20260405_160514::363700_rep2_fold0_smac_roc_auc_cv,0.4975604161964764,0.17587098737258414,0.16833484986351308
220,0.19842079124223333,0.2735992402659069,0.2757359924026591,363700,2,0,smac,roc_auc,binary,LGBM,,False,cv,0.0,78,3,3,LGBM_363700_20260405_160514,363700_rep2_fold0_smac_roc_auc_cv,LGBM_363700_20260405_160514::363700_rep2_fold0_smac_roc_auc_cv,0.4975604161964764,0.17587098737258414,0.16833484986351308
221,0.19842079124223333,0.2735992402659069,0.2757359924026591,363700,2,0,smac,roc_auc,binary,LGBM,,False,cv,0.0,78,3,3,LGBM_363700_20260405_160514,363700_rep2_fold0_smac_roc_auc_cv,LGBM_363700_20260405_160514::363700_rep2_fold0_smac_roc_auc_cv,0.4975604161964764,0.17587098737258414,0.16833484986351308
222,0.19842079124223333,0.2735992402659069,0.2757359924026591,363700,2,0,smac,roc_auc,binary,LGBM,,False,cv,0.0,78,3,3,LGBM_363700_20260405_160514,363700_rep2_fold0_smac_roc_auc_cv,LGBM_363700_20260405_160514::363700_rep2_fold0_smac_roc_auc_cv,0.4975604161964764,0.17587098737258414,0.16833484986351308
223,0.19842079124223333,0.2735992402659069,0.2757359924026591,363700,2,0,smac,roc_auc,binary,LGBM,,False,cv,0.0,78,3,3,LGBM_363700_20260405_160514,363700_rep2_fold0_smac_roc_auc_cv,LGBM_363700_20260405_160514::363700_rep2_fold0_smac_roc_auc_cv,0.4975604161964764,0.17587098737258414,0.16833484986351308
224,0.19842079124223333,0.2735992402659069,0.2757359924026591,363700,2,0,smac,roc_auc,binary,LGBM,,False,cv,0.0,78,3,3,LGBM_363700_20260405_160514,363700_rep2_fold0_smac_roc_auc_cv,LGBM_363700_20260405_160514::363700_rep2_fold0_smac_roc_auc_cv,0.4975604161964764,0.17587098737258414,0.16833484986351308
225,0.19842079124223333,0.2735992402659069,0.2757359924026591,363700,2,0,smac,roc_auc,binary,LGBM,,False,cv,0.0,78,3,3,LGBM_363700_20260405_160514,363700_rep2_fold0_smac_roc_auc_cv,LGBM_363700_20260405_160514::363700_rep2_fold0_smac_roc_auc_cv,0.4975604161964764,0.17587098737258414,0.16833484986351308
226,0.19842079124223333,0.2735992402659069,0.2757359924026591,363700,2,0,smac,roc_auc,binary,LGBM,,False,cv,0.0,78,3,3,LGBM_363700_20260405_160514,363700_rep2_fold0_smac_roc_auc_cv,LGBM_363700_20260405_160514::363700_rep2_fold0_smac_roc_auc_cv,0.4975604161964764,0.17587098737258414,0.16833484986351308
227,0.19842079124223333,0.2735992402659069,0.2757359924026591,363700,2,0,smac,roc_auc,binary,LGBM,,False,cv,0.0,78,3,3,LGBM_363700_20260405_160514,363700_rep2_fold0_smac_roc_auc_cv,LGBM_363700_20260405_160514::363700_rep2_fold0_smac_roc_auc_cv,0.4975604161964764,0.17587098737258414,0.16833484986351308
228,0.1994061456528171,0.27331433998100674,0.27578347578347584,363700,2,0,smac,roc_auc,binary,LGBM,,False,cv,0.0,78,3,3,LGBM_363700_20260405_160514,363700_rep2_fold0_smac_roc_auc_cv,LGBM_363700_20260405_160514::363700_rep2_fold0_smac_roc_auc_cv,0.5090187865800802,0.17221968659668463,0.16924476797088364
229,0.1994061456528171,0.27331433998100674,0.27578347578347584,363700,2,0,smac,roc_auc,binary,LGBM,,False,cv,0.0,78,3,3,LGBM_363700_20260405_160514,363700_rep2_fold0_smac_roc_auc_cv,LGBM_363700_20260405_160514::363700_rep2_fold0_smac_roc_auc_cv,0.5090187865800802,0.17221968659668463,0.16924476797088364
230,0.1994061456528171,0.27331433998100674,0.27578347578347584,363700,2,0,smac,roc_auc,binary,LGBM,,False,cv,0.0,78,3,3,LGBM_363700_20260405_160514,363700_rep2_fold0_smac_roc_auc_cv,LGBM_363700_20260405_160514::363700_rep2_fold0_smac_roc_auc_cv,0.5090187865800802,0.17221968659668463,0.16924476797088364
231,0.1994061456528171,0.27331433998100674,0.27578347578347584,363700,2,0,smac,roc_auc,binary,LGBM,,False,cv,0.0,78,3,3,LGBM_363700_20260405_160514,363700_rep2_fold0_smac_roc_auc_cv,LGBM_363700_20260405_160514::363700_rep2_fold0_smac_roc_auc_cv,0.5090187865800802,0.17221968659668463,0.16924476797088364
232,0.1994061456528171,0.27331433998100674,0.27578347578347584,363700,2,0,smac,roc_auc,binary,LGBM,,False,cv,0.0,78,3,3,LGBM_363700_20260405_160514,363700_rep2_fold0_smac_roc_auc_cv,LGBM_363700_20260405_160514::363700_rep2_fold0_smac_roc_auc_cv,0.5090187865800802,0.17221968659668463,0.16924476797088364
233,0.1994061456528171,0.27331433998100674,0.27578347578347584,363700,2,0,smac,roc_auc,binary,LGBM,,False,cv,0.0,78,3,3,LGBM_363700_20260405_160514,363700_rep2_fold0_smac_roc_auc_cv,LGBM_363700_20260405_160514::363700_rep2_fold0_smac_roc_auc_cv,0.5090187865800802,0.17221968659668463,0.16924476797088364
234,0.1994061456528171,0.27331433998100674,0.27578347578347584,363700,2,0,smac,roc_auc,binary,LGBM,,False,cv,0.0,78,3,3,LGBM_363700_20260405_160514,363700_rep2_fold0_smac_roc_auc_cv,LGBM_363700_20260405_160514::363700_rep2_fold0_smac_roc_auc_cv,0.5090187865800802,0.17221968659668463,0.16924476797088364
235,0.1994061456528171,0.27331433998100674,0.27578347578347584,363700,2,0,smac,roc_auc,binary,LGBM,,False,cv,0.0,78,3,3,LGBM_363700_20260405_160514,363700_rep2_fold0_smac_roc_auc_cv,LGBM_363700_20260405_160514::363700_rep2_fold0_smac_roc_auc_cv,0.5090187865800802,0.17221968659668463,0.16924476797088364
236,0.1994061456528171,0.27331433998100674,0.27578347578347584,363700,2,0,smac,roc_auc,binary,LGBM,,False,cv,0.0,78,3,3,LGBM_363700_20260405_160514,363700_rep2_fold0_smac_roc_auc_cv,LGBM_363700_20260405_160514::363700_rep2_fold0_smac_roc_auc_cv,0.5090187865800802,0.17221968659668463,0.16924476797088364
237,0.1994061456528171,0.27331433998100674,0.27578347578347584,363700,2,0,smac,roc_auc,binary,LGBM,,False,cv,0.0,78,3,3,LGBM_363700_20260405_160514,363700_rep2_fold0_smac_roc_auc_cv,LGBM_363700_20260405_160514::363700_rep2_fold0_smac_roc_auc_cv,0.5090187865800802,0.17221968659668463,0.16924476797088364
238,0.1994061456528171,0.27331433998100674,0.27578347578347584,363700,2,0,smac,roc_auc,binary,LGBM,,False,cv,0.0,78,3,3,LGBM_363700_20260405_160514,363700_rep2_fold0_smac_roc_auc_cv,LGBM_363700_20260405_160514::363700_rep2_fold0_smac_roc_auc_cv,0.5090187865800802,0.17221968659668463,0.16924476797088364
239,0.1994061456528171,0.27331433998100674,0.27578347578347584,363700,2,0,smac,roc_auc,binary,LGBM,,False,cv,0.0,78,3,3,LGBM_363700_20260405_160514,363700_rep2_fold0_smac_roc_auc_cv,LGBM_363700_20260405_160514::363700_rep2_fold0_smac_roc_auc_cv,0.5090187865800802,0.17221968659668463,0.16924476797088364
240,0.1994061456528171,0.27331433998100674,0.27578347578347584,363700,2,0,smac,roc_auc,binary,LGBM,,False,cv,0.0,78,3,3,LGBM_363700_20260405_160514,363700_rep2_fold0_smac_roc_auc_cv,LGBM_363700_20260405_160514::363700_rep2_fold0_smac_roc_auc_cv,0.5090187865800802,0.17221968659668463,0.16924476797088364
241,0.1994061456528171,0.27331433998100674,0.27578347578347584,363700,2,0,smac,roc_auc,binary,LGBM,,False,cv,0.0,78,3,3,LGBM_363700_20260405_160514,363700_rep2_fold0_smac_roc_auc_cv,LGBM_363700_20260405_160514::363700_rep2_fold0_smac_roc_auc_cv,0.5090187865800802,0.17221968659668463,0.16924476797088364
242,0.1994061456528171,0.27331433998100674,0.27578347578347584,363700,2,0,smac,roc_auc,binary,LGBM,,False,cv,0.0,78,3,3,LGBM_363700_20260405_160514,363700_rep2_fold0_smac_roc_auc_cv,LGBM_363700_20260405_160514::363700_rep2_fold0_smac_roc_auc_cv,0.5090187865800802,0.17221968659668463,0.16924476797088364
243,0.1994061456528171,0.27331433998100674,0.27578347578347584,363700,2,0,smac,roc_auc,binary,LGBM,,False,cv,0.0,78,3,3,LGBM_363700_20260405_160514,363700_rep2_fold0_smac_roc_auc_cv,LGBM_363700_20260405_160514::363700_rep2_fold0_smac_roc_auc_cv,0.5090187865800802,0.17221968659668463,0.16924476797088364
244,0.1994061456528171,0.27331433998100674,0.27578347578347584,363700,2,0,smac,roc_auc,binary,LGBM,,False,cv,0.0,78,3,3,LGBM_363700_20260405_160514,363700_rep2_fold0_smac_roc_auc_cv,LGBM_363700_20260405_160514::363700_rep2_fold0_smac_roc_auc_cv,0.5090187865800802,0.17221968659668463,0.16924476797088364
245,0.1994061456528171,0.27331433998100674,0.27578347578347584,363700,2,0,smac,roc_auc,binary,LGBM,,False,cv,0.0,78,3,3,LGBM_363700_20260405_160514,363700_rep2_fold0_smac_roc_auc_cv,LGBM_363700_20260405_160514::363700_rep2_fold0_smac_roc_auc_cv,0.5090187865800802,0.17221968659668463,0.16924476797088364
246,0.1994061456528171,0.27331433998100674,0.27578347578347584,363700,2,0,smac,roc_auc,binary,LGBM,,False,cv,0.0,78,3,3,LGBM_363700_20260405_160514,363700_rep2_fold0_smac_roc_auc_cv,LGBM_363700_20260405_160514::363700_rep2_fold0_smac_roc_auc_cv,0.5090187865800802,0.17221968659668463,0.16924476797088364
247,0.1994061456528171,0.27331433998100674,0.27578347578347584,363700,2,0,smac,roc_auc,binary,LGBM,,False,cv,0.0,78,3,3,LGBM_363700_20260405_160514,363700_rep2_fold0_smac_roc_auc_cv,LGBM_363700_20260405_160514::363700_rep2_fold0_smac_roc_auc_cv,0.5090187865800802,0.17221968659668463,0.16924476797088364
248,0.1994061456528171,0.27331433998100674,0.27578347578347584,363700,2,0,smac,roc_auc,binary,LGBM,,False,cv,0.0,78,3,3,LGBM_363700_20260405_160514,363700_rep2_fold0_smac_roc_auc_cv,LGBM_363700_20260405_160514::363700_rep2_fold0_smac_roc_auc_cv,0.5090187865800802,0.17221968659668463,0.16924476797088364
249,0.1994061456528171,0.27331433998100674,0.27578347578347584,363700,2,0,smac,roc_auc,binary,LGBM,,False,cv,0.0,78,3,3,LGBM_363700_20260405_160514,363700_rep2_fold0_smac_roc_auc_cv,LGBM_363700_20260405_160514::363700_rep2_fold0_smac_roc_auc_cv,0.5090187865800802,0.17221968659668463,0.16924476797088364
0,0.25685461998311154,0.2298267091626739,0.2278004094813939,363700,0,0,smac,roc_auc,binary,LGBM,,False,cv,0.0,78,3,3,LGBM_363700_20260405_160514,363700_rep0_fold0_smac_roc_auc_cv,LGBM_363700_20260405_160514::363700_rep0_fold0_smac_roc_auc_cv,1.0,0.08226744186046595,0.0
1,0.25388237399410574,0.23733035016991366,0.23373155750680707,363700,0,0,smac,roc_auc,binary,LGBM,,False,cv,0.0,78,3,3,LGBM_363700_20260405_160514,363700_rep0_fold0_smac_roc_auc_cv,LGBM_363700_20260405_160514::363700_rep0_fold0_smac_roc_auc_cv,0.9580278115997175,0.288953488372093,0.1290470723306546
2,0.24464688151838998,0.24214281191295361,0.2415307005509002,363700,0,0,smac,roc_auc,binary,LGBM,,False,cv,0.0,78,3,3,LGBM_363700_20260405_160514,363700_rep0_fold0_smac_roc_auc_cv,LGBM_363700_20260405_160514::363700_rep0_fold0_smac_roc_auc_cv,0.8276099957143663,0.42151162790697894,0.2987370838117113
3,0.24052544164276013,0.2594718956455664,0.2599151487008464,363700,0,0,smac,roc_auc,binary,LGBM,,False,cv,0.0,78,3,3,LGBM_363700_20260405_160514,363700_rep0_fold0_smac_roc_auc_cv,LGBM_363700_20260405_160514::363700_rep0_fold0_smac_roc_auc_cv,0.7694096140567783,0.8988372093023249,0.6987370838117132
4,0.23860173022184195,0.2518099499757267,0.25341410389007324,363700,0,0,smac,roc_auc,binary,LGBM,,False,cv,0.0,78,3,3,LGBM_363700_20260405_160514,363700_rep0_fold0_smac_roc_auc_cv,LGBM_363700_20260405_160514::363700_rep0_fold0_smac_roc_auc_cv,0.7422441713292197,0.687790697674421,0.5572904707233083
5,0.23860173022184195,0.2518099499757267,0.25341410389007324,363700,0,0,smac,roc_auc,binary,LGBM,,False,cv,0.0,78,3,3,LGBM_363700_20260405_160514,363700_rep0_fold0_smac_roc_auc_cv,LGBM_363700_20260405_160514::363700_rep0_fold0_smac_roc_auc_cv,0.7422441713292197,0.687790697674421,0.5572904707233083
6,0.23877229184491766,0.24817949638009995,0.24998416953373992,363700,0,0,smac,roc_auc,binary,LGBM,,False,cv,0.0,78,3,3,LGBM_363700_20260405_160514,363700_rep0_fold0_smac_roc_auc_cv,LGBM_363700_20260405_160514::363700_rep0_fold0_smac_roc_auc_cv,0.7446527352919846,0.587790697674416,0.4826636050516646
7,0.2382550147913276,0.25668573358380653,0.2669649830086329,363700,0,0,smac,roc_auc,binary,LGBM,,False,cv,0.0,78,3,3,LGBM_363700_20260405_160514,363700_rep0_fold0_smac_roc_auc_cv,LGBM_363700_20260405_160514::363700_rep0_fold0_smac_roc_auc_cv,0.7373480740934385,0.8220930232558152,0.8521239954075808
8,0.2382550147913276,0.25668573358380653,0.2669649830086329,363700,0,0,smac,roc_auc,binary,LGBM,,False,cv,0.0,78,3,3,LGBM_363700_20260405_160514,363700_rep0_fold0_smac_roc_auc_cv,LGBM_363700_20260405_160514::363700_rep0_fold0_smac_roc_auc_cv,0.7373480740934385,0.8220930232558152,0.8521239954075808
9,0.23707506389070643,0.26299681279945974,0.27002553981889954,363700,0,0,smac,roc_auc,binary,LGBM,,False,cv,0.0,78,3,3,LGBM_363700_20260405_160514,363700_rep0_fold0_smac_roc_auc_cv,LGBM_363700_20260405_160514::363700_rep0_fold0_smac_roc_auc_cv,0.7206855496297346,0.9959302325581422,0.9187141216992006
10,0.23707506389070643,0.26299681279945974,0.27002553981889954,363700,0,0,smac,roc_auc,binary,LGBM,,False,cv,0.0,78,3,3,LGBM_363700_20260405_160514,363700_rep0_fold0_smac_roc_auc_cv,LGBM_363700_20260405_160514::363700_rep0_fold0_smac_roc_auc_cv,0.7206855496297346,0.9959302325581422,0.9187141216992006
11,0.23707506389070643,0.26299681279945974,0.27002553981889954,363700,0,0,smac,roc_auc,binary,LGBM,,False,cv,0.0,78,3,3,LGBM_363700_20260405_160514,363700_rep0_fold0_smac_roc_auc_cv,LGBM_363700_20260405_160514::363700_rep0_fold0_smac_roc_auc_cv,0.7206855496297346,0.9959302325581422,0.9187141216992006
12,0.23707506389070643,0.26299681279945974,0.27002553981889954,363700,0,0,smac,roc_auc,binary,LGBM,,False,cv,0.0,78,3,3,LGBM_363700_20260405_160514,363700_rep0_fold0_smac_roc_auc_cv,LGBM_363700_20260405_160514::363700_rep0_fold0_smac_roc_auc_cv,0.7206855496297346,0.9959302325581422,0.9187141216992006
13,0.23707506389070643,0.26299681279945974,0.27002553981889954,363700,0,0,smac,roc_auc,binary,LGBM,,False,cv,0.0,78,3,3,LGBM_363700_20260405_160514,363700_rep0_fold0_smac_roc_auc_cv,LGBM_363700_20260405_160514::363700_rep0_fold0_smac_roc_auc_cv,0.7206855496297346,0.9959302325581422,0.9187141216992006
14,0.23707506389070643,0.26299681279945974,0.27002553981889954,363700,0,0,smac,roc_auc,binary,LGBM,,False,cv,0.0,78,3,3,LGBM_363700_20260405_160514,363700_rep0_fold0_smac_roc_auc_cv,LGBM_363700_20260405_160514::363700_rep0_fold0_smac_roc_auc_cv,0.7206855496297346,0.9959302325581422,0.9187141216992006
15,0.23693525928162806,0.2631445638178863,0.27376152985625923,363700,0,0,smac,roc_auc,binary,LGBM,,False,cv,0.0,78,3,3,LGBM_363700_20260405_160514,363700_rep0_fold0_smac_roc_auc_cv,LGBM_363700_20260405_160514::363700_rep0_fold0_smac_roc_auc_cv,0.7187113168733713,1.0,1.0
16,0.23693525928162806,0.2631445638178863,0.27376152985625923,363700,0,0,smac,roc_auc,binary,LGBM,,False,cv,0.0,78,3,3,LGBM_363700_20260405_160514,363700_rep0_fold0_smac_roc_auc_cv,LGBM_363700_20260405_160514::363700_rep0_fold0_smac_roc_auc_cv,0.7187113168733713,1.0,1.0
17,0.23693525928162806,0.2631445638178863,0.27376152985625923,363700,0,0,smac,roc_auc,binary,LGBM,,False,cv,0.0,78,3,3,LGBM_363700_20260405_160514,363700_rep0_fold0_smac_roc_auc_cv,LGBM_363700_20260405_160514::363700_rep0_fold0_smac_roc_auc_cv,0.7187113168733713,1.0,1.0
18,0.23693525928162806,0.2631445638178863,0.27376152985625923,363700,0,0,smac,roc_auc,binary,LGBM,,False,cv,0.0,78,3,3,LGBM_363700_20260405_160514,363700_rep0_fold0_smac_roc_auc_cv,LGBM_363700_20260405_160514::363700_rep0_fold0_smac_roc_auc_cv,0.7187113168733713,1.0,1.0
19,0.23037283093149008,0.24385250226903343,0.24400025328746022,363700,0,0,smac,roc_auc,binary,LGBM,,False,cv,0.0,78,3,3,LGBM_363700_20260405_160514,363700_rep0_fold0_smac_roc_auc_cv,LGBM_363700_20260405_160514::363700_rep0_fold0_smac_roc_auc_cv,0.6260408312896801,0.4686046511627891,0.3524684270952954
20,0.23037283093149008,0.24385250226903343,0.24400025328746022,363700,0,0,smac,roc_auc,binary,LGBM,,False,cv,0.0,78,3,3,LGBM_363700_20260405_160514,363700_rep0_fold0_smac_roc_auc_cv,LGBM_363700_20260405_160514::363700_rep0_fold0_smac_roc_auc_cv,0.6260408312896801,0.4686046511627891,0.3524684270952954
21,0.23037283093149008,0.24385250226903343,0.24400025328746022,363700,0,0,smac,roc_auc,binary,LGBM,,False,cv,0.0,78,3,3,LGBM_363700_20260405_160514,363700_rep0_fold0_smac_roc_auc_cv,LGBM_363700_20260405_160514::363700_rep0_fold0_smac_roc_auc_cv,0.6260408312896801,0.4686046511627891,0.3524684270952954
22,0.22793184245698217,0.26217362855393955,0.26989889608881945,363700,0,0,smac,roc_auc,binary,LGBM,,False,cv,0.0,78,3,3,LGBM_363700_20260405_160514,363700_rep0_fold0_smac_roc_auc_cv,LGBM_363700_20260405_160514::363700_rep0_fold0_smac_roc_auc_cv,0.5915707273635802,0.9732558139534851,0.9159586681974764
23,0.22793184245698217,0.26217362855393955,0.26989889608881945,363700,0,0,smac,roc_auc,binary,LGBM,,False,cv,0.0,78,3,3,LGBM_363700_20260405_160514,363700_rep0_fold0_smac_roc_auc_cv,LGBM_363700_20260405_160514::363700_rep0_fold0_smac_roc_auc_cv,0.5915707273635802,0.9732558139534851,0.9159586681974764
24,0.22793184245698217,0.26217362855393955,0.26989889608881945,363700,0,0,smac,roc_auc,binary,LGBM,,False,cv,0.0,78,3,3,LGBM_363700_20260405_160514,363700_rep0_fold0_smac_roc_auc_cv,LGBM_363700_20260405_160514::363700_rep0_fold0_smac_roc_auc_cv,0.5915707273635802,0.9732558139534851,0.9159586681974764
25,0.22774730037299884,0.25974629039407315,0.2684424931928996,363700,0,0,smac,roc_auc,binary,LGBM,,False,cv,0.0,78,3,3,LGBM_363700_20260405_160514,363700_rep0_fold0_smac_roc_auc_cv,LGBM_363700_20260405_160514::363700_rep0_fold0_smac_roc_auc_cv,0.5889647401251821,0.9063953488372116,0.8842709529276738
26,0.22774730037299884,0.25974629039407315,0.2684424931928996,363700,0,0,smac,roc_auc,binary,LGBM,,False,cv,0.0,78,3,3,LGBM_363700_20260405_160514,363700_rep0_fold0_smac_roc_auc_cv,LGBM_363700_20260405_160514::363700_rep0_fold0_smac_roc_auc_cv,0.5889647401251821,0.9063953488372116,0.8842709529276738
27,0.22774730037299884,0.25974629039407315,0.2684424931928996,363700,0,0,smac,roc_auc,binary,LGBM,,False,cv,0.0,78,3,3,LGBM_363700_20260405_160514,363700_rep0_fold0_smac_roc_auc_cv,LGBM_363700_20260405_160514::363700_rep0_fold0_smac_roc_auc_cv,0.5889647401251821,0.9063953488372116,0.8842709529276738
28,0.22774730037299884,0.25974629039407315,0.2684424931928996,363700,0,0,smac,roc_auc,binary,LGBM,,False,cv,0.0,78,3,3,LGBM_363700_20260405_160514,363700_rep0_fold0_smac_roc_auc_cv,LGBM_363700_20260405_160514::363700_rep0_fold0_smac_roc_auc_cv,0.5889647401251821,0.9063953488372116,0.8842709529276738
29,0.22774730037299884,0.25974629039407315,0.2684424931928996,363700,0,0,smac,roc_auc,binary,LGBM,,False,cv,0.0,78,3,3,LGBM_363700_20260405_160514,363700_rep0_fold0_smac_roc_auc_cv,LGBM_363700_20260405_160514::363700_rep0_fold0_smac_roc_auc_cv,0.5889647401251821,0.9063953488372116,0.8842709529276738
30,0.22774730037299884,0.25974629039407315,0.2684424931928996,363700,0,0,smac,roc_auc,binary,LGBM,,False,cv,0.0,78,3,3,LGBM_363700_20260405_160514,363700_rep0_fold0_smac_roc_auc_cv,LGBM_363700_20260405_160514::363700_rep0_fold0_smac_roc_auc_cv,0.5889647401251821,0.9063953488372116,0.8842709529276738
31,0.22774730037299884,0.25974629039407315,0.2684424931928996,363700,0,0,smac,roc_auc,binary,LGBM,,False,cv,0.0,78,3,3,LGBM_363700_20260405_160514,363700_rep0_fold0_smac_roc_auc_cv,LGBM_363700_20260405_160514::363700_rep0_fold0_smac_roc_auc_cv,0.5889647401251821,0.9063953488372116,0.8842709529276738
32,0.22774730037299884,0.25974629039407315,0.2684424931928996,363700,0,0,smac,roc_auc,binary,LGBM,,False,cv,0.0,78,3,3,LGBM_363700_20260405_160514,363700_rep0_fold0_smac_roc_auc_cv,LGBM_363700_20260405_160514::363700_rep0_fold0_smac_roc_auc_cv,0.5889647401251821,0.9063953488372116,0.8842709529276738
33,0.22774730037299884,0.25974629039407315,0.2684424931928996,363700,0,0,smac,roc_auc,binary,LGBM,,False,cv,0.0,78,3,3,LGBM_363700_20260405_160514,363700_rep0_fold0_smac_roc_auc_cv,LGBM_363700_20260405_160514::363700_rep0_fold0_smac_roc_auc_cv,0.5889647401251821,0.9063953488372116,0.8842709529276738
34,0.22774730037299884,0.25974629039407315,0.2684424931928996,363700,0,0,smac,roc_auc,binary,LGBM,,False,cv,0.0,78,3,3,LGBM_363700_20260405_160514,363700_rep0_fold0_smac_roc_auc_cv,LGBM_363700_20260405_160514::363700_rep0_fold0_smac_roc_auc_cv,0.5889647401251821,0.9063953488372116,0.8842709529276738
35,0.22774730037299884,0.25974629039407315,0.2684424931928996,363700,0,0,smac,roc_auc,binary,LGBM,,False,cv,0.0,78,3,3,LGBM_363700_20260405_160514,363700_rep0_fold0_smac_roc_auc_cv,LGBM_363700_20260405_160514::363700_rep0_fold0_smac_roc_auc_cv,0.5889647401251821,0.9063953488372116,0.8842709529276738
36,0.22774730037299884,0.25974629039407315,0.2684424931928996,363700,0,0,smac,roc_auc,binary,LGBM,,False,cv,0.0,78,3,3,LGBM_363700_20260405_160514,363700_rep0_fold0_smac_roc_auc_cv,LGBM_363700_20260405_160514::363700_rep0_fold0_smac_roc_auc_cv,0.5889647401251821,0.9063953488372116,0.8842709529276738
37,0.22774730037299884,0.25974629039407315,0.2684424931928996,363700,0,0,smac,roc_auc,binary,LGBM,,False,cv,0.0,78,3,3,LGBM_363700_20260405_160514,363700_rep0_fold0_smac_roc_auc_cv,LGBM_363700_20260405_160514::363700_rep0_fold0_smac_roc_auc_cv,0.5889647401251821,0.9063953488372116,0.8842709529276738
38,0.22774730037299884,0.25974629039407315,0.2684424931928996,363700,0,0,smac,roc_auc,binary,LGBM,,False,cv,0.0,78,3,3,LGBM_363700_20260405_160514,363700_rep0_fold0_smac_roc_auc_cv,LGBM_363700_20260405_160514::363700_rep0_fold0_smac_roc_auc_cv,0.5889647401251821,0.9063953488372116,0.8842709529276738
39,0.22774730037299884,0.25974629039407315,0.2684424931928996,363700,0,0,smac,roc_auc,binary,LGBM,,False,cv,0.0,78,3,3,LGBM_363700_20260405_160514,363700_rep0_fold0_smac_roc_auc_cv,LGBM_363700_20260405_160514::363700_rep0_fold0_smac_roc_auc_cv,0.5889647401251821,0.9063953488372116,0.8842709529276738
40,0.22774730037299884,0.25974629039407315,0.2684424931928996,363700,0,0,smac,roc_auc,binary,LGBM,,False,cv,0.0,78,3,3,LGBM_363700_20260405_160514,363700_rep0_fold0_smac_roc_auc_cv,LGBM_363700_20260405_160514::363700_rep0_fold0_smac_roc_auc_cv,0.5889647401251821,0.9063953488372116,0.8842709529276738
41,0.22774730037299884,0.25974629039407315,0.2684424931928996,363700,0,0,smac,roc_auc,binary,LGBM,,False,cv,0.0,78,3,3,LGBM_363700_20260405_160514,363700_rep0_fold0_smac_roc_auc_cv,LGBM_363700_20260405_160514::363700_rep0_fold0_smac_roc_auc_cv,0.5889647401251821,0.9063953488372116,0.8842709529276738
42,0.22774730037299884,0.25974629039407315,0.2684424931928996,363700,0,0,smac,roc_auc,binary,LGBM,,False,cv,0.0,78,3,3,LGBM_363700_20260405_160514,363700_rep0_fold0_smac_roc_auc_cv,LGBM_363700_20260405_160514::363700_rep0_fold0_smac_roc_auc_cv,0.5889647401251821,0.9063953488372116,0.8842709529276738
43,0.22774730037299884,0.25974629039407315,0.2684424931928996,363700,0,0,smac,roc_auc,binary,LGBM,,False,cv,0.0,78,3,3,LGBM_363700_20260405_160514,363700_rep0_fold0_smac_roc_auc_cv,LGBM_363700_20260405_160514::363700_rep0_fold0_smac_roc_auc_cv,0.5889647401251821,0.9063953488372116,0.8842709529276738
44,0.22774730037299884,0.25974629039407315,0.2684424931928996,363700,0,0,smac,roc_auc,binary,LGBM,,False,cv,0.0,78,3,3,LGBM_363700_20260405_160514,363700_rep0_fold0_smac_roc_auc_cv,LGBM_363700_20260405_160514::363700_rep0_fold0_smac_roc_auc_cv,0.5889647401251821,0.9063953488372116,0.8842709529276738
45,0.22774730037299884,0.25974629039407315,0.2684424931928996,363700,0,0,smac,roc_auc,binary,LGBM,,False,cv,0.0,78,3,3,LGBM_363700_20260405_160514,363700_rep0_fold0_smac_roc_auc_cv,LGBM_363700_20260405_160514::363700_rep0_fold0_smac_roc_auc_cv,0.5889647401251821,0.9063953488372116,0.8842709529276738
46,0.22774730037299884,0.25974629039407315,0.2684424931928996,363700,0,0,smac,roc_auc,binary,LGBM,,False,cv,0.0,78,3,3,LGBM_363700_20260405_160514,363700_rep0_fold0_smac_roc_auc_cv,LGBM_363700_20260405_160514::363700_rep0_fold0_smac_roc_auc_cv,0.5889647401251821,0.9063953488372116,0.8842709529276738
47,0.22774730037299884,0.25974629039407315,0.2684424931928996,363700,0,0,smac,roc_auc,binary,LGBM,,False,cv,0.0,78,3,3,LGBM_363700_20260405_160514,363700_rep0_fold0_smac_roc_auc_cv,LGBM_363700_20260405_160514::363700_rep0_fold0_smac_roc_auc_cv,0.5889647401251821,0.9063953488372116,0.8842709529276738
48,0.22774730037299884,0.25974629039407315,0.2684424931928996,363700,0,0,smac,roc_auc,binary,LGBM,,False,cv,0.0,78,3,3,LGBM_363700_20260405_160514,363700_rep0_fold0_smac_roc_auc_cv,LGBM_363700_20260405_160514::363700_rep0_fold0_smac_roc_auc_cv,0.5889647401251821,0.9063953488372116,0.8842709529276738
49,0.22774730037299884,0.25974629039407315,0.2684424931928996,363700,0,0,smac,roc_auc,binary,LGBM,,False,cv,0.0,78,3,3,LGBM_363700_20260405_160514,363700_rep0_fold0_smac_roc_auc_cv,LGBM_363700_20260405_160514::363700_rep0_fold0_smac_roc_auc_cv,0.5889647401251821,0.9063953488372116,0.8842709529276738
50,0.22774730037299884,0.25974629039407315,0.2684424931928996,363700,0,0,smac,roc_auc,binary,LGBM,,False,cv,0.0,78,3,3,LGBM_363700_20260405_160514,363700_rep0_fold0_smac_roc_auc_cv,LGBM_363700_20260405_160514::363700_rep0_fold0_smac_roc_auc_cv,0.5889647401251821,0.9063953488372116,0.8842709529276738
51,0.22774730037299884,0.25974629039407315,0.2684424931928996,363700,0,0,smac,roc_auc,binary,LGBM,,False,cv,0.0,78,3,3,LGBM_363700_20260405_160514,363700_rep0_fold0_smac_roc_auc_cv,LGBM_363700_20260405_160514::363700_rep0_fold0_smac_roc_auc_cv,0.5889647401251821,0.9063953488372116,0.8842709529276738
52,0.22774730037299884,0.25974629039407315,0.2684424931928996,363700,0,0,smac,roc_auc,binary,LGBM,,False,cv,0.0,78,3,3,LGBM_363700_20260405_160514,363700_rep0_fold0_smac_roc_auc_cv,LGBM_363700_20260405_160514::363700_rep0_fold0_smac_roc_auc_cv,0.5889647401251821,0.9063953488372116,0.8842709529276738
53,0.22774730037299884,0.25974629039407315,0.2684424931928996,363700,0,0,smac,roc_auc,binary,LGBM,,False,cv,0.0,78,3,3,LGBM_363700_20260405_160514,363700_rep0_fold0_smac_roc_auc_cv,LGBM_363700_20260405_160514::363700_rep0_fold0_smac_roc_auc_cv,0.5889647401251821,0.9063953488372116,0.8842709529276738
54,0.22774730037299884,0.25974629039407315,0.2684424931928996,363700,0,0,smac,roc_auc,binary,LGBM,,False,cv,0.0,78,3,3,LGBM_363700_20260405_160514,363700_rep0_fold0_smac_roc_auc_cv,LGBM_363700_20260405_160514::363700_rep0_fold0_smac_roc_auc_cv,0.5889647401251821,0.9063953488372116,0.8842709529276738
55,0.22774730037299884,0.25974629039407315,0.2684424931928996,363700,0,0,smac,roc_auc,binary,LGBM,,False,cv,0.0,78,3,3,LGBM_363700_20260405_160514,363700_rep0_fold0_smac_roc_auc_cv,LGBM_363700_20260405_160514::363700_rep0_fold0_smac_roc_auc_cv,0.5889647401251821,0.9063953488372116,0.8842709529276738
56,0.22774730037299884,0.25974629039407315,0.2684424931928996,363700,0,0,smac,roc_auc,binary,LGBM,,False,cv,0.0,78,3,3,LGBM_363700_20260405_160514,363700_rep0_fold0_smac_roc_auc_cv,LGBM_363700_20260405_160514::363700_rep0_fold0_smac_roc_auc_cv,0.5889647401251821,0.9063953488372116,0.8842709529276738
57,0.22774730037299884,0.25974629039407315,0.2684424931928996,363700,0,0,smac,roc_auc,binary,LGBM,,False,cv,0.0,78,3,3,LGBM_363700_20260405_160514,363700_rep0_fold0_smac_roc_auc_cv,LGBM_363700_20260405_160514::363700_rep0_fold0_smac_roc_auc_cv,0.5889647401251821,0.9063953488372116,0.8842709529276738
58,0.22774730037299884,0.25974629039407315,0.2684424931928996,363700,0,0,smac,roc_auc,binary,LGBM,,False,cv,0.0,78,3,3,LGBM_363700_20260405_160514,363700_rep0_fold0_smac_roc_auc_cv,LGBM_363700_20260405_160514::363700_rep0_fold0_smac_roc_auc_cv,0.5889647401251821,0.9063953488372116,0.8842709529276738
59,0.22774730037299884,0.25974629039407315,0.2684424931928996,363700,0,0,smac,roc_auc,binary,LGBM,,False,cv,0.0,78,3,3,LGBM_363700_20260405_160514,363700_rep0_fold0_smac_roc_auc_cv,LGBM_363700_20260405_160514::363700_rep0_fold0_smac_roc_auc_cv,0.5889647401251821,0.9063953488372116,0.8842709529276738
60,0.22774730037299884,0.25974629039407315,0.2684424931928996,363700,0,0,smac,roc_auc,binary,LGBM,,False,cv,0.0,78,3,3,LGBM_363700_20260405_160514,363700_rep0_fold0_smac_roc_auc_cv,LGBM_363700_20260405_160514::363700_rep0_fold0_smac_roc_auc_cv,0.5889647401251821,0.9063953488372116,0.8842709529276738
61,0.22774730037299884,0.25974629039407315,0.2684424931928996,363700,0,0,smac,roc_auc,binary,LGBM,,False,cv,0.0,78,3,3,LGBM_363700_20260405_160514,363700_rep0_fold0_smac_roc_auc_cv,LGBM_363700_20260405_160514::363700_rep0_fold0_smac_roc_auc_cv,0.5889647401251821,0.9063953488372116,0.8842709529276738
62,0.22774730037299884,0.25974629039407315,0.2684424931928996,363700,0,0,smac,roc_auc,binary,LGBM,,False,cv,0.0,78,3,3,LGBM_363700_20260405_160514,363700_rep0_fold0_smac_roc_auc_cv,LGBM_363700_20260405_160514::363700_rep0_fold0_smac_roc_auc_cv,0.5889647401251821,0.9063953488372116,0.8842709529276738
63,0.22774730037299884,0.25974629039407315,0.2684424931928996,363700,0,0,smac,roc_auc,binary,LGBM,,False,cv,0.0,78,3,3,LGBM_363700_20260405_160514,363700_rep0_fold0_smac_roc_auc_cv,LGBM_363700_20260405_160514::363700_rep0_fold0_smac_roc_auc_cv,0.5889647401251821,0.9063953488372116,0.8842709529276738
64,0.22774730037299884,0.25974629039407315,0.2684424931928996,363700,0,0,smac,roc_auc,binary,LGBM,,False,cv,0.0,78,3,3,LGBM_363700_20260405_160514,363700_rep0_fold0_smac_roc_auc_cv,LGBM_363700_20260405_160514::363700_rep0_fold0_smac_roc_auc_cv,0.5889647401251821,0.9063953488372116,0.8842709529276738
65,0.22789828935080336,0.2605483673512463,0.26812588386769953,363700,0,0,smac,roc_auc,binary,LGBM,,False,cv,0.0,78,3,3,LGBM_363700_20260405_160514,363700_rep0_fold0_smac_roc_auc_cv,LGBM_363700_20260405_160514::363700_rep0_fold0_smac_roc_auc_cv,0.5910969115020529,0.9284883720930214,0.8773823191733668
66,0.22789828935080336,0.2605483673512463,0.26812588386769953,363700,0,0,smac,roc_auc,binary,LGBM,,False,cv,0.0,78,3,3,LGBM_363700_20260405_160514,363700_rep0_fold0_smac_roc_auc_cv,LGBM_363700_20260405_160514::363700_rep0_fold0_smac_roc_auc_cv,0.5910969115020529,0.9284883720930214,0.8773823191733668
67,0.22789828935080336,0.2605483673512463,0.26812588386769953,363700,0,0,smac,roc_auc,binary,LGBM,,False,cv,0.0,78,3,3,LGBM_363700_20260405_160514,363700_rep0_fold0_smac_roc_auc_cv,LGBM_363700_20260405_160514::363700_rep0_fold0_smac_roc_auc_cv,0.5910969115020529,0.9284883720930214,0.8773823191733668
68,0.22789828935080336,0.2605483673512463,0.26812588386769953,363700,0,0,smac,roc_auc,binary,LGBM,,False,cv,0.0,78,3,3,LGBM_363700_20260405_160514,363700_rep0_fold0_smac_roc_auc_cv,LGBM_363700_20260405_160514::363700_rep0_fold0_smac_roc_auc_cv,0.5910969115020529,0.9284883720930214,0.8773823191733668
69,0.22789828935080336,0.2605483673512463,0.26812588386769953,363700,0,0,smac,roc_auc,binary,LGBM,,False,cv,0.0,78,3,3,LGBM_363700_20260405_160514,363700_rep0_fold0_smac_roc_auc_cv,LGBM_363700_20260405_160514::363700_rep0_fold0_smac_roc_auc_cv,0.5910969115020529,0.9284883720930214,0.8773823191733668
70,0.22789828935080336,0.2605483673512463,0.26812588386769953,363700,0,0,smac,roc_auc,binary,LGBM,,False,cv,0.0,78,3,3,LGBM_363700_20260405_160514,363700_rep0_fold0_smac_roc_auc_cv,LGBM_363700_20260405_160514::363700_rep0_fold0_smac_roc_auc_cv,0.5910969115020529,0.9284883720930214,0.8773823191733668
71,0.22789828935080336,0.2605483673512463,0.26812588386769953,363700,0,0,smac,roc_auc,binary,LGBM,,False,cv,0.0,78,3,3,LGBM_363700_20260405_160514,363700_rep0_fold0_smac_roc_auc_cv,LGBM_363700_20260405_160514::363700_rep0_fold0_smac_roc_auc_cv,0.5910969115020529,0.9284883720930214,0.8773823191733668
72,0.22789828935080336,0.2605483673512463,0.26812588386769953,363700,0,0,smac,roc_auc,binary,LGBM,,False,cv,0.0,78,3,3,LGBM_363700_20260405_160514,363700_rep0_fold0_smac_roc_auc_cv,LGBM_363700_20260405_160514::363700_rep0_fold0_smac_roc_auc_cv,0.5910969115020529,0.9284883720930214,0.8773823191733668
73,0.22789828935080336,0.2605483673512463,0.26812588386769953,363700,0,0,smac,roc_auc,binary,LGBM,,False,cv,0.0,78,3,3,LGBM_363700_20260405_160514,363700_rep0_fold0_smac_roc_auc_cv,LGBM_363700_20260405_160514::363700_rep0_fold0_smac_roc_auc_cv,0.5910969115020529,0.9284883720930214,0.8773823191733668
74,0.22789828935080336,0.2605483673512463,0.26812588386769953,363700,0,0,smac,roc_auc,binary,LGBM,,False,cv,0.0,78,3,3,LGBM_363700_20260405_160514,363700_rep0_fold0_smac_roc_auc_cv,LGBM_363700_20260405_160514::363700_rep0_fold0_smac_roc_auc_cv,0.5910969115020529,0.9284883720930214,0.8773823191733668
75,0.22789828935080336,0.2605483673512463,0.26812588386769953,363700,0,0,smac,roc_auc,binary,LGBM,,False,cv,0.0,78,3,3,LGBM_363700_20260405_160514,363700_rep0_fold0_smac_roc_auc_cv,LGBM_363700_20260405_160514::363700_rep0_fold0_smac_roc_auc_cv,0.5910969115020529,0.9284883720930214,0.8773823191733668
76,0.22789828935080336,0.2605483673512463,0.26812588386769953,363700,0,0,smac,roc_auc,binary,LGBM,,False,cv,0.0,78,3,3,LGBM_363700_20260405_160514,363700_rep0_fold0_smac_roc_auc_cv,LGBM_363700_20260405_160514::363700_rep0_fold0_smac_roc_auc_cv,0.5910969115020529,0.9284883720930214,0.8773823191733668
77,0.22789828935080336,0.2605483673512463,0.26812588386769953,363700,0,0,smac,roc_auc,binary,LGBM,,False,cv,0.0,78,3,3,LGBM_363700_20260405_160514,363700_rep0_fold0_smac_roc_auc_cv,LGBM_363700_20260405_160514::363700_rep0_fold0_smac_roc_auc_cv,0.5910969115020529,0.9284883720930214,0.8773823191733668
78,0.22789828935080336,0.2605483673512463,0.26812588386769953,363700,0,0,smac,roc_auc,binary,LGBM,,False,cv,0.0,78,3,3,LGBM_363700_20260405_160514,363700_rep0_fold0_smac_roc_auc_cv,LGBM_363700_20260405_160514::363700_rep0_fold0_smac_roc_auc_cv,0.5910969115020529,0.9284883720930214,0.8773823191733668
79,0.22789828935080336,0.2605483673512463,0.26812588386769953,363700,0,0,smac,roc_auc,binary,LGBM,,False,cv,0.0,78,3,3,LGBM_363700_20260405_160514,363700_rep0_fold0_smac_roc_auc_cv,LGBM_363700_20260405_160514::363700_rep0_fold0_smac_roc_auc_cv,0.5910969115020529,0.9284883720930214,0.8773823191733668
80,0.22789828935080336,0.2605483673512463,0.26812588386769953,363700,0,0,smac,roc_auc,binary,LGBM,,False,cv,0.0,78,3,3,LGBM_363700_20260405_160514,363700_rep0_fold0_smac_roc_auc_cv,LGBM_363700_20260405_160514::363700_rep0_fold0_smac_roc_auc_cv,0.5910969115020529,0.9284883720930214,0.8773823191733668
81,0.22789828935080336,0.2605483673512463,0.26812588386769953,363700,0,0,smac,roc_auc,binary,LGBM,,False,cv,0.0,78,3,3,LGBM_363700_20260405_160514,363700_rep0_fold0_smac_roc_auc_cv,LGBM_363700_20260405_160514::363700_rep0_fold0_smac_roc_auc_cv,0.5910969115020529,0.9284883720930214,0.8773823191733668
82,0.22789828935080336,0.2605483673512463,0.26812588386769953,363700,0,0,smac,roc_auc,binary,LGBM,,False,cv,0.0,78,3,3,LGBM_363700_20260405_160514,363700_rep0_fold0_smac_roc_auc_cv,LGBM_363700_20260405_160514::363700_rep0_fold0_smac_roc_auc_cv,0.5910969115020529,0.9284883720930214,0.8773823191733668
83,0.22789828935080336,0.2605483673512463,0.26812588386769953,363700,0,0,smac,roc_auc,binary,LGBM,,False,cv,0.0,78,3,3,LGBM_363700_20260405_160514,363700_rep0_fold0_smac_roc_auc_cv,LGBM_363700_20260405_160514::363700_rep0_fold0_smac_roc_auc_cv,0.5910969115020529,0.9284883720930214,0.8773823191733668
84,0.22789828935080336,0.2605483673512463,0.26812588386769953,363700,0,0,smac,roc_auc,binary,LGBM,,False,cv,0.0,78,3,3,LGBM_363700_20260405_160514,363700_rep0_fold0_smac_roc_auc_cv,LGBM_363700_20260405_160514::363700_rep0_fold0_smac_roc_auc_cv,0.5910969115020529,0.9284883720930214,0.8773823191733668
85,0.22789828935080336,0.2605483673512463,0.26812588386769953,363700,0,0,smac,roc_auc,binary,LGBM,,False,cv,0.0,78,3,3,LGBM_363700_20260405_160514,363700_rep0_fold0_smac_roc_auc_cv,LGBM_363700_20260405_160514::363700_rep0_fold0_smac_roc_auc_cv,0.5910969115020529,0.9284883720930214,0.8773823191733668
86,0.22789828935080336,0.2605483673512463,0.26812588386769953,363700,0,0,smac,roc_auc,binary,LGBM,,False,cv,0.0,78,3,3,LGBM_363700_20260405_160514,363700_rep0_fold0_smac_roc_auc_cv,LGBM_363700_20260405_160514::363700_rep0_fold0_smac_roc_auc_cv,0.5910969115020529,0.9284883720930214,0.8773823191733668
87,0.22789828935080336,0.2605483673512463,0.26812588386769953,363700,0,0,smac,roc_auc,binary,LGBM,,False,cv,0.0,78,3,3,LGBM_363700_20260405_160514,363700_rep0_fold0_smac_roc_auc_cv,LGBM_363700_20260405_160514::363700_rep0_fold0_smac_roc_auc_cv,0.5910969115020529,0.9284883720930214,0.8773823191733668
88,0.22789828935080336,0.2605483673512463,0.26812588386769953,363700,0,0,smac,roc_auc,binary,LGBM,,False,cv,0.0,78,3,3,LGBM_363700_20260405_160514,363700_rep0_fold0_smac_roc_auc_cv,LGBM_363700_20260405_160514::363700_rep0_fold0_smac_roc_auc_cv,0.5910969115020529,0.9284883720930214,0.8773823191733668
89,0.22789828935080336,0.2605483673512463,0.26812588386769953,363700,0,0,smac,roc_auc,binary,LGBM,,False,cv,0.0,78,3,3,LGBM_363700_20260405_160514,363700_rep0_fold0_smac_roc_auc_cv,LGBM_363700_20260405_160514::363700_rep0_fold0_smac_roc_auc_cv,0.5910969115020529,0.9284883720930214,0.8773823191733668
90,0.22789828935080336,0.2605483673512463,0.26812588386769953,363700,0,0,smac,roc_auc,binary,LGBM,,False,cv,0.0,78,3,3,LGBM_363700_20260405_160514,363700_rep0_fold0_smac_roc_auc_cv,LGBM_363700_20260405_160514::363700_rep0_fold0_smac_roc_auc_cv,0.5910969115020529,0.9284883720930214,0.8773823191733668
91,0.22789828935080336,0.2605483673512463,0.26812588386769953,363700,0,0,smac,roc_auc,binary,LGBM,,False,cv,0.0,78,3,3,LGBM_363700_20260405_160514,363700_rep0_fold0_smac_roc_auc_cv,LGBM_363700_20260405_160514::363700_rep0_fold0_smac_roc_auc_cv,0.5910969115020529,0.9284883720930214,0.8773823191733668
92,0.22789828935080336,0.2605483673512463,0.26812588386769953,363700,0,0,smac,roc_auc,binary,LGBM,,False,cv,0.0,78,3,3,LGBM_363700_20260405_160514,363700_rep0_fold0_smac_roc_auc_cv,LGBM_363700_20260405_160514::363700_rep0_fold0_smac_roc_auc_cv,0.5910969115020529,0.9284883720930214,0.8773823191733668
93,0.22789828935080336,0.2605483673512463,0.26812588386769953,363700,0,0,smac,roc_auc,binary,LGBM,,False,cv,0.0,78,3,3,LGBM_363700_20260405_160514,363700_rep0_fold0_smac_roc_auc_cv,LGBM_363700_20260405_160514::363700_rep0_fold0_smac_roc_auc_cv,0.5910969115020529,0.9284883720930214,0.8773823191733668
94,0.22789828935080336,0.2605483673512463,0.26812588386769953,363700,0,0,smac,roc_auc,binary,LGBM,,False,cv,0.0,78,3,3,LGBM_363700_20260405_160514,363700_rep0_fold0_smac_roc_auc_cv,LGBM_363700_20260405_160514::363700_rep0_fold0_smac_roc_auc_cv,0.5910969115020529,0.9284883720930214,0.8773823191733668
95,0.22789828935080336,0.2605483673512463,0.26812588386769953,363700,0,0,smac,roc_auc,binary,LGBM,,False,cv,0.0,78,3,3,LGBM_363700_20260405_160514,363700_rep0_fold0_smac_roc_auc_cv,LGBM_363700_20260405_160514::363700_rep0_fold0_smac_roc_auc_cv,0.5910969115020529,0.9284883720930214,0.8773823191733668
96,0.22789828935080336,0.2605483673512463,0.26812588386769953,363700,0,0,smac,roc_auc,binary,LGBM,,False,cv,0.0,78,3,3,LGBM_363700_20260405_160514,363700_rep0_fold0_smac_roc_auc_cv,LGBM_363700_20260405_160514::363700_rep0_fold0_smac_roc_auc_cv,0.5910969115020529,0.9284883720930214,0.8773823191733668
97,0.22789828935080336,0.2605483673512463,0.26812588386769953,363700,0,0,smac,roc_auc,binary,LGBM,,False,cv,0.0,78,3,3,LGBM_363700_20260405_160514,363700_rep0_fold0_smac_roc_auc_cv,LGBM_363700_20260405_160514::363700_rep0_fold0_smac_roc_auc_cv,0.5910969115020529,0.9284883720930214,0.8773823191733668
98,0.22789828935080336,0.2605483673512463,0.26812588386769953,363700,0,0,smac,roc_auc,binary,LGBM,,False,cv,0.0,78,3,3,LGBM_363700_20260405_160514,363700_rep0_fold0_smac_roc_auc_cv,LGBM_363700_20260405_160514::363700_rep0_fold0_smac_roc_auc_cv,0.5910969115020529,0.9284883720930214,0.8773823191733668
99,0.22789828935080336,0.2605483673512463,0.26812588386769953,363700,0,0,smac,roc_auc,binary,LGBM,,False,cv,0.0,78,3,3,LGBM_363700_20260405_160514,363700_rep0_fold0_smac_roc_auc_cv,LGBM_363700_20260405_160514::363700_rep0_fold0_smac_roc_auc_cv,0.5910969115020529,0.9284883720930214,0.8773823191733668
100,0.22789828935080336,0.2605483673512463,0.26812588386769953,363700,0,0,smac,roc_auc,binary,LGBM,,False,cv,0.0,78,3,3,LGBM_363700_20260405_160514,363700_rep0_fold0_smac_roc_auc_cv,LGBM_363700_20260405_160514::363700_rep0_fold0_smac_roc_auc_cv,0.5910969115020529,0.9284883720930214,0.8773823191733668
101,0.22789828935080336,0.2605483673512463,0.26812588386769953,363700,0,0,smac,roc_auc,binary,LGBM,,False,cv,0.0,78,3,3,LGBM_363700_20260405_160514,363700_rep0_fold0_smac_roc_auc_cv,LGBM_363700_20260405_160514::363700_rep0_fold0_smac_roc_auc_cv,0.5910969115020529,0.9284883720930214,0.8773823191733668
102,0.22789828935080336,0.2605483673512463,0.26812588386769953,363700,0,0,smac,roc_auc,binary,LGBM,,False,cv,0.0,78,3,3,LGBM_363700_20260405_160514,363700_rep0_fold0_smac_roc_auc_cv,LGBM_363700_20260405_160514::363700_rep0_fold0_smac_roc_auc_cv,0.5910969115020529,0.9284883720930214,0.8773823191733668
103,0.22789828935080336,0.2605483673512463,0.26812588386769953,363700,0,0,smac,roc_auc,binary,LGBM,,False,cv,0.0,78,3,3,LGBM_363700_20260405_160514,363700_rep0_fold0_smac_roc_auc_cv,LGBM_363700_20260405_160514::363700_rep0_fold0_smac_roc_auc_cv,0.5910969115020529,0.9284883720930214,0.8773823191733668
104,0.22789828935080336,0.2605483673512463,0.26812588386769953,363700,0,0,smac,roc_auc,binary,LGBM,,False,cv,0.0,78,3,3,LGBM_363700_20260405_160514,363700_rep0_fold0_smac_roc_auc_cv,LGBM_363700_20260405_160514::363700_rep0_fold0_smac_roc_auc_cv,0.5910969115020529,0.9284883720930214,0.8773823191733668
105,0.22789828935080336,0.2605483673512463,0.26812588386769953,363700,0,0,smac,roc_auc,binary,LGBM,,False,cv,0.0,78,3,3,LGBM_363700_20260405_160514,363700_rep0_fold0_smac_roc_auc_cv,LGBM_363700_20260405_160514::363700_rep0_fold0_smac_roc_auc_cv,0.5910969115020529,0.9284883720930214,0.8773823191733668
106,0.22789828935080336,0.2605483673512463,0.26812588386769953,363700,0,0,smac,roc_auc,binary,LGBM,,False,cv,0.0,78,3,3,LGBM_363700_20260405_160514,363700_rep0_fold0_smac_roc_auc_cv,LGBM_363700_20260405_160514::363700_rep0_fold0_smac_roc_auc_cv,0.5910969115020529,0.9284883720930214,0.8773823191733668
107,0.22789828935080336,0.2605483673512463,0.26812588386769953,363700,0,0,smac,roc_auc,binary,LGBM,,False,cv,0.0,78,3,3,LGBM_363700_20260405_160514,363700_rep0_fold0_smac_roc_auc_cv,LGBM_363700_20260405_160514::363700_rep0_fold0_smac_roc_auc_cv,0.5910969115020529,0.9284883720930214,0.8773823191733668
108,0.22789828935080336,0.2605483673512463,0.26812588386769953,363700,0,0,smac,roc_auc,binary,LGBM,,False,cv,0.0,78,3,3,LGBM_363700_20260405_160514,363700_rep0_fold0_smac_roc_auc_cv,LGBM_363700_20260405_160514::363700_rep0_fold0_smac_roc_auc_cv,0.5910969115020529,0.9284883720930214,0.8773823191733668
109,0.22789828935080336,0.2605483673512463,0.26812588386769953,363700,0,0,smac,roc_auc,binary,LGBM,,False,cv,0.0,78,3,3,LGBM_363700_20260405_160514,363700_rep0_fold0_smac_roc_auc_cv,LGBM_363700_20260405_160514::363700_rep0_fold0_smac_roc_auc_cv,0.5910969115020529,0.9284883720930214,0.8773823191733668
110,0.22789828935080336,0.2605483673512463,0.26812588386769953,363700,0,0,smac,roc_auc,binary,LGBM,,False,cv,0.0,78,3,3,LGBM_363700_20260405_160514,363700_rep0_fold0_smac_roc_auc_cv,LGBM_363700_20260405_160514::363700_rep0_fold0_smac_roc_auc_cv,0.5910969115020529,0.9284883720930214,0.8773823191733668
111,0.22789828935080336,0.2605483673512463,0.26812588386769953,363700,0,0,smac,roc_auc,binary,LGBM,,False,cv,0.0,78,3,3,LGBM_363700_20260405_160514,363700_rep0_fold0_smac_roc_auc_cv,LGBM_363700_20260405_160514::363700_rep0_fold0_smac_roc_auc_cv,0.5910969115020529,0.9284883720930214,0.8773823191733668
112,0.22789828935080336,0.2605483673512463,0.26812588386769953,363700,0,0,smac,roc_auc,binary,LGBM,,False,cv,0.0,78,3,3,LGBM_363700_20260405_160514,363700_rep0_fold0_smac_roc_auc_cv,LGBM_363700_20260405_160514::363700_rep0_fold0_smac_roc_auc_cv,0.5910969115020529,0.9284883720930214,0.8773823191733668
113,0.22789828935080336,0.2605483673512463,0.26812588386769953,363700,0,0,smac,roc_auc,binary,LGBM,,False,cv,0.0,78,3,3,LGBM_363700_20260405_160514,363700_rep0_fold0_smac_roc_auc_cv,LGBM_363700_20260405_160514::363700_rep0_fold0_smac_roc_auc_cv,0.5910969115020529,0.9284883720930214,0.8773823191733668
114,0.22789828935080336,0.2605483673512463,0.26812588386769953,363700,0,0,smac,roc_auc,binary,LGBM,,False,cv,0.0,78,3,3,LGBM_363700_20260405_160514,363700_rep0_fold0_smac_roc_auc_cv,LGBM_363700_20260405_160514::363700_rep0_fold0_smac_roc_auc_cv,0.5910969115020529,0.9284883720930214,0.8773823191733668
115,0.22789828935080336,0.2605483673512463,0.26812588386769953,363700,0,0,smac,roc_auc,binary,LGBM,,False,cv,0.0,78,3,3,LGBM_363700_20260405_160514,363700_rep0_fold0_smac_roc_auc_cv,LGBM_363700_20260405_160514::363700_rep0_fold0_smac_roc_auc_cv,0.5910969115020529,0.9284883720930214,0.8773823191733668
116,0.22789828935080336,0.2605483673512463,0.26812588386769953,363700,0,0,smac,roc_auc,binary,LGBM,,False,cv,0.0,78,3,3,LGBM_363700_20260405_160514,363700_rep0_fold0_smac_roc_auc_cv,LGBM_363700_20260405_160514::363700_rep0_fold0_smac_roc_auc_cv,0.5910969115020529,0.9284883720930214,0.8773823191733668
117,0.22789828935080336,0.2605483673512463,0.26812588386769953,363700,0,0,smac,roc_auc,binary,LGBM,,False,cv,0.0,78,3,3,LGBM_363700_20260405_160514,363700_rep0_fold0_smac_roc_auc_cv,LGBM_363700_20260405_160514::363700_rep0_fold0_smac_roc_auc_cv,0.5910969115020529,0.9284883720930214,0.8773823191733668
118,0.22789828935080336,0.2605483673512463,0.26812588386769953,363700,0,0,smac,roc_auc,binary,LGBM,,False,cv,0.0,78,3,3,LGBM_363700_20260405_160514,363700_rep0_fold0_smac_roc_auc_cv,LGBM_363700_20260405_160514::363700_rep0_fold0_smac_roc_auc_cv,0.5910969115020529,0.9284883720930214,0.8773823191733668
119,0.22789828935080336,0.2605483673512463,0.26812588386769953,363700,0,0,smac,roc_auc,binary,LGBM,,False,cv,0.0,78,3,3,LGBM_363700_20260405_160514,363700_rep0_fold0_smac_roc_auc_cv,LGBM_363700_20260405_160514::363700_rep0_fold0_smac_roc_auc_cv,0.5910969115020529,0.9284883720930214,0.8773823191733668
120,0.22789828935080336,0.2605483673512463,0.26812588386769953,363700,0,0,smac,roc_auc,binary,LGBM,,False,cv,0.0,78,3,3,LGBM_363700_20260405_160514,363700_rep0_fold0_smac_roc_auc_cv,LGBM_363700_20260405_160514::363700_rep0_fold0_smac_roc_auc_cv,0.5910969115020529,0.9284883720930214,0.8773823191733668
121,0.22789828935080336,0.2605483673512463,0.26812588386769953,363700,0,0,smac,roc_auc,binary,LGBM,,False,cv,0.0,78,3,3,LGBM_363700_20260405_160514,363700_rep0_fold0_smac_roc_auc_cv,LGBM_363700_20260405_160514::363700_rep0_fold0_smac_roc_auc_cv,0.5910969115020529,0.9284883720930214,0.8773823191733668
122,0.22789828935080336,0.2605483673512463,0.26812588386769953,363700,0,0,smac,roc_auc,binary,LGBM,,False,cv,0.0,78,3,3,LGBM_363700_20260405_160514,363700_rep0_fold0_smac_roc_auc_cv,LGBM_363700_20260405_160514::363700_rep0_fold0_smac_roc_auc_cv,0.5910969115020529,0.9284883720930214,0.8773823191733668
123,0.22789828935080336,0.2605483673512463,0.26812588386769953,363700,0,0,smac,roc_auc,binary,LGBM,,False,cv,0.0,78,3,3,LGBM_363700_20260405_160514,363700_rep0_fold0_smac_roc_auc_cv,LGBM_363700_20260405_160514::363700_rep0_fold0_smac_roc_auc_cv,0.5910969115020529,0.9284883720930214,0.8773823191733668
124,0.22789828935080336,0.2605483673512463,0.26812588386769953,363700,0,0,smac,roc_auc,binary,LGBM,,False,cv,0.0,78,3,3,LGBM_363700_20260405_160514,363700_rep0_fold0_smac_roc_auc_cv,LGBM_363700_20260405_160514::363700_rep0_fold0_smac_roc_auc_cv,0.5910969115020529,0.9284883720930214,0.8773823191733668
125,0.22789828935080336,0.2605483673512463,0.26812588386769953,363700,0,0,smac,roc_auc,binary,LGBM,,False,cv,0.0,78,3,3,LGBM_363700_20260405_160514,363700_rep0_fold0_smac_roc_auc_cv,LGBM_363700_20260405_160514::363700_rep0_fold0_smac_roc_auc_cv,0.5910969115020529,0.9284883720930214,0.8773823191733668
126,0.22789828935080336,0.2605483673512463,0.26812588386769953,363700,0,0,smac,roc_auc,binary,LGBM,,False,cv,0.0,78,3,3,LGBM_363700_20260405_160514,363700_rep0_fold0_smac_roc_auc_cv,LGBM_363700_20260405_160514::363700_rep0_fold0_smac_roc_auc_cv,0.5910969115020529,0.9284883720930214,0.8773823191733668
127,0.22789828935080336,0.2605483673512463,0.26812588386769953,363700,0,0,smac,roc_auc,binary,LGBM,,False,cv,0.0,78,3,3,LGBM_363700_20260405_160514,363700_rep0_fold0_smac_roc_auc_cv,LGBM_363700_20260405_160514::363700_rep0_fold0_smac_roc_auc_cv,0.5910969115020529,0.9284883720930214,0.8773823191733668
128,0.22789828935080336,0.2605483673512463,0.26812588386769953,363700,0,0,smac,roc_auc,binary,LGBM,,False,cv,0.0,78,3,3,LGBM_363700_20260405_160514,363700_rep0_fold0_smac_roc_auc_cv,LGBM_363700_20260405_160514::363700_rep0_fold0_smac_roc_auc_cv,0.5910969115020529,0.9284883720930214,0.8773823191733668
129,0.22789828935080336,0.2605483673512463,0.26812588386769953,363700,0,0,smac,roc_auc,binary,LGBM,,False,cv,0.0,78,3,3,LGBM_363700_20260405_160514,363700_rep0_fold0_smac_roc_auc_cv,LGBM_363700_20260405_160514::363700_rep0_fold0_smac_roc_auc_cv,0.5910969115020529,0.9284883720930214,0.8773823191733668
130,0.22783677532280877,0.26035840175612635,0.2688857462481795,363700,0,0,smac,roc_auc,binary,LGBM,,False,cv,0.0,78,3,3,LGBM_363700_20260405_160514,363700_rep0_fold0_smac_roc_auc_cv,LGBM_363700_20260405_160514::363700_rep0_fold0_smac_roc_auc_cv,0.5902282490892514,0.9232558139534872,0.8939150401836999
131,0.22783677532280877,0.26035840175612635,0.2688857462481795,363700,0,0,smac,roc_auc,binary,LGBM,,False,cv,0.0,78,3,3,LGBM_363700_20260405_160514,363700_rep0_fold0_smac_roc_auc_cv,LGBM_363700_20260405_160514::363700_rep0_fold0_smac_roc_auc_cv,0.5902282490892514,0.9232558139534872,0.8939150401836999
132,0.22783677532280877,0.26035840175612635,0.2688857462481795,363700,0,0,smac,roc_auc,binary,LGBM,,False,cv,0.0,78,3,3,LGBM_363700_20260405_160514,363700_rep0_fold0_smac_roc_auc_cv,LGBM_363700_20260405_160514::363700_rep0_fold0_smac_roc_auc_cv,0.5902282490892514,0.9232558139534872,0.8939150401836999
133,0.22783677532280877,0.26035840175612635,0.2688857462481795,363700,0,0,smac,roc_auc,binary,LGBM,,False,cv,0.0,78,3,3,LGBM_363700_20260405_160514,363700_rep0_fold0_smac_roc_auc_cv,LGBM_363700_20260405_160514::363700_rep0_fold0_smac_roc_auc_cv,0.5902282490892514,0.9232558139534872,0.8939150401836999
134,0.22783677532280877,0.26035840175612635,0.2688857462481795,363700,0,0,smac,roc_auc,binary,LGBM,,False,cv,0.0,78,3,3,LGBM_363700_20260405_160514,363700_rep0_fold0_smac_roc_auc_cv,LGBM_363700_20260405_160514::363700_rep0_fold0_smac_roc_auc_cv,0.5902282490892514,0.9232558139534872,0.8939150401836999
135,0.22783677532280877,0.26035840175612635,0.2688857462481795,363700,0,0,smac,roc_auc,binary,LGBM,,False,cv,0.0,78,3,3,LGBM_363700_20260405_160514,363700_rep0_fold0_smac_roc_auc_cv,LGBM_363700_20260405_160514::363700_rep0_fold0_smac_roc_auc_cv,0.5902282490892514,0.9232558139534872,0.8939150401836999
136,0.22783677532280877,0.26035840175612635,0.2688857462481795,363700,0,0,smac,roc_auc,binary,LGBM,,False,cv,0.0,78,3,3,LGBM_363700_20260405_160514,363700_rep0_fold0_smac_roc_auc_cv,LGBM_363700_20260405_160514::363700_rep0_fold0_smac_roc_auc_cv,0.5902282490892514,0.9232558139534872,0.8939150401836999
137,0.22783677532280877,0.26035840175612635,0.2688857462481795,363700,0,0,smac,roc_auc,binary,LGBM,,False,cv,0.0,78,3,3,LGBM_363700_20260405_160514,363700_rep0_fold0_smac_roc_auc_cv,LGBM_363700_20260405_160514::363700_rep0_fold0_smac_roc_auc_cv,0.5902282490892514,0.9232558139534872,0.8939150401836999
138,0.22783677532280877,0.26035840175612635,0.2688857462481795,363700,0,0,smac,roc_auc,binary,LGBM,,False,cv,0.0,78,3,3,LGBM_363700_20260405_160514,363700_rep0_fold0_smac_roc_auc_cv,LGBM_363700_20260405_160514::363700_rep0_fold0_smac_roc_auc_cv,0.5902282490892514,0.9232558139534872,0.8939150401836999
139,0.22783677532280877,0.26035840175612635,0.2688857462481795,363700,0,0,smac,roc_auc,binary,LGBM,,False,cv,0.0,78,3,3,LGBM_363700_20260405_160514,363700_rep0_fold0_smac_roc_auc_cv,LGBM_363700_20260405_160514::363700_rep0_fold0_smac_roc_auc_cv,0.5902282490892514,0.9232558139534872,0.8939150401836999
140,0.22783677532280877,0.26035840175612635,0.2688857462481795,363700,0,0,smac,roc_auc,binary,LGBM,,False,cv,0.0,78,3,3,LGBM_363700_20260405_160514,363700_rep0_fold0_smac_roc_auc_cv,LGBM_363700_20260405_160514::363700_rep0_fold0_smac_roc_auc_cv,0.5902282490892514,0.9232558139534872,0.8939150401836999
141,0.22783677532280877,0.26035840175612635,0.2688857462481795,363700,0,0,smac,roc_auc,binary,LGBM,,False,cv,0.0,78,3,3,LGBM_363700_20260405_160514,363700_rep0_fold0_smac_roc_auc_cv,LGBM_363700_20260405_160514::363700_rep0_fold0_smac_roc_auc_cv,0.5902282490892514,0.9232558139534872,0.8939150401836999
142,0.22783677532280877,0.26035840175612635,0.2688857462481795,363700,0,0,smac,roc_auc,binary,LGBM,,False,cv,0.0,78,3,3,LGBM_363700_20260405_160514,363700_rep0_fold0_smac_roc_auc_cv,LGBM_363700_20260405_160514::363700_rep0_fold0_smac_roc_auc_cv,0.5902282490892514,0.9232558139534872,0.8939150401836999
143,0.22783677532280877,0.26035840175612635,0.2688857462481795,363700,0,0,smac,roc_auc,binary,LGBM,,False,cv,0.0,78,3,3,LGBM_363700_20260405_160514,363700_rep0_fold0_smac_roc_auc_cv,LGBM_363700_20260405_160514::363700_rep0_fold0_smac_roc_auc_cv,0.5902282490892514,0.9232558139534872,0.8939150401836999
144,0.22783677532280877,0.26035840175612635,0.2688857462481795,363700,0,0,smac,roc_auc,binary,LGBM,,False,cv,0.0,78,3,3,LGBM_363700_20260405_160514,363700_rep0_fold0_smac_roc_auc_cv,LGBM_363700_20260405_160514::363700_rep0_fold0_smac_roc_auc_cv,0.5902282490892514,0.9232558139534872,0.8939150401836999
145,0.22783677532280877,0.26035840175612635,0.2688857462481795,363700,0,0,smac,roc_auc,binary,LGBM,,False,cv,0.0,78,3,3,LGBM_363700_20260405_160514,363700_rep0_fold0_smac_roc_auc_cv,LGBM_363700_20260405_160514::363700_rep0_fold0_smac_roc_auc_cv,0.5902282490892514,0.9232558139534872,0.8939150401836999
146,0.22783677532280877,0.26035840175612635,0.2688857462481795,363700,0,0,smac,roc_auc,binary,LGBM,,False,cv,0.0,78,3,3,LGBM_363700_20260405_160514,363700_rep0_fold0_smac_roc_auc_cv,LGBM_363700_20260405_160514::363700_rep0_fold0_smac_roc_auc_cv,0.5902282490892514,0.9232558139534872,0.8939150401836999
147,0.22783677532280877,0.26035840175612635,0.2688857462481795,363700,0,0,smac,roc_auc,binary,LGBM,,False,cv,0.0,78,3,3,LGBM_363700_20260405_160514,363700_rep0_fold0_smac_roc_auc_cv,LGBM_363700_20260405_160514::363700_rep0_fold0_smac_roc_auc_cv,0.5902282490892514,0.9232558139534872,0.8939150401836999
148,0.22783677532280877,0.26035840175612635,0.2688857462481795,363700,0,0,smac,roc_auc,binary,LGBM,,False,cv,0.0,78,3,3,LGBM_363700_20260405_160514,363700_rep0_fold0_smac_roc_auc_cv,LGBM_363700_20260405_160514::363700_rep0_fold0_smac_roc_auc_cv,0.5902282490892514,0.9232558139534872,0.8939150401836999
149,0.22783677532280877,0.26035840175612635,0.2688857462481795,363700,0,0,smac,roc_auc,binary,LGBM,,False,cv,0.0,78,3,3,LGBM_363700_20260405_160514,363700_rep0_fold0_smac_roc_auc_cv,LGBM_363700_20260405_160514::363700_rep0_fold0_smac_roc_auc_cv,0.5902282490892514,0.9232558139534872,0.8939150401836999
150,0.22783677532280877,0.26035840175612635,0.2688857462481795,363700,0,0,smac,roc_auc,binary,LGBM,,False,cv,0.0,78,3,3,LGBM_363700_20260405_160514,363700_rep0_fold0_smac_roc_auc_cv,LGBM_363700_20260405_160514::363700_rep0_fold0_smac_roc_auc_cv,0.5902282490892514,0.9232558139534872,0.8939150401836999
151,0.22783677532280877,0.26035840175612635,0.2688857462481795,363700,0,0,smac,roc_auc,binary,LGBM,,False,cv,0.0,78,3,3,LGBM_363700_20260405_160514,363700_rep0_fold0_smac_roc_auc_cv,LGBM_363700_20260405_160514::363700_rep0_fold0_smac_roc_auc_cv,0.5902282490892514,0.9232558139534872,0.8939150401836999
152,0.22783677532280877,0.26035840175612635,0.2688857462481795,363700,0,0,smac,roc_auc,binary,LGBM,,False,cv,0.0,78,3,3,LGBM_363700_20260405_160514,363700_rep0_fold0_smac_roc_auc_cv,LGBM_363700_20260405_160514::363700_rep0_fold0_smac_roc_auc_cv,0.5902282490892514,0.9232558139534872,0.8939150401836999
153,0.22783677532280877,0.26035840175612635,0.2688857462481795,363700,0,0,smac,roc_auc,binary,LGBM,,False,cv,0.0,78,3,3,LGBM_363700_20260405_160514,363700_rep0_fold0_smac_roc_auc_cv,LGBM_363700_20260405_160514::363700_rep0_fold0_smac_roc_auc_cv,0.5902282490892514,0.9232558139534872,0.8939150401836999
154,0.22783677532280877,0.26035840175612635,0.2688857462481795,363700,0,0,smac,roc_auc,binary,LGBM,,False,cv,0.0,78,3,3,LGBM_363700_20260405_160514,363700_rep0_fold0_smac_roc_auc_cv,LGBM_363700_20260405_160514::363700_rep0_fold0_smac_roc_auc_cv,0.5902282490892514,0.9232558139534872,0.8939150401836999
155,0.22783677532280877,0.26035840175612635,0.2688857462481795,363700,0,0,smac,roc_auc,binary,LGBM,,False,cv,0.0,78,3,3,LGBM_363700_20260405_160514,363700_rep0_fold0_smac_roc_auc_cv,LGBM_363700_20260405_160514::363700_rep0_fold0_smac_roc_auc_cv,0.5902282490892514,0.9232558139534872,0.8939150401836999
156,0.22783677532280877,0.26035840175612635,0.2688857462481795,363700,0,0,smac,roc_auc,binary,LGBM,,False,cv,0.0,78,3,3,LGBM_363700_20260405_160514,363700_rep0_fold0_smac_roc_auc_cv,LGBM_363700_20260405_160514::363700_rep0_fold0_smac_roc_auc_cv,0.5902282490892514,0.9232558139534872,0.8939150401836999
157,0.22783677532280877,0.26035840175612635,0.2688857462481795,363700,0,0,smac,roc_auc,binary,LGBM,,False,cv,0.0,78,3,3,LGBM_363700_20260405_160514,363700_rep0_fold0_smac_roc_auc_cv,LGBM_363700_20260405_160514::363700_rep0_fold0_smac_roc_auc_cv,0.5902282490892514,0.9232558139534872,0.8939150401836999
158,0.22783677532280877,0.26035840175612635,0.2688857462481795,363700,0,0,smac,roc_auc,binary,LGBM,,False,cv,0.0,78,3,3,LGBM_363700_20260405_160514,363700_rep0_fold0_smac_roc_auc_cv,LGBM_363700_20260405_160514::363700_rep0_fold0_smac_roc_auc_cv,0.5902282490892514,0.9232558139534872,0.8939150401836999
159,0.22783677532280877,0.26035840175612635,0.2688857462481795,363700,0,0,smac,roc_auc,binary,LGBM,,False,cv,0.0,78,3,3,LGBM_363700_20260405_160514,363700_rep0_fold0_smac_roc_auc_cv,LGBM_363700_20260405_160514::363700_rep0_fold0_smac_roc_auc_cv,0.5902282490892514,0.9232558139534872,0.8939150401836999
160,0.22783677532280877,0.26035840175612635,0.2688857462481795,363700,0,0,smac,roc_auc,binary,LGBM,,False,cv,0.0,78,3,3,LGBM_363700_20260405_160514,363700_rep0_fold0_smac_roc_auc_cv,LGBM_363700_20260405_160514::363700_rep0_fold0_smac_roc_auc_cv,0.5902282490892514,0.9232558139534872,0.8939150401836999
161,0.22783677532280877,0.26035840175612635,0.2688857462481795,363700,0,0,smac,roc_auc,binary,LGBM,,False,cv,0.0,78,3,3,LGBM_363700_20260405_160514,363700_rep0_fold0_smac_roc_auc_cv,LGBM_363700_20260405_160514::363700_rep0_fold0_smac_roc_auc_cv,0.5902282490892514,0.9232558139534872,0.8939150401836999
162,0.22783677532280877,0.26035840175612635,0.2688857462481795,363700,0,0,smac,roc_auc,binary,LGBM,,False,cv,0.0,78,3,3,LGBM_363700_20260405_160514,363700_rep0_fold0_smac_roc_auc_cv,LGBM_363700_20260405_160514::363700_rep0_fold0_smac_roc_auc_cv,0.5902282490892514,0.9232558139534872,0.8939150401836999
163,0.22783677532280877,0.26035840175612635,0.2688857462481795,363700,0,0,smac,roc_auc,binary,LGBM,,False,cv,0.0,78,3,3,LGBM_363700_20260405_160514,363700_rep0_fold0_smac_roc_auc_cv,LGBM_363700_20260405_160514::363700_rep0_fold0_smac_roc_auc_cv,0.5902282490892514,0.9232558139534872,0.8939150401836999
164,0.22783677532280877,0.26035840175612635,0.2688857462481795,363700,0,0,smac,roc_auc,binary,LGBM,,False,cv,0.0,78,3,3,LGBM_363700_20260405_160514,363700_rep0_fold0_smac_roc_auc_cv,LGBM_363700_20260405_160514::363700_rep0_fold0_smac_roc_auc_cv,0.5902282490892514,0.9232558139534872,0.8939150401836999
165,0.22783677532280877,0.26035840175612635,0.2688857462481795,363700,0,0,smac,roc_auc,binary,LGBM,,False,cv,0.0,78,3,3,LGBM_363700_20260405_160514,363700_rep0_fold0_smac_roc_auc_cv,LGBM_363700_20260405_160514::363700_rep0_fold0_smac_roc_auc_cv,0.5902282490892514,0.9232558139534872,0.8939150401836999
166,0.22783677532280877,0.26035840175612635,0.2688857462481795,363700,0,0,smac,roc_auc,binary,LGBM,,False,cv,0.0,78,3,3,LGBM_363700_20260405_160514,363700_rep0_fold0_smac_roc_auc_cv,LGBM_363700_20260405_160514::363700_rep0_fold0_smac_roc_auc_cv,0.5902282490892514,0.9232558139534872,0.8939150401836999
167,0.22783677532280877,0.26035840175612635,0.2688857462481795,363700,0,0,smac,roc_auc,binary,LGBM,,False,cv,0.0,78,3,3,LGBM_363700_20260405_160514,363700_rep0_fold0_smac_roc_auc_cv,LGBM_363700_20260405_160514::363700_rep0_fold0_smac_roc_auc_cv,0.5902282490892514,0.9232558139534872,0.8939150401836999
168,0.22783677532280877,0.26035840175612635,0.2688857462481795,363700,0,0,smac,roc_auc,binary,LGBM,,False,cv,0.0,78,3,3,LGBM_363700_20260405_160514,363700_rep0_fold0_smac_roc_auc_cv,LGBM_363700_20260405_160514::363700_rep0_fold0_smac_roc_auc_cv,0.5902282490892514,0.9232558139534872,0.8939150401836999
169,0.22783677532280877,0.26035840175612635,0.2688857462481795,363700,0,0,smac,roc_auc,binary,LGBM,,False,cv,0.0,78,3,3,LGBM_363700_20260405_160514,363700_rep0_fold0_smac_roc_auc_cv,LGBM_363700_20260405_160514::363700_rep0_fold0_smac_roc_auc_cv,0.5902282490892514,0.9232558139534872,0.8939150401836999
170,0.22783677532280877,0.26035840175612635,0.2688857462481795,363700,0,0,smac,roc_auc,binary,LGBM,,False,cv,0.0,78,3,3,LGBM_363700_20260405_160514,363700_rep0_fold0_smac_roc_auc_cv,LGBM_363700_20260405_160514::363700_rep0_fold0_smac_roc_auc_cv,0.5902282490892514,0.9232558139534872,0.8939150401836999
171,0.22783677532280877,0.26035840175612635,0.2688857462481795,363700,0,0,smac,roc_auc,binary,LGBM,,False,cv,0.0,78,3,3,LGBM_363700_20260405_160514,363700_rep0_fold0_smac_roc_auc_cv,LGBM_363700_20260405_160514::363700_rep0_fold0_smac_roc_auc_cv,0.5902282490892514,0.9232558139534872,0.8939150401836999
172,0.22783677532280877,0.26035840175612635,0.2688857462481795,363700,0,0,smac,roc_auc,binary,LGBM,,False,cv,0.0,78,3,3,LGBM_363700_20260405_160514,363700_rep0_fold0_smac_roc_auc_cv,LGBM_363700_20260405_160514::363700_rep0_fold0_smac_roc_auc_cv,0.5902282490892514,0.9232558139534872,0.8939150401836999
173,0.22783677532280877,0.26035840175612635,0.2688857462481795,363700,0,0,smac,roc_auc,binary,LGBM,,False,cv,0.0,78,3,3,LGBM_363700_20260405_160514,363700_rep0_fold0_smac_roc_auc_cv,LGBM_363700_20260405_160514::363700_rep0_fold0_smac_roc_auc_cv,0.5902282490892514,0.9232558139534872,0.8939150401836999
174,0.22783677532280877,0.26035840175612635,0.2688857462481795,363700,0,0,smac,roc_auc,binary,LGBM,,False,cv,0.0,78,3,3,LGBM_363700_20260405_160514,363700_rep0_fold0_smac_roc_auc_cv,LGBM_363700_20260405_160514::363700_rep0_fold0_smac_roc_auc_cv,0.5902282490892514,0.9232558139534872,0.8939150401836999
175,0.22783677532280877,0.26035840175612635,0.2688857462481795,363700,0,0,smac,roc_auc,binary,LGBM,,False,cv,0.0,78,3,3,LGBM_363700_20260405_160514,363700_rep0_fold0_smac_roc_auc_cv,LGBM_363700_20260405_160514::363700_rep0_fold0_smac_roc_auc_cv,0.5902282490892514,0.9232558139534872,0.8939150401836999
176,0.22783677532280877,0.26035840175612635,0.2688857462481795,363700,0,0,smac,roc_auc,binary,LGBM,,False,cv,0.0,78,3,3,LGBM_363700_20260405_160514,363700_rep0_fold0_smac_roc_auc_cv,LGBM_363700_20260405_160514::363700_rep0_fold0_smac_roc_auc_cv,0.5902282490892514,0.9232558139534872,0.8939150401836999
177,0.22783677532280877,0.26035840175612635,0.2688857462481795,363700,0,0,smac,roc_auc,binary,LGBM,,False,cv,0.0,78,3,3,LGBM_363700_20260405_160514,363700_rep0_fold0_smac_roc_auc_cv,LGBM_363700_20260405_160514::363700_rep0_fold0_smac_roc_auc_cv,0.5902282490892514,0.9232558139534872,0.8939150401836999
178,0.22783677532280877,0.26035840175612635,0.2688857462481795,363700,0,0,smac,roc_auc,binary,LGBM,,False,cv,0.0,78,3,3,LGBM_363700_20260405_160514,363700_rep0_fold0_smac_roc_auc_cv,LGBM_363700_20260405_160514::363700_rep0_fold0_smac_roc_auc_cv,0.5902282490892514,0.9232558139534872,0.8939150401836999
179,0.22783677532280877,0.26035840175612635,0.2688857462481795,363700,0,0,smac,roc_auc,binary,LGBM,,False,cv,0.0,78,3,3,LGBM_363700_20260405_160514,363700_rep0_fold0_smac_roc_auc_cv,LGBM_363700_20260405_160514::363700_rep0_fold0_smac_roc_auc_cv,0.5902282490892514,0.9232558139534872,0.8939150401836999
180,0.22783677532280877,0.26035840175612635,0.2688857462481795,363700,0,0,smac,roc_auc,binary,LGBM,,False,cv,0.0,78,3,3,LGBM_363700_20260405_160514,363700_rep0_fold0_smac_roc_auc_cv,LGBM_363700_20260405_160514::363700_rep0_fold0_smac_roc_auc_cv,0.5902282490892514,0.9232558139534872,0.8939150401836999
181,0.22783677532280877,0.26035840175612635,0.2688857462481795,363700,0,0,smac,roc_auc,binary,LGBM,,False,cv,0.0,78,3,3,LGBM_363700_20260405_160514,363700_rep0_fold0_smac_roc_auc_cv,LGBM_363700_20260405_160514::363700_rep0_fold0_smac_roc_auc_cv,0.5902282490892514,0.9232558139534872,0.8939150401836999
182,0.22783677532280877,0.26035840175612635,0.2688857462481795,363700,0,0,smac,roc_auc,binary,LGBM,,False,cv,0.0,78,3,3,LGBM_363700_20260405_160514,363700_rep0_fold0_smac_roc_auc_cv,LGBM_363700_20260405_160514::363700_rep0_fold0_smac_roc_auc_cv,0.5902282490892514,0.9232558139534872,0.8939150401836999
183,0.22783677532280877,0.26035840175612635,0.2688857462481795,363700,0,0,smac,roc_auc,binary,LGBM,,False,cv,0.0,78,3,3,LGBM_363700_20260405_160514,363700_rep0_fold0_smac_roc_auc_cv,LGBM_363700_20260405_160514::363700_rep0_fold0_smac_roc_auc_cv,0.5902282490892514,0.9232558139534872,0.8939150401836999
184,0.22783677532280877,0.26035840175612635,0.2688857462481795,363700,0,0,smac,roc_auc,binary,LGBM,,False,cv,0.0,78,3,3,LGBM_363700_20260405_160514,363700_rep0_fold0_smac_roc_auc_cv,LGBM_363700_20260405_160514::363700_rep0_fold0_smac_roc_auc_cv,0.5902282490892514,0.9232558139534872,0.8939150401836999
185,0.22783677532280877,0.26035840175612635,0.2688857462481795,363700,0,0,smac,roc_auc,binary,LGBM,,False,cv,0.0,78,3,3,LGBM_363700_20260405_160514,363700_rep0_fold0_smac_roc_auc_cv,LGBM_363700_20260405_160514::363700_rep0_fold0_smac_roc_auc_cv,0.5902282490892514,0.9232558139534872,0.8939150401836999
186,0.22783677532280877,0.26035840175612635,0.2688857462481795,363700,0,0,smac,roc_auc,binary,LGBM,,False,cv,0.0,78,3,3,LGBM_363700_20260405_160514,363700_rep0_fold0_smac_roc_auc_cv,LGBM_363700_20260405_160514::363700_rep0_fold0_smac_roc_auc_cv,0.5902282490892514,0.9232558139534872,0.8939150401836999
187,0.22783677532280877,0.26035840175612635,0.2688857462481795,363700,0,0,smac,roc_auc,binary,LGBM,,False,cv,0.0,78,3,3,LGBM_363700_20260405_160514,363700_rep0_fold0_smac_roc_auc_cv,LGBM_363700_20260405_160514::363700_rep0_fold0_smac_roc_auc_cv,0.5902282490892514,0.9232558139534872,0.8939150401836999
188,0.22783677532280877,0.26035840175612635,0.2688857462481795,363700,0,0,smac,roc_auc,binary,LGBM,,False,cv,0.0,78,3,3,LGBM_363700_20260405_160514,363700_rep0_fold0_smac_roc_auc_cv,LGBM_363700_20260405_160514::363700_rep0_fold0_smac_roc_auc_cv,0.5902282490892514,0.9232558139534872,0.8939150401836999
189,0.22783677532280877,0.26035840175612635,0.2688857462481795,363700,0,0,smac,roc_auc,binary,LGBM,,False,cv,0.0,78,3,3,LGBM_363700_20260405_160514,363700_rep0_fold0_smac_roc_auc_cv,LGBM_363700_20260405_160514::363700_rep0_fold0_smac_roc_auc_cv,0.5902282490892514,0.9232558139534872,0.8939150401836999
190,0.22783677532280877,0.26035840175612635,0.2688857462481795,363700,0,0,smac,roc_auc,binary,LGBM,,False,cv,0.0,78,3,3,LGBM_363700_20260405_160514,363700_rep0_fold0_smac_roc_auc_cv,LGBM_363700_20260405_160514::363700_rep0_fold0_smac_roc_auc_cv,0.5902282490892514,0.9232558139534872,0.8939150401836999
191,0.22783677532280877,0.26035840175612635,0.2688857462481795,363700,0,0,smac,roc_auc,binary,LGBM,,False,cv,0.0,78,3,3,LGBM_363700_20260405_160514,363700_rep0_fold0_smac_roc_auc_cv,LGBM_363700_20260405_160514::363700_rep0_fold0_smac_roc_auc_cv,0.5902282490892514,0.9232558139534872,0.8939150401836999
192,0.22783677532280877,0.26035840175612635,0.2688857462481795,363700,0,0,smac,roc_auc,binary,LGBM,,False,cv,0.0,78,3,3,LGBM_363700_20260405_160514,363700_rep0_fold0_smac_roc_auc_cv,LGBM_363700_20260405_160514::363700_rep0_fold0_smac_roc_auc_cv,0.5902282490892514,0.9232558139534872,0.8939150401836999
193,0.22783677532280877,0.26035840175612635,0.2688857462481795,363700,0,0,smac,roc_auc,binary,LGBM,,False,cv,0.0,78,3,3,LGBM_363700_20260405_160514,363700_rep0_fold0_smac_roc_auc_cv,LGBM_363700_20260405_160514::363700_rep0_fold0_smac_roc_auc_cv,0.5902282490892514,0.9232558139534872,0.8939150401836999
194,0.22783677532280877,0.26035840175612635,0.2688857462481795,363700,0,0,smac,roc_auc,binary,LGBM,,False,cv,0.0,78,3,3,LGBM_363700_20260405_160514,363700_rep0_fold0_smac_roc_auc_cv,LGBM_363700_20260405_160514::363700_rep0_fold0_smac_roc_auc_cv,0.5902282490892514,0.9232558139534872,0.8939150401836999
195,0.22783677532280877,0.26035840175612635,0.2688857462481795,363700,0,0,smac,roc_auc,binary,LGBM,,False,cv,0.0,78,3,3,LGBM_363700_20260405_160514,363700_rep0_fold0_smac_roc_auc_cv,LGBM_363700_20260405_160514::363700_rep0_fold0_smac_roc_auc_cv,0.5902282490892514,0.9232558139534872,0.8939150401836999
196,0.22783677532280877,0.26035840175612635,0.2688857462481795,363700,0,0,smac,roc_auc,binary,LGBM,,False,cv,0.0,78,3,3,LGBM_363700_20260405_160514,363700_rep0_fold0_smac_roc_auc_cv,LGBM_363700_20260405_160514::363700_rep0_fold0_smac_roc_auc_cv,0.5902282490892514,0.9232558139534872,0.8939150401836999
197,0.22783677532280877,0.26035840175612635,0.2688857462481795,363700,0,0,smac,roc_auc,binary,LGBM,,False,cv,0.0,78,3,3,LGBM_363700_20260405_160514,363700_rep0_fold0_smac_roc_auc_cv,LGBM_363700_20260405_160514::363700_rep0_fold0_smac_roc_auc_cv,0.5902282490892514,0.9232558139534872,0.8939150401836999
198,0.22783677532280877,0.26035840175612635,0.2688857462481795,363700,0,0,smac,roc_auc,binary,LGBM,,False,cv,0.0,78,3,3,LGBM_363700_20260405_160514,363700_rep0_fold0_smac_roc_auc_cv,LGBM_363700_20260405_160514::363700_rep0_fold0_smac_roc_auc_cv,0.5902282490892514,0.9232558139534872,0.8939150401836999
199,0.22783677532280877,0.26035840175612635,0.2688857462481795,363700,0,0,smac,roc_auc,binary,LGBM,,False,cv,0.0,78,3,3,LGBM_363700_20260405_160514,363700_rep0_fold0_smac_roc_auc_cv,LGBM_363700_20260405_160514::363700_rep0_fold0_smac_roc_auc_cv,0.5902282490892514,0.9232558139534872,0.8939150401836999
200,0.22783677532280877,0.26035840175612635,0.2688857462481795,363700,0,0,smac,roc_auc,binary,LGBM,,False,cv,0.0,78,3,3,LGBM_363700_20260405_160514,363700_rep0_fold0_smac_roc_auc_cv,LGBM_363700_20260405_160514::363700_rep0_fold0_smac_roc_auc_cv,0.5902282490892514,0.9232558139534872,0.8939150401836999
201,0.22783677532280877,0.26035840175612635,0.2688857462481795,363700,0,0,smac,roc_auc,binary,LGBM,,False,cv,0.0,78,3,3,LGBM_363700_20260405_160514,363700_rep0_fold0_smac_roc_auc_cv,LGBM_363700_20260405_160514::363700_rep0_fold0_smac_roc_auc_cv,0.5902282490892514,0.9232558139534872,0.8939150401836999
202,0.22783677532280877,0.26035840175612635,0.2688857462481795,363700,0,0,smac,roc_auc,binary,LGBM,,False,cv,0.0,78,3,3,LGBM_363700_20260405_160514,363700_rep0_fold0_smac_roc_auc_cv,LGBM_363700_20260405_160514::363700_rep0_fold0_smac_roc_auc_cv,0.5902282490892514,0.9232558139534872,0.8939150401836999
203,0.22783677532280877,0.26035840175612635,0.2688857462481795,363700,0,0,smac,roc_auc,binary,LGBM,,False,cv,0.0,78,3,3,LGBM_363700_20260405_160514,363700_rep0_fold0_smac_roc_auc_cv,LGBM_363700_20260405_160514::363700_rep0_fold0_smac_roc_auc_cv,0.5902282490892514,0.9232558139534872,0.8939150401836999
204,0.22783677532280877,0.26035840175612635,0.2688857462481795,363700,0,0,smac,roc_auc,binary,LGBM,,False,cv,0.0,78,3,3,LGBM_363700_20260405_160514,363700_rep0_fold0_smac_roc_auc_cv,LGBM_363700_20260405_160514::363700_rep0_fold0_smac_roc_auc_cv,0.5902282490892514,0.9232558139534872,0.8939150401836999
205,0.22783677532280877,0.26035840175612635,0.2688857462481795,363700,0,0,smac,roc_auc,binary,LGBM,,False,cv,0.0,78,3,3,LGBM_363700_20260405_160514,363700_rep0_fold0_smac_roc_auc_cv,LGBM_363700_20260405_160514::363700_rep0_fold0_smac_roc_auc_cv,0.5902282490892514,0.9232558139534872,0.8939150401836999
206,0.22783677532280877,0.26035840175612635,0.2688857462481795,363700,0,0,smac,roc_auc,binary,LGBM,,False,cv,0.0,78,3,3,LGBM_363700_20260405_160514,363700_rep0_fold0_smac_roc_auc_cv,LGBM_363700_20260405_160514::363700_rep0_fold0_smac_roc_auc_cv,0.5902282490892514,0.9232558139534872,0.8939150401836999
207,0.22783677532280877,0.26035840175612635,0.2688857462481795,363700,0,0,smac,roc_auc,binary,LGBM,,False,cv,0.0,78,3,3,LGBM_363700_20260405_160514,363700_rep0_fold0_smac_roc_auc_cv,LGBM_363700_20260405_160514::363700_rep0_fold0_smac_roc_auc_cv,0.5902282490892514,0.9232558139534872,0.8939150401836999
208,0.22783677532280877,0.26035840175612635,0.2688857462481795,363700,0,0,smac,roc_auc,binary,LGBM,,False,cv,0.0,78,3,3,LGBM_363700_20260405_160514,363700_rep0_fold0_smac_roc_auc_cv,LGBM_363700_20260405_160514::363700_rep0_fold0_smac_roc_auc_cv,0.5902282490892514,0.9232558139534872,0.8939150401836999
209,0.22783677532280877,0.26035840175612635,0.2688857462481795,363700,0,0,smac,roc_auc,binary,LGBM,,False,cv,0.0,78,3,3,LGBM_363700_20260405_160514,363700_rep0_fold0_smac_roc_auc_cv,LGBM_363700_20260405_160514::363700_rep0_fold0_smac_roc_auc_cv,0.5902282490892514,0.9232558139534872,0.8939150401836999
210,0.22783677532280877,0.26035840175612635,0.2688857462481795,363700,0,0,smac,roc_auc,binary,LGBM,,False,cv,0.0,78,3,3,LGBM_363700_20260405_160514,363700_rep0_fold0_smac_roc_auc_cv,LGBM_363700_20260405_160514::363700_rep0_fold0_smac_roc_auc_cv,0.5902282490892514,0.9232558139534872,0.8939150401836999
211,0.22783677532280877,0.26035840175612635,0.2688857462481795,363700,0,0,smac,roc_auc,binary,LGBM,,False,cv,0.0,78,3,3,LGBM_363700_20260405_160514,363700_rep0_fold0_smac_roc_auc_cv,LGBM_363700_20260405_160514::363700_rep0_fold0_smac_roc_auc_cv,0.5902282490892514,0.9232558139534872,0.8939150401836999
212,0.22783677532280877,0.26035840175612635,0.2688857462481795,363700,0,0,smac,roc_auc,binary,LGBM,,False,cv,0.0,78,3,3,LGBM_363700_20260405_160514,363700_rep0_fold0_smac_roc_auc_cv,LGBM_363700_20260405_160514::363700_rep0_fold0_smac_roc_auc_cv,0.5902282490892514,0.9232558139534872,0.8939150401836999
213,0.22783677532280877,0.26035840175612635,0.2688857462481795,363700,0,0,smac,roc_auc,binary,LGBM,,False,cv,0.0,78,3,3,LGBM_363700_20260405_160514,363700_rep0_fold0_smac_roc_auc_cv,LGBM_363700_20260405_160514::363700_rep0_fold0_smac_roc_auc_cv,0.5902282490892514,0.9232558139534872,0.8939150401836999
214,0.22783677532280877,0.26035840175612635,0.2688857462481795,363700,0,0,smac,roc_auc,binary,LGBM,,False,cv,0.0,78,3,3,LGBM_363700_20260405_160514,363700_rep0_fold0_smac_roc_auc_cv,LGBM_363700_20260405_160514::363700_rep0_fold0_smac_roc_auc_cv,0.5902282490892514,0.9232558139534872,0.8939150401836999
215,0.22783677532280877,0.26035840175612635,0.2688857462481795,363700,0,0,smac,roc_auc,binary,LGBM,,False,cv,0.0,78,3,3,LGBM_363700_20260405_160514,363700_rep0_fold0_smac_roc_auc_cv,LGBM_363700_20260405_160514::363700_rep0_fold0_smac_roc_auc_cv,0.5902282490892514,0.9232558139534872,0.8939150401836999
216,0.22783677532280877,0.26035840175612635,0.2688857462481795,363700,0,0,smac,roc_auc,binary,LGBM,,False,cv,0.0,78,3,3,LGBM_363700_20260405_160514,363700_rep0_fold0_smac_roc_auc_cv,LGBM_363700_20260405_160514::363700_rep0_fold0_smac_roc_auc_cv,0.5902282490892514,0.9232558139534872,0.8939150401836999
217,0.22783677532280877,0.26035840175612635,0.2688857462481795,363700,0,0,smac,roc_auc,binary,LGBM,,False,cv,0.0,78,3,3,LGBM_363700_20260405_160514,363700_rep0_fold0_smac_roc_auc_cv,LGBM_363700_20260405_160514::363700_rep0_fold0_smac_roc_auc_cv,0.5902282490892514,0.9232558139534872,0.8939150401836999
218,0.22492883945397912,0.25149334065052664,0.2610971568482596,363700,0,0,smac,roc_auc,binary,LGBM,,False,cv,0.0,78,3,3,LGBM_363700_20260405_160514,363700_rep0_fold0_smac_roc_auc_cv,LGBM_363700_20260405_160514::363700_rep0_fold0_smac_roc_auc_cv,0.5491642077568977,0.6790697674418611,0.7244546498277846
219,0.22492883945397912,0.25149334065052664,0.2610971568482596,363700,0,0,smac,roc_auc,binary,LGBM,,False,cv,0.0,78,3,3,LGBM_363700_20260405_160514,363700_rep0_fold0_smac_roc_auc_cv,LGBM_363700_20260405_160514::363700_rep0_fold0_smac_roc_auc_cv,0.5491642077568977,0.6790697674418611,0.7244546498277846
220,0.22492883945397912,0.25149334065052664,0.2610971568482596,363700,0,0,smac,roc_auc,binary,LGBM,,False,cv,0.0,78,3,3,LGBM_363700_20260405_160514,363700_rep0_fold0_smac_roc_auc_cv,LGBM_363700_20260405_160514::363700_rep0_fold0_smac_roc_auc_cv,0.5491642077568977,0.6790697674418611,0.7244546498277846
221,0.22492883945397912,0.25149334065052664,0.2610971568482596,363700,0,0,smac,roc_auc,binary,LGBM,,False,cv,0.0,78,3,3,LGBM_363700_20260405_160514,363700_rep0_fold0_smac_roc_auc_cv,LGBM_363700_20260405_160514::363700_rep0_fold0_smac_roc_auc_cv,0.5491642077568977,0.6790697674418611,0.7244546498277846
222,0.22492883945397912,0.25149334065052664,0.2610971568482596,363700,0,0,smac,roc_auc,binary,LGBM,,False,cv,0.0,78,3,3,LGBM_363700_20260405_160514,363700_rep0_fold0_smac_roc_auc_cv,LGBM_363700_20260405_160514::363700_rep0_fold0_smac_roc_auc_cv,0.5491642077568977,0.6790697674418611,0.7244546498277846
223,0.22492883945397912,0.25149334065052664,0.2610971568482596,363700,0,0,smac,roc_auc,binary,LGBM,,False,cv,0.0,78,3,3,LGBM_363700_20260405_160514,363700_rep0_fold0_smac_roc_auc_cv,LGBM_363700_20260405_160514::363700_rep0_fold0_smac_roc_auc_cv,0.5491642077568977,0.6790697674418611,0.7244546498277846
224,0.22492883945397912,0.25149334065052664,0.2610971568482596,363700,0,0,smac,roc_auc,binary,LGBM,,False,cv,0.0,78,3,3,LGBM_363700_20260405_160514,363700_rep0_fold0_smac_roc_auc_cv,LGBM_363700_20260405_160514::363700_rep0_fold0_smac_roc_auc_cv,0.5491642077568977,0.6790697674418611,0.7244546498277846
225,0.22492883945397912,0.25149334065052664,0.2610971568482596,363700,0,0,smac,roc_auc,binary,LGBM,,False,cv,0.0,78,3,3,LGBM_363700_20260405_160514,363700_rep0_fold0_smac_roc_auc_cv,LGBM_363700_20260405_160514::363700_rep0_fold0_smac_roc_auc_cv,0.5491642077568977,0.6790697674418611,0.7244546498277846
226,0.22492883945397912,0.25149334065052664,0.2610971568482596,363700,0,0,smac,roc_auc,binary,LGBM,,False,cv,0.0,78,3,3,LGBM_363700_20260405_160514,363700_rep0_fold0_smac_roc_auc_cv,LGBM_363700_20260405_160514::363700_rep0_fold0_smac_roc_auc_cv,0.5491642077568977,0.6790697674418611,0.7244546498277846
227,0.22492883945397912,0.25149334065052664,0.2610971568482596,363700,0,0,smac,roc_auc,binary,LGBM,,False,cv,0.0,78,3,3,LGBM_363700_20260405_160514,363700_rep0_fold0_smac_roc_auc_cv,LGBM_363700_20260405_160514::363700_rep0_fold0_smac_roc_auc_cv,0.5491642077568977,0.6790697674418611,0.7244546498277846
228,0.22492883945397912,0.25149334065052664,0.2610971568482596,363700,0,0,smac,roc_auc,binary,LGBM,,False,cv,0.0,78,3,3,LGBM_363700_20260405_160514,363700_rep0_fold0_smac_roc_auc_cv,LGBM_363700_20260405_160514::363700_rep0_fold0_smac_roc_auc_cv,0.5491642077568977,0.6790697674418611,0.7244546498277846
229,0.22492883945397912,0.25149334065052664,0.2610971568482596,363700,0,0,smac,roc_auc,binary,LGBM,,False,cv,0.0,78,3,3,LGBM_363700_20260405_160514,363700_rep0_fold0_smac_roc_auc_cv,LGBM_363700_20260405_160514::363700_rep0_fold0_smac_roc_auc_cv,0.5491642077568977,0.6790697674418611,0.7244546498277846
230,0.22492883945397912,0.25149334065052664,0.2610971568482596,363700,0,0,smac,roc_auc,binary,LGBM,,False,cv,0.0,78,3,3,LGBM_363700_20260405_160514,363700_rep0_fold0_smac_roc_auc_cv,LGBM_363700_20260405_160514::363700_rep0_fold0_smac_roc_auc_cv,0.5491642077568977,0.6790697674418611,0.7244546498277846
231,0.22492883945397912,0.25149334065052664,0.2610971568482596,363700,0,0,smac,roc_auc,binary,LGBM,,False,cv,0.0,78,3,3,LGBM_363700_20260405_160514,363700_rep0_fold0_smac_roc_auc_cv,LGBM_363700_20260405_160514::363700_rep0_fold0_smac_roc_auc_cv,0.5491642077568977,0.6790697674418611,0.7244546498277846
232,0.22492883945397912,0.25149334065052664,0.2610971568482596,363700,0,0,smac,roc_auc,binary,LGBM,,False,cv,0.0,78,3,3,LGBM_363700_20260405_160514,363700_rep0_fold0_smac_roc_auc_cv,LGBM_363700_20260405_160514::363700_rep0_fold0_smac_roc_auc_cv,0.5491642077568977,0.6790697674418611,0.7244546498277846
233,0.22492883945397912,0.25149334065052664,0.2610971568482596,363700,0,0,smac,roc_auc,binary,LGBM,,False,cv,0.0,78,3,3,LGBM_363700_20260405_160514,363700_rep0_fold0_smac_roc_auc_cv,LGBM_363700_20260405_160514::363700_rep0_fold0_smac_roc_auc_cv,0.5491642077568977,0.6790697674418611,0.7244546498277846
234,0.22492883945397912,0.25149334065052664,0.2610971568482596,363700,0,0,smac,roc_auc,binary,LGBM,,False,cv,0.0,78,3,3,LGBM_363700_20260405_160514,363700_rep0_fold0_smac_roc_auc_cv,LGBM_363700_20260405_160514::363700_rep0_fold0_smac_roc_auc_cv,0.5491642077568977,0.6790697674418611,0.7244546498277846
235,0.22492883945397912,0.25149334065052664,0.2610971568482596,363700,0,0,smac,roc_auc,binary,LGBM,,False,cv,0.0,78,3,3,LGBM_363700_20260405_160514,363700_rep0_fold0_smac_roc_auc_cv,LGBM_363700_20260405_160514::363700_rep0_fold0_smac_roc_auc_cv,0.5491642077568977,0.6790697674418611,0.7244546498277846
236,0.22492883945397912,0.25149334065052664,0.2610971568482596,363700,0,0,smac,roc_auc,binary,LGBM,,False,cv,0.0,78,3,3,LGBM_363700_20260405_160514,363700_rep0_fold0_smac_roc_auc_cv,LGBM_363700_20260405_160514::363700_rep0_fold0_smac_roc_auc_cv,0.5491642077568977,0.6790697674418611,0.7244546498277846
237,0.22492883945397912,0.25149334065052664,0.2610971568482596,363700,0,0,smac,roc_auc,binary,LGBM,,False,cv,0.0,78,3,3,LGBM_363700_20260405_160514,363700_rep0_fold0_smac_roc_auc_cv,LGBM_363700_20260405_160514::363700_rep0_fold0_smac_roc_auc_cv,0.5491642077568977,0.6790697674418611,0.7244546498277846
238,0.22492883945397912,0.25149334065052664,0.2610971568482596,363700,0,0,smac,roc_auc,binary,LGBM,,False,cv,0.0,78,3,3,LGBM_363700_20260405_160514,363700_rep0_fold0_smac_roc_auc_cv,LGBM_363700_20260405_160514::363700_rep0_fold0_smac_roc_auc_cv,0.5491642077568977,0.6790697674418611,0.7244546498277846
239,0.22492883945397912,0.25149334065052664,0.2610971568482596,363700,0,0,smac,roc_auc,binary,LGBM,,False,cv,0.0,78,3,3,LGBM_363700_20260405_160514,363700_rep0_fold0_smac_roc_auc_cv,LGBM_363700_20260405_160514::363700_rep0_fold0_smac_roc_auc_cv,0.5491642077568977,0.6790697674418611,0.7244546498277846
240,0.22492883945397912,0.25149334065052664,0.2610971568482596,363700,0,0,smac,roc_auc,binary,LGBM,,False,cv,0.0,78,3,3,LGBM_363700_20260405_160514,363700_rep0_fold0_smac_roc_auc_cv,LGBM_363700_20260405_160514::363700_rep0_fold0_smac_roc_auc_cv,0.5491642077568977,0.6790697674418611,0.7244546498277846
241,0.22492883945397912,0.25149334065052664,0.2610971568482596,363700,0,0,smac,roc_auc,binary,LGBM,,False,cv,0.0,78,3,3,LGBM_363700_20260405_160514,363700_rep0_fold0_smac_roc_auc_cv,LGBM_363700_20260405_160514::363700_rep0_fold0_smac_roc_auc_cv,0.5491642077568977,0.6790697674418611,0.7244546498277846
242,0.22492883945397912,0.25149334065052664,0.2610971568482596,363700,0,0,smac,roc_auc,binary,LGBM,,False,cv,0.0,78,3,3,LGBM_363700_20260405_160514,363700_rep0_fold0_smac_roc_auc_cv,LGBM_363700_20260405_160514::363700_rep0_fold0_smac_roc_auc_cv,0.5491642077568977,0.6790697674418611,0.7244546498277846
243,0.22492883945397912,0.25149334065052664,0.2610971568482596,363700,0,0,smac,roc_auc,binary,LGBM,,False,cv,0.0,78,3,3,LGBM_363700_20260405_160514,363700_rep0_fold0_smac_roc_auc_cv,LGBM_363700_20260405_160514::363700_rep0_fold0_smac_roc_auc_cv,0.5491642077568977,0.6790697674418611,0.7244546498277846
244,0.22492883945397912,0.25149334065052664,0.2610971568482596,363700,0,0,smac,roc_auc,binary,LGBM,,False,cv,0.0,78,3,3,LGBM_363700_20260405_160514,363700_rep0_fold0_smac_roc_auc_cv,LGBM_363700_20260405_160514::363700_rep0_fold0_smac_roc_auc_cv,0.5491642077568977,0.6790697674418611,0.7244546498277846
245,0.22492883945397912,0.25149334065052664,0.2610971568482596,363700,0,0,smac,roc_auc,binary,LGBM,,False,cv,0.0,78,3,3,LGBM_363700_20260405_160514,363700_rep0_fold0_smac_roc_auc_cv,LGBM_363700_20260405_160514::363700_rep0_fold0_smac_roc_auc_cv,0.5491642077568977,0.6790697674418611,0.7244546498277846
246,0.22492883945397912,0.25149334065052664,0.2610971568482596,363700,0,0,smac,roc_auc,binary,LGBM,,False,cv,0.0,78,3,3,LGBM_363700_20260405_160514,363700_rep0_fold0_smac_roc_auc_cv,LGBM_363700_20260405_160514::363700_rep0_fold0_smac_roc_auc_cv,0.5491642077568977,0.6790697674418611,0.7244546498277846
247,0.22492883945397912,0.25149334065052664,0.2610971568482596,363700,0,0,smac,roc_auc,binary,LGBM,,False,cv,0.0,78,3,3,LGBM_363700_20260405_160514,363700_rep0_fold0_smac_roc_auc_cv,LGBM_363700_20260405_160514::363700_rep0_fold0_smac_roc_auc_cv,0.5491642077568977,0.6790697674418611,0.7244546498277846
248,0.22492883945397912,0.25149334065052664,0.2610971568482596,363700,0,0,smac,roc_auc,binary,LGBM,,False,cv,0.0,78,3,3,LGBM_363700_20260405_160514,363700_rep0_fold0_smac_roc_auc_cv,LGBM_363700_20260405_160514::363700_rep0_fold0_smac_roc_auc_cv,0.5491642077568977,0.6790697674418611,0.7244546498277846
249,0.22492883945397912,0.25149334065052664,0.2610971568482596,363700,0,0,smac,roc_auc,binary,LGBM,,False,cv,0.0,78,3,3,LGBM_363700_20260405_160514,363700_rep0_fold0_smac_roc_auc_cv,LGBM_363700_20260405_160514::363700_rep0_fold0_smac_roc_auc_cv,0.5491642077568977,0.6790697674418611,0.7244546498277846
0,0.24619842502218292,0.21105678504031578,0.2106707840109796,363700,1,0,hebo,roc_auc,binary,LGBM,,False,cv,0.0,78,3,3,LGBM_363700_20260405_160514,363700_rep1_fold0_hebo_roc_auc_cv,LGBM_363700_20260405_160514::363700_rep1_fold0_hebo_roc_auc_cv,0.9994498360308527,0.11160343395181628,0.07420207359219154
1,0.24619842502218292,0.21105678504031578,0.2106707840109796,363700,1,0,hebo,roc_auc,binary,LGBM,,False,cv,0.0,78,3,3,LGBM_363700_20260405_160514,363700_rep1_fold0_hebo_roc_auc_cv,LGBM_363700_20260405_160514::363700_rep1_fold0_hebo_roc_auc_cv,0.9994498360308527,0.11160343395181628,0.07420207359219154
2,0.24625942768411724,0.21077800651912848,0.21106750729113055,363700,1,0,hebo,roc_auc,binary,LGBM,,False,cv,0.0,78,3,3,LGBM_363700_20260405_160514,363700_rep1_fold0_hebo_roc_auc_cv,LGBM_363700_20260405_160514::363700_rep1_fold0_hebo_roc_auc_cv,1.0,0.10440321240653468,0.08172392762756414
3,0.24625942768411724,0.21077800651912848,0.21106750729113055,363700,1,0,hebo,roc_auc,binary,LGBM,,False,cv,0.0,78,3,3,LGBM_363700_20260405_160514,363700_rep1_fold0_hebo_roc_auc_cv,LGBM_363700_20260405_160514::363700_rep1_fold0_hebo_roc_auc_cv,1.0,0.10440321240653468,0.08172392762756414
4,0.24580745341614907,0.21116400754846454,0.21152856407617093,363700,1,0,hebo,roc_auc,binary,LGBM,,False,cv,0.0,78,3,3,LGBM_363700_20260405_160514,363700_rep1_fold0_hebo_roc_auc_cv,LGBM_363700_20260405_160514::363700_rep1_fold0_hebo_roc_auc_cv,0.995923785137679,0.11437274993076568,0.0904655417767827
5,0.24580745341614907,0.21116400754846454,0.21152856407617093,363700,1,0,hebo,roc_auc,binary,LGBM,,False,cv,0.0,78,3,3,LGBM_363700_20260405_160514,363700_rep1_fold0_hebo_roc_auc_cv,LGBM_363700_20260405_160514::363700_rep1_fold0_hebo_roc_auc_cv,0.995923785137679,0.11437274993076568,0.0904655417767827
6,0.24580745341614907,0.21116400754846454,0.21152856407617093,363700,1,0,hebo,roc_auc,binary,LGBM,,False,cv,0.0,78,3,3,LGBM_363700_20260405_160514,363700_rep1_fold0_hebo_roc_auc_cv,LGBM_363700_20260405_160514::363700_rep1_fold0_hebo_roc_auc_cv,0.995923785137679,0.11437274993076568,0.0904655417767827
7,0.2414679458740019,0.21706124549665462,0.21676102247383777,363700,1,0,hebo,roc_auc,binary,LGBM,,False,cv,0.0,78,3,3,LGBM_363700_20260405_160514,363700_rep1_fold0_hebo_roc_auc_cv,LGBM_363700_20260405_160514::363700_rep1_fold0_hebo_roc_auc_cv,0.956787120968779,0.26668512877319167,0.189672697702784
8,0.2414679458740019,0.21706124549665462,0.21676102247383777,363700,1,0,hebo,roc_auc,binary,LGBM,,False,cv,0.0,78,3,3,LGBM_363700_20260405_160514,363700_rep1_fold0_hebo_roc_auc_cv,LGBM_363700_20260405_160514::363700_rep1_fold0_hebo_roc_auc_cv,0.956787120968779,0.26668512877319167,0.189672697702784
9,0.2414679458740019,0.21706124549665462,0.21676102247383777,363700,1,0,hebo,roc_auc,binary,LGBM,,False,cv,0.0,78,3,3,LGBM_363700_20260405_160514,363700_rep1_fold0_hebo_roc_auc_cv,LGBM_363700_20260405_160514::363700_rep1_fold0_hebo_roc_auc_cv,0.956787120968779,0.26668512877319167,0.189672697702784
10,0.24167590949423257,0.21543146337279118,0.21624635443472284,363700,1,0,hebo,roc_auc,binary,LGBM,,False,cv,0.0,78,3,3,LGBM_363700_20260405_160514,363700_rep1_fold0_hebo_roc_auc_cv,LGBM_363700_20260405_160514::363700_rep1_fold0_hebo_roc_auc_cv,0.9586626799545089,0.22459152589310297,0.17991461679202675
11,0.24167590949423257,0.21543146337279118,0.21624635443472284,363700,1,0,hebo,roc_auc,binary,LGBM,,False,cv,0.0,78,3,3,LGBM_363700_20260405_160514,363700_rep1_fold0_hebo_roc_auc_cv,LGBM_363700_20260405_160514::363700_rep1_fold0_hebo_roc_auc_cv,0.9586626799545089,0.22459152589310297,0.17991461679202675
12,0.24167590949423257,0.21543146337279118,0.21624635443472284,363700,1,0,hebo,roc_auc,binary,LGBM,,False,cv,0.0,78,3,3,LGBM_363700_20260405_160514,363700_rep1_fold0_hebo_roc_auc_cv,LGBM_363700_20260405_160514::363700_rep1_fold0_hebo_roc_auc_cv,0.9586626799545089,0.22459152589310297,0.17991461679202675
13,0.241573314108252,0.21546363012523595,0.21723280150969293,363700,1,0,hebo,roc_auc,binary,LGBM,,False,cv,0.0,78,3,3,LGBM_363700_20260405_160514,363700_rep1_fold0_hebo_roc_auc_cv,LGBM_363700_20260405_160514::363700_rep1_fold0_hebo_roc_auc_cv,0.9577374041882146,0.22542232068679152,0.19861760520430777
14,0.241573314108252,0.21546363012523595,0.21723280150969293,363700,1,0,hebo,roc_auc,binary,LGBM,,False,cv,0.0,78,3,3,LGBM_363700_20260405_160514,363700_rep1_fold0_hebo_roc_auc_cv,LGBM_363700_20260405_160514::363700_rep1_fold0_hebo_roc_auc_cv,0.9577374041882146,0.22542232068679152,0.19861760520430777
15,0.241573314108252,0.21546363012523595,0.21723280150969293,363700,1,0,hebo,roc_auc,binary,LGBM,,False,cv,0.0,78,3,3,LGBM_363700_20260405_160514,363700_rep1_fold0_hebo_roc_auc_cv,LGBM_363700_20260405_160514::363700_rep1_fold0_hebo_roc_auc_cv,0.9577374041882146,0.22542232068679152,0.19861760520430777
16,0.241573314108252,0.21546363012523595,0.21723280150969293,363700,1,0,hebo,roc_auc,binary,LGBM,,False,cv,0.0,78,3,3,LGBM_363700_20260405_160514,363700_rep1_fold0_hebo_roc_auc_cv,LGBM_363700_20260405_160514::363700_rep1_fold0_hebo_roc_auc_cv,0.9577374041882146,0.22542232068679152,0.19861760520430777
17,0.241573314108252,0.21546363012523595,0.21723280150969293,363700,1,0,hebo,roc_auc,binary,LGBM,,False,cv,0.0,78,3,3,LGBM_363700_20260405_160514,363700_rep1_fold0_hebo_roc_auc_cv,LGBM_363700_20260405_160514::363700_rep1_fold0_hebo_roc_auc_cv,0.9577374041882146,0.22542232068679152,0.19861760520430777
18,0.241573314108252,0.21546363012523595,0.21723280150969293,363700,1,0,hebo,roc_auc,binary,LGBM,,False,cv,0.0,78,3,3,LGBM_363700_20260405_160514,363700_rep1_fold0_hebo_roc_auc_cv,LGBM_363700_20260405_160514::363700_rep1_fold0_hebo_roc_auc_cv,0.9577374041882146,0.22542232068679152,0.19861760520430777
19,0.241573314108252,0.21546363012523595,0.21723280150969293,363700,1,0,hebo,roc_auc,binary,LGBM,,False,cv,0.0,78,3,3,LGBM_363700_20260405_160514,363700_rep1_fold0_hebo_roc_auc_cv,LGBM_363700_20260405_160514::363700_rep1_fold0_hebo_roc_auc_cv,0.9577374041882146,0.22542232068679152,0.19861760520430777
20,0.2417618677905945,0.21512051809915944,0.2161176874249443,363700,1,0,hebo,roc_auc,binary,LGBM,,False,cv,0.0,78,3,3,LGBM_363700_20260405_160514,363700_rep1_fold0_hebo_roc_auc_cv,LGBM_363700_20260405_160514::363700_rep1_fold0_hebo_roc_auc_cv,0.9594379110019432,0.2165605095541414,0.17747509656434113
21,0.2417618677905945,0.21512051809915944,0.2161176874249443,363700,1,0,hebo,roc_auc,binary,LGBM,,False,cv,0.0,78,3,3,LGBM_363700_20260405_160514,363700_rep1_fold0_hebo_roc_auc_cv,LGBM_363700_20260405_160514::363700_rep1_fold0_hebo_roc_auc_cv,0.9594379110019432,0.2165605095541414,0.17747509656434113
22,0.2420751996450754,0.21596757591353577,0.219977697718305,363700,1,0,hebo,roc_auc,binary,LGBM,,False,cv,0.0,78,3,3,LGBM_363700_20260405_160514,363700_rep1_fold0_hebo_roc_auc_cv,LGBM_363700_20260405_160514::363700_rep1_fold0_hebo_roc_auc_cv,0.9622637532071097,0.23843810578787,0.25066070339499613
23,0.2420751996450754,0.21596757591353577,0.219977697718305,363700,1,0,hebo,roc_auc,binary,LGBM,,False,cv,0.0,78,3,3,LGBM_363700_20260405_160514,363700_rep1_fold0_hebo_roc_auc_cv,LGBM_363700_20260405_160514::363700_rep1_fold0_hebo_roc_auc_cv,0.9622637532071097,0.23843810578787,0.25066070339499613
24,0.2420751996450754,0.21596757591353577,0.219977697718305,363700,1,0,hebo,roc_auc,binary,LGBM,,False,cv,0.0,78,3,3,LGBM_363700_20260405_160514,363700_rep1_fold0_hebo_roc_auc_cv,LGBM_363700_20260405_160514::363700_rep1_fold0_hebo_roc_auc_cv,0.9622637532071097,0.23843810578787,0.25066070339499613
25,0.2420751996450754,0.21596757591353577,0.219977697718305,363700,1,0,hebo,roc_auc,binary,LGBM,,False,cv,0.0,78,3,3,LGBM_363700_20260405_160514,363700_rep1_fold0_hebo_roc_auc_cv,LGBM_363700_20260405_160514::363700_rep1_fold0_hebo_roc_auc_cv,0.9622637532071097,0.23843810578787,0.25066070339499613
26,0.2420751996450754,0.21596757591353577,0.219977697718305,363700,1,0,hebo,roc_auc,binary,LGBM,,False,cv,0.0,78,3,3,LGBM_363700_20260405_160514,363700_rep1_fold0_hebo_roc_auc_cv,LGBM_363700_20260405_160514::363700_rep1_fold0_hebo_roc_auc_cv,0.9622637532071097,0.23843810578787,0.25066070339499613
27,0.2420751996450754,0.21596757591353577,0.219977697718305,363700,1,0,hebo,roc_auc,binary,LGBM,,False,cv,0.0,78,3,3,LGBM_363700_20260405_160514,363700_rep1_fold0_hebo_roc_auc_cv,LGBM_363700_20260405_160514::363700_rep1_fold0_hebo_roc_auc_cv,0.9622637532071097,0.23843810578787,0.25066070339499613
28,0.2420751996450754,0.21596757591353577,0.219977697718305,363700,1,0,hebo,roc_auc,binary,LGBM,,False,cv,0.0,78,3,3,LGBM_363700_20260405_160514,363700_rep1_fold0_hebo_roc_auc_cv,LGBM_363700_20260405_160514::363700_rep1_fold0_hebo_roc_auc_cv,0.9622637532071097,0.23843810578787,0.25066070339499613
29,0.2420751996450754,0.21596757591353577,0.219977697718305,363700,1,0,hebo,roc_auc,binary,LGBM,,False,cv,0.0,78,3,3,LGBM_363700_20260405_160514,363700_rep1_fold0_hebo_roc_auc_cv,LGBM_363700_20260405_160514::363700_rep1_fold0_hebo_roc_auc_cv,0.9622637532071097,0.23843810578787,0.25066070339499613
30,0.24069986690328316,0.21592468691027622,0.21579601990049746,363700,1,0,hebo,roc_auc,binary,LGBM,,False,cv,0.0,78,3,3,LGBM_363700_20260405_160514,363700_rep1_fold0_hebo_roc_auc_cv,LGBM_363700_20260405_160514::363700_rep1_fold0_hebo_roc_auc_cv,0.9498600564481492,0.2373303793962891,0.1713762959951176
31,0.23874500887311445,0.21579601990049746,0.21599974266598043,363700,1,0,hebo,roc_auc,binary,LGBM,,False,cv,0.0,78,3,3,LGBM_363700_20260405_160514,363700_rep1_fold0_hebo_roc_auc_cv,LGBM_363700_20260405_160514::363700_rep1_fold0_hebo_roc_auc_cv,0.9322298019822854,0.23400720022154353,0.1752388696889586
32,0.23874500887311445,0.21579601990049746,0.21599974266598043,363700,1,0,hebo,roc_auc,binary,LGBM,,False,cv,0.0,78,3,3,LGBM_363700_20260405_160514,363700_rep1_fold0_hebo_roc_auc_cv,LGBM_363700_20260405_160514::363700_rep1_fold0_hebo_roc_auc_cv,0.9322298019822854,0.23400720022154353,0.1752388696889586
33,0.23874500887311445,0.21579601990049746,0.21599974266598043,363700,1,0,hebo,roc_auc,binary,LGBM,,False,cv,0.0,78,3,3,LGBM_363700_20260405_160514,363700_rep1_fold0_hebo_roc_auc_cv,LGBM_363700_20260405_160514::363700_rep1_fold0_hebo_roc_auc_cv,0.9322298019822854,0.23400720022154353,0.1752388696889586
34,0.2385620008873115,0.21433779378967233,0.21652513295591003,363700,1,0,hebo,roc_auc,binary,LGBM,,False,cv,0.0,78,3,3,LGBM_363700_20260405_160514,363700_rep1_fold0_hebo_roc_auc_cv,LGBM_363700_20260405_160514::363700_rep1_fold0_hebo_roc_auc_cv,0.9305793100748436,0.1963445029077813,0.18520024395201895
35,0.23259483141082526,0.21474523932063816,0.217522302281695,363700,1,0,hebo,roc_auc,binary,LGBM,,False,cv,0.0,78,3,3,LGBM_363700_20260405_160514,363700_rep1_fold0_hebo_roc_auc_cv,LGBM_363700_20260405_160514::363700_rep1_fold0_hebo_roc_auc_cv,0.8767632709109622,0.20686790362780275,0.20410652571660726
36,0.23259483141082526,0.21474523932063816,0.217522302281695,363700,1,0,hebo,roc_auc,binary,LGBM,,False,cv,0.0,78,3,3,LGBM_363700_20260405_160514,363700_rep1_fold0_hebo_roc_auc_cv,LGBM_363700_20260405_160514::363700_rep1_fold0_hebo_roc_auc_cv,0.8767632709109622,0.20686790362780275,0.20410652571660726
37,0.23259483141082526,0.21474523932063816,0.217522302281695,363700,1,0,hebo,roc_auc,binary,LGBM,,False,cv,0.0,78,3,3,LGBM_363700_20260405_160514,363700_rep1_fold0_hebo_roc_auc_cv,LGBM_363700_20260405_160514::363700_rep1_fold0_hebo_roc_auc_cv,0.8767632709109622,0.20686790362780275,0.20410652571660726
38,0.23259483141082526,0.21474523932063816,0.217522302281695,363700,1,0,hebo,roc_auc,binary,LGBM,,False,cv,0.0,78,3,3,LGBM_363700_20260405_160514,363700_rep1_fold0_hebo_roc_auc_cv,LGBM_363700_20260405_160514::363700_rep1_fold0_hebo_roc_auc_cv,0.8767632709109622,0.20686790362780275,0.20410652571660726
39,0.23124445430346063,0.21520629610567843,0.21746869102762045,363700,1,0,hebo,roc_auc,binary,LGBM,,False,cv,0.0,78,3,3,LGBM_363700_20260405_160514,363700_rep1_fold0_hebo_roc_auc_cv,LGBM_363700_20260405_160514::363700_rep1_fold0_hebo_roc_auc_cv,0.8645846412302887,0.21877596233730034,0.2030900589550686
40,0.23124445430346063,0.21520629610567843,0.21746869102762045,363700,1,0,hebo,roc_auc,binary,LGBM,,False,cv,0.0,78,3,3,LGBM_363700_20260405_160514,363700_rep1_fold0_hebo_roc_auc_cv,LGBM_363700_20260405_160514::363700_rep1_fold0_hebo_roc_auc_cv,0.8645846412302887,0.21877596233730034,0.2030900589550686
41,0.23124445430346063,0.21520629610567843,0.21746869102762045,363700,1,0,hebo,roc_auc,binary,LGBM,,False,cv,0.0,78,3,3,LGBM_363700_20260405_160514,363700_rep1_fold0_hebo_roc_auc_cv,LGBM_363700_20260405_160514::363700_rep1_fold0_hebo_roc_auc_cv,0.8645846412302887,0.21877596233730034,0.2030900589550686
42,0.23124445430346063,0.21520629610567843,0.21746869102762045,363700,1,0,hebo,roc_auc,binary,LGBM,,False,cv,0.0,78,3,3,LGBM_363700_20260405_160514,363700_rep1_fold0_hebo_roc_auc_cv,LGBM_363700_20260405_160514::363700_rep1_fold0_hebo_roc_auc_cv,0.8645846412302887,0.21877596233730034,0.2030900589550686
43,0.23124445430346063,0.21520629610567843,0.21746869102762045,363700,1,0,hebo,roc_auc,binary,LGBM,,False,cv,0.0,78,3,3,LGBM_363700_20260405_160514,363700_rep1_fold0_hebo_roc_auc_cv,LGBM_363700_20260405_160514::363700_rep1_fold0_hebo_roc_auc_cv,0.8645846412302887,0.21877596233730034,0.2030900589550686
44,0.23200698757763982,0.21073511751586893,0.21652513295591014,363700,1,0,hebo,roc_auc,binary,LGBM,,False,cv,0.0,78,3,3,LGBM_363700_20260405_160514,363700_rep1_fold0_hebo_roc_auc_cv,LGBM_363700_20260405_160514::363700_rep1_fold0_hebo_roc_auc_cv,0.8714616908446319,0.10329548601495377,0.18520024395202106
45,0.23200698757763982,0.21073511751586893,0.21652513295591014,363700,1,0,hebo,roc_auc,binary,LGBM,,False,cv,0.0,78,3,3,LGBM_363700_20260405_160514,363700_rep1_fold0_hebo_roc_auc_cv,LGBM_363700_20260405_160514::363700_rep1_fold0_hebo_roc_auc_cv,0.8714616908446319,0.10329548601495377,0.18520024395202106
46,0.23200698757763982,0.21073511751586893,0.21652513295591014,363700,1,0,hebo,roc_auc,binary,LGBM,,False,cv,0.0,78,3,3,LGBM_363700_20260405_160514,363700_rep1_fold0_hebo_roc_auc_cv,LGBM_363700_20260405_160514::363700_rep1_fold0_hebo_roc_auc_cv,0.8714616908446319,0.10329548601495377,0.18520024395202106
47,0.23200698757763982,0.21073511751586893,0.21652513295591014,363700,1,0,hebo,roc_auc,binary,LGBM,,False,cv,0.0,78,3,3,LGBM_363700_20260405_160514,363700_rep1_fold0_hebo_roc_auc_cv,LGBM_363700_20260405_160514::363700_rep1_fold0_hebo_roc_auc_cv,0.8714616908446319,0.10329548601495377,0.18520024395202106
48,0.23200698757763982,0.21073511751586893,0.21652513295591014,363700,1,0,hebo,roc_auc,binary,LGBM,,False,cv,0.0,78,3,3,LGBM_363700_20260405_160514,363700_rep1_fold0_hebo_roc_auc_cv,LGBM_363700_20260405_160514::363700_rep1_fold0_hebo_roc_auc_cv,0.8714616908446319,0.10329548601495377,0.18520024395202106
49,0.23200698757763982,0.21073511751586893,0.21652513295591014,363700,1,0,hebo,roc_auc,binary,LGBM,,False,cv,0.0,78,3,3,LGBM_363700_20260405_160514,363700_rep1_fold0_hebo_roc_auc_cv,LGBM_363700_20260405_160514::363700_rep1_fold0_hebo_roc_auc_cv,0.8714616908446319,0.10329548601495377,0.18520024395202106
50,0.23200698757763982,0.21073511751586893,0.21652513295591014,363700,1,0,hebo,roc_auc,binary,LGBM,,False,cv,0.0,78,3,3,LGBM_363700_20260405_160514,363700_rep1_fold0_hebo_roc_auc_cv,LGBM_363700_20260405_160514::363700_rep1_fold0_hebo_roc_auc_cv,0.8714616908446319,0.10329548601495377,0.18520024395202106
51,0.23200698757763982,0.21073511751586893,0.21652513295591014,363700,1,0,hebo,roc_auc,binary,LGBM,,False,cv,0.0,78,3,3,LGBM_363700_20260405_160514,363700_rep1_fold0_hebo_roc_auc_cv,LGBM_363700_20260405_160514::363700_rep1_fold0_hebo_roc_auc_cv,0.8714616908446319,0.10329548601495377,0.18520024395202106
52,0.23200698757763982,0.21073511751586893,0.21652513295591014,363700,1,0,hebo,roc_auc,binary,LGBM,,False,cv,0.0,78,3,3,LGBM_363700_20260405_160514,363700_rep1_fold0_hebo_roc_auc_cv,LGBM_363700_20260405_160514::363700_rep1_fold0_hebo_roc_auc_cv,0.8714616908446319,0.10329548601495377,0.18520024395202106
53,0.23200698757763982,0.21073511751586893,0.21652513295591014,363700,1,0,hebo,roc_auc,binary,LGBM,,False,cv,0.0,78,3,3,LGBM_363700_20260405_160514,363700_rep1_fold0_hebo_roc_auc_cv,LGBM_363700_20260405_160514::363700_rep1_fold0_hebo_roc_auc_cv,0.8714616908446319,0.10329548601495377,0.18520024395202106
54,0.23200698757763982,0.21073511751586893,0.21652513295591014,363700,1,0,hebo,roc_auc,binary,LGBM,,False,cv,0.0,78,3,3,LGBM_363700_20260405_160514,363700_rep1_fold0_hebo_roc_auc_cv,LGBM_363700_20260405_160514::363700_rep1_fold0_hebo_roc_auc_cv,0.8714616908446319,0.10329548601495377,0.18520024395202106
55,0.23200698757763982,0.21073511751586893,0.21652513295591014,363700,1,0,hebo,roc_auc,binary,LGBM,,False,cv,0.0,78,3,3,LGBM_363700_20260405_160514,363700_rep1_fold0_hebo_roc_auc_cv,LGBM_363700_20260405_160514::363700_rep1_fold0_hebo_roc_auc_cv,0.8714616908446319,0.10329548601495377,0.18520024395202106
56,0.23200698757763982,0.21073511751586893,0.21652513295591014,363700,1,0,hebo,roc_auc,binary,LGBM,,False,cv,0.0,78,3,3,LGBM_363700_20260405_160514,363700_rep1_fold0_hebo_roc_auc_cv,LGBM_363700_20260405_160514::363700_rep1_fold0_hebo_roc_auc_cv,0.8714616908446319,0.10329548601495377,0.18520024395202106
57,0.23200698757763982,0.21073511751586893,0.21652513295591014,363700,1,0,hebo,roc_auc,binary,LGBM,,False,cv,0.0,78,3,3,LGBM_363700_20260405_160514,363700_rep1_fold0_hebo_roc_auc_cv,LGBM_363700_20260405_160514::363700_rep1_fold0_hebo_roc_auc_cv,0.8714616908446319,0.10329548601495377,0.18520024395202106
58,0.23200698757763982,0.21073511751586893,0.21652513295591014,363700,1,0,hebo,roc_auc,binary,LGBM,,False,cv,0.0,78,3,3,LGBM_363700_20260405_160514,363700_rep1_fold0_hebo_roc_auc_cv,LGBM_363700_20260405_160514::363700_rep1_fold0_hebo_roc_auc_cv,0.8714616908446319,0.10329548601495377,0.18520024395202106
59,0.23200698757763982,0.21073511751586893,0.21652513295591014,363700,1,0,hebo,roc_auc,binary,LGBM,,False,cv,0.0,78,3,3,LGBM_363700_20260405_160514,363700_rep1_fold0_hebo_roc_auc_cv,LGBM_363700_20260405_160514::363700_rep1_fold0_hebo_roc_auc_cv,0.8714616908446319,0.10329548601495377,0.18520024395202106
60,0.23200698757763982,0.21073511751586893,0.21652513295591014,363700,1,0,hebo,roc_auc,binary,LGBM,,False,cv,0.0,78,3,3,LGBM_363700_20260405_160514,363700_rep1_fold0_hebo_roc_auc_cv,LGBM_363700_20260405_160514::363700_rep1_fold0_hebo_roc_auc_cv,0.8714616908446319,0.10329548601495377,0.18520024395202106
61,0.23200698757763982,0.21073511751586893,0.21652513295591014,363700,1,0,hebo,roc_auc,binary,LGBM,,False,cv,0.0,78,3,3,LGBM_363700_20260405_160514,363700_rep1_fold0_hebo_roc_auc_cv,LGBM_363700_20260405_160514::363700_rep1_fold0_hebo_roc_auc_cv,0.8714616908446319,0.10329548601495377,0.18520024395202106
62,0.23198757763975153,0.21099245153542634,0.2163857436953165,363700,1,0,hebo,roc_auc,binary,LGBM,,False,cv,0.0,78,3,3,LGBM_363700_20260405_160514,363700_rep1_fold0_hebo_roc_auc_cv,LGBM_363700_20260405_160514::363700_rep1_fold0_hebo_roc_auc_cv,0.8712866386726296,0.10994184436444206,0.1825574303720239
63,0.23198757763975153,0.21099245153542634,0.2163857436953165,363700,1,0,hebo,roc_auc,binary,LGBM,,False,cv,0.0,78,3,3,LGBM_363700_20260405_160514,363700_rep1_fold0_hebo_roc_auc_cv,LGBM_363700_20260405_160514::363700_rep1_fold0_hebo_roc_auc_cv,0.8712866386726296,0.10994184436444206,0.1825574303720239
64,0.23198757763975153,0.21099245153542634,0.2163857436953165,363700,1,0,hebo,roc_auc,binary,LGBM,,False,cv,0.0,78,3,3,LGBM_363700_20260405_160514,363700_rep1_fold0_hebo_roc_auc_cv,LGBM_363700_20260405_160514::363700_rep1_fold0_hebo_roc_auc_cv,0.8712866386726296,0.10994184436444206,0.1825574303720239
65,0.23172692990239574,0.2105850060044604,0.21613913192657408,363700,1,0,hebo,roc_auc,binary,LGBM,,False,cv,0.0,78,3,3,LGBM_363700_20260405_160514,363700_rep1_fold0_hebo_roc_auc_cv,LGBM_363700_20260405_160514::363700_rep1_fold0_hebo_roc_auc_cv,0.8689359380771814,0.09941844364441774,0.17788168326895576
66,0.23172692990239574,0.2105850060044604,0.21613913192657408,363700,1,0,hebo,roc_auc,binary,LGBM,,False,cv,0.0,78,3,3,LGBM_363700_20260405_160514,363700_rep1_fold0_hebo_roc_auc_cv,LGBM_363700_20260405_160514::363700_rep1_fold0_hebo_roc_auc_cv,0.8689359380771814,0.09941844364441774,0.17788168326895576
67,0.23172692990239574,0.2105850060044604,0.21613913192657408,363700,1,0,hebo,roc_auc,binary,LGBM,,False,cv,0.0,78,3,3,LGBM_363700_20260405_160514,363700_rep1_fold0_hebo_roc_auc_cv,LGBM_363700_20260405_160514::363700_rep1_fold0_hebo_roc_auc_cv,0.8689359380771814,0.09941844364441774,0.17788168326895576
68,0.23172692990239574,0.2105850060044604,0.21613913192657408,363700,1,0,hebo,roc_auc,binary,LGBM,,False,cv,0.0,78,3,3,LGBM_363700_20260405_160514,363700_rep1_fold0_hebo_roc_auc_cv,LGBM_363700_20260405_160514::363700_rep1_fold0_hebo_roc_auc_cv,0.8689359380771814,0.09941844364441774,0.17788168326895576
69,0.23172692990239574,0.2105850060044604,0.21613913192657408,363700,1,0,hebo,roc_auc,binary,LGBM,,False,cv,0.0,78,3,3,LGBM_363700_20260405_160514,363700_rep1_fold0_hebo_roc_auc_cv,LGBM_363700_20260405_160514::363700_rep1_fold0_hebo_roc_auc_cv,0.8689359380771814,0.09941844364441774,0.17788168326895576
70,0.23172692990239574,0.2105850060044604,0.21613913192657408,363700,1,0,hebo,roc_auc,binary,LGBM,,False,cv,0.0,78,3,3,LGBM_363700_20260405_160514,363700_rep1_fold0_hebo_roc_auc_cv,LGBM_363700_20260405_160514::363700_rep1_fold0_hebo_roc_auc_cv,0.8689359380771814,0.09941844364441774,0.17788168326895576
71,0.23172692990239574,0.2105850060044604,0.21613913192657408,363700,1,0,hebo,roc_auc,binary,LGBM,,False,cv,0.0,78,3,3,LGBM_363700_20260405_160514,363700_rep1_fold0_hebo_roc_auc_cv,LGBM_363700_20260405_160514::363700_rep1_fold0_hebo_roc_auc_cv,0.8689359380771814,0.09941844364441774,0.17788168326895576
72,0.23123336291038155,0.20854777834963112,0.21618202092983352,363700,1,0,hebo,roc_auc,binary,LGBM,,False,cv,0.0,78,3,3,LGBM_363700_20260405_160514,363700_rep1_fold0_hebo_roc_auc_cv,LGBM_363700_20260405_160514::363700_rep1_fold0_hebo_roc_auc_cv,0.8644846114177154,0.04680144004430756,0.17869485667818288
73,0.23123336291038155,0.20854777834963112,0.21618202092983352,363700,1,0,hebo,roc_auc,binary,LGBM,,False,cv,0.0,78,3,3,LGBM_363700_20260405_160514,363700_rep1_fold0_hebo_roc_auc_cv,LGBM_363700_20260405_160514::363700_rep1_fold0_hebo_roc_auc_cv,0.8644846114177154,0.04680144004430756,0.17869485667818288
74,0.23123336291038155,0.20854777834963112,0.21618202092983352,363700,1,0,hebo,roc_auc,binary,LGBM,,False,cv,0.0,78,3,3,LGBM_363700_20260405_160514,363700_rep1_fold0_hebo_roc_auc_cv,LGBM_363700_20260405_160514::363700_rep1_fold0_hebo_roc_auc_cv,0.8644846114177154,0.04680144004430756,0.17869485667818288
75,0.23123336291038155,0.20854777834963112,0.21618202092983352,363700,1,0,hebo,roc_auc,binary,LGBM,,False,cv,0.0,78,3,3,LGBM_363700_20260405_160514,363700_rep1_fold0_hebo_roc_auc_cv,LGBM_363700_20260405_160514::363700_rep1_fold0_hebo_roc_auc_cv,0.8644846114177154,0.04680144004430756,0.17869485667818288
76,0.23123336291038155,0.20854777834963112,0.21618202092983352,363700,1,0,hebo,roc_auc,binary,LGBM,,False,cv,0.0,78,3,3,LGBM_363700_20260405_160514,363700_rep1_fold0_hebo_roc_auc_cv,LGBM_363700_20260405_160514::363700_rep1_fold0_hebo_roc_auc_cv,0.8644846114177154,0.04680144004430756,0.17869485667818288
77,0.23130268411712507,0.20865500085778,0.2167395779722079,363700,1,0,hebo,roc_auc,binary,LGBM,,False,cv,0.0,78,3,3,LGBM_363700_20260405_160514,363700_rep1_fold0_hebo_roc_auc_cv,LGBM_363700_20260405_160514::363700_rep1_fold0_hebo_roc_auc_cv,0.8651097977462916,0.04957075602325982,0.18926611099816726
78,0.23171583850931676,0.20809744381540562,0.21693257848687597,363700,1,0,hebo,roc_auc,binary,LGBM,,False,cv,0.0,78,3,3,LGBM_363700_20260405_160514,363700_rep1_fold0_hebo_roc_auc_cv,LGBM_363700_20260405_160514::363700_rep1_fold0_hebo_roc_auc_cv,0.868835908264609,0.03517031293270233,0.19292539133970096
79,0.23171583850931676,0.20809744381540562,0.21693257848687597,363700,1,0,hebo,roc_auc,binary,LGBM,,False,cv,0.0,78,3,3,LGBM_363700_20260405_160514,363700_rep1_fold0_hebo_roc_auc_cv,LGBM_363700_20260405_160514::363700_rep1_fold0_hebo_roc_auc_cv,0.868835908264609,0.03517031293270233,0.19292539133970096
80,0.23171583850931676,0.20809744381540562,0.21693257848687597,363700,1,0,hebo,roc_auc,binary,LGBM,,False,cv,0.0,78,3,3,LGBM_363700_20260405_160514,363700_rep1_fold0_hebo_roc_auc_cv,LGBM_363700_20260405_160514::363700_rep1_fold0_hebo_roc_auc_cv,0.868835908264609,0.03517031293270233,0.19292539133970096
81,0.23171583850931676,0.20809744381540562,0.21693257848687597,363700,1,0,hebo,roc_auc,binary,LGBM,,False,cv,0.0,78,3,3,LGBM_363700_20260405_160514,363700_rep1_fold0_hebo_roc_auc_cv,LGBM_363700_20260405_160514::363700_rep1_fold0_hebo_roc_auc_cv,0.868835908264609,0.03517031293270233,0.19292539133970096
82,0.22612300354924586,0.21143206381883684,0.2142841825355979,363700,1,0,hebo,roc_auc,binary,LGBM,,False,cv,0.0,78,3,3,LGBM_363700_20260405_160514,363700_rep1_fold0_hebo_roc_auc_cv,LGBM_363700_20260405_160514::363700_rep1_fold0_hebo_roc_auc_cv,0.8183958752750423,0.1212960398781492,0.14271193331977838
83,0.22529669476486247,0.2122576771315834,0.21601046491679532,363700,1,0,hebo,roc_auc,binary,LGBM,,False,cv,0.0,78,3,3,LGBM_363700_20260405_160514,363700_rep1_fold0_hebo_roc_auc_cv,LGBM_363700_20260405_160514::363700_rep1_fold0_hebo_roc_auc_cv,0.8109436542384075,0.14261977291608735,0.17544216304126592
84,0.22470330523513748,0.21124978555498375,0.21402684851604048,363700,1,0,hebo,roc_auc,binary,LGBM,,False,cv,0.0,78,3,3,LGBM_363700_20260405_160514,363700_rep1_fold0_hebo_roc_auc_cv,LGBM_363700_20260405_160514::363700_rep1_fold0_hebo_roc_auc_cv,0.8055920592657906,0.11658820271393036,0.1378328928644008
85,0.22470330523513748,0.21124978555498375,0.21402684851604048,363700,1,0,hebo,roc_auc,binary,LGBM,,False,cv,0.0,78,3,3,LGBM_363700_20260405_160514,363700_rep1_fold0_hebo_roc_auc_cv,LGBM_363700_20260405_160514::363700_rep1_fold0_hebo_roc_auc_cv,0.8055920592657906,0.11658820271393036,0.1378328928644008
86,0.22470330523513748,0.21124978555498375,0.21402684851604048,363700,1,0,hebo,roc_auc,binary,LGBM,,False,cv,0.0,78,3,3,LGBM_363700_20260405_160514,363700_rep1_fold0_hebo_roc_auc_cv,LGBM_363700_20260405_160514::363700_rep1_fold0_hebo_roc_auc_cv,0.8055920592657906,0.11658820271393036,0.1378328928644008
87,0.22470330523513748,0.21124978555498375,0.21402684851604048,363700,1,0,hebo,roc_auc,binary,LGBM,,False,cv,0.0,78,3,3,LGBM_363700_20260405_160514,363700_rep1_fold0_hebo_roc_auc_cv,LGBM_363700_20260405_160514::363700_rep1_fold0_hebo_roc_auc_cv,0.8055920592657906,0.11658820271393036,0.1378328928644008
88,0.2271850044365572,0.20849416709555668,0.20808672156459074,363700,1,0,hebo,roc_auc,binary,LGBM,,False,cv,0.0,78,3,3,LGBM_363700_20260405_160514,363700_rep1_fold0_hebo_roc_auc_cv,LGBM_363700_20260405_160514::363700_rep1_fold0_hebo_roc_auc_cv,0.8279737298288362,0.04541678205483143,0.025208375686110732
89,0.2271850044365572,0.20849416709555668,0.20808672156459074,363700,1,0,hebo,roc_auc,binary,LGBM,,False,cv,0.0,78,3,3,LGBM_363700_20260405_160514,363700_rep1_fold0_hebo_roc_auc_cv,LGBM_363700_20260405_160514::363700_rep1_fold0_hebo_roc_auc_cv,0.8279737298288362,0.04541678205483143,0.025208375686110732
90,0.2271850044365572,0.20849416709555668,0.20808672156459074,363700,1,0,hebo,roc_auc,binary,LGBM,,False,cv,0.0,78,3,3,LGBM_363700_20260405_160514,363700_rep1_fold0_hebo_roc_auc_cv,LGBM_363700_20260405_160514::363700_rep1_fold0_hebo_roc_auc_cv,0.8279737298288362,0.04541678205483143,0.025208375686110732
91,0.2271850044365572,0.20849416709555668,0.20808672156459074,363700,1,0,hebo,roc_auc,binary,LGBM,,False,cv,0.0,78,3,3,LGBM_363700_20260405_160514,363700_rep1_fold0_hebo_roc_auc_cv,LGBM_363700_20260405_160514::363700_rep1_fold0_hebo_roc_auc_cv,0.8279737298288362,0.04541678205483143,0.025208375686110732
92,0.2271850044365572,0.20849416709555668,0.20808672156459074,363700,1,0,hebo,roc_auc,binary,LGBM,,False,cv,0.0,78,3,3,LGBM_363700_20260405_160514,363700_rep1_fold0_hebo_roc_auc_cv,LGBM_363700_20260405_160514::363700_rep1_fold0_hebo_roc_auc_cv,0.8279737298288362,0.04541678205483143,0.025208375686110732
93,0.2271850044365572,0.20849416709555668,0.20808672156459074,363700,1,0,hebo,roc_auc,binary,LGBM,,False,cv,0.0,78,3,3,LGBM_363700_20260405_160514,363700_rep1_fold0_hebo_roc_auc_cv,LGBM_363700_20260405_160514::363700_rep1_fold0_hebo_roc_auc_cv,0.8279737298288362,0.04541678205483143,0.025208375686110732
94,0.22712400177462289,0.20741121976325272,0.20781866529421855,363700,1,0,hebo,roc_auc,binary,LGBM,,False,cv,0.0,78,3,3,LGBM_363700_20260405_160514,363700_rep1_fold0_hebo_roc_auc_cv,LGBM_363700_20260405_160514::363700_rep1_fold0_hebo_roc_auc_cv,0.827423565859689,0.017446690667404983,0.020126041878427963
95,0.22682453416149073,0.2067357179619146,0.20675716246354447,363700,1,0,hebo,roc_auc,binary,LGBM,,False,cv,0.0,78,3,3,LGBM_363700_20260405_160514,363700_rep1_fold0_hebo_roc_auc_cv,LGBM_363700_20260405_160514::363700_rep1_fold0_hebo_roc_auc_cv,0.8247227609202382,0.0,0.0
96,0.22682453416149073,0.2067357179619146,0.20675716246354447,363700,1,0,hebo,roc_auc,binary,LGBM,,False,cv,0.0,78,3,3,LGBM_363700_20260405_160514,363700_rep1_fold0_hebo_roc_auc_cv,LGBM_363700_20260405_160514::363700_rep1_fold0_hebo_roc_auc_cv,0.8247227609202382,0.0,0.0
97,0.22682453416149073,0.2067357179619146,0.20675716246354447,363700,1,0,hebo,roc_auc,binary,LGBM,,False,cv,0.0,78,3,3,LGBM_363700_20260405_160514,363700_rep1_fold0_hebo_roc_auc_cv,LGBM_363700_20260405_160514::363700_rep1_fold0_hebo_roc_auc_cv,0.8247227609202382,0.0,0.0
98,0.22682453416149073,0.2067357179619146,0.20675716246354447,363700,1,0,hebo,roc_auc,binary,LGBM,,False,cv,0.0,78,3,3,LGBM_363700_20260405_160514,363700_rep1_fold0_hebo_roc_auc_cv,LGBM_363700_20260405_160514::363700_rep1_fold0_hebo_roc_auc_cv,0.8247227609202382,0.0,0.0
99,0.22682453416149073,0.2067357179619146,0.20675716246354447,363700,1,0,hebo,roc_auc,binary,LGBM,,False,cv,0.0,78,3,3,LGBM_363700_20260405_160514,363700_rep1_fold0_hebo_roc_auc_cv,LGBM_363700_20260405_160514::363700_rep1_fold0_hebo_roc_auc_cv,0.8247227609202382,0.0,0.0
100,0.22682453416149073,0.2067357179619146,0.20675716246354447,363700,1,0,hebo,roc_auc,binary,LGBM,,False,cv,0.0,78,3,3,LGBM_363700_20260405_160514,363700_rep1_fold0_hebo_roc_auc_cv,LGBM_363700_20260405_160514::363700_rep1_fold0_hebo_roc_auc_cv,0.8247227609202382,0.0,0.0
101,0.22682453416149073,0.2067357179619146,0.20675716246354447,363700,1,0,hebo,roc_auc,binary,LGBM,,False,cv,0.0,78,3,3,LGBM_363700_20260405_160514,363700_rep1_fold0_hebo_roc_auc_cv,LGBM_363700_20260405_160514::363700_rep1_fold0_hebo_roc_auc_cv,0.8247227609202382,0.0,0.0
102,0.22682453416149073,0.2067357179619146,0.20675716246354447,363700,1,0,hebo,roc_auc,binary,LGBM,,False,cv,0.0,78,3,3,LGBM_363700_20260405_160514,363700_rep1_fold0_hebo_roc_auc_cv,LGBM_363700_20260405_160514::363700_rep1_fold0_hebo_roc_auc_cv,0.8247227609202382,0.0,0.0
103,0.22682453416149073,0.2067357179619146,0.20675716246354447,363700,1,0,hebo,roc_auc,binary,LGBM,,False,cv,0.0,78,3,3,LGBM_363700_20260405_160514,363700_rep1_fold0_hebo_roc_auc_cv,LGBM_363700_20260405_160514::363700_rep1_fold0_hebo_roc_auc_cv,0.8247227609202382,0.0,0.0
104,0.22682453416149073,0.2067357179619146,0.20675716246354447,363700,1,0,hebo,roc_auc,binary,LGBM,,False,cv,0.0,78,3,3,LGBM_363700_20260405_160514,363700_rep1_fold0_hebo_roc_auc_cv,LGBM_363700_20260405_160514::363700_rep1_fold0_hebo_roc_auc_cv,0.8247227609202382,0.0,0.0
105,0.22682453416149073,0.2067357179619146,0.20675716246354447,363700,1,0,hebo,roc_auc,binary,LGBM,,False,cv,0.0,78,3,3,LGBM_363700_20260405_160514,363700_rep1_fold0_hebo_roc_auc_cv,LGBM_363700_20260405_160514::363700_rep1_fold0_hebo_roc_auc_cv,0.8247227609202382,0.0,0.0
106,0.22682453416149073,0.2067357179619146,0.20675716246354447,363700,1,0,hebo,roc_auc,binary,LGBM,,False,cv,0.0,78,3,3,LGBM_363700_20260405_160514,363700_rep1_fold0_hebo_roc_auc_cv,LGBM_363700_20260405_160514::363700_rep1_fold0_hebo_roc_auc_cv,0.8247227609202382,0.0,0.0
107,0.22682453416149073,0.2067357179619146,0.20675716246354447,363700,1,0,hebo,roc_auc,binary,LGBM,,False,cv,0.0,78,3,3,LGBM_363700_20260405_160514,363700_rep1_fold0_hebo_roc_auc_cv,LGBM_363700_20260405_160514::363700_rep1_fold0_hebo_roc_auc_cv,0.8247227609202382,0.0,0.0
108,0.22682453416149073,0.2067357179619146,0.20675716246354447,363700,1,0,hebo,roc_auc,binary,LGBM,,False,cv,0.0,78,3,3,LGBM_363700_20260405_160514,363700_rep1_fold0_hebo_roc_auc_cv,LGBM_363700_20260405_160514::363700_rep1_fold0_hebo_roc_auc_cv,0.8247227609202382,0.0,0.0
109,0.22682453416149073,0.2067357179619146,0.20675716246354447,363700,1,0,hebo,roc_auc,binary,LGBM,,False,cv,0.0,78,3,3,LGBM_363700_20260405_160514,363700_rep1_fold0_hebo_roc_auc_cv,LGBM_363700_20260405_160514::363700_rep1_fold0_hebo_roc_auc_cv,0.8247227609202382,0.0,0.0
110,0.22682453416149073,0.2067357179619146,0.20675716246354447,363700,1,0,hebo,roc_auc,binary,LGBM,,False,cv,0.0,78,3,3,LGBM_363700_20260405_160514,363700_rep1_fold0_hebo_roc_auc_cv,LGBM_363700_20260405_160514::363700_rep1_fold0_hebo_roc_auc_cv,0.8247227609202382,0.0,0.0
111,0.22682453416149073,0.2067357179619146,0.20675716246354447,363700,1,0,hebo,roc_auc,binary,LGBM,,False,cv,0.0,78,3,3,LGBM_363700_20260405_160514,363700_rep1_fold0_hebo_roc_auc_cv,LGBM_363700_20260405_160514::363700_rep1_fold0_hebo_roc_auc_cv,0.8247227609202382,0.0,0.0
112,0.22682453416149073,0.2067357179619146,0.20675716246354447,363700,1,0,hebo,roc_auc,binary,LGBM,,False,cv,0.0,78,3,3,LGBM_363700_20260405_160514,363700_rep1_fold0_hebo_roc_auc_cv,LGBM_363700_20260405_160514::363700_rep1_fold0_hebo_roc_auc_cv,0.8247227609202382,0.0,0.0
113,0.22682453416149073,0.2067357179619146,0.20675716246354447,363700,1,0,hebo,roc_auc,binary,LGBM,,False,cv,0.0,78,3,3,LGBM_363700_20260405_160514,363700_rep1_fold0_hebo_roc_auc_cv,LGBM_363700_20260405_160514::363700_rep1_fold0_hebo_roc_auc_cv,0.8247227609202382,0.0,0.0
114,0.22682453416149073,0.2067357179619146,0.20675716246354447,363700,1,0,hebo,roc_auc,binary,LGBM,,False,cv,0.0,78,3,3,LGBM_363700_20260405_160514,363700_rep1_fold0_hebo_roc_auc_cv,LGBM_363700_20260405_160514::363700_rep1_fold0_hebo_roc_auc_cv,0.8247227609202382,0.0,0.0
115,0.22682453416149073,0.2067357179619146,0.20675716246354447,363700,1,0,hebo,roc_auc,binary,LGBM,,False,cv,0.0,78,3,3,LGBM_363700_20260405_160514,363700_rep1_fold0_hebo_roc_auc_cv,LGBM_363700_20260405_160514::363700_rep1_fold0_hebo_roc_auc_cv,0.8247227609202382,0.0,0.0
116,0.22682453416149073,0.2067357179619146,0.20675716246354447,363700,1,0,hebo,roc_auc,binary,LGBM,,False,cv,0.0,78,3,3,LGBM_363700_20260405_160514,363700_rep1_fold0_hebo_roc_auc_cv,LGBM_363700_20260405_160514::363700_rep1_fold0_hebo_roc_auc_cv,0.8247227609202382,0.0,0.0
117,0.22682453416149073,0.2067357179619146,0.20675716246354447,363700,1,0,hebo,roc_auc,binary,LGBM,,False,cv,0.0,78,3,3,LGBM_363700_20260405_160514,363700_rep1_fold0_hebo_roc_auc_cv,LGBM_363700_20260405_160514::363700_rep1_fold0_hebo_roc_auc_cv,0.8247227609202382,0.0,0.0
118,0.22682453416149073,0.2067357179619146,0.20675716246354447,363700,1,0,hebo,roc_auc,binary,LGBM,,False,cv,0.0,78,3,3,LGBM_363700_20260405_160514,363700_rep1_fold0_hebo_roc_auc_cv,LGBM_363700_20260405_160514::363700_rep1_fold0_hebo_roc_auc_cv,0.8247227609202382,0.0,0.0
119,0.22682453416149073,0.2067357179619146,0.20675716246354447,363700,1,0,hebo,roc_auc,binary,LGBM,,False,cv,0.0,78,3,3,LGBM_363700_20260405_160514,363700_rep1_fold0_hebo_roc_auc_cv,LGBM_363700_20260405_160514::363700_rep1_fold0_hebo_roc_auc_cv,0.8247227609202382,0.0,0.0
120,0.22682453416149073,0.2067357179619146,0.20675716246354447,363700,1,0,hebo,roc_auc,binary,LGBM,,False,cv,0.0,78,3,3,LGBM_363700_20260405_160514,363700_rep1_fold0_hebo_roc_auc_cv,LGBM_363700_20260405_160514::363700_rep1_fold0_hebo_roc_auc_cv,0.8247227609202382,0.0,0.0
121,0.22682453416149073,0.2067357179619146,0.20675716246354447,363700,1,0,hebo,roc_auc,binary,LGBM,,False,cv,0.0,78,3,3,LGBM_363700_20260405_160514,363700_rep1_fold0_hebo_roc_auc_cv,LGBM_363700_20260405_160514::363700_rep1_fold0_hebo_roc_auc_cv,0.8247227609202382,0.0,0.0
122,0.22682453416149073,0.2067357179619146,0.20675716246354447,363700,1,0,hebo,roc_auc,binary,LGBM,,False,cv,0.0,78,3,3,LGBM_363700_20260405_160514,363700_rep1_fold0_hebo_roc_auc_cv,LGBM_363700_20260405_160514::363700_rep1_fold0_hebo_roc_auc_cv,0.8247227609202382,0.0,0.0
123,0.22682453416149073,0.2067357179619146,0.20675716246354447,363700,1,0,hebo,roc_auc,binary,LGBM,,False,cv,0.0,78,3,3,LGBM_363700_20260405_160514,363700_rep1_fold0_hebo_roc_auc_cv,LGBM_363700_20260405_160514::363700_rep1_fold0_hebo_roc_auc_cv,0.8247227609202382,0.0,0.0
124,0.22682453416149073,0.2067357179619146,0.20675716246354447,363700,1,0,hebo,roc_auc,binary,LGBM,,False,cv,0.0,78,3,3,LGBM_363700_20260405_160514,363700_rep1_fold0_hebo_roc_auc_cv,LGBM_363700_20260405_160514::363700_rep1_fold0_hebo_roc_auc_cv,0.8247227609202382,0.0,0.0
125,0.22682453416149073,0.2067357179619146,0.20675716246354447,363700,1,0,hebo,roc_auc,binary,LGBM,,False,cv,0.0,78,3,3,LGBM_363700_20260405_160514,363700_rep1_fold0_hebo_roc_auc_cv,LGBM_363700_20260405_160514::363700_rep1_fold0_hebo_roc_auc_cv,0.8247227609202382,0.0,0.0
126,0.22682453416149073,0.2067357179619146,0.20675716246354447,363700,1,0,hebo,roc_auc,binary,LGBM,,False,cv,0.0,78,3,3,LGBM_363700_20260405_160514,363700_rep1_fold0_hebo_roc_auc_cv,LGBM_363700_20260405_160514::363700_rep1_fold0_hebo_roc_auc_cv,0.8247227609202382,0.0,0.0
127,0.22682453416149073,0.2067357179619146,0.20675716246354447,363700,1,0,hebo,roc_auc,binary,LGBM,,False,cv,0.0,78,3,3,LGBM_363700_20260405_160514,363700_rep1_fold0_hebo_roc_auc_cv,LGBM_363700_20260405_160514::363700_rep1_fold0_hebo_roc_auc_cv,0.8247227609202382,0.0,0.0
128,0.22682453416149073,0.2067357179619146,0.20675716246354447,363700,1,0,hebo,roc_auc,binary,LGBM,,False,cv,0.0,78,3,3,LGBM_363700_20260405_160514,363700_rep1_fold0_hebo_roc_auc_cv,LGBM_363700_20260405_160514::363700_rep1_fold0_hebo_roc_auc_cv,0.8247227609202382,0.0,0.0
129,0.22682453416149073,0.2067357179619146,0.20675716246354447,363700,1,0,hebo,roc_auc,binary,LGBM,,False,cv,0.0,78,3,3,LGBM_363700_20260405_160514,363700_rep1_fold0_hebo_roc_auc_cv,LGBM_363700_20260405_160514::363700_rep1_fold0_hebo_roc_auc_cv,0.8247227609202382,0.0,0.0
130,0.22682453416149073,0.2067357179619146,0.20675716246354447,363700,1,0,hebo,roc_auc,binary,LGBM,,False,cv,0.0,78,3,3,LGBM_363700_20260405_160514,363700_rep1_fold0_hebo_roc_auc_cv,LGBM_363700_20260405_160514::363700_rep1_fold0_hebo_roc_auc_cv,0.8247227609202382,0.0,0.0
131,0.22682453416149073,0.2067357179619146,0.20675716246354447,363700,1,0,hebo,roc_auc,binary,LGBM,,False,cv,0.0,78,3,3,LGBM_363700_20260405_160514,363700_rep1_fold0_hebo_roc_auc_cv,LGBM_363700_20260405_160514::363700_rep1_fold0_hebo_roc_auc_cv,0.8247227609202382,0.0,0.0
132,0.22682453416149073,0.2067357179619146,0.20675716246354447,363700,1,0,hebo,roc_auc,binary,LGBM,,False,cv,0.0,78,3,3,LGBM_363700_20260405_160514,363700_rep1_fold0_hebo_roc_auc_cv,LGBM_363700_20260405_160514::363700_rep1_fold0_hebo_roc_auc_cv,0.8247227609202382,0.0,0.0
133,0.22682453416149073,0.2067357179619146,0.20675716246354447,363700,1,0,hebo,roc_auc,binary,LGBM,,False,cv,0.0,78,3,3,LGBM_363700_20260405_160514,363700_rep1_fold0_hebo_roc_auc_cv,LGBM_363700_20260405_160514::363700_rep1_fold0_hebo_roc_auc_cv,0.8247227609202382,0.0,0.0
134,0.22682453416149073,0.2067357179619146,0.20675716246354447,363700,1,0,hebo,roc_auc,binary,LGBM,,False,cv,0.0,78,3,3,LGBM_363700_20260405_160514,363700_rep1_fold0_hebo_roc_auc_cv,LGBM_363700_20260405_160514::363700_rep1_fold0_hebo_roc_auc_cv,0.8247227609202382,0.0,0.0
135,0.22682453416149073,0.2067357179619146,0.20675716246354447,363700,1,0,hebo,roc_auc,binary,LGBM,,False,cv,0.0,78,3,3,LGBM_363700_20260405_160514,363700_rep1_fold0_hebo_roc_auc_cv,LGBM_363700_20260405_160514::363700_rep1_fold0_hebo_roc_auc_cv,0.8247227609202382,0.0,0.0
136,0.22682453416149073,0.2067357179619146,0.20675716246354447,363700,1,0,hebo,roc_auc,binary,LGBM,,False,cv,0.0,78,3,3,LGBM_363700_20260405_160514,363700_rep1_fold0_hebo_roc_auc_cv,LGBM_363700_20260405_160514::363700_rep1_fold0_hebo_roc_auc_cv,0.8247227609202382,0.0,0.0
137,0.22682453416149073,0.2067357179619146,0.20675716246354447,363700,1,0,hebo,roc_auc,binary,LGBM,,False,cv,0.0,78,3,3,LGBM_363700_20260405_160514,363700_rep1_fold0_hebo_roc_auc_cv,LGBM_363700_20260405_160514::363700_rep1_fold0_hebo_roc_auc_cv,0.8247227609202382,0.0,0.0
138,0.22682453416149073,0.2067357179619146,0.20675716246354447,363700,1,0,hebo,roc_auc,binary,LGBM,,False,cv,0.0,78,3,3,LGBM_363700_20260405_160514,363700_rep1_fold0_hebo_roc_auc_cv,LGBM_363700_20260405_160514::363700_rep1_fold0_hebo_roc_auc_cv,0.8247227609202382,0.0,0.0
139,0.22682453416149073,0.2067357179619146,0.20675716246354447,363700,1,0,hebo,roc_auc,binary,LGBM,,False,cv,0.0,78,3,3,LGBM_363700_20260405_160514,363700_rep1_fold0_hebo_roc_auc_cv,LGBM_363700_20260405_160514::363700_rep1_fold0_hebo_roc_auc_cv,0.8247227609202382,0.0,0.0
140,0.22682453416149073,0.2067357179619146,0.20675716246354447,363700,1,0,hebo,roc_auc,binary,LGBM,,False,cv,0.0,78,3,3,LGBM_363700_20260405_160514,363700_rep1_fold0_hebo_roc_auc_cv,LGBM_363700_20260405_160514::363700_rep1_fold0_hebo_roc_auc_cv,0.8247227609202382,0.0,0.0
141,0.22682453416149073,0.2067357179619146,0.20675716246354447,363700,1,0,hebo,roc_auc,binary,LGBM,,False,cv,0.0,78,3,3,LGBM_363700_20260405_160514,363700_rep1_fold0_hebo_roc_auc_cv,LGBM_363700_20260405_160514::363700_rep1_fold0_hebo_roc_auc_cv,0.8247227609202382,0.0,0.0
142,0.22433728926353158,0.21071367301423904,0.21230056613484294,363700,1,0,hebo,roc_auc,binary,LGBM,,False,cv,0.0,78,3,3,LGBM_363700_20260405_160514,363700_rep1_fold0_hebo_roc_auc_cv,LGBM_363700_20260405_160514::363700_rep1_fold0_hebo_roc_auc_cv,0.8022910754509067,0.10274162281916044,0.10510266314291118
143,0.22433728926353158,0.21071367301423904,0.21230056613484294,363700,1,0,hebo,roc_auc,binary,LGBM,,False,cv,0.0,78,3,3,LGBM_363700_20260405_160514,363700_rep1_fold0_hebo_roc_auc_cv,LGBM_363700_20260405_160514::363700_rep1_fold0_hebo_roc_auc_cv,0.8022910754509067,0.10274162281916044,0.10510266314291118
144,0.22433728926353158,0.21071367301423904,0.21230056613484294,363700,1,0,hebo,roc_auc,binary,LGBM,,False,cv,0.0,78,3,3,LGBM_363700_20260405_160514,363700_rep1_fold0_hebo_roc_auc_cv,LGBM_363700_20260405_160514::363700_rep1_fold0_hebo_roc_auc_cv,0.8022910754509067,0.10274162281916044,0.10510266314291118
145,0.22433728926353158,0.21071367301423904,0.21230056613484294,363700,1,0,hebo,roc_auc,binary,LGBM,,False,cv,0.0,78,3,3,LGBM_363700_20260405_160514,363700_rep1_fold0_hebo_roc_auc_cv,LGBM_363700_20260405_160514::363700_rep1_fold0_hebo_roc_auc_cv,0.8022910754509067,0.10274162281916044,0.10510266314291118
146,0.22433728926353158,0.21071367301423904,0.21230056613484294,363700,1,0,hebo,roc_auc,binary,LGBM,,False,cv,0.0,78,3,3,LGBM_363700_20260405_160514,363700_rep1_fold0_hebo_roc_auc_cv,LGBM_363700_20260405_160514::363700_rep1_fold0_hebo_roc_auc_cv,0.8022910754509067,0.10274162281916044,0.10510266314291118
147,0.22433728926353158,0.21071367301423904,0.21230056613484294,363700,1,0,hebo,roc_auc,binary,LGBM,,False,cv,0.0,78,3,3,LGBM_363700_20260405_160514,363700_rep1_fold0_hebo_roc_auc_cv,LGBM_363700_20260405_160514::363700_rep1_fold0_hebo_roc_auc_cv,0.8022910754509067,0.10274162281916044,0.10510266314291118
148,0.22433728926353158,0.21071367301423904,0.21230056613484294,363700,1,0,hebo,roc_auc,binary,LGBM,,False,cv,0.0,78,3,3,LGBM_363700_20260405_160514,363700_rep1_fold0_hebo_roc_auc_cv,LGBM_363700_20260405_160514::363700_rep1_fold0_hebo_roc_auc_cv,0.8022910754509067,0.10274162281916044,0.10510266314291118
149,0.22433728926353158,0.21071367301423904,0.21230056613484294,363700,1,0,hebo,roc_auc,binary,LGBM,,False,cv,0.0,78,3,3,LGBM_363700_20260405_160514,363700_rep1_fold0_hebo_roc_auc_cv,LGBM_363700_20260405_160514::363700_rep1_fold0_hebo_roc_auc_cv,0.8022910754509067,0.10274162281916044,0.10510266314291118
150,0.22433728926353158,0.21071367301423904,0.21230056613484294,363700,1,0,hebo,roc_auc,binary,LGBM,,False,cv,0.0,78,3,3,LGBM_363700_20260405_160514,363700_rep1_fold0_hebo_roc_auc_cv,LGBM_363700_20260405_160514::363700_rep1_fold0_hebo_roc_auc_cv,0.8022910754509067,0.10274162281916044,0.10510266314291118
151,0.22433728926353158,0.21071367301423904,0.21230056613484294,363700,1,0,hebo,roc_auc,binary,LGBM,,False,cv,0.0,78,3,3,LGBM_363700_20260405_160514,363700_rep1_fold0_hebo_roc_auc_cv,LGBM_363700_20260405_160514::363700_rep1_fold0_hebo_roc_auc_cv,0.8022910754509067,0.10274162281916044,0.10510266314291118
152,0.22433728926353158,0.21071367301423904,0.21230056613484294,363700,1,0,hebo,roc_auc,binary,LGBM,,False,cv,0.0,78,3,3,LGBM_363700_20260405_160514,363700_rep1_fold0_hebo_roc_auc_cv,LGBM_363700_20260405_160514::363700_rep1_fold0_hebo_roc_auc_cv,0.8022910754509067,0.10274162281916044,0.10510266314291118
153,0.22433728926353158,0.21071367301423904,0.21230056613484294,363700,1,0,hebo,roc_auc,binary,LGBM,,False,cv,0.0,78,3,3,LGBM_363700_20260405_160514,363700_rep1_fold0_hebo_roc_auc_cv,LGBM_363700_20260405_160514::363700_rep1_fold0_hebo_roc_auc_cv,0.8022910754509067,0.10274162281916044,0.10510266314291118
154,0.22433728926353158,0.21071367301423904,0.21230056613484294,363700,1,0,hebo,roc_auc,binary,LGBM,,False,cv,0.0,78,3,3,LGBM_363700_20260405_160514,363700_rep1_fold0_hebo_roc_auc_cv,LGBM_363700_20260405_160514::363700_rep1_fold0_hebo_roc_auc_cv,0.8022910754509067,0.10274162281916044,0.10510266314291118
155,0.22433728926353158,0.21071367301423904,0.21230056613484294,363700,1,0,hebo,roc_auc,binary,LGBM,,False,cv,0.0,78,3,3,LGBM_363700_20260405_160514,363700_rep1_fold0_hebo_roc_auc_cv,LGBM_363700_20260405_160514::363700_rep1_fold0_hebo_roc_auc_cv,0.8022910754509067,0.10274162281916044,0.10510266314291118
156,0.22433728926353158,0.21071367301423904,0.21230056613484294,363700,1,0,hebo,roc_auc,binary,LGBM,,False,cv,0.0,78,3,3,LGBM_363700_20260405_160514,363700_rep1_fold0_hebo_roc_auc_cv,LGBM_363700_20260405_160514::363700_rep1_fold0_hebo_roc_auc_cv,0.8022910754509067,0.10274162281916044,0.10510266314291118
157,0.22433728926353158,0.21071367301423904,0.21230056613484294,363700,1,0,hebo,roc_auc,binary,LGBM,,False,cv,0.0,78,3,3,LGBM_363700_20260405_160514,363700_rep1_fold0_hebo_roc_auc_cv,LGBM_363700_20260405_160514::363700_rep1_fold0_hebo_roc_auc_cv,0.8022910754509067,0.10274162281916044,0.10510266314291118
158,0.22433728926353158,0.21071367301423904,0.21230056613484294,363700,1,0,hebo,roc_auc,binary,LGBM,,False,cv,0.0,78,3,3,LGBM_363700_20260405_160514,363700_rep1_fold0_hebo_roc_auc_cv,LGBM_363700_20260405_160514::363700_rep1_fold0_hebo_roc_auc_cv,0.8022910754509067,0.10274162281916044,0.10510266314291118
159,0.22433728926353158,0.21071367301423904,0.21230056613484294,363700,1,0,hebo,roc_auc,binary,LGBM,,False,cv,0.0,78,3,3,LGBM_363700_20260405_160514,363700_rep1_fold0_hebo_roc_auc_cv,LGBM_363700_20260405_160514::363700_rep1_fold0_hebo_roc_auc_cv,0.8022910754509067,0.10274162281916044,0.10510266314291118
160,0.22433728926353158,0.21071367301423904,0.21230056613484294,363700,1,0,hebo,roc_auc,binary,LGBM,,False,cv,0.0,78,3,3,LGBM_363700_20260405_160514,363700_rep1_fold0_hebo_roc_auc_cv,LGBM_363700_20260405_160514::363700_rep1_fold0_hebo_roc_auc_cv,0.8022910754509067,0.10274162281916044,0.10510266314291118
161,0.22433728926353158,0.21071367301423904,0.21230056613484294,363700,1,0,hebo,roc_auc,binary,LGBM,,False,cv,0.0,78,3,3,LGBM_363700_20260405_160514,363700_rep1_fold0_hebo_roc_auc_cv,LGBM_363700_20260405_160514::363700_rep1_fold0_hebo_roc_auc_cv,0.8022910754509067,0.10274162281916044,0.10510266314291118
162,0.22433728926353158,0.21071367301423904,0.21230056613484294,363700,1,0,hebo,roc_auc,binary,LGBM,,False,cv,0.0,78,3,3,LGBM_363700_20260405_160514,363700_rep1_fold0_hebo_roc_auc_cv,LGBM_363700_20260405_160514::363700_rep1_fold0_hebo_roc_auc_cv,0.8022910754509067,0.10274162281916044,0.10510266314291118
163,0.22433728926353158,0.21071367301423904,0.21230056613484294,363700,1,0,hebo,roc_auc,binary,LGBM,,False,cv,0.0,78,3,3,LGBM_363700_20260405_160514,363700_rep1_fold0_hebo_roc_auc_cv,LGBM_363700_20260405_160514::363700_rep1_fold0_hebo_roc_auc_cv,0.8022910754509067,0.10274162281916044,0.10510266314291118
164,0.22433728926353158,0.21071367301423904,0.21230056613484294,363700,1,0,hebo,roc_auc,binary,LGBM,,False,cv,0.0,78,3,3,LGBM_363700_20260405_160514,363700_rep1_fold0_hebo_roc_auc_cv,LGBM_363700_20260405_160514::363700_rep1_fold0_hebo_roc_auc_cv,0.8022910754509067,0.10274162281916044,0.10510266314291118
165,0.22468944099378885,0.20972722593926918,0.2112712300566133,363700,1,0,hebo,roc_auc,binary,LGBM,,False,cv,0.0,78,3,3,LGBM_363700_20260405_160514,363700_rep1_fold0_hebo_roc_auc_cv,LGBM_363700_20260405_160514::363700_rep1_fold0_hebo_roc_auc_cv,0.8054670220000759,0.0772639158127939,0.08558650132140094
166,0.22468944099378885,0.20972722593926918,0.2112712300566133,363700,1,0,hebo,roc_auc,binary,LGBM,,False,cv,0.0,78,3,3,LGBM_363700_20260405_160514,363700_rep1_fold0_hebo_roc_auc_cv,LGBM_363700_20260405_160514::363700_rep1_fold0_hebo_roc_auc_cv,0.8054670220000759,0.0772639158127939,0.08558650132140094
167,0.22468944099378885,0.20972722593926918,0.2112712300566133,363700,1,0,hebo,roc_auc,binary,LGBM,,False,cv,0.0,78,3,3,LGBM_363700_20260405_160514,363700_rep1_fold0_hebo_roc_auc_cv,LGBM_363700_20260405_160514::363700_rep1_fold0_hebo_roc_auc_cv,0.8054670220000759,0.0772639158127939,0.08558650132140094
168,0.22468944099378885,0.20972722593926918,0.2112712300566133,363700,1,0,hebo,roc_auc,binary,LGBM,,False,cv,0.0,78,3,3,LGBM_363700_20260405_160514,363700_rep1_fold0_hebo_roc_auc_cv,LGBM_363700_20260405_160514::363700_rep1_fold0_hebo_roc_auc_cv,0.8054670220000759,0.0772639158127939,0.08558650132140094
169,0.22468944099378885,0.20972722593926918,0.2112712300566133,363700,1,0,hebo,roc_auc,binary,LGBM,,False,cv,0.0,78,3,3,LGBM_363700_20260405_160514,363700_rep1_fold0_hebo_roc_auc_cv,LGBM_363700_20260405_160514::363700_rep1_fold0_hebo_roc_auc_cv,0.8054670220000759,0.0772639158127939,0.08558650132140094
170,0.22468944099378885,0.20972722593926918,0.2112712300566133,363700,1,0,hebo,roc_auc,binary,LGBM,,False,cv,0.0,78,3,3,LGBM_363700_20260405_160514,363700_rep1_fold0_hebo_roc_auc_cv,LGBM_363700_20260405_160514::363700_rep1_fold0_hebo_roc_auc_cv,0.8054670220000759,0.0772639158127939,0.08558650132140094
171,0.22468944099378885,0.20972722593926918,0.2112712300566133,363700,1,0,hebo,roc_auc,binary,LGBM,,False,cv,0.0,78,3,3,LGBM_363700_20260405_160514,363700_rep1_fold0_hebo_roc_auc_cv,LGBM_363700_20260405_160514::363700_rep1_fold0_hebo_roc_auc_cv,0.8054670220000759,0.0772639158127939,0.08558650132140094
172,0.22468944099378885,0.20972722593926918,0.2112712300566133,363700,1,0,hebo,roc_auc,binary,LGBM,,False,cv,0.0,78,3,3,LGBM_363700_20260405_160514,363700_rep1_fold0_hebo_roc_auc_cv,LGBM_363700_20260405_160514::363700_rep1_fold0_hebo_roc_auc_cv,0.8054670220000759,0.0772639158127939,0.08558650132140094
173,0.22468944099378885,0.20972722593926918,0.2112712300566133,363700,1,0,hebo,roc_auc,binary,LGBM,,False,cv,0.0,78,3,3,LGBM_363700_20260405_160514,363700_rep1_fold0_hebo_roc_auc_cv,LGBM_363700_20260405_160514::363700_rep1_fold0_hebo_roc_auc_cv,0.8054670220000759,0.0772639158127939,0.08558650132140094
174,0.22468944099378885,0.20972722593926918,0.2112712300566133,363700,1,0,hebo,roc_auc,binary,LGBM,,False,cv,0.0,78,3,3,LGBM_363700_20260405_160514,363700_rep1_fold0_hebo_roc_auc_cv,LGBM_363700_20260405_160514::363700_rep1_fold0_hebo_roc_auc_cv,0.8054670220000759,0.0772639158127939,0.08558650132140094
175,0.22468944099378885,0.20972722593926918,0.2112712300566133,363700,1,0,hebo,roc_auc,binary,LGBM,,False,cv,0.0,78,3,3,LGBM_363700_20260405_160514,363700_rep1_fold0_hebo_roc_auc_cv,LGBM_363700_20260405_160514::363700_rep1_fold0_hebo_roc_auc_cv,0.8054670220000759,0.0772639158127939,0.08558650132140094
176,0.22468944099378885,0.20972722593926918,0.2112712300566133,363700,1,0,hebo,roc_auc,binary,LGBM,,False,cv,0.0,78,3,3,LGBM_363700_20260405_160514,363700_rep1_fold0_hebo_roc_auc_cv,LGBM_363700_20260405_160514::363700_rep1_fold0_hebo_roc_auc_cv,0.8054670220000759,0.0772639158127939,0.08558650132140094
177,0.22468944099378885,0.20972722593926918,0.2112712300566133,363700,1,0,hebo,roc_auc,binary,LGBM,,False,cv,0.0,78,3,3,LGBM_363700_20260405_160514,363700_rep1_fold0_hebo_roc_auc_cv,LGBM_363700_20260405_160514::363700_rep1_fold0_hebo_roc_auc_cv,0.8054670220000759,0.0772639158127939,0.08558650132140094
178,0.22468944099378885,0.20972722593926918,0.2112712300566133,363700,1,0,hebo,roc_auc,binary,LGBM,,False,cv,0.0,78,3,3,LGBM_363700_20260405_160514,363700_rep1_fold0_hebo_roc_auc_cv,LGBM_363700_20260405_160514::363700_rep1_fold0_hebo_roc_auc_cv,0.8054670220000759,0.0772639158127939,0.08558650132140094
179,0.22468944099378885,0.20972722593926918,0.2112712300566133,363700,1,0,hebo,roc_auc,binary,LGBM,,False,cv,0.0,78,3,3,LGBM_363700_20260405_160514,363700_rep1_fold0_hebo_roc_auc_cv,LGBM_363700_20260405_160514::363700_rep1_fold0_hebo_roc_auc_cv,0.8054670220000759,0.0772639158127939,0.08558650132140094
180,0.22468944099378885,0.20972722593926918,0.2112712300566133,363700,1,0,hebo,roc_auc,binary,LGBM,,False,cv,0.0,78,3,3,LGBM_363700_20260405_160514,363700_rep1_fold0_hebo_roc_auc_cv,LGBM_363700_20260405_160514::363700_rep1_fold0_hebo_roc_auc_cv,0.8054670220000759,0.0772639158127939,0.08558650132140094
181,0.22468944099378885,0.20972722593926918,0.2112712300566133,363700,1,0,hebo,roc_auc,binary,LGBM,,False,cv,0.0,78,3,3,LGBM_363700_20260405_160514,363700_rep1_fold0_hebo_roc_auc_cv,LGBM_363700_20260405_160514::363700_rep1_fold0_hebo_roc_auc_cv,0.8054670220000759,0.0772639158127939,0.08558650132140094
182,0.22468944099378885,0.20972722593926918,0.2112712300566133,363700,1,0,hebo,roc_auc,binary,LGBM,,False,cv,0.0,78,3,3,LGBM_363700_20260405_160514,363700_rep1_fold0_hebo_roc_auc_cv,LGBM_363700_20260405_160514::363700_rep1_fold0_hebo_roc_auc_cv,0.8054670220000759,0.0772639158127939,0.08558650132140094
183,0.22468944099378885,0.20972722593926918,0.2112712300566133,363700,1,0,hebo,roc_auc,binary,LGBM,,False,cv,0.0,78,3,3,LGBM_363700_20260405_160514,363700_rep1_fold0_hebo_roc_auc_cv,LGBM_363700_20260405_160514::363700_rep1_fold0_hebo_roc_auc_cv,0.8054670220000759,0.0772639158127939,0.08558650132140094
184,0.22468944099378885,0.20972722593926918,0.2112712300566133,363700,1,0,hebo,roc_auc,binary,LGBM,,False,cv,0.0,78,3,3,LGBM_363700_20260405_160514,363700_rep1_fold0_hebo_roc_auc_cv,LGBM_363700_20260405_160514::363700_rep1_fold0_hebo_roc_auc_cv,0.8054670220000759,0.0772639158127939,0.08558650132140094
185,0.22468944099378885,0.20972722593926918,0.2112712300566133,363700,1,0,hebo,roc_auc,binary,LGBM,,False,cv,0.0,78,3,3,LGBM_363700_20260405_160514,363700_rep1_fold0_hebo_roc_auc_cv,LGBM_363700_20260405_160514::363700_rep1_fold0_hebo_roc_auc_cv,0.8054670220000759,0.0772639158127939,0.08558650132140094
186,0.22468944099378885,0.20972722593926918,0.2112712300566133,363700,1,0,hebo,roc_auc,binary,LGBM,,False,cv,0.0,78,3,3,LGBM_363700_20260405_160514,363700_rep1_fold0_hebo_roc_auc_cv,LGBM_363700_20260405_160514::363700_rep1_fold0_hebo_roc_auc_cv,0.8054670220000759,0.0772639158127939,0.08558650132140094
187,0.22468944099378885,0.20972722593926918,0.2112712300566133,363700,1,0,hebo,roc_auc,binary,LGBM,,False,cv,0.0,78,3,3,LGBM_363700_20260405_160514,363700_rep1_fold0_hebo_roc_auc_cv,LGBM_363700_20260405_160514::363700_rep1_fold0_hebo_roc_auc_cv,0.8054670220000759,0.0772639158127939,0.08558650132140094
188,0.22468944099378885,0.20972722593926918,0.2112712300566133,363700,1,0,hebo,roc_auc,binary,LGBM,,False,cv,0.0,78,3,3,LGBM_363700_20260405_160514,363700_rep1_fold0_hebo_roc_auc_cv,LGBM_363700_20260405_160514::363700_rep1_fold0_hebo_roc_auc_cv,0.8054670220000759,0.0772639158127939,0.08558650132140094
189,0.22468944099378885,0.20972722593926918,0.2112712300566133,363700,1,0,hebo,roc_auc,binary,LGBM,,False,cv,0.0,78,3,3,LGBM_363700_20260405_160514,363700_rep1_fold0_hebo_roc_auc_cv,LGBM_363700_20260405_160514::363700_rep1_fold0_hebo_roc_auc_cv,0.8054670220000759,0.0772639158127939,0.08558650132140094
190,0.22468944099378885,0.20972722593926918,0.2112712300566133,363700,1,0,hebo,roc_auc,binary,LGBM,,False,cv,0.0,78,3,3,LGBM_363700_20260405_160514,363700_rep1_fold0_hebo_roc_auc_cv,LGBM_363700_20260405_160514::363700_rep1_fold0_hebo_roc_auc_cv,0.8054670220000759,0.0772639158127939,0.08558650132140094
191,0.22468944099378885,0.20972722593926918,0.2112712300566133,363700,1,0,hebo,roc_auc,binary,LGBM,,False,cv,0.0,78,3,3,LGBM_363700_20260405_160514,363700_rep1_fold0_hebo_roc_auc_cv,LGBM_363700_20260405_160514::363700_rep1_fold0_hebo_roc_auc_cv,0.8054670220000759,0.0772639158127939,0.08558650132140094
192,0.22468944099378885,0.20972722593926918,0.2112712300566133,363700,1,0,hebo,roc_auc,binary,LGBM,,False,cv,0.0,78,3,3,LGBM_363700_20260405_160514,363700_rep1_fold0_hebo_roc_auc_cv,LGBM_363700_20260405_160514::363700_rep1_fold0_hebo_roc_auc_cv,0.8054670220000759,0.0772639158127939,0.08558650132140094
193,0.22468944099378885,0.20972722593926918,0.2112712300566133,363700,1,0,hebo,roc_auc,binary,LGBM,,False,cv,0.0,78,3,3,LGBM_363700_20260405_160514,363700_rep1_fold0_hebo_roc_auc_cv,LGBM_363700_20260405_160514::363700_rep1_fold0_hebo_roc_auc_cv,0.8054670220000759,0.0772639158127939,0.08558650132140094
194,0.22468944099378885,0.20972722593926918,0.2112712300566133,363700,1,0,hebo,roc_auc,binary,LGBM,,False,cv,0.0,78,3,3,LGBM_363700_20260405_160514,363700_rep1_fold0_hebo_roc_auc_cv,LGBM_363700_20260405_160514::363700_rep1_fold0_hebo_roc_auc_cv,0.8054670220000759,0.0772639158127939,0.08558650132140094
195,0.22468944099378885,0.20972722593926918,0.2112712300566133,363700,1,0,hebo,roc_auc,binary,LGBM,,False,cv,0.0,78,3,3,LGBM_363700_20260405_160514,363700_rep1_fold0_hebo_roc_auc_cv,LGBM_363700_20260405_160514::363700_rep1_fold0_hebo_roc_auc_cv,0.8054670220000759,0.0772639158127939,0.08558650132140094
196,0.22468944099378885,0.20972722593926918,0.2112712300566133,363700,1,0,hebo,roc_auc,binary,LGBM,,False,cv,0.0,78,3,3,LGBM_363700_20260405_160514,363700_rep1_fold0_hebo_roc_auc_cv,LGBM_363700_20260405_160514::363700_rep1_fold0_hebo_roc_auc_cv,0.8054670220000759,0.0772639158127939,0.08558650132140094
197,0.22468944099378885,0.20972722593926918,0.2112712300566133,363700,1,0,hebo,roc_auc,binary,LGBM,,False,cv,0.0,78,3,3,LGBM_363700_20260405_160514,363700_rep1_fold0_hebo_roc_auc_cv,LGBM_363700_20260405_160514::363700_rep1_fold0_hebo_roc_auc_cv,0.8054670220000759,0.0772639158127939,0.08558650132140094
198,0.22408218722271522,0.21016683822267967,0.21277234517069832,363700,1,0,hebo,roc_auc,binary,LGBM,,False,cv,0.0,78,3,3,LGBM_363700_20260405_160514,363700_rep1_fold0_hebo_roc_auc_cv,LGBM_363700_20260405_160514::363700_rep1_fold0_hebo_roc_auc_cv,0.7999903897617443,0.08861811132650105,0.11404757064443917
199,0.22408218722271522,0.21016683822267967,0.21277234517069832,363700,1,0,hebo,roc_auc,binary,LGBM,,False,cv,0.0,78,3,3,LGBM_363700_20260405_160514,363700_rep1_fold0_hebo_roc_auc_cv,LGBM_363700_20260405_160514::363700_rep1_fold0_hebo_roc_auc_cv,0.7999903897617443,0.08861811132650105,0.11404757064443917
200,0.22408218722271522,0.21016683822267967,0.21277234517069832,363700,1,0,hebo,roc_auc,binary,LGBM,,False,cv,0.0,78,3,3,LGBM_363700_20260405_160514,363700_rep1_fold0_hebo_roc_auc_cv,LGBM_363700_20260405_160514::363700_rep1_fold0_hebo_roc_auc_cv,0.7999903897617443,0.08861811132650105,0.11404757064443917
201,0.22408218722271522,0.21016683822267967,0.21277234517069832,363700,1,0,hebo,roc_auc,binary,LGBM,,False,cv,0.0,78,3,3,LGBM_363700_20260405_160514,363700_rep1_fold0_hebo_roc_auc_cv,LGBM_363700_20260405_160514::363700_rep1_fold0_hebo_roc_auc_cv,0.7999903897617443,0.08861811132650105,0.11404757064443917
202,0.22408218722271522,0.21016683822267967,0.21277234517069832,363700,1,0,hebo,roc_auc,binary,LGBM,,False,cv,0.0,78,3,3,LGBM_363700_20260405_160514,363700_rep1_fold0_hebo_roc_auc_cv,LGBM_363700_20260405_160514::363700_rep1_fold0_hebo_roc_auc_cv,0.7999903897617443,0.08861811132650105,0.11404757064443917
203,0.22408218722271522,0.21016683822267967,0.21277234517069832,363700,1,0,hebo,roc_auc,binary,LGBM,,False,cv,0.0,78,3,3,LGBM_363700_20260405_160514,363700_rep1_fold0_hebo_roc_auc_cv,LGBM_363700_20260405_160514::363700_rep1_fold0_hebo_roc_auc_cv,0.7999903897617443,0.08861811132650105,0.11404757064443917
204,0.22408218722271522,0.21016683822267967,0.21277234517069832,363700,1,0,hebo,roc_auc,binary,LGBM,,False,cv,0.0,78,3,3,LGBM_363700_20260405_160514,363700_rep1_fold0_hebo_roc_auc_cv,LGBM_363700_20260405_160514::363700_rep1_fold0_hebo_roc_auc_cv,0.7999903897617443,0.08861811132650105,0.11404757064443917
205,0.22408218722271522,0.21016683822267967,0.21277234517069832,363700,1,0,hebo,roc_auc,binary,LGBM,,False,cv,0.0,78,3,3,LGBM_363700_20260405_160514,363700_rep1_fold0_hebo_roc_auc_cv,LGBM_363700_20260405_160514::363700_rep1_fold0_hebo_roc_auc_cv,0.7999903897617443,0.08861811132650105,0.11404757064443917
206,0.22408218722271522,0.21016683822267967,0.21277234517069832,363700,1,0,hebo,roc_auc,binary,LGBM,,False,cv,0.0,78,3,3,LGBM_363700_20260405_160514,363700_rep1_fold0_hebo_roc_auc_cv,LGBM_363700_20260405_160514::363700_rep1_fold0_hebo_roc_auc_cv,0.7999903897617443,0.08861811132650105,0.11404757064443917
207,0.22408218722271522,0.21016683822267967,0.21277234517069832,363700,1,0,hebo,roc_auc,binary,LGBM,,False,cv,0.0,78,3,3,LGBM_363700_20260405_160514,363700_rep1_fold0_hebo_roc_auc_cv,LGBM_363700_20260405_160514::363700_rep1_fold0_hebo_roc_auc_cv,0.7999903897617443,0.08861811132650105,0.11404757064443917
208,0.22408218722271522,0.21016683822267967,0.21277234517069832,363700,1,0,hebo,roc_auc,binary,LGBM,,False,cv,0.0,78,3,3,LGBM_363700_20260405_160514,363700_rep1_fold0_hebo_roc_auc_cv,LGBM_363700_20260405_160514::363700_rep1_fold0_hebo_roc_auc_cv,0.7999903897617443,0.08861811132650105,0.11404757064443917
209,0.22408218722271522,0.21016683822267967,0.21277234517069832,363700,1,0,hebo,roc_auc,binary,LGBM,,False,cv,0.0,78,3,3,LGBM_363700_20260405_160514,363700_rep1_fold0_hebo_roc_auc_cv,LGBM_363700_20260405_160514::363700_rep1_fold0_hebo_roc_auc_cv,0.7999903897617443,0.08861811132650105,0.11404757064443917
210,0.22408218722271522,0.21016683822267967,0.21277234517069832,363700,1,0,hebo,roc_auc,binary,LGBM,,False,cv,0.0,78,3,3,LGBM_363700_20260405_160514,363700_rep1_fold0_hebo_roc_auc_cv,LGBM_363700_20260405_160514::363700_rep1_fold0_hebo_roc_auc_cv,0.7999903897617443,0.08861811132650105,0.11404757064443917
211,0.22408218722271522,0.21016683822267967,0.21277234517069832,363700,1,0,hebo,roc_auc,binary,LGBM,,False,cv,0.0,78,3,3,LGBM_363700_20260405_160514,363700_rep1_fold0_hebo_roc_auc_cv,LGBM_363700_20260405_160514::363700_rep1_fold0_hebo_roc_auc_cv,0.7999903897617443,0.08861811132650105,0.11404757064443917
212,0.22408218722271522,0.21016683822267967,0.21277234517069832,363700,1,0,hebo,roc_auc,binary,LGBM,,False,cv,0.0,78,3,3,LGBM_363700_20260405_160514,363700_rep1_fold0_hebo_roc_auc_cv,LGBM_363700_20260405_160514::363700_rep1_fold0_hebo_roc_auc_cv,0.7999903897617443,0.08861811132650105,0.11404757064443917
213,0.22408218722271522,0.21016683822267967,0.21277234517069832,363700,1,0,hebo,roc_auc,binary,LGBM,,False,cv,0.0,78,3,3,LGBM_363700_20260405_160514,363700_rep1_fold0_hebo_roc_auc_cv,LGBM_363700_20260405_160514::363700_rep1_fold0_hebo_roc_auc_cv,0.7999903897617443,0.08861811132650105,0.11404757064443917
214,0.22408218722271522,0.21016683822267967,0.21277234517069832,363700,1,0,hebo,roc_auc,binary,LGBM,,False,cv,0.0,78,3,3,LGBM_363700_20260405_160514,363700_rep1_fold0_hebo_roc_auc_cv,LGBM_363700_20260405_160514::363700_rep1_fold0_hebo_roc_auc_cv,0.7999903897617443,0.08861811132650105,0.11404757064443917
215,0.22408218722271522,0.21016683822267967,0.21277234517069832,363700,1,0,hebo,roc_auc,binary,LGBM,,False,cv,0.0,78,3,3,LGBM_363700_20260405_160514,363700_rep1_fold0_hebo_roc_auc_cv,LGBM_363700_20260405_160514::363700_rep1_fold0_hebo_roc_auc_cv,0.7999903897617443,0.08861811132650105,0.11404757064443917
216,0.22408218722271522,0.21016683822267967,0.21277234517069832,363700,1,0,hebo,roc_auc,binary,LGBM,,False,cv,0.0,78,3,3,LGBM_363700_20260405_160514,363700_rep1_fold0_hebo_roc_auc_cv,LGBM_363700_20260405_160514::363700_rep1_fold0_hebo_roc_auc_cv,0.7999903897617443,0.08861811132650105,0.11404757064443917
217,0.22408218722271522,0.21016683822267967,0.21277234517069832,363700,1,0,hebo,roc_auc,binary,LGBM,,False,cv,0.0,78,3,3,LGBM_363700_20260405_160514,363700_rep1_fold0_hebo_roc_auc_cv,LGBM_363700_20260405_160514::363700_rep1_fold0_hebo_roc_auc_cv,0.7999903897617443,0.08861811132650105,0.11404757064443917
218,0.22408218722271522,0.21016683822267967,0.21277234517069832,363700,1,0,hebo,roc_auc,binary,LGBM,,False,cv,0.0,78,3,3,LGBM_363700_20260405_160514,363700_rep1_fold0_hebo_roc_auc_cv,LGBM_363700_20260405_160514::363700_rep1_fold0_hebo_roc_auc_cv,0.7999903897617443,0.08861811132650105,0.11404757064443917
219,0.22408218722271522,0.21016683822267967,0.21277234517069832,363700,1,0,hebo,roc_auc,binary,LGBM,,False,cv,0.0,78,3,3,LGBM_363700_20260405_160514,363700_rep1_fold0_hebo_roc_auc_cv,LGBM_363700_20260405_160514::363700_rep1_fold0_hebo_roc_auc_cv,0.7999903897617443,0.08861811132650105,0.11404757064443917
220,0.22408218722271522,0.21016683822267967,0.21277234517069832,363700,1,0,hebo,roc_auc,binary,LGBM,,False,cv,0.0,78,3,3,LGBM_363700_20260405_160514,363700_rep1_fold0_hebo_roc_auc_cv,LGBM_363700_20260405_160514::363700_rep1_fold0_hebo_roc_auc_cv,0.7999903897617443,0.08861811132650105,0.11404757064443917
221,0.22408218722271522,0.21016683822267967,0.21277234517069832,363700,1,0,hebo,roc_auc,binary,LGBM,,False,cv,0.0,78,3,3,LGBM_363700_20260405_160514,363700_rep1_fold0_hebo_roc_auc_cv,LGBM_363700_20260405_160514::363700_rep1_fold0_hebo_roc_auc_cv,0.7999903897617443,0.08861811132650105,0.11404757064443917
222,0.22408218722271522,0.21016683822267967,0.21277234517069832,363700,1,0,hebo,roc_auc,binary,LGBM,,False,cv,0.0,78,3,3,LGBM_363700_20260405_160514,363700_rep1_fold0_hebo_roc_auc_cv,LGBM_363700_20260405_160514::363700_rep1_fold0_hebo_roc_auc_cv,0.7999903897617443,0.08861811132650105,0.11404757064443917
223,0.22408218722271522,0.21016683822267967,0.21277234517069832,363700,1,0,hebo,roc_auc,binary,LGBM,,False,cv,0.0,78,3,3,LGBM_363700_20260405_160514,363700_rep1_fold0_hebo_roc_auc_cv,LGBM_363700_20260405_160514::363700_rep1_fold0_hebo_roc_auc_cv,0.7999903897617443,0.08861811132650105,0.11404757064443917
224,0.22408218722271522,0.21016683822267967,0.21277234517069832,363700,1,0,hebo,roc_auc,binary,LGBM,,False,cv,0.0,78,3,3,LGBM_363700_20260405_160514,363700_rep1_fold0_hebo_roc_auc_cv,LGBM_363700_20260405_160514::363700_rep1_fold0_hebo_roc_auc_cv,0.7999903897617443,0.08861811132650105,0.11404757064443917
225,0.22408218722271522,0.21016683822267967,0.21277234517069832,363700,1,0,hebo,roc_auc,binary,LGBM,,False,cv,0.0,78,3,3,LGBM_363700_20260405_160514,363700_rep1_fold0_hebo_roc_auc_cv,LGBM_363700_20260405_160514::363700_rep1_fold0_hebo_roc_auc_cv,0.7999903897617443,0.08861811132650105,0.11404757064443917
226,0.22408218722271522,0.21016683822267967,0.21277234517069832,363700,1,0,hebo,roc_auc,binary,LGBM,,False,cv,0.0,78,3,3,LGBM_363700_20260405_160514,363700_rep1_fold0_hebo_roc_auc_cv,LGBM_363700_20260405_160514::363700_rep1_fold0_hebo_roc_auc_cv,0.7999903897617443,0.08861811132650105,0.11404757064443917
227,0.22408218722271522,0.21016683822267967,0.21277234517069832,363700,1,0,hebo,roc_auc,binary,LGBM,,False,cv,0.0,78,3,3,LGBM_363700_20260405_160514,363700_rep1_fold0_hebo_roc_auc_cv,LGBM_363700_20260405_160514::363700_rep1_fold0_hebo_roc_auc_cv,0.7999903897617443,0.08861811132650105,0.11404757064443917
228,0.22408218722271522,0.21016683822267967,0.21277234517069832,363700,1,0,hebo,roc_auc,binary,LGBM,,False,cv,0.0,78,3,3,LGBM_363700_20260405_160514,363700_rep1_fold0_hebo_roc_auc_cv,LGBM_363700_20260405_160514::363700_rep1_fold0_hebo_roc_auc_cv,0.7999903897617443,0.08861811132650105,0.11404757064443917
229,0.22408218722271522,0.21016683822267967,0.21277234517069832,363700,1,0,hebo,roc_auc,binary,LGBM,,False,cv,0.0,78,3,3,LGBM_363700_20260405_160514,363700_rep1_fold0_hebo_roc_auc_cv,LGBM_363700_20260405_160514::363700_rep1_fold0_hebo_roc_auc_cv,0.7999903897617443,0.08861811132650105,0.11404757064443917
230,0.22408218722271522,0.21016683822267967,0.21277234517069832,363700,1,0,hebo,roc_auc,binary,LGBM,,False,cv,0.0,78,3,3,LGBM_363700_20260405_160514,363700_rep1_fold0_hebo_roc_auc_cv,LGBM_363700_20260405_160514::363700_rep1_fold0_hebo_roc_auc_cv,0.7999903897617443,0.08861811132650105,0.11404757064443917
231,0.2237965838509317,0.21149639732372627,0.21363012523588942,363700,1,0,hebo,roc_auc,binary,LGBM,,False,cv,0.0,78,3,3,LGBM_363700_20260405_160514,363700_rep1_fold0_hebo_roc_auc_cv,LGBM_363700_20260405_160514::363700_rep1_fold0_hebo_roc_auc_cv,0.7974146220880081,0.12295762946552342,0.13031103882902612
232,0.2237965838509317,0.21149639732372627,0.21363012523588942,363700,1,0,hebo,roc_auc,binary,LGBM,,False,cv,0.0,78,3,3,LGBM_363700_20260405_160514,363700_rep1_fold0_hebo_roc_auc_cv,LGBM_363700_20260405_160514::363700_rep1_fold0_hebo_roc_auc_cv,0.7974146220880081,0.12295762946552342,0.13031103882902612
233,0.2237965838509317,0.21149639732372627,0.21363012523588942,363700,1,0,hebo,roc_auc,binary,LGBM,,False,cv,0.0,78,3,3,LGBM_363700_20260405_160514,363700_rep1_fold0_hebo_roc_auc_cv,LGBM_363700_20260405_160514::363700_rep1_fold0_hebo_roc_auc_cv,0.7974146220880081,0.12295762946552342,0.13031103882902612
234,0.22356089174800375,0.2109281180305369,0.21272945616743866,363700,1,0,hebo,roc_auc,binary,LGBM,,False,cv,0.0,78,3,3,LGBM_363700_20260405_160514,363700_rep1_fold0_hebo_roc_auc_cv,LGBM_363700_20260405_160514::363700_rep1_fold0_hebo_roc_auc_cv,0.795288988570849,0.10828025477706783,0.11323439723520781
235,0.22356089174800375,0.2109281180305369,0.21272945616743866,363700,1,0,hebo,roc_auc,binary,LGBM,,False,cv,0.0,78,3,3,LGBM_363700_20260405_160514,363700_rep1_fold0_hebo_roc_auc_cv,LGBM_363700_20260405_160514::363700_rep1_fold0_hebo_roc_auc_cv,0.795288988570849,0.10828025477706783,0.11323439723520781
236,0.22392413487133989,0.20974867044089884,0.2117215645908388,363700,1,0,hebo,roc_auc,binary,LGBM,,False,cv,0.0,78,3,3,LGBM_363700_20260405_160514,363700_rep1_fold0_hebo_roc_auc_cv,LGBM_363700_20260405_160514::363700_rep1_fold0_hebo_roc_auc_cv,0.7985649649325893,0.07781777900858149,0.09412482211831219
237,0.22362189440993796,0.21059572825527528,0.21292245668210674,363700,1,0,hebo,roc_auc,binary,LGBM,,False,cv,0.0,78,3,3,LGBM_363700_20260405_160514,363700_rep1_fold0_hebo_roc_auc_cv,LGBM_363700_20260405_160514::363700_rep1_fold0_hebo_roc_auc_cv,0.7958391525399953,0.09969537524231296,0.11689367757674152
238,0.22362189440993796,0.21059572825527528,0.21292245668210674,363700,1,0,hebo,roc_auc,binary,LGBM,,False,cv,0.0,78,3,3,LGBM_363700_20260405_160514,363700_rep1_fold0_hebo_roc_auc_cv,LGBM_363700_20260405_160514::363700_rep1_fold0_hebo_roc_auc_cv,0.7958391525399953,0.09969537524231296,0.11689367757674152
239,0.22362189440993796,0.21059572825527528,0.21292245668210674,363700,1,0,hebo,roc_auc,binary,LGBM,,False,cv,0.0,78,3,3,LGBM_363700_20260405_160514,363700_rep1_fold0_hebo_roc_auc_cv,LGBM_363700_20260405_160514::363700_rep1_fold0_hebo_roc_auc_cv,0.7958391525399953,0.09969537524231296,0.11689367757674152
240,0.22362189440993796,0.21059572825527528,0.21292245668210674,363700,1,0,hebo,roc_auc,binary,LGBM,,False,cv,0.0,78,3,3,LGBM_363700_20260405_160514,363700_rep1_fold0_hebo_roc_auc_cv,LGBM_363700_20260405_160514::363700_rep1_fold0_hebo_roc_auc_cv,0.7958391525399953,0.09969537524231296,0.11689367757674152
241,0.22362189440993796,0.21059572825527528,0.21292245668210674,363700,1,0,hebo,roc_auc,binary,LGBM,,False,cv,0.0,78,3,3,LGBM_363700_20260405_160514,363700_rep1_fold0_hebo_roc_auc_cv,LGBM_363700_20260405_160514::363700_rep1_fold0_hebo_roc_auc_cv,0.7958391525399953,0.09969537524231296,0.11689367757674152
242,0.2237355811889974,0.20984517069823294,0.21127123005661352,363700,1,0,hebo,roc_auc,binary,LGBM,,False,cv,0.0,78,3,3,LGBM_363700_20260405_160514,363700_rep1_fold0_hebo_roc_auc_cv,LGBM_363700_20260405_160514::363700_rep1_fold0_hebo_roc_auc_cv,0.7968644581188609,0.08031016338964139,0.08558650132140515
243,0.2237355811889974,0.20984517069823294,0.21127123005661352,363700,1,0,hebo,roc_auc,binary,LGBM,,False,cv,0.0,78,3,3,LGBM_363700_20260405_160514,363700_rep1_fold0_hebo_roc_auc_cv,LGBM_363700_20260405_160514::363700_rep1_fold0_hebo_roc_auc_cv,0.7968644581188609,0.08031016338964139,0.08558650132140515
244,0.2237355811889974,0.20984517069823294,0.21127123005661352,363700,1,0,hebo,roc_auc,binary,LGBM,,False,cv,0.0,78,3,3,LGBM_363700_20260405_160514,363700_rep1_fold0_hebo_roc_auc_cv,LGBM_363700_20260405_160514::363700_rep1_fold0_hebo_roc_auc_cv,0.7968644581188609,0.08031016338964139,0.08558650132140515
245,0.2237355811889974,0.20984517069823294,0.21127123005661352,363700,1,0,hebo,roc_auc,binary,LGBM,,False,cv,0.0,78,3,3,LGBM_363700_20260405_160514,363700_rep1_fold0_hebo_roc_auc_cv,LGBM_363700_20260405_160514::363700_rep1_fold0_hebo_roc_auc_cv,0.7968644581188609,0.08031016338964139,0.08558650132140515
246,0.2237355811889974,0.20984517069823294,0.21127123005661352,363700,1,0,hebo,roc_auc,binary,LGBM,,False,cv,0.0,78,3,3,LGBM_363700_20260405_160514,363700_rep1_fold0_hebo_roc_auc_cv,LGBM_363700_20260405_160514::363700_rep1_fold0_hebo_roc_auc_cv,0.7968644581188609,0.08031016338964139,0.08558650132140515
247,0.22339174800354933,0.21071367301423916,0.21257934465603012,363700,1,0,hebo,roc_auc,binary,LGBM,,False,cv,0.0,78,3,3,LGBM_363700_20260405_160514,363700_rep1_fold0_hebo_roc_auc_cv,LGBM_363700_20260405_160514::363700_rep1_fold0_hebo_roc_auc_cv,0.7937635339291207,0.10274162281916331,0.11038829030290337
248,0.22339174800354933,0.21071367301423916,0.21257934465603012,363700,1,0,hebo,roc_auc,binary,LGBM,,False,cv,0.0,78,3,3,LGBM_363700_20260405_160514,363700_rep1_fold0_hebo_roc_auc_cv,LGBM_363700_20260405_160514::363700_rep1_fold0_hebo_roc_auc_cv,0.7937635339291207,0.10274162281916331,0.11038829030290337
249,0.22339174800354933,0.21071367301423916,0.21257934465603012,363700,1,0,hebo,roc_auc,binary,LGBM,,False,cv,0.0,78,3,3,LGBM_363700_20260405_160514,363700_rep1_fold0_hebo_roc_auc_cv,LGBM_363700_20260405_160514::363700_rep1_fold0_hebo_roc_auc_cv,0.7937635339291207,0.10274162281916331,0.11038829030290337
0,0.21643681396003378,0.23010110391118044,0.2332355362306604,363700,0,0,smac,roc_auc,binary,LGBM,,False,holdout,0.0,78,3,3,LGBM_363700_20260405_160514,363700_rep0_fold0_smac_roc_auc_holdout,LGBM_363700_20260405_160514::363700_rep0_fold0_smac_roc_auc_holdout,0.4292451649689559,0.08982558139534653,0.118254879448909
1,0.21643681396003378,0.23010110391118044,0.2332355362306604,363700,0,0,smac,roc_auc,binary,LGBM,,False,holdout,0.0,78,3,3,LGBM_363700_20260405_160514,363700_rep0_fold0_smac_roc_auc_holdout,LGBM_363700_20260405_160514::363700_rep0_fold0_smac_roc_auc_holdout,0.4292451649689559,0.08982558139534653,0.118254879448909
2,0.21643681396003378,0.23010110391118044,0.2332355362306604,363700,0,0,smac,roc_auc,binary,LGBM,,False,holdout,0.0,78,3,3,LGBM_363700_20260405_160514,363700_rep0_fold0_smac_roc_auc_holdout,LGBM_363700_20260405_160514::363700_rep0_fold0_smac_roc_auc_holdout,0.4292451649689559,0.08982558139534653,0.118254879448909
3,0.21643681396003378,0.23010110391118044,0.2332355362306604,363700,0,0,smac,roc_auc,binary,LGBM,,False,holdout,0.0,78,3,3,LGBM_363700_20260405_160514,363700_rep0_fold0_smac_roc_auc_holdout,LGBM_363700_20260405_160514::363700_rep0_fold0_smac_roc_auc_holdout,0.4292451649689559,0.08982558139534653,0.118254879448909
4,0.203912186884323,0.2333410726723938,0.22915127593558038,363700,0,0,smac,roc_auc,binary,LGBM,,False,holdout,0.0,78,3,3,LGBM_363700_20260405_160514,363700_rep0_fold0_smac_roc_auc_holdout,LGBM_363700_20260405_160514::363700_rep0_fold0_smac_roc_auc_holdout,0.25238025903267103,0.17906976744186104,0.029391504018366318
5,0.203912186884323,0.2333410726723938,0.22915127593558038,363700,0,0,smac,roc_auc,binary,LGBM,,False,holdout,0.0,78,3,3,LGBM_363700_20260405_160514,363700_rep0_fold0_smac_roc_auc_holdout,LGBM_363700_20260405_160514::363700_rep0_fold0_smac_roc_auc_holdout,0.25238025903267103,0.17906976744186104,0.029391504018366318
6,0.20503799605966788,0.23328830445152704,0.22956286805834059,363700,0,0,smac,roc_auc,binary,LGBM,,False,holdout,0.0,78,3,3,LGBM_363700_20260405_160514,363700_rep0_fold0_smac_roc_auc_holdout,LGBM_363700_20260405_160514::363700_rep0_fold0_smac_roc_auc_holdout,0.2682782281055968,0.17761627906976568,0.0383467278989681
7,0.20503799605966788,0.23328830445152704,0.22956286805834059,363700,0,0,smac,roc_auc,binary,LGBM,,False,holdout,0.0,78,3,3,LGBM_363700_20260405_160514,363700_rep0_fold0_smac_roc_auc_holdout,LGBM_363700_20260405_160514::363700_rep0_fold0_smac_roc_auc_holdout,0.2682782281055968,0.17761627906976568,0.0383467278989681
8,0.20503799605966788,0.23328830445152704,0.22956286805834059,363700,0,0,smac,roc_auc,binary,LGBM,,False,holdout,0.0,78,3,3,LGBM_363700_20260405_160514,363700_rep0_fold0_smac_roc_auc_holdout,LGBM_363700_20260405_160514::363700_rep0_fold0_smac_roc_auc_holdout,0.2682782281055968,0.17761627906976568,0.0383467278989681
9,0.20503799605966788,0.23328830445152704,0.22956286805834059,363700,0,0,smac,roc_auc,binary,LGBM,,False,holdout,0.0,78,3,3,LGBM_363700_20260405_160514,363700_rep0_fold0_smac_roc_auc_holdout,LGBM_363700_20260405_160514::363700_rep0_fold0_smac_roc_auc_holdout,0.2682782281055968,0.17761627906976568,0.0383467278989681
10,0.20503799605966788,0.23328830445152704,0.22956286805834059,363700,0,0,smac,roc_auc,binary,LGBM,,False,holdout,0.0,78,3,3,LGBM_363700_20260405_160514,363700_rep0_fold0_smac_roc_auc_holdout,LGBM_363700_20260405_160514::363700_rep0_fold0_smac_roc_auc_holdout,0.2682782281055968,0.17761627906976568,0.0383467278989681
11,0.20503799605966788,0.23328830445152704,0.22956286805834059,363700,0,0,smac,roc_auc,binary,LGBM,,False,holdout,0.0,78,3,3,LGBM_363700_20260405_160514,363700_rep0_fold0_smac_roc_auc_holdout,LGBM_363700_20260405_160514::363700_rep0_fold0_smac_roc_auc_holdout,0.2682782281055968,0.17761627906976568,0.0383467278989681
12,0.20503799605966788,0.23328830445152704,0.22956286805834059,363700,0,0,smac,roc_auc,binary,LGBM,,False,holdout,0.0,78,3,3,LGBM_363700_20260405_160514,363700_rep0_fold0_smac_roc_auc_holdout,LGBM_363700_20260405_160514::363700_rep0_fold0_smac_roc_auc_holdout,0.2682782281055968,0.17761627906976568,0.0383467278989681
13,0.20468618069237265,0.23119868290520718,0.2395888300230069,363700,0,0,smac,roc_auc,binary,LGBM,,False,holdout,0.0,78,3,3,LGBM_363700_20260405_160514,363700_rep0_fold0_smac_roc_auc_holdout,LGBM_363700_20260405_160514::363700_rep0_fold0_smac_roc_auc_holdout,0.2633101127703082,0.12005813953488419,0.25648679678530445
14,0.20468618069237265,0.23119868290520718,0.2395888300230069,363700,0,0,smac,roc_auc,binary,LGBM,,False,holdout,0.0,78,3,3,LGBM_363700_20260405_160514,363700_rep0_fold0_smac_roc_auc_holdout,LGBM_363700_20260405_160514::363700_rep0_fold0_smac_roc_auc_holdout,0.2633101127703082,0.12005813953488419,0.25648679678530445
15,0.20468618069237265,0.23119868290520718,0.2395888300230069,363700,0,0,smac,roc_auc,binary,LGBM,,False,holdout,0.0,78,3,3,LGBM_363700_20260405_160514,363700_rep0_fold0_smac_roc_auc_holdout,LGBM_363700_20260405_160514::363700_rep0_fold0_smac_roc_auc_holdout,0.2633101127703082,0.12005813953488419,0.25648679678530445
16,0.20468618069237265,0.23119868290520718,0.2395888300230069,363700,0,0,smac,roc_auc,binary,LGBM,,False,holdout,0.0,78,3,3,LGBM_363700_20260405_160514,363700_rep0_fold0_smac_roc_auc_holdout,LGBM_363700_20260405_160514::363700_rep0_fold0_smac_roc_auc_holdout,0.2633101127703082,0.12005813953488419,0.25648679678530445
17,0.20468618069237265,0.23119868290520718,0.2395888300230069,363700,0,0,smac,roc_auc,binary,LGBM,,False,holdout,0.0,78,3,3,LGBM_363700_20260405_160514,363700_rep0_fold0_smac_roc_auc_holdout,LGBM_363700_20260405_160514::363700_rep0_fold0_smac_roc_auc_holdout,0.2633101127703082,0.12005813953488419,0.25648679678530445
18,0.20468618069237265,0.23119868290520718,0.2395888300230069,363700,0,0,smac,roc_auc,binary,LGBM,,False,holdout,0.0,78,3,3,LGBM_363700_20260405_160514,363700_rep0_fold0_smac_roc_auc_holdout,LGBM_363700_20260405_160514::363700_rep0_fold0_smac_roc_auc_holdout,0.2633101127703082,0.12005813953488419,0.25648679678530445
19,0.19919786096256686,0.24128796673491348,0.24457015007282012,363700,0,0,smac,roc_auc,binary,LGBM,,False,holdout,0.0,78,3,3,LGBM_363700_20260405_160514,363700_rep0_fold0_smac_roc_auc_holdout,LGBM_363700_20260405_160514::363700_rep0_fold0_smac_roc_auc_holdout,0.18580751353980218,0.3979651162790677,0.3648679678530434
20,0.19919786096256686,0.24128796673491348,0.24457015007282012,363700,0,0,smac,roc_auc,binary,LGBM,,False,holdout,0.0,78,3,3,LGBM_363700_20260405_160514,363700_rep0_fold0_smac_roc_auc_holdout,LGBM_363700_20260405_160514::363700_rep0_fold0_smac_roc_auc_holdout,0.18580751353980218,0.3979651162790677,0.3648679678530434
21,0.19919786096256686,0.24128796673491348,0.24457015007282012,363700,0,0,smac,roc_auc,binary,LGBM,,False,holdout,0.0,78,3,3,LGBM_363700_20260405_160514,363700_rep0_fold0_smac_roc_auc_holdout,LGBM_363700_20260405_160514::363700_rep0_fold0_smac_roc_auc_holdout,0.18580751353980218,0.3979651162790677,0.3648679678530434
22,0.19919786096256686,0.24128796673491348,0.24457015007282012,363700,0,0,smac,roc_auc,binary,LGBM,,False,holdout,0.0,78,3,3,LGBM_363700_20260405_160514,363700_rep0_fold0_smac_roc_auc_holdout,LGBM_363700_20260405_160514::363700_rep0_fold0_smac_roc_auc_holdout,0.18580751353980218,0.3979651162790677,0.3648679678530434
23,0.19919786096256686,0.24128796673491348,0.24457015007282012,363700,0,0,smac,roc_auc,binary,LGBM,,False,holdout,0.0,78,3,3,LGBM_363700_20260405_160514,363700_rep0_fold0_smac_roc_auc_holdout,LGBM_363700_20260405_160514::363700_rep0_fold0_smac_roc_auc_holdout,0.18580751353980218,0.3979651162790677,0.3648679678530434
24,0.19919786096256686,0.24128796673491348,0.24457015007282012,363700,0,0,smac,roc_auc,binary,LGBM,,False,holdout,0.0,78,3,3,LGBM_363700_20260405_160514,363700_rep0_fold0_smac_roc_auc_holdout,LGBM_363700_20260405_160514::363700_rep0_fold0_smac_roc_auc_holdout,0.18580751353980218,0.3979651162790677,0.3648679678530434
25,0.19919786096256686,0.24128796673491348,0.24457015007282012,363700,0,0,smac,roc_auc,binary,LGBM,,False,holdout,0.0,78,3,3,LGBM_363700_20260405_160514,363700_rep0_fold0_smac_roc_auc_holdout,LGBM_363700_20260405_160514::363700_rep0_fold0_smac_roc_auc_holdout,0.18580751353980218,0.3979651162790677,0.3648679678530434
26,0.19919786096256686,0.24128796673491348,0.24457015007282012,363700,0,0,smac,roc_auc,binary,LGBM,,False,holdout,0.0,78,3,3,LGBM_363700_20260405_160514,363700_rep0_fold0_smac_roc_auc_holdout,LGBM_363700_20260405_160514::363700_rep0_fold0_smac_roc_auc_holdout,0.18580751353980218,0.3979651162790677,0.3648679678530434
27,0.19919786096256686,0.24128796673491348,0.24457015007282012,363700,0,0,smac,roc_auc,binary,LGBM,,False,holdout,0.0,78,3,3,LGBM_363700_20260405_160514,363700_rep0_fold0_smac_roc_auc_holdout,LGBM_363700_20260405_160514::363700_rep0_fold0_smac_roc_auc_holdout,0.18580751353980218,0.3979651162790677,0.3648679678530434
28,0.19919786096256686,0.24128796673491348,0.24457015007282012,363700,0,0,smac,roc_auc,binary,LGBM,,False,holdout,0.0,78,3,3,LGBM_363700_20260405_160514,363700_rep0_fold0_smac_roc_auc_holdout,LGBM_363700_20260405_160514::363700_rep0_fold0_smac_roc_auc_holdout,0.18580751353980218,0.3979651162790677,0.3648679678530434
29,0.19919786096256686,0.24128796673491348,0.24457015007282012,363700,0,0,smac,roc_auc,binary,LGBM,,False,holdout,0.0,78,3,3,LGBM_363700_20260405_160514,363700_rep0_fold0_smac_roc_auc_holdout,LGBM_363700_20260405_160514::363700_rep0_fold0_smac_roc_auc_holdout,0.18580751353980218,0.3979651162790677,0.3648679678530434
30,0.19919786096256686,0.24128796673491348,0.24457015007282012,363700,0,0,smac,roc_auc,binary,LGBM,,False,holdout,0.0,78,3,3,LGBM_363700_20260405_160514,363700_rep0_fold0_smac_roc_auc_holdout,LGBM_363700_20260405_160514::363700_rep0_fold0_smac_roc_auc_holdout,0.18580751353980218,0.3979651162790677,0.3648679678530434
31,0.19919786096256686,0.24128796673491348,0.24457015007282012,363700,0,0,smac,roc_auc,binary,LGBM,,False,holdout,0.0,78,3,3,LGBM_363700_20260405_160514,363700_rep0_fold0_smac_roc_auc_holdout,LGBM_363700_20260405_160514::363700_rep0_fold0_smac_roc_auc_holdout,0.18580751353980218,0.3979651162790677,0.3648679678530434
32,0.19919786096256686,0.24128796673491348,0.24457015007282012,363700,0,0,smac,roc_auc,binary,LGBM,,False,holdout,0.0,78,3,3,LGBM_363700_20260405_160514,363700_rep0_fold0_smac_roc_auc_holdout,LGBM_363700_20260405_160514::363700_rep0_fold0_smac_roc_auc_holdout,0.18580751353980218,0.3979651162790677,0.3648679678530434
33,0.19919786096256686,0.24128796673491348,0.24457015007282012,363700,0,0,smac,roc_auc,binary,LGBM,,False,holdout,0.0,78,3,3,LGBM_363700_20260405_160514,363700_rep0_fold0_smac_roc_auc_holdout,LGBM_363700_20260405_160514::363700_rep0_fold0_smac_roc_auc_holdout,0.18580751353980218,0.3979651162790677,0.3648679678530434
34,0.19919786096256686,0.24128796673491348,0.24457015007282012,363700,0,0,smac,roc_auc,binary,LGBM,,False,holdout,0.0,78,3,3,LGBM_363700_20260405_160514,363700_rep0_fold0_smac_roc_auc_holdout,LGBM_363700_20260405_160514::363700_rep0_fold0_smac_roc_auc_holdout,0.18580751353980218,0.3979651162790677,0.3648679678530434
35,0.19919786096256686,0.24128796673491348,0.24457015007282012,363700,0,0,smac,roc_auc,binary,LGBM,,False,holdout,0.0,78,3,3,LGBM_363700_20260405_160514,363700_rep0_fold0_smac_roc_auc_holdout,LGBM_363700_20260405_160514::363700_rep0_fold0_smac_roc_auc_holdout,0.18580751353980218,0.3979651162790677,0.3648679678530434
36,0.19919786096256686,0.24128796673491348,0.24457015007282012,363700,0,0,smac,roc_auc,binary,LGBM,,False,holdout,0.0,78,3,3,LGBM_363700_20260405_160514,363700_rep0_fold0_smac_roc_auc_holdout,LGBM_363700_20260405_160514::363700_rep0_fold0_smac_roc_auc_holdout,0.18580751353980218,0.3979651162790677,0.3648679678530434
37,0.19919786096256686,0.24128796673491348,0.24457015007282012,363700,0,0,smac,roc_auc,binary,LGBM,,False,holdout,0.0,78,3,3,LGBM_363700_20260405_160514,363700_rep0_fold0_smac_roc_auc_holdout,LGBM_363700_20260405_160514::363700_rep0_fold0_smac_roc_auc_holdout,0.18580751353980218,0.3979651162790677,0.3648679678530434
38,0.19919786096256686,0.24128796673491348,0.24457015007282012,363700,0,0,smac,roc_auc,binary,LGBM,,False,holdout,0.0,78,3,3,LGBM_363700_20260405_160514,363700_rep0_fold0_smac_roc_auc_holdout,LGBM_363700_20260405_160514::363700_rep0_fold0_smac_roc_auc_holdout,0.18580751353980218,0.3979651162790677,0.3648679678530434
39,0.19919786096256686,0.24128796673491348,0.24457015007282012,363700,0,0,smac,roc_auc,binary,LGBM,,False,holdout,0.0,78,3,3,LGBM_363700_20260405_160514,363700_rep0_fold0_smac_roc_auc_holdout,LGBM_363700_20260405_160514::363700_rep0_fold0_smac_roc_auc_holdout,0.18580751353980218,0.3979651162790677,0.3648679678530434
40,0.19919786096256686,0.24128796673491348,0.24457015007282012,363700,0,0,smac,roc_auc,binary,LGBM,,False,holdout,0.0,78,3,3,LGBM_363700_20260405_160514,363700_rep0_fold0_smac_roc_auc_holdout,LGBM_363700_20260405_160514::363700_rep0_fold0_smac_roc_auc_holdout,0.18580751353980218,0.3979651162790677,0.3648679678530434
41,0.19919786096256686,0.24128796673491348,0.24457015007282012,363700,0,0,smac,roc_auc,binary,LGBM,,False,holdout,0.0,78,3,3,LGBM_363700_20260405_160514,363700_rep0_fold0_smac_roc_auc_holdout,LGBM_363700_20260405_160514::363700_rep0_fold0_smac_roc_auc_holdout,0.18580751353980218,0.3979651162790677,0.3648679678530434
42,0.19919786096256686,0.24128796673491348,0.24457015007282012,363700,0,0,smac,roc_auc,binary,LGBM,,False,holdout,0.0,78,3,3,LGBM_363700_20260405_160514,363700_rep0_fold0_smac_roc_auc_holdout,LGBM_363700_20260405_160514::363700_rep0_fold0_smac_roc_auc_holdout,0.18580751353980218,0.3979651162790677,0.3648679678530434
43,0.19919786096256686,0.24128796673491348,0.24457015007282012,363700,0,0,smac,roc_auc,binary,LGBM,,False,holdout,0.0,78,3,3,LGBM_363700_20260405_160514,363700_rep0_fold0_smac_roc_auc_holdout,LGBM_363700_20260405_160514::363700_rep0_fold0_smac_roc_auc_holdout,0.18580751353980218,0.3979651162790677,0.3648679678530434
44,0.19919786096256686,0.24128796673491348,0.24457015007282012,363700,0,0,smac,roc_auc,binary,LGBM,,False,holdout,0.0,78,3,3,LGBM_363700_20260405_160514,363700_rep0_fold0_smac_roc_auc_holdout,LGBM_363700_20260405_160514::363700_rep0_fold0_smac_roc_auc_holdout,0.18580751353980218,0.3979651162790677,0.3648679678530434
45,0.19919786096256686,0.24128796673491348,0.24457015007282012,363700,0,0,smac,roc_auc,binary,LGBM,,False,holdout,0.0,78,3,3,LGBM_363700_20260405_160514,363700_rep0_fold0_smac_roc_auc_holdout,LGBM_363700_20260405_160514::363700_rep0_fold0_smac_roc_auc_holdout,0.18580751353980218,0.3979651162790677,0.3648679678530434
46,0.19919786096256686,0.24128796673491348,0.24457015007282012,363700,0,0,smac,roc_auc,binary,LGBM,,False,holdout,0.0,78,3,3,LGBM_363700_20260405_160514,363700_rep0_fold0_smac_roc_auc_holdout,LGBM_363700_20260405_160514::363700_rep0_fold0_smac_roc_auc_holdout,0.18580751353980218,0.3979651162790677,0.3648679678530434
47,0.19919786096256686,0.24128796673491348,0.24457015007282012,363700,0,0,smac,roc_auc,binary,LGBM,,False,holdout,0.0,78,3,3,LGBM_363700_20260405_160514,363700_rep0_fold0_smac_roc_auc_holdout,LGBM_363700_20260405_160514::363700_rep0_fold0_smac_roc_auc_holdout,0.18580751353980218,0.3979651162790677,0.3648679678530434
48,0.19919786096256686,0.24128796673491348,0.24457015007282012,363700,0,0,smac,roc_auc,binary,LGBM,,False,holdout,0.0,78,3,3,LGBM_363700_20260405_160514,363700_rep0_fold0_smac_roc_auc_holdout,LGBM_363700_20260405_160514::363700_rep0_fold0_smac_roc_auc_holdout,0.18580751353980218,0.3979651162790677,0.3648679678530434
49,0.19919786096256686,0.24128796673491348,0.24457015007282012,363700,0,0,smac,roc_auc,binary,LGBM,,False,holdout,0.0,78,3,3,LGBM_363700_20260405_160514,363700_rep0_fold0_smac_roc_auc_holdout,LGBM_363700_20260405_160514::363700_rep0_fold0_smac_roc_auc_holdout,0.18580751353980218,0.3979651162790677,0.3648679678530434
50,0.19919786096256686,0.24128796673491348,0.24457015007282012,363700,0,0,smac,roc_auc,binary,LGBM,,False,holdout,0.0,78,3,3,LGBM_363700_20260405_160514,363700_rep0_fold0_smac_roc_auc_holdout,LGBM_363700_20260405_160514::363700_rep0_fold0_smac_roc_auc_holdout,0.18580751353980218,0.3979651162790677,0.3648679678530434
51,0.19919786096256686,0.24128796673491348,0.24457015007282012,363700,0,0,smac,roc_auc,binary,LGBM,,False,holdout,0.0,78,3,3,LGBM_363700_20260405_160514,363700_rep0_fold0_smac_roc_auc_holdout,LGBM_363700_20260405_160514::363700_rep0_fold0_smac_roc_auc_holdout,0.18580751353980218,0.3979651162790677,0.3648679678530434
52,0.19919786096256686,0.24128796673491348,0.24457015007282012,363700,0,0,smac,roc_auc,binary,LGBM,,False,holdout,0.0,78,3,3,LGBM_363700_20260405_160514,363700_rep0_fold0_smac_roc_auc_holdout,LGBM_363700_20260405_160514::363700_rep0_fold0_smac_roc_auc_holdout,0.18580751353980218,0.3979651162790677,0.3648679678530434
53,0.19919786096256686,0.24128796673491348,0.24457015007282012,363700,0,0,smac,roc_auc,binary,LGBM,,False,holdout,0.0,78,3,3,LGBM_363700_20260405_160514,363700_rep0_fold0_smac_roc_auc_holdout,LGBM_363700_20260405_160514::363700_rep0_fold0_smac_roc_auc_holdout,0.18580751353980218,0.3979651162790677,0.3648679678530434
54,0.19919786096256686,0.24128796673491348,0.24457015007282012,363700,0,0,smac,roc_auc,binary,LGBM,,False,holdout,0.0,78,3,3,LGBM_363700_20260405_160514,363700_rep0_fold0_smac_roc_auc_holdout,LGBM_363700_20260405_160514::363700_rep0_fold0_smac_roc_auc_holdout,0.18580751353980218,0.3979651162790677,0.3648679678530434
55,0.19919786096256686,0.24128796673491348,0.24457015007282012,363700,0,0,smac,roc_auc,binary,LGBM,,False,holdout,0.0,78,3,3,LGBM_363700_20260405_160514,363700_rep0_fold0_smac_roc_auc_holdout,LGBM_363700_20260405_160514::363700_rep0_fold0_smac_roc_auc_holdout,0.18580751353980218,0.3979651162790677,0.3648679678530434
56,0.19919786096256686,0.24128796673491348,0.24457015007282012,363700,0,0,smac,roc_auc,binary,LGBM,,False,holdout,0.0,78,3,3,LGBM_363700_20260405_160514,363700_rep0_fold0_smac_roc_auc_holdout,LGBM_363700_20260405_160514::363700_rep0_fold0_smac_roc_auc_holdout,0.18580751353980218,0.3979651162790677,0.3648679678530434
57,0.19919786096256686,0.24128796673491348,0.24457015007282012,363700,0,0,smac,roc_auc,binary,LGBM,,False,holdout,0.0,78,3,3,LGBM_363700_20260405_160514,363700_rep0_fold0_smac_roc_auc_holdout,LGBM_363700_20260405_160514::363700_rep0_fold0_smac_roc_auc_holdout,0.18580751353980218,0.3979651162790677,0.3648679678530434
58,0.19434280889389255,0.23350993097916717,0.23914557696772698,363700,0,0,smac,roc_auc,binary,LGBM,,False,holdout,0.0,78,3,3,LGBM_363700_20260405_160514,363700_rep0_fold0_smac_roc_auc_holdout,LGBM_363700_20260405_160514::363700_rep0_fold0_smac_roc_auc_holdout,0.11724752191281662,0.1837209302325601,0.24684270952927825
59,0.19434280889389255,0.23350993097916717,0.23914557696772698,363700,0,0,smac,roc_auc,binary,LGBM,,False,holdout,0.0,78,3,3,LGBM_363700_20260405_160514,363700_rep0_fold0_smac_roc_auc_holdout,LGBM_363700_20260405_160514::363700_rep0_fold0_smac_roc_auc_holdout,0.11724752191281662,0.1837209302325601,0.24684270952927825
60,0.19434280889389255,0.23350993097916717,0.23914557696772698,363700,0,0,smac,roc_auc,binary,LGBM,,False,holdout,0.0,78,3,3,LGBM_363700_20260405_160514,363700_rep0_fold0_smac_roc_auc_holdout,LGBM_363700_20260405_160514::363700_rep0_fold0_smac_roc_auc_holdout,0.11724752191281662,0.1837209302325601,0.24684270952927825
61,0.19434280889389255,0.23350993097916717,0.23914557696772698,363700,0,0,smac,roc_auc,binary,LGBM,,False,holdout,0.0,78,3,3,LGBM_363700_20260405_160514,363700_rep0_fold0_smac_roc_auc_holdout,LGBM_363700_20260405_160514::363700_rep0_fold0_smac_roc_auc_holdout,0.11724752191281662,0.1837209302325601,0.24684270952927825
62,0.19434280889389255,0.23350993097916717,0.23914557696772698,363700,0,0,smac,roc_auc,binary,LGBM,,False,holdout,0.0,78,3,3,LGBM_363700_20260405_160514,363700_rep0_fold0_smac_roc_auc_holdout,LGBM_363700_20260405_160514::363700_rep0_fold0_smac_roc_auc_holdout,0.11724752191281662,0.1837209302325601,0.24684270952927825
63,0.19434280889389255,0.23350993097916717,0.23914557696772698,363700,0,0,smac,roc_auc,binary,LGBM,,False,holdout,0.0,78,3,3,LGBM_363700_20260405_160514,363700_rep0_fold0_smac_roc_auc_holdout,LGBM_363700_20260405_160514::363700_rep0_fold0_smac_roc_auc_holdout,0.11724752191281662,0.1837209302325601,0.24684270952927825
64,0.19434280889389255,0.23350993097916717,0.23914557696772698,363700,0,0,smac,roc_auc,binary,LGBM,,False,holdout,0.0,78,3,3,LGBM_363700_20260405_160514,363700_rep0_fold0_smac_roc_auc_holdout,LGBM_363700_20260405_160514::363700_rep0_fold0_smac_roc_auc_holdout,0.11724752191281662,0.1837209302325601,0.24684270952927825
65,0.19434280889389255,0.23350993097916717,0.23914557696772698,363700,0,0,smac,roc_auc,binary,LGBM,,False,holdout,0.0,78,3,3,LGBM_363700_20260405_160514,363700_rep0_fold0_smac_roc_auc_holdout,LGBM_363700_20260405_160514::363700_rep0_fold0_smac_roc_auc_holdout,0.11724752191281662,0.1837209302325601,0.24684270952927825
66,0.19434280889389255,0.23350993097916717,0.23914557696772698,363700,0,0,smac,roc_auc,binary,LGBM,,False,holdout,0.0,78,3,3,LGBM_363700_20260405_160514,363700_rep0_fold0_smac_roc_auc_holdout,LGBM_363700_20260405_160514::363700_rep0_fold0_smac_roc_auc_holdout,0.11724752191281662,0.1837209302325601,0.24684270952927825
67,0.19434280889389255,0.23350993097916717,0.23914557696772698,363700,0,0,smac,roc_auc,binary,LGBM,,False,holdout,0.0,78,3,3,LGBM_363700_20260405_160514,363700_rep0_fold0_smac_roc_auc_holdout,LGBM_363700_20260405_160514::363700_rep0_fold0_smac_roc_auc_holdout,0.11724752191281662,0.1837209302325601,0.24684270952927825
68,0.19434280889389255,0.23350993097916717,0.23914557696772698,363700,0,0,smac,roc_auc,binary,LGBM,,False,holdout,0.0,78,3,3,LGBM_363700_20260405_160514,363700_rep0_fold0_smac_roc_auc_holdout,LGBM_363700_20260405_160514::363700_rep0_fold0_smac_roc_auc_holdout,0.11724752191281662,0.1837209302325601,0.24684270952927825
69,0.19434280889389255,0.23350993097916717,0.23914557696772698,363700,0,0,smac,roc_auc,binary,LGBM,,False,holdout,0.0,78,3,3,LGBM_363700_20260405_160514,363700_rep0_fold0_smac_roc_auc_holdout,LGBM_363700_20260405_160514::363700_rep0_fold0_smac_roc_auc_holdout,0.11724752191281662,0.1837209302325601,0.24684270952927825
70,0.19434280889389255,0.23350993097916717,0.23914557696772698,363700,0,0,smac,roc_auc,binary,LGBM,,False,holdout,0.0,78,3,3,LGBM_363700_20260405_160514,363700_rep0_fold0_smac_roc_auc_holdout,LGBM_363700_20260405_160514::363700_rep0_fold0_smac_roc_auc_holdout,0.11724752191281662,0.1837209302325601,0.24684270952927825
71,0.19434280889389255,0.23350993097916717,0.23914557696772698,363700,0,0,smac,roc_auc,binary,LGBM,,False,holdout,0.0,78,3,3,LGBM_363700_20260405_160514,363700_rep0_fold0_smac_roc_auc_holdout,LGBM_363700_20260405_160514::363700_rep0_fold0_smac_roc_auc_holdout,0.11724752191281662,0.1837209302325601,0.24684270952927825
72,0.19434280889389255,0.23350993097916717,0.23914557696772698,363700,0,0,smac,roc_auc,binary,LGBM,,False,holdout,0.0,78,3,3,LGBM_363700_20260405_160514,363700_rep0_fold0_smac_roc_auc_holdout,LGBM_363700_20260405_160514::363700_rep0_fold0_smac_roc_auc_holdout,0.11724752191281662,0.1837209302325601,0.24684270952927825
73,0.19434280889389255,0.23350993097916717,0.23914557696772698,363700,0,0,smac,roc_auc,binary,LGBM,,False,holdout,0.0,78,3,3,LGBM_363700_20260405_160514,363700_rep0_fold0_smac_roc_auc_holdout,LGBM_363700_20260405_160514::363700_rep0_fold0_smac_roc_auc_holdout,0.11724752191281662,0.1837209302325601,0.24684270952927825
74,0.19434280889389255,0.23350993097916717,0.23914557696772698,363700,0,0,smac,roc_auc,binary,LGBM,,False,holdout,0.0,78,3,3,LGBM_363700_20260405_160514,363700_rep0_fold0_smac_roc_auc_holdout,LGBM_363700_20260405_160514::363700_rep0_fold0_smac_roc_auc_holdout,0.11724752191281662,0.1837209302325601,0.24684270952927825
75,0.19434280889389255,0.23350993097916717,0.23914557696772698,363700,0,0,smac,roc_auc,binary,LGBM,,False,holdout,0.0,78,3,3,LGBM_363700_20260405_160514,363700_rep0_fold0_smac_roc_auc_holdout,LGBM_363700_20260405_160514::363700_rep0_fold0_smac_roc_auc_holdout,0.11724752191281662,0.1837209302325601,0.24684270952927825
76,0.19434280889389255,0.23350993097916717,0.23914557696772698,363700,0,0,smac,roc_auc,binary,LGBM,,False,holdout,0.0,78,3,3,LGBM_363700_20260405_160514,363700_rep0_fold0_smac_roc_auc_holdout,LGBM_363700_20260405_160514::363700_rep0_fold0_smac_roc_auc_holdout,0.11724752191281662,0.1837209302325601,0.24684270952927825
77,0.19434280889389255,0.23350993097916717,0.23914557696772698,363700,0,0,smac,roc_auc,binary,LGBM,,False,holdout,0.0,78,3,3,LGBM_363700_20260405_160514,363700_rep0_fold0_smac_roc_auc_holdout,LGBM_363700_20260405_160514::363700_rep0_fold0_smac_roc_auc_holdout,0.11724752191281662,0.1837209302325601,0.24684270952927825
78,0.19434280889389255,0.23350993097916717,0.23914557696772698,363700,0,0,smac,roc_auc,binary,LGBM,,False,holdout,0.0,78,3,3,LGBM_363700_20260405_160514,363700_rep0_fold0_smac_roc_auc_holdout,LGBM_363700_20260405_160514::363700_rep0_fold0_smac_roc_auc_holdout,0.11724752191281662,0.1837209302325601,0.24684270952927825
79,0.19434280889389255,0.23350993097916717,0.23914557696772698,363700,0,0,smac,roc_auc,binary,LGBM,,False,holdout,0.0,78,3,3,LGBM_363700_20260405_160514,363700_rep0_fold0_smac_roc_auc_holdout,LGBM_363700_20260405_160514::363700_rep0_fold0_smac_roc_auc_holdout,0.11724752191281662,0.1837209302325601,0.24684270952927825
80,0.19434280889389255,0.23350993097916717,0.23914557696772698,363700,0,0,smac,roc_auc,binary,LGBM,,False,holdout,0.0,78,3,3,LGBM_363700_20260405_160514,363700_rep0_fold0_smac_roc_auc_holdout,LGBM_363700_20260405_160514::363700_rep0_fold0_smac_roc_auc_holdout,0.11724752191281662,0.1837209302325601,0.24684270952927825
81,0.19434280889389255,0.23350993097916717,0.23914557696772698,363700,0,0,smac,roc_auc,binary,LGBM,,False,holdout,0.0,78,3,3,LGBM_363700_20260405_160514,363700_rep0_fold0_smac_roc_auc_holdout,LGBM_363700_20260405_160514::363700_rep0_fold0_smac_roc_auc_holdout,0.11724752191281662,0.1837209302325601,0.24684270952927825
82,0.19434280889389255,0.23350993097916717,0.23914557696772698,363700,0,0,smac,roc_auc,binary,LGBM,,False,holdout,0.0,78,3,3,LGBM_363700_20260405_160514,363700_rep0_fold0_smac_roc_auc_holdout,LGBM_363700_20260405_160514::363700_rep0_fold0_smac_roc_auc_holdout,0.11724752191281662,0.1837209302325601,0.24684270952927825
83,0.1940613566000563,0.22892964940794058,0.237119277286447,363700,0,0,smac,roc_auc,binary,LGBM,,False,holdout,0.0,78,3,3,LGBM_363700_20260405_160514,363700_rep0_fold0_smac_roc_auc_holdout,LGBM_363700_20260405_160514::363700_rep0_fold0_smac_roc_auc_holdout,0.11327302964458477,0.05755813953488456,0.20275545350172272
84,0.1940613566000563,0.22892964940794058,0.237119277286447,363700,0,0,smac,roc_auc,binary,LGBM,,False,holdout,0.0,78,3,3,LGBM_363700_20260405_160514,363700_rep0_fold0_smac_roc_auc_holdout,LGBM_363700_20260405_160514::363700_rep0_fold0_smac_roc_auc_holdout,0.11327302964458477,0.05755813953488456,0.20275545350172272
85,0.1940613566000563,0.22892964940794058,0.237119277286447,363700,0,0,smac,roc_auc,binary,LGBM,,False,holdout,0.0,78,3,3,LGBM_363700_20260405_160514,363700_rep0_fold0_smac_roc_auc_holdout,LGBM_363700_20260405_160514::363700_rep0_fold0_smac_roc_auc_holdout,0.11327302964458477,0.05755813953488456,0.20275545350172272
86,0.1940613566000563,0.22892964940794058,0.237119277286447,363700,0,0,smac,roc_auc,binary,LGBM,,False,holdout,0.0,78,3,3,LGBM_363700_20260405_160514,363700_rep0_fold0_smac_roc_auc_holdout,LGBM_363700_20260405_160514::363700_rep0_fold0_smac_roc_auc_holdout,0.11327302964458477,0.05755813953488456,0.20275545350172272
87,0.1940613566000563,0.22892964940794058,0.237119277286447,363700,0,0,smac,roc_auc,binary,LGBM,,False,holdout,0.0,78,3,3,LGBM_363700_20260405_160514,363700_rep0_fold0_smac_roc_auc_holdout,LGBM_363700_20260405_160514::363700_rep0_fold0_smac_roc_auc_holdout,0.11327302964458477,0.05755813953488456,0.20275545350172272
88,0.1940613566000563,0.22892964940794058,0.237119277286447,363700,0,0,smac,roc_auc,binary,LGBM,,False,holdout,0.0,78,3,3,LGBM_363700_20260405_160514,363700_rep0_fold0_smac_roc_auc_holdout,LGBM_363700_20260405_160514::363700_rep0_fold0_smac_roc_auc_holdout,0.11327302964458477,0.05755813953488456,0.20275545350172272
89,0.1940613566000563,0.22892964940794058,0.237119277286447,363700,0,0,smac,roc_auc,binary,LGBM,,False,holdout,0.0,78,3,3,LGBM_363700_20260405_160514,363700_rep0_fold0_smac_roc_auc_holdout,LGBM_363700_20260405_160514::363700_rep0_fold0_smac_roc_auc_holdout,0.11327302964458477,0.05755813953488456,0.20275545350172272
90,0.1940613566000563,0.22892964940794058,0.237119277286447,363700,0,0,smac,roc_auc,binary,LGBM,,False,holdout,0.0,78,3,3,LGBM_363700_20260405_160514,363700_rep0_fold0_smac_roc_auc_holdout,LGBM_363700_20260405_160514::363700_rep0_fold0_smac_roc_auc_holdout,0.11327302964458477,0.05755813953488456,0.20275545350172272
91,0.1940613566000563,0.22892964940794058,0.237119277286447,363700,0,0,smac,roc_auc,binary,LGBM,,False,holdout,0.0,78,3,3,LGBM_363700_20260405_160514,363700_rep0_fold0_smac_roc_auc_holdout,LGBM_363700_20260405_160514::363700_rep0_fold0_smac_roc_auc_holdout,0.11327302964458477,0.05755813953488456,0.20275545350172272
92,0.1940613566000563,0.22892964940794058,0.237119277286447,363700,0,0,smac,roc_auc,binary,LGBM,,False,holdout,0.0,78,3,3,LGBM_363700_20260405_160514,363700_rep0_fold0_smac_roc_auc_holdout,LGBM_363700_20260405_160514::363700_rep0_fold0_smac_roc_auc_holdout,0.11327302964458477,0.05755813953488456,0.20275545350172272
93,0.1940613566000563,0.22892964940794058,0.237119277286447,363700,0,0,smac,roc_auc,binary,LGBM,,False,holdout,0.0,78,3,3,LGBM_363700_20260405_160514,363700_rep0_fold0_smac_roc_auc_holdout,LGBM_363700_20260405_160514::363700_rep0_fold0_smac_roc_auc_holdout,0.11327302964458477,0.05755813953488456,0.20275545350172272
94,0.1940613566000563,0.22892964940794058,0.237119277286447,363700,0,0,smac,roc_auc,binary,LGBM,,False,holdout,0.0,78,3,3,LGBM_363700_20260405_160514,363700_rep0_fold0_smac_roc_auc_holdout,LGBM_363700_20260405_160514::363700_rep0_fold0_smac_roc_auc_holdout,0.11327302964458477,0.05755813953488456,0.20275545350172272
95,0.1940613566000563,0.22892964940794058,0.237119277286447,363700,0,0,smac,roc_auc,binary,LGBM,,False,holdout,0.0,78,3,3,LGBM_363700_20260405_160514,363700_rep0_fold0_smac_roc_auc_holdout,LGBM_363700_20260405_160514::363700_rep0_fold0_smac_roc_auc_holdout,0.11327302964458477,0.05755813953488456,0.20275545350172272
96,0.1940613566000563,0.22892964940794058,0.237119277286447,363700,0,0,smac,roc_auc,binary,LGBM,,False,holdout,0.0,78,3,3,LGBM_363700_20260405_160514,363700_rep0_fold0_smac_roc_auc_holdout,LGBM_363700_20260405_160514::363700_rep0_fold0_smac_roc_auc_holdout,0.11327302964458477,0.05755813953488456,0.20275545350172272
97,0.1940613566000563,0.22892964940794058,0.237119277286447,363700,0,0,smac,roc_auc,binary,LGBM,,False,holdout,0.0,78,3,3,LGBM_363700_20260405_160514,363700_rep0_fold0_smac_roc_auc_holdout,LGBM_363700_20260405_160514::363700_rep0_fold0_smac_roc_auc_holdout,0.11327302964458477,0.05755813953488456,0.20275545350172272
98,0.1940613566000563,0.22892964940794058,0.237119277286447,363700,0,0,smac,roc_auc,binary,LGBM,,False,holdout,0.0,78,3,3,LGBM_363700_20260405_160514,363700_rep0_fold0_smac_roc_auc_holdout,LGBM_363700_20260405_160514::363700_rep0_fold0_smac_roc_auc_holdout,0.11327302964458477,0.05755813953488456,0.20275545350172272
99,0.1940613566000563,0.22892964940794058,0.237119277286447,363700,0,0,smac,roc_auc,binary,LGBM,,False,holdout,0.0,78,3,3,LGBM_363700_20260405_160514,363700_rep0_fold0_smac_roc_auc_holdout,LGBM_363700_20260405_160514::363700_rep0_fold0_smac_roc_auc_holdout,0.11327302964458477,0.05755813953488456,0.20275545350172272
100,0.1940613566000563,0.22892964940794058,0.237119277286447,363700,0,0,smac,roc_auc,binary,LGBM,,False,holdout,0.0,78,3,3,LGBM_363700_20260405_160514,363700_rep0_fold0_smac_roc_auc_holdout,LGBM_363700_20260405_160514::363700_rep0_fold0_smac_roc_auc_holdout,0.11327302964458477,0.05755813953488456,0.20275545350172272
101,0.1946242611877287,0.23386875488106051,0.23886062857504697,363700,0,0,smac,roc_auc,binary,LGBM,,False,holdout,0.0,78,3,3,LGBM_363700_20260405_160514,363700_rep0_fold0_smac_roc_auc_holdout,LGBM_363700_20260405_160514::363700_rep0_fold0_smac_roc_auc_holdout,0.12122201418104689,0.19360465116279327,0.24064293915040308
102,0.1946242611877287,0.23386875488106051,0.23886062857504697,363700,0,0,smac,roc_auc,binary,LGBM,,False,holdout,0.0,78,3,3,LGBM_363700_20260405_160514,363700_rep0_fold0_smac_roc_auc_holdout,LGBM_363700_20260405_160514::363700_rep0_fold0_smac_roc_auc_holdout,0.12122201418104689,0.19360465116279327,0.24064293915040308
103,0.1946242611877287,0.23386875488106051,0.23886062857504697,363700,0,0,smac,roc_auc,binary,LGBM,,False,holdout,0.0,78,3,3,LGBM_363700_20260405_160514,363700_rep0_fold0_smac_roc_auc_holdout,LGBM_363700_20260405_160514::363700_rep0_fold0_smac_roc_auc_holdout,0.12122201418104689,0.19360465116279327,0.24064293915040308
104,0.1946242611877287,0.23386875488106051,0.23886062857504697,363700,0,0,smac,roc_auc,binary,LGBM,,False,holdout,0.0,78,3,3,LGBM_363700_20260405_160514,363700_rep0_fold0_smac_roc_auc_holdout,LGBM_363700_20260405_160514::363700_rep0_fold0_smac_roc_auc_holdout,0.12122201418104689,0.19360465116279327,0.24064293915040308
105,0.1946242611877287,0.23386875488106051,0.23886062857504697,363700,0,0,smac,roc_auc,binary,LGBM,,False,holdout,0.0,78,3,3,LGBM_363700_20260405_160514,363700_rep0_fold0_smac_roc_auc_holdout,LGBM_363700_20260405_160514::363700_rep0_fold0_smac_roc_auc_holdout,0.12122201418104689,0.19360465116279327,0.24064293915040308
106,0.1946242611877287,0.23386875488106051,0.23886062857504697,363700,0,0,smac,roc_auc,binary,LGBM,,False,holdout,0.0,78,3,3,LGBM_363700_20260405_160514,363700_rep0_fold0_smac_roc_auc_holdout,LGBM_363700_20260405_160514::363700_rep0_fold0_smac_roc_auc_holdout,0.12122201418104689,0.19360465116279327,0.24064293915040308
107,0.1946242611877287,0.23386875488106051,0.23886062857504697,363700,0,0,smac,roc_auc,binary,LGBM,,False,holdout,0.0,78,3,3,LGBM_363700_20260405_160514,363700_rep0_fold0_smac_roc_auc_holdout,LGBM_363700_20260405_160514::363700_rep0_fold0_smac_roc_auc_holdout,0.12122201418104689,0.19360465116279327,0.24064293915040308
108,0.1946242611877287,0.23386875488106051,0.23886062857504697,363700,0,0,smac,roc_auc,binary,LGBM,,False,holdout,0.0,78,3,3,LGBM_363700_20260405_160514,363700_rep0_fold0_smac_roc_auc_holdout,LGBM_363700_20260405_160514::363700_rep0_fold0_smac_roc_auc_holdout,0.12122201418104689,0.19360465116279327,0.24064293915040308
109,0.1946242611877287,0.23386875488106051,0.23886062857504697,363700,0,0,smac,roc_auc,binary,LGBM,,False,holdout,0.0,78,3,3,LGBM_363700_20260405_160514,363700_rep0_fold0_smac_roc_auc_holdout,LGBM_363700_20260405_160514::363700_rep0_fold0_smac_roc_auc_holdout,0.12122201418104689,0.19360465116279327,0.24064293915040308
110,0.1946242611877287,0.23386875488106051,0.23886062857504697,363700,0,0,smac,roc_auc,binary,LGBM,,False,holdout,0.0,78,3,3,LGBM_363700_20260405_160514,363700_rep0_fold0_smac_roc_auc_holdout,LGBM_363700_20260405_160514::363700_rep0_fold0_smac_roc_auc_holdout,0.12122201418104689,0.19360465116279327,0.24064293915040308
111,0.1946242611877287,0.23386875488106051,0.23886062857504697,363700,0,0,smac,roc_auc,binary,LGBM,,False,holdout,0.0,78,3,3,LGBM_363700_20260405_160514,363700_rep0_fold0_smac_roc_auc_holdout,LGBM_363700_20260405_160514::363700_rep0_fold0_smac_roc_auc_holdout,0.12122201418104689,0.19360465116279327,0.24064293915040308
112,0.1946242611877287,0.23386875488106051,0.23886062857504697,363700,0,0,smac,roc_auc,binary,LGBM,,False,holdout,0.0,78,3,3,LGBM_363700_20260405_160514,363700_rep0_fold0_smac_roc_auc_holdout,LGBM_363700_20260405_160514::363700_rep0_fold0_smac_roc_auc_holdout,0.12122201418104689,0.19360465116279327,0.24064293915040308
113,0.1946242611877287,0.23386875488106051,0.23886062857504697,363700,0,0,smac,roc_auc,binary,LGBM,,False,holdout,0.0,78,3,3,LGBM_363700_20260405_160514,363700_rep0_fold0_smac_roc_auc_holdout,LGBM_363700_20260405_160514::363700_rep0_fold0_smac_roc_auc_holdout,0.12122201418104689,0.19360465116279327,0.24064293915040308
114,0.1946242611877287,0.23386875488106051,0.23886062857504697,363700,0,0,smac,roc_auc,binary,LGBM,,False,holdout,0.0,78,3,3,LGBM_363700_20260405_160514,363700_rep0_fold0_smac_roc_auc_holdout,LGBM_363700_20260405_160514::363700_rep0_fold0_smac_roc_auc_holdout,0.12122201418104689,0.19360465116279327,0.24064293915040308
115,0.1946242611877287,0.23386875488106051,0.23886062857504697,363700,0,0,smac,roc_auc,binary,LGBM,,False,holdout,0.0,78,3,3,LGBM_363700_20260405_160514,363700_rep0_fold0_smac_roc_auc_holdout,LGBM_363700_20260405_160514::363700_rep0_fold0_smac_roc_auc_holdout,0.12122201418104689,0.19360465116279327,0.24064293915040308
116,0.1946242611877287,0.23386875488106051,0.23886062857504697,363700,0,0,smac,roc_auc,binary,LGBM,,False,holdout,0.0,78,3,3,LGBM_363700_20260405_160514,363700_rep0_fold0_smac_roc_auc_holdout,LGBM_363700_20260405_160514::363700_rep0_fold0_smac_roc_auc_holdout,0.12122201418104689,0.19360465116279327,0.24064293915040308
117,0.1946242611877287,0.23386875488106051,0.23886062857504697,363700,0,0,smac,roc_auc,binary,LGBM,,False,holdout,0.0,78,3,3,LGBM_363700_20260405_160514,363700_rep0_fold0_smac_roc_auc_holdout,LGBM_363700_20260405_160514::363700_rep0_fold0_smac_roc_auc_holdout,0.12122201418104689,0.19360465116279327,0.24064293915040308
118,0.1946242611877287,0.23386875488106051,0.23886062857504697,363700,0,0,smac,roc_auc,binary,LGBM,,False,holdout,0.0,78,3,3,LGBM_363700_20260405_160514,363700_rep0_fold0_smac_roc_auc_holdout,LGBM_363700_20260405_160514::363700_rep0_fold0_smac_roc_auc_holdout,0.12122201418104689,0.19360465116279327,0.24064293915040308
119,0.1946242611877287,0.23386875488106051,0.23886062857504697,363700,0,0,smac,roc_auc,binary,LGBM,,False,holdout,0.0,78,3,3,LGBM_363700_20260405_160514,363700_rep0_fold0_smac_roc_auc_holdout,LGBM_363700_20260405_160514::363700_rep0_fold0_smac_roc_auc_holdout,0.12122201418104689,0.19360465116279327,0.24064293915040308
120,0.1946242611877287,0.23386875488106051,0.23886062857504697,363700,0,0,smac,roc_auc,binary,LGBM,,False,holdout,0.0,78,3,3,LGBM_363700_20260405_160514,363700_rep0_fold0_smac_roc_auc_holdout,LGBM_363700_20260405_160514::363700_rep0_fold0_smac_roc_auc_holdout,0.12122201418104689,0.19360465116279327,0.24064293915040308
121,0.1946242611877287,0.23386875488106051,0.23886062857504697,363700,0,0,smac,roc_auc,binary,LGBM,,False,holdout,0.0,78,3,3,LGBM_363700_20260405_160514,363700_rep0_fold0_smac_roc_auc_holdout,LGBM_363700_20260405_160514::363700_rep0_fold0_smac_roc_auc_holdout,0.12122201418104689,0.19360465116279327,0.24064293915040308
122,0.195046439628483,0.23820630263630038,0.24372585853895345,363700,0,0,smac,roc_auc,binary,LGBM,,False,holdout,0.0,78,3,3,LGBM_363700_20260405_160514,363700_rep0_fold0_smac_roc_auc_holdout,LGBM_363700_20260405_160514::363700_rep0_fold0_smac_roc_auc_holdout,0.12718375258339387,0.3130813953488393,0.3464982778415617
123,0.195046439628483,0.23820630263630038,0.24372585853895345,363700,0,0,smac,roc_auc,binary,LGBM,,False,holdout,0.0,78,3,3,LGBM_363700_20260405_160514,363700_rep0_fold0_smac_roc_auc_holdout,LGBM_363700_20260405_160514::363700_rep0_fold0_smac_roc_auc_holdout,0.12718375258339387,0.3130813953488393,0.3464982778415617
124,0.195046439628483,0.23820630263630038,0.24372585853895345,363700,0,0,smac,roc_auc,binary,LGBM,,False,holdout,0.0,78,3,3,LGBM_363700_20260405_160514,363700_rep0_fold0_smac_roc_auc_holdout,LGBM_363700_20260405_160514::363700_rep0_fold0_smac_roc_auc_holdout,0.12718375258339387,0.3130813953488393,0.3464982778415617
125,0.195046439628483,0.23820630263630038,0.24372585853895345,363700,0,0,smac,roc_auc,binary,LGBM,,False,holdout,0.0,78,3,3,LGBM_363700_20260405_160514,363700_rep0_fold0_smac_roc_auc_holdout,LGBM_363700_20260405_160514::363700_rep0_fold0_smac_roc_auc_holdout,0.12718375258339387,0.3130813953488393,0.3464982778415617
126,0.195046439628483,0.23820630263630038,0.24372585853895345,363700,0,0,smac,roc_auc,binary,LGBM,,False,holdout,0.0,78,3,3,LGBM_363700_20260405_160514,363700_rep0_fold0_smac_roc_auc_holdout,LGBM_363700_20260405_160514::363700_rep0_fold0_smac_roc_auc_holdout,0.12718375258339387,0.3130813953488393,0.3464982778415617
127,0.195046439628483,0.23820630263630038,0.24372585853895345,363700,0,0,smac,roc_auc,binary,LGBM,,False,holdout,0.0,78,3,3,LGBM_363700_20260405_160514,363700_rep0_fold0_smac_roc_auc_holdout,LGBM_363700_20260405_160514::363700_rep0_fold0_smac_roc_auc_holdout,0.12718375258339387,0.3130813953488393,0.3464982778415617
128,0.195046439628483,0.23820630263630038,0.24372585853895345,363700,0,0,smac,roc_auc,binary,LGBM,,False,holdout,0.0,78,3,3,LGBM_363700_20260405_160514,363700_rep0_fold0_smac_roc_auc_holdout,LGBM_363700_20260405_160514::363700_rep0_fold0_smac_roc_auc_holdout,0.12718375258339387,0.3130813953488393,0.3464982778415617
129,0.195046439628483,0.23820630263630038,0.24372585853895345,363700,0,0,smac,roc_auc,binary,LGBM,,False,holdout,0.0,78,3,3,LGBM_363700_20260405_160514,363700_rep0_fold0_smac_roc_auc_holdout,LGBM_363700_20260405_160514::363700_rep0_fold0_smac_roc_auc_holdout,0.12718375258339387,0.3130813953488393,0.3464982778415617
130,0.195046439628483,0.23820630263630038,0.24372585853895345,363700,0,0,smac,roc_auc,binary,LGBM,,False,holdout,0.0,78,3,3,LGBM_363700_20260405_160514,363700_rep0_fold0_smac_roc_auc_holdout,LGBM_363700_20260405_160514::363700_rep0_fold0_smac_roc_auc_holdout,0.12718375258339387,0.3130813953488393,0.3464982778415617
131,0.195046439628483,0.23820630263630038,0.24372585853895345,363700,0,0,smac,roc_auc,binary,LGBM,,False,holdout,0.0,78,3,3,LGBM_363700_20260405_160514,363700_rep0_fold0_smac_roc_auc_holdout,LGBM_363700_20260405_160514::363700_rep0_fold0_smac_roc_auc_holdout,0.12718375258339387,0.3130813953488393,0.3464982778415617
132,0.195046439628483,0.23820630263630038,0.24372585853895345,363700,0,0,smac,roc_auc,binary,LGBM,,False,holdout,0.0,78,3,3,LGBM_363700_20260405_160514,363700_rep0_fold0_smac_roc_auc_holdout,LGBM_363700_20260405_160514::363700_rep0_fold0_smac_roc_auc_holdout,0.12718375258339387,0.3130813953488393,0.3464982778415617
133,0.195046439628483,0.23820630263630038,0.24372585853895345,363700,0,0,smac,roc_auc,binary,LGBM,,False,holdout,0.0,78,3,3,LGBM_363700_20260405_160514,363700_rep0_fold0_smac_roc_auc_holdout,LGBM_363700_20260405_160514::363700_rep0_fold0_smac_roc_auc_holdout,0.12718375258339387,0.3130813953488393,0.3464982778415617
134,0.195046439628483,0.23820630263630038,0.24372585853895345,363700,0,0,smac,roc_auc,binary,LGBM,,False,holdout,0.0,78,3,3,LGBM_363700_20260405_160514,363700_rep0_fold0_smac_roc_auc_holdout,LGBM_363700_20260405_160514::363700_rep0_fold0_smac_roc_auc_holdout,0.12718375258339387,0.3130813953488393,0.3464982778415617
135,0.19342808893892482,0.23385820123688705,0.23830128543386042,363700,0,0,smac,roc_auc,binary,LGBM,,False,holdout,0.0,78,3,3,LGBM_363700_20260405_160514,363700_rep0_fold0_smac_roc_auc_holdout,LGBM_363700_20260405_160514::363700_rep0_fold0_smac_roc_auc_holdout,0.10433042204106431,0.19331395348837113,0.228473019517799
136,0.19342808893892482,0.23385820123688705,0.23830128543386042,363700,0,0,smac,roc_auc,binary,LGBM,,False,holdout,0.0,78,3,3,LGBM_363700_20260405_160514,363700_rep0_fold0_smac_roc_auc_holdout,LGBM_363700_20260405_160514::363700_rep0_fold0_smac_roc_auc_holdout,0.10433042204106431,0.19331395348837113,0.228473019517799
137,0.19342808893892482,0.23385820123688705,0.23830128543386042,363700,0,0,smac,roc_auc,binary,LGBM,,False,holdout,0.0,78,3,3,LGBM_363700_20260405_160514,363700_rep0_fold0_smac_roc_auc_holdout,LGBM_363700_20260405_160514::363700_rep0_fold0_smac_roc_auc_holdout,0.10433042204106431,0.19331395348837113,0.228473019517799
138,0.19342808893892482,0.23385820123688705,0.23830128543386042,363700,0,0,smac,roc_auc,binary,LGBM,,False,holdout,0.0,78,3,3,LGBM_363700_20260405_160514,363700_rep0_fold0_smac_roc_auc_holdout,LGBM_363700_20260405_160514::363700_rep0_fold0_smac_roc_auc_holdout,0.10433042204106431,0.19331395348837113,0.228473019517799
139,0.19342808893892482,0.23385820123688705,0.23830128543386042,363700,0,0,smac,roc_auc,binary,LGBM,,False,holdout,0.0,78,3,3,LGBM_363700_20260405_160514,363700_rep0_fold0_smac_roc_auc_holdout,LGBM_363700_20260405_160514::363700_rep0_fold0_smac_roc_auc_holdout,0.10433042204106431,0.19331395348837113,0.228473019517799
140,0.19342808893892482,0.23385820123688705,0.23830128543386042,363700,0,0,smac,roc_auc,binary,LGBM,,False,holdout,0.0,78,3,3,LGBM_363700_20260405_160514,363700_rep0_fold0_smac_roc_auc_holdout,LGBM_363700_20260405_160514::363700_rep0_fold0_smac_roc_auc_holdout,0.10433042204106431,0.19331395348837113,0.228473019517799
141,0.1871657754010695,0.2332566435190071,0.23195854528568716,363700,0,0,smac,roc_auc,binary,LGBM,,False,holdout,0.0,78,3,3,LGBM_363700_20260405_160514,363700_rep0_fold0_smac_roc_auc_holdout,LGBM_363700_20260405_160514::363700_rep0_fold0_smac_roc_auc_holdout,0.015897969072922666,0.17674418604651154,0.09047072330654503
142,0.1871657754010695,0.2332566435190071,0.23195854528568716,363700,0,0,smac,roc_auc,binary,LGBM,,False,holdout,0.0,78,3,3,LGBM_363700_20260405_160514,363700_rep0_fold0_smac_roc_auc_holdout,LGBM_363700_20260405_160514::363700_rep0_fold0_smac_roc_auc_holdout,0.015897969072922666,0.17674418604651154,0.09047072330654503
143,0.1871657754010695,0.2332566435190071,0.23195854528568716,363700,0,0,smac,roc_auc,binary,LGBM,,False,holdout,0.0,78,3,3,LGBM_363700_20260405_160514,363700_rep0_fold0_smac_roc_auc_holdout,LGBM_363700_20260405_160514::363700_rep0_fold0_smac_roc_auc_holdout,0.015897969072922666,0.17674418604651154,0.09047072330654503
144,0.1871657754010695,0.2332566435190071,0.23195854528568716,363700,0,0,smac,roc_auc,binary,LGBM,,False,holdout,0.0,78,3,3,LGBM_363700_20260405_160514,363700_rep0_fold0_smac_roc_auc_holdout,LGBM_363700_20260405_160514::363700_rep0_fold0_smac_roc_auc_holdout,0.015897969072922666,0.17674418604651154,0.09047072330654503
145,0.1871657754010695,0.2332566435190071,0.23195854528568716,363700,0,0,smac,roc_auc,binary,LGBM,,False,holdout,0.0,78,3,3,LGBM_363700_20260405_160514,363700_rep0_fold0_smac_roc_auc_holdout,LGBM_363700_20260405_160514::363700_rep0_fold0_smac_roc_auc_holdout,0.015897969072922666,0.17674418604651154,0.09047072330654503
146,0.1871657754010695,0.2332566435190071,0.23195854528568716,363700,0,0,smac,roc_auc,binary,LGBM,,False,holdout,0.0,78,3,3,LGBM_363700_20260405_160514,363700_rep0_fold0_smac_roc_auc_holdout,LGBM_363700_20260405_160514::363700_rep0_fold0_smac_roc_auc_holdout,0.015897969072922666,0.17674418604651154,0.09047072330654503
147,0.1871657754010695,0.2332566435190071,0.23195854528568716,363700,0,0,smac,roc_auc,binary,LGBM,,False,holdout,0.0,78,3,3,LGBM_363700_20260405_160514,363700_rep0_fold0_smac_roc_auc_holdout,LGBM_363700_20260405_160514::363700_rep0_fold0_smac_roc_auc_holdout,0.015897969072922666,0.17674418604651154,0.09047072330654503
148,0.18688432310723335,0.2364438440593537,0.2340903814087003,363700,0,0,smac,roc_auc,binary,LGBM,,False,holdout,0.0,78,3,3,LGBM_363700_20260405_160514,363700_rep0_fold0_smac_roc_auc_holdout,LGBM_363700_20260405_160514::363700_rep0_fold0_smac_roc_auc_holdout,0.011923476804692391,0.2645348837209307,0.13685419058553214
149,0.18688432310723335,0.2364438440593537,0.2340903814087003,363700,0,0,smac,roc_auc,binary,LGBM,,False,holdout,0.0,78,3,3,LGBM_363700_20260405_160514,363700_rep0_fold0_smac_roc_auc_holdout,LGBM_363700_20260405_160514::363700_rep0_fold0_smac_roc_auc_holdout,0.011923476804692391,0.2645348837209307,0.13685419058553214
150,0.18603996622572483,0.23462861726154027,0.23793190788779361,363700,0,0,smac,roc_auc,binary,LGBM,,False,holdout,0.0,78,3,3,LGBM_363700_20260405_160514,363700_rep0_fold0_smac_roc_auc_holdout,LGBM_363700_20260405_160514::363700_rep0_fold0_smac_roc_auc_holdout,0.0,0.2145348837209267,0.22043628013777275
151,0.18603996622572483,0.23462861726154027,0.23793190788779361,363700,0,0,smac,roc_auc,binary,LGBM,,False,holdout,0.0,78,3,3,LGBM_363700_20260405_160514,363700_rep0_fold0_smac_roc_auc_holdout,LGBM_363700_20260405_160514::363700_rep0_fold0_smac_roc_auc_holdout,0.0,0.2145348837209267,0.22043628013777275
152,0.18603996622572483,0.23462861726154027,0.23793190788779361,363700,0,0,smac,roc_auc,binary,LGBM,,False,holdout,0.0,78,3,3,LGBM_363700_20260405_160514,363700_rep0_fold0_smac_roc_auc_holdout,LGBM_363700_20260405_160514::363700_rep0_fold0_smac_roc_auc_holdout,0.0,0.2145348837209267,0.22043628013777275
153,0.18603996622572483,0.23462861726154027,0.23793190788779361,363700,0,0,smac,roc_auc,binary,LGBM,,False,holdout,0.0,78,3,3,LGBM_363700_20260405_160514,363700_rep0_fold0_smac_roc_auc_holdout,LGBM_363700_20260405_160514::363700_rep0_fold0_smac_roc_auc_holdout,0.0,0.2145348837209267,0.22043628013777275
154,0.18603996622572483,0.23462861726154027,0.23793190788779361,363700,0,0,smac,roc_auc,binary,LGBM,,False,holdout,0.0,78,3,3,LGBM_363700_20260405_160514,363700_rep0_fold0_smac_roc_auc_holdout,LGBM_363700_20260405_160514::363700_rep0_fold0_smac_roc_auc_holdout,0.0,0.2145348837209267,0.22043628013777275
155,0.18603996622572483,0.23462861726154027,0.23793190788779361,363700,0,0,smac,roc_auc,binary,LGBM,,False,holdout,0.0,78,3,3,LGBM_363700_20260405_160514,363700_rep0_fold0_smac_roc_auc_holdout,LGBM_363700_20260405_160514::363700_rep0_fold0_smac_roc_auc_holdout,0.0,0.2145348837209267,0.22043628013777275
156,0.18603996622572483,0.23462861726154027,0.23793190788779361,363700,0,0,smac,roc_auc,binary,LGBM,,False,holdout,0.0,78,3,3,LGBM_363700_20260405_160514,363700_rep0_fold0_smac_roc_auc_holdout,LGBM_363700_20260405_160514::363700_rep0_fold0_smac_roc_auc_holdout,0.0,0.2145348837209267,0.22043628013777275
157,0.18603996622572483,0.23462861726154027,0.23793190788779361,363700,0,0,smac,roc_auc,binary,LGBM,,False,holdout,0.0,78,3,3,LGBM_363700_20260405_160514,363700_rep0_fold0_smac_roc_auc_holdout,LGBM_363700_20260405_160514::363700_rep0_fold0_smac_roc_auc_holdout,0.0,0.2145348837209267,0.22043628013777275
158,0.18603996622572483,0.23462861726154027,0.23793190788779361,363700,0,0,smac,roc_auc,binary,LGBM,,False,holdout,0.0,78,3,3,LGBM_363700_20260405_160514,363700_rep0_fold0_smac_roc_auc_holdout,LGBM_363700_20260405_160514::363700_rep0_fold0_smac_roc_auc_holdout,0.0,0.2145348837209267,0.22043628013777275
159,0.18603996622572483,0.23462861726154027,0.23793190788779361,363700,0,0,smac,roc_auc,binary,LGBM,,False,holdout,0.0,78,3,3,LGBM_363700_20260405_160514,363700_rep0_fold0_smac_roc_auc_holdout,LGBM_363700_20260405_160514::363700_rep0_fold0_smac_roc_auc_holdout,0.0,0.2145348837209267,0.22043628013777275
160,0.18603996622572483,0.23462861726154027,0.23793190788779361,363700,0,0,smac,roc_auc,binary,LGBM,,False,holdout,0.0,78,3,3,LGBM_363700_20260405_160514,363700_rep0_fold0_smac_roc_auc_holdout,LGBM_363700_20260405_160514::363700_rep0_fold0_smac_roc_auc_holdout,0.0,0.2145348837209267,0.22043628013777275
161,0.18603996622572483,0.23462861726154027,0.23793190788779361,363700,0,0,smac,roc_auc,binary,LGBM,,False,holdout,0.0,78,3,3,LGBM_363700_20260405_160514,363700_rep0_fold0_smac_roc_auc_holdout,LGBM_363700_20260405_160514::363700_rep0_fold0_smac_roc_auc_holdout,0.0,0.2145348837209267,0.22043628013777275
162,0.18603996622572483,0.23462861726154027,0.23793190788779361,363700,0,0,smac,roc_auc,binary,LGBM,,False,holdout,0.0,78,3,3,LGBM_363700_20260405_160514,363700_rep0_fold0_smac_roc_auc_holdout,LGBM_363700_20260405_160514::363700_rep0_fold0_smac_roc_auc_holdout,0.0,0.2145348837209267,0.22043628013777275
163,0.18603996622572483,0.23462861726154027,0.23793190788779361,363700,0,0,smac,roc_auc,binary,LGBM,,False,holdout,0.0,78,3,3,LGBM_363700_20260405_160514,363700_rep0_fold0_smac_roc_auc_holdout,LGBM_363700_20260405_160514::363700_rep0_fold0_smac_roc_auc_holdout,0.0,0.2145348837209267,0.22043628013777275
164,0.18603996622572483,0.23462861726154027,0.23793190788779361,363700,0,0,smac,roc_auc,binary,LGBM,,False,holdout,0.0,78,3,3,LGBM_363700_20260405_160514,363700_rep0_fold0_smac_roc_auc_holdout,LGBM_363700_20260405_160514::363700_rep0_fold0_smac_roc_auc_holdout,0.0,0.2145348837209267,0.22043628013777275
165,0.18603996622572483,0.23462861726154027,0.23793190788779361,363700,0,0,smac,roc_auc,binary,LGBM,,False,holdout,0.0,78,3,3,LGBM_363700_20260405_160514,363700_rep0_fold0_smac_roc_auc_holdout,LGBM_363700_20260405_160514::363700_rep0_fold0_smac_roc_auc_holdout,0.0,0.2145348837209267,0.22043628013777275
166,0.18603996622572483,0.23462861726154027,0.23793190788779361,363700,0,0,smac,roc_auc,binary,LGBM,,False,holdout,0.0,78,3,3,LGBM_363700_20260405_160514,363700_rep0_fold0_smac_roc_auc_holdout,LGBM_363700_20260405_160514::363700_rep0_fold0_smac_roc_auc_holdout,0.0,0.2145348837209267,0.22043628013777275
167,0.18603996622572483,0.23462861726154027,0.23793190788779361,363700,0,0,smac,roc_auc,binary,LGBM,,False,holdout,0.0,78,3,3,LGBM_363700_20260405_160514,363700_rep0_fold0_smac_roc_auc_holdout,LGBM_363700_20260405_160514::363700_rep0_fold0_smac_roc_auc_holdout,0.0,0.2145348837209267,0.22043628013777275
168,0.18603996622572483,0.23462861726154027,0.23793190788779361,363700,0,0,smac,roc_auc,binary,LGBM,,False,holdout,0.0,78,3,3,LGBM_363700_20260405_160514,363700_rep0_fold0_smac_roc_auc_holdout,LGBM_363700_20260405_160514::363700_rep0_fold0_smac_roc_auc_holdout,0.0,0.2145348837209267,0.22043628013777275
169,0.18603996622572483,0.23462861726154027,0.23793190788779361,363700,0,0,smac,roc_auc,binary,LGBM,,False,holdout,0.0,78,3,3,LGBM_363700_20260405_160514,363700_rep0_fold0_smac_roc_auc_holdout,LGBM_363700_20260405_160514::363700_rep0_fold0_smac_roc_auc_holdout,0.0,0.2145348837209267,0.22043628013777275
170,0.18603996622572483,0.23462861726154027,0.23793190788779361,363700,0,0,smac,roc_auc,binary,LGBM,,False,holdout,0.0,78,3,3,LGBM_363700_20260405_160514,363700_rep0_fold0_smac_roc_auc_holdout,LGBM_363700_20260405_160514::363700_rep0_fold0_smac_roc_auc_holdout,0.0,0.2145348837209267,0.22043628013777275
171,0.18603996622572483,0.23462861726154027,0.23793190788779361,363700,0,0,smac,roc_auc,binary,LGBM,,False,holdout,0.0,78,3,3,LGBM_363700_20260405_160514,363700_rep0_fold0_smac_roc_auc_holdout,LGBM_363700_20260405_160514::363700_rep0_fold0_smac_roc_auc_holdout,0.0,0.2145348837209267,0.22043628013777275
172,0.18603996622572483,0.23462861726154027,0.23793190788779361,363700,0,0,smac,roc_auc,binary,LGBM,,False,holdout,0.0,78,3,3,LGBM_363700_20260405_160514,363700_rep0_fold0_smac_roc_auc_holdout,LGBM_363700_20260405_160514::363700_rep0_fold0_smac_roc_auc_holdout,0.0,0.2145348837209267,0.22043628013777275
173,0.18603996622572483,0.23462861726154027,0.23793190788779361,363700,0,0,smac,roc_auc,binary,LGBM,,False,holdout,0.0,78,3,3,LGBM_363700_20260405_160514,363700_rep0_fold0_smac_roc_auc_holdout,LGBM_363700_20260405_160514::363700_rep0_fold0_smac_roc_auc_holdout,0.0,0.2145348837209267,0.22043628013777275
174,0.18603996622572483,0.23462861726154027,0.23793190788779361,363700,0,0,smac,roc_auc,binary,LGBM,,False,holdout,0.0,78,3,3,LGBM_363700_20260405_160514,363700_rep0_fold0_smac_roc_auc_holdout,LGBM_363700_20260405_160514::363700_rep0_fold0_smac_roc_auc_holdout,0.0,0.2145348837209267,0.22043628013777275
175,0.18603996622572483,0.23462861726154027,0.23793190788779361,363700,0,0,smac,roc_auc,binary,LGBM,,False,holdout,0.0,78,3,3,LGBM_363700_20260405_160514,363700_rep0_fold0_smac_roc_auc_holdout,LGBM_363700_20260405_160514::363700_rep0_fold0_smac_roc_auc_holdout,0.0,0.2145348837209267,0.22043628013777275
176,0.18603996622572483,0.23462861726154027,0.23793190788779361,363700,0,0,smac,roc_auc,binary,LGBM,,False,holdout,0.0,78,3,3,LGBM_363700_20260405_160514,363700_rep0_fold0_smac_roc_auc_holdout,LGBM_363700_20260405_160514::363700_rep0_fold0_smac_roc_auc_holdout,0.0,0.2145348837209267,0.22043628013777275
177,0.18603996622572483,0.23462861726154027,0.23793190788779361,363700,0,0,smac,roc_auc,binary,LGBM,,False,holdout,0.0,78,3,3,LGBM_363700_20260405_160514,363700_rep0_fold0_smac_roc_auc_holdout,LGBM_363700_20260405_160514::363700_rep0_fold0_smac_roc_auc_holdout,0.0,0.2145348837209267,0.22043628013777275
178,0.18603996622572483,0.23462861726154027,0.23793190788779361,363700,0,0,smac,roc_auc,binary,LGBM,,False,holdout,0.0,78,3,3,LGBM_363700_20260405_160514,363700_rep0_fold0_smac_roc_auc_holdout,LGBM_363700_20260405_160514::363700_rep0_fold0_smac_roc_auc_holdout,0.0,0.2145348837209267,0.22043628013777275
179,0.18603996622572483,0.23462861726154027,0.23793190788779361,363700,0,0,smac,roc_auc,binary,LGBM,,False,holdout,0.0,78,3,3,LGBM_363700_20260405_160514,363700_rep0_fold0_smac_roc_auc_holdout,LGBM_363700_20260405_160514::363700_rep0_fold0_smac_roc_auc_holdout,0.0,0.2145348837209267,0.22043628013777275
180,0.18603996622572483,0.23462861726154027,0.23793190788779361,363700,0,0,smac,roc_auc,binary,LGBM,,False,holdout,0.0,78,3,3,LGBM_363700_20260405_160514,363700_rep0_fold0_smac_roc_auc_holdout,LGBM_363700_20260405_160514::363700_rep0_fold0_smac_roc_auc_holdout,0.0,0.2145348837209267,0.22043628013777275
181,0.18603996622572483,0.23462861726154027,0.23793190788779361,363700,0,0,smac,roc_auc,binary,LGBM,,False,holdout,0.0,78,3,3,LGBM_363700_20260405_160514,363700_rep0_fold0_smac_roc_auc_holdout,LGBM_363700_20260405_160514::363700_rep0_fold0_smac_roc_auc_holdout,0.0,0.2145348837209267,0.22043628013777275
182,0.18603996622572483,0.23462861726154027,0.23793190788779361,363700,0,0,smac,roc_auc,binary,LGBM,,False,holdout,0.0,78,3,3,LGBM_363700_20260405_160514,363700_rep0_fold0_smac_roc_auc_holdout,LGBM_363700_20260405_160514::363700_rep0_fold0_smac_roc_auc_holdout,0.0,0.2145348837209267,0.22043628013777275
183,0.18603996622572483,0.23462861726154027,0.23793190788779361,363700,0,0,smac,roc_auc,binary,LGBM,,False,holdout,0.0,78,3,3,LGBM_363700_20260405_160514,363700_rep0_fold0_smac_roc_auc_holdout,LGBM_363700_20260405_160514::363700_rep0_fold0_smac_roc_auc_holdout,0.0,0.2145348837209267,0.22043628013777275
184,0.18603996622572483,0.23462861726154027,0.23793190788779361,363700,0,0,smac,roc_auc,binary,LGBM,,False,holdout,0.0,78,3,3,LGBM_363700_20260405_160514,363700_rep0_fold0_smac_roc_auc_holdout,LGBM_363700_20260405_160514::363700_rep0_fold0_smac_roc_auc_holdout,0.0,0.2145348837209267,0.22043628013777275
185,0.18603996622572483,0.23462861726154027,0.23793190788779361,363700,0,0,smac,roc_auc,binary,LGBM,,False,holdout,0.0,78,3,3,LGBM_363700_20260405_160514,363700_rep0_fold0_smac_roc_auc_holdout,LGBM_363700_20260405_160514::363700_rep0_fold0_smac_roc_auc_holdout,0.0,0.2145348837209267,0.22043628013777275
186,0.18603996622572483,0.23462861726154027,0.23793190788779361,363700,0,0,smac,roc_auc,binary,LGBM,,False,holdout,0.0,78,3,3,LGBM_363700_20260405_160514,363700_rep0_fold0_smac_roc_auc_holdout,LGBM_363700_20260405_160514::363700_rep0_fold0_smac_roc_auc_holdout,0.0,0.2145348837209267,0.22043628013777275
187,0.18603996622572483,0.23462861726154027,0.23793190788779361,363700,0,0,smac,roc_auc,binary,LGBM,,False,holdout,0.0,78,3,3,LGBM_363700_20260405_160514,363700_rep0_fold0_smac_roc_auc_holdout,LGBM_363700_20260405_160514::363700_rep0_fold0_smac_roc_auc_holdout,0.0,0.2145348837209267,0.22043628013777275
188,0.18603996622572483,0.23462861726154027,0.23793190788779361,363700,0,0,smac,roc_auc,binary,LGBM,,False,holdout,0.0,78,3,3,LGBM_363700_20260405_160514,363700_rep0_fold0_smac_roc_auc_holdout,LGBM_363700_20260405_160514::363700_rep0_fold0_smac_roc_auc_holdout,0.0,0.2145348837209267,0.22043628013777275
189,0.18603996622572483,0.23462861726154027,0.23793190788779361,363700,0,0,smac,roc_auc,binary,LGBM,,False,holdout,0.0,78,3,3,LGBM_363700_20260405_160514,363700_rep0_fold0_smac_roc_auc_holdout,LGBM_363700_20260405_160514::363700_rep0_fold0_smac_roc_auc_holdout,0.0,0.2145348837209267,0.22043628013777275
190,0.18603996622572483,0.23462861726154027,0.23793190788779361,363700,0,0,smac,roc_auc,binary,LGBM,,False,holdout,0.0,78,3,3,LGBM_363700_20260405_160514,363700_rep0_fold0_smac_roc_auc_holdout,LGBM_363700_20260405_160514::363700_rep0_fold0_smac_roc_auc_holdout,0.0,0.2145348837209267,0.22043628013777275
191,0.18603996622572483,0.23462861726154027,0.23793190788779361,363700,0,0,smac,roc_auc,binary,LGBM,,False,holdout,0.0,78,3,3,LGBM_363700_20260405_160514,363700_rep0_fold0_smac_roc_auc_holdout,LGBM_363700_20260405_160514::363700_rep0_fold0_smac_roc_auc_holdout,0.0,0.2145348837209267,0.22043628013777275
192,0.18603996622572483,0.23462861726154027,0.23793190788779361,363700,0,0,smac,roc_auc,binary,LGBM,,False,holdout,0.0,78,3,3,LGBM_363700_20260405_160514,363700_rep0_fold0_smac_roc_auc_holdout,LGBM_363700_20260405_160514::363700_rep0_fold0_smac_roc_auc_holdout,0.0,0.2145348837209267,0.22043628013777275
193,0.18603996622572483,0.23462861726154027,0.23793190788779361,363700,0,0,smac,roc_auc,binary,LGBM,,False,holdout,0.0,78,3,3,LGBM_363700_20260405_160514,363700_rep0_fold0_smac_roc_auc_holdout,LGBM_363700_20260405_160514::363700_rep0_fold0_smac_roc_auc_holdout,0.0,0.2145348837209267,0.22043628013777275
194,0.18603996622572483,0.23462861726154027,0.23793190788779361,363700,0,0,smac,roc_auc,binary,LGBM,,False,holdout,0.0,78,3,3,LGBM_363700_20260405_160514,363700_rep0_fold0_smac_roc_auc_holdout,LGBM_363700_20260405_160514::363700_rep0_fold0_smac_roc_auc_holdout,0.0,0.2145348837209267,0.22043628013777275
195,0.18632141851956097,0.23545180150706035,0.23733035016991366,363700,0,0,smac,roc_auc,binary,LGBM,,False,holdout,0.0,78,3,3,LGBM_363700_20260405_160514,363700_rep0_fold0_smac_roc_auc_holdout,LGBM_363700_20260405_160514::363700_rep0_fold0_smac_roc_auc_holdout,0.003974492268230274,0.2372093023255807,0.20734787600459315
196,0.18632141851956097,0.23545180150706035,0.23733035016991366,363700,0,0,smac,roc_auc,binary,LGBM,,False,holdout,0.0,78,3,3,LGBM_363700_20260405_160514,363700_rep0_fold0_smac_roc_auc_holdout,LGBM_363700_20260405_160514::363700_rep0_fold0_smac_roc_auc_holdout,0.003974492268230274,0.2372093023255807,0.20734787600459315
197,0.18632141851956097,0.23545180150706035,0.23733035016991366,363700,0,0,smac,roc_auc,binary,LGBM,,False,holdout,0.0,78,3,3,LGBM_363700_20260405_160514,363700_rep0_fold0_smac_roc_auc_holdout,LGBM_363700_20260405_160514::363700_rep0_fold0_smac_roc_auc_holdout,0.003974492268230274,0.2372093023255807,0.20734787600459315
198,0.18632141851956097,0.23545180150706035,0.23733035016991366,363700,0,0,smac,roc_auc,binary,LGBM,,False,holdout,0.0,78,3,3,LGBM_363700_20260405_160514,363700_rep0_fold0_smac_roc_auc_holdout,LGBM_363700_20260405_160514::363700_rep0_fold0_smac_roc_auc_holdout,0.003974492268230274,0.2372093023255807,0.20734787600459315
199,0.18632141851956097,0.23545180150706035,0.23733035016991366,363700,0,0,smac,roc_auc,binary,LGBM,,False,holdout,0.0,78,3,3,LGBM_363700_20260405_160514,363700_rep0_fold0_smac_roc_auc_holdout,LGBM_363700_20260405_160514::363700_rep0_fold0_smac_roc_auc_holdout,0.003974492268230274,0.2372093023255807,0.20734787600459315
200,0.18632141851956097,0.23545180150706035,0.23733035016991366,363700,0,0,smac,roc_auc,binary,LGBM,,False,holdout,0.0,78,3,3,LGBM_363700_20260405_160514,363700_rep0_fold0_smac_roc_auc_holdout,LGBM_363700_20260405_160514::363700_rep0_fold0_smac_roc_auc_holdout,0.003974492268230274,0.2372093023255807,0.20734787600459315
201,0.18632141851956097,0.23545180150706035,0.23733035016991366,363700,0,0,smac,roc_auc,binary,LGBM,,False,holdout,0.0,78,3,3,LGBM_363700_20260405_160514,363700_rep0_fold0_smac_roc_auc_holdout,LGBM_363700_20260405_160514::363700_rep0_fold0_smac_roc_auc_holdout,0.003974492268230274,0.2372093023255807,0.20734787600459315
202,0.18632141851956097,0.23545180150706035,0.23733035016991366,363700,0,0,smac,roc_auc,binary,LGBM,,False,holdout,0.0,78,3,3,LGBM_363700_20260405_160514,363700_rep0_fold0_smac_roc_auc_holdout,LGBM_363700_20260405_160514::363700_rep0_fold0_smac_roc_auc_holdout,0.003974492268230274,0.2372093023255807,0.20734787600459315
203,0.18632141851956097,0.23545180150706035,0.23733035016991366,363700,0,0,smac,roc_auc,binary,LGBM,,False,holdout,0.0,78,3,3,LGBM_363700_20260405_160514,363700_rep0_fold0_smac_roc_auc_holdout,LGBM_363700_20260405_160514::363700_rep0_fold0_smac_roc_auc_holdout,0.003974492268230274,0.2372093023255807,0.20734787600459315
204,0.18632141851956097,0.23545180150706035,0.23733035016991366,363700,0,0,smac,roc_auc,binary,LGBM,,False,holdout,0.0,78,3,3,LGBM_363700_20260405_160514,363700_rep0_fold0_smac_roc_auc_holdout,LGBM_363700_20260405_160514::363700_rep0_fold0_smac_roc_auc_holdout,0.003974492268230274,0.2372093023255807,0.20734787600459315
205,0.18632141851956097,0.23545180150706035,0.23733035016991366,363700,0,0,smac,roc_auc,binary,LGBM,,False,holdout,0.0,78,3,3,LGBM_363700_20260405_160514,363700_rep0_fold0_smac_roc_auc_holdout,LGBM_363700_20260405_160514::363700_rep0_fold0_smac_roc_auc_holdout,0.003974492268230274,0.2372093023255807,0.20734787600459315
206,0.18632141851956097,0.23545180150706035,0.23733035016991366,363700,0,0,smac,roc_auc,binary,LGBM,,False,holdout,0.0,78,3,3,LGBM_363700_20260405_160514,363700_rep0_fold0_smac_roc_auc_holdout,LGBM_363700_20260405_160514::363700_rep0_fold0_smac_roc_auc_holdout,0.003974492268230274,0.2372093023255807,0.20734787600459315
207,0.18632141851956097,0.23545180150706035,0.23733035016991366,363700,0,0,smac,roc_auc,binary,LGBM,,False,holdout,0.0,78,3,3,LGBM_363700_20260405_160514,363700_rep0_fold0_smac_roc_auc_holdout,LGBM_363700_20260405_160514::363700_rep0_fold0_smac_roc_auc_holdout,0.003974492268230274,0.2372093023255807,0.20734787600459315
208,0.18632141851956097,0.23545180150706035,0.23733035016991366,363700,0,0,smac,roc_auc,binary,LGBM,,False,holdout,0.0,78,3,3,LGBM_363700_20260405_160514,363700_rep0_fold0_smac_roc_auc_holdout,LGBM_363700_20260405_160514::363700_rep0_fold0_smac_roc_auc_holdout,0.003974492268230274,0.2372093023255807,0.20734787600459315
209,0.18632141851956097,0.23545180150706035,0.23733035016991366,363700,0,0,smac,roc_auc,binary,LGBM,,False,holdout,0.0,78,3,3,LGBM_363700_20260405_160514,363700_rep0_fold0_smac_roc_auc_holdout,LGBM_363700_20260405_160514::363700_rep0_fold0_smac_roc_auc_holdout,0.003974492268230274,0.2372093023255807,0.20734787600459315
210,0.18632141851956097,0.23545180150706035,0.23733035016991366,363700,0,0,smac,roc_auc,binary,LGBM,,False,holdout,0.0,78,3,3,LGBM_363700_20260405_160514,363700_rep0_fold0_smac_roc_auc_holdout,LGBM_363700_20260405_160514::363700_rep0_fold0_smac_roc_auc_holdout,0.003974492268230274,0.2372093023255807,0.20734787600459315
211,0.18632141851956097,0.23545180150706035,0.23733035016991366,363700,0,0,smac,roc_auc,binary,LGBM,,False,holdout,0.0,78,3,3,LGBM_363700_20260405_160514,363700_rep0_fold0_smac_roc_auc_holdout,LGBM_363700_20260405_160514::363700_rep0_fold0_smac_roc_auc_holdout,0.003974492268230274,0.2372093023255807,0.20734787600459315
212,0.18632141851956097,0.23545180150706035,0.23733035016991366,363700,0,0,smac,roc_auc,binary,LGBM,,False,holdout,0.0,78,3,3,LGBM_363700_20260405_160514,363700_rep0_fold0_smac_roc_auc_holdout,LGBM_363700_20260405_160514::363700_rep0_fold0_smac_roc_auc_holdout,0.003974492268230274,0.2372093023255807,0.20734787600459315
213,0.18632141851956097,0.23545180150706035,0.23733035016991366,363700,0,0,smac,roc_auc,binary,LGBM,,False,holdout,0.0,78,3,3,LGBM_363700_20260405_160514,363700_rep0_fold0_smac_roc_auc_holdout,LGBM_363700_20260405_160514::363700_rep0_fold0_smac_roc_auc_holdout,0.003974492268230274,0.2372093023255807,0.20734787600459315
214,0.18632141851956097,0.23545180150706035,0.23733035016991366,363700,0,0,smac,roc_auc,binary,LGBM,,False,holdout,0.0,78,3,3,LGBM_363700_20260405_160514,363700_rep0_fold0_smac_roc_auc_holdout,LGBM_363700_20260405_160514::363700_rep0_fold0_smac_roc_auc_holdout,0.003974492268230274,0.2372093023255807,0.20734787600459315
215,0.18632141851956097,0.23545180150706035,0.23733035016991366,363700,0,0,smac,roc_auc,binary,LGBM,,False,holdout,0.0,78,3,3,LGBM_363700_20260405_160514,363700_rep0_fold0_smac_roc_auc_holdout,LGBM_363700_20260405_160514::363700_rep0_fold0_smac_roc_auc_holdout,0.003974492268230274,0.2372093023255807,0.20734787600459315
216,0.18632141851956097,0.23545180150706035,0.23733035016991366,363700,0,0,smac,roc_auc,binary,LGBM,,False,holdout,0.0,78,3,3,LGBM_363700_20260405_160514,363700_rep0_fold0_smac_roc_auc_holdout,LGBM_363700_20260405_160514::363700_rep0_fold0_smac_roc_auc_holdout,0.003974492268230274,0.2372093023255807,0.20734787600459315
217,0.18632141851956097,0.23545180150706035,0.23733035016991366,363700,0,0,smac,roc_auc,binary,LGBM,,False,holdout,0.0,78,3,3,LGBM_363700_20260405_160514,363700_rep0_fold0_smac_roc_auc_holdout,LGBM_363700_20260405_160514::363700_rep0_fold0_smac_roc_auc_holdout,0.003974492268230274,0.2372093023255807,0.20734787600459315
218,0.18632141851956097,0.23545180150706035,0.23733035016991366,363700,0,0,smac,roc_auc,binary,LGBM,,False,holdout,0.0,78,3,3,LGBM_363700_20260405_160514,363700_rep0_fold0_smac_roc_auc_holdout,LGBM_363700_20260405_160514::363700_rep0_fold0_smac_roc_auc_holdout,0.003974492268230274,0.2372093023255807,0.20734787600459315
219,0.18632141851956097,0.23545180150706035,0.23733035016991366,363700,0,0,smac,roc_auc,binary,LGBM,,False,holdout,0.0,78,3,3,LGBM_363700_20260405_160514,363700_rep0_fold0_smac_roc_auc_holdout,LGBM_363700_20260405_160514::363700_rep0_fold0_smac_roc_auc_holdout,0.003974492268230274,0.2372093023255807,0.20734787600459315
220,0.18632141851956097,0.23545180150706035,0.23733035016991366,363700,0,0,smac,roc_auc,binary,LGBM,,False,holdout,0.0,78,3,3,LGBM_363700_20260405_160514,363700_rep0_fold0_smac_roc_auc_holdout,LGBM_363700_20260405_160514::363700_rep0_fold0_smac_roc_auc_holdout,0.003974492268230274,0.2372093023255807,0.20734787600459315
221,0.18632141851956097,0.23545180150706035,0.23733035016991366,363700,0,0,smac,roc_auc,binary,LGBM,,False,holdout,0.0,78,3,3,LGBM_363700_20260405_160514,363700_rep0_fold0_smac_roc_auc_holdout,LGBM_363700_20260405_160514::363700_rep0_fold0_smac_roc_auc_holdout,0.003974492268230274,0.2372093023255807,0.20734787600459315
222,0.18632141851956097,0.23545180150706035,0.23733035016991366,363700,0,0,smac,roc_auc,binary,LGBM,,False,holdout,0.0,78,3,3,LGBM_363700_20260405_160514,363700_rep0_fold0_smac_roc_auc_holdout,LGBM_363700_20260405_160514::363700_rep0_fold0_smac_roc_auc_holdout,0.003974492268230274,0.2372093023255807,0.20734787600459315
223,0.18632141851956097,0.23545180150706035,0.23733035016991366,363700,0,0,smac,roc_auc,binary,LGBM,,False,holdout,0.0,78,3,3,LGBM_363700_20260405_160514,363700_rep0_fold0_smac_roc_auc_holdout,LGBM_363700_20260405_160514::363700_rep0_fold0_smac_roc_auc_holdout,0.003974492268230274,0.2372093023255807,0.20734787600459315
224,0.18632141851956097,0.23545180150706035,0.23733035016991366,363700,0,0,smac,roc_auc,binary,LGBM,,False,holdout,0.0,78,3,3,LGBM_363700_20260405_160514,363700_rep0_fold0_smac_roc_auc_holdout,LGBM_363700_20260405_160514::363700_rep0_fold0_smac_roc_auc_holdout,0.003974492268230274,0.2372093023255807,0.20734787600459315
225,0.18632141851956097,0.23545180150706035,0.23733035016991366,363700,0,0,smac,roc_auc,binary,LGBM,,False,holdout,0.0,78,3,3,LGBM_363700_20260405_160514,363700_rep0_fold0_smac_roc_auc_holdout,LGBM_363700_20260405_160514::363700_rep0_fold0_smac_roc_auc_holdout,0.003974492268230274,0.2372093023255807,0.20734787600459315
226,0.18632141851956097,0.23545180150706035,0.23733035016991366,363700,0,0,smac,roc_auc,binary,LGBM,,False,holdout,0.0,78,3,3,LGBM_363700_20260405_160514,363700_rep0_fold0_smac_roc_auc_holdout,LGBM_363700_20260405_160514::363700_rep0_fold0_smac_roc_auc_holdout,0.003974492268230274,0.2372093023255807,0.20734787600459315
227,0.18632141851956097,0.23545180150706035,0.23733035016991366,363700,0,0,smac,roc_auc,binary,LGBM,,False,holdout,0.0,78,3,3,LGBM_363700_20260405_160514,363700_rep0_fold0_smac_roc_auc_holdout,LGBM_363700_20260405_160514::363700_rep0_fold0_smac_roc_auc_holdout,0.003974492268230274,0.2372093023255807,0.20734787600459315
228,0.18632141851956097,0.23545180150706035,0.23733035016991366,363700,0,0,smac,roc_auc,binary,LGBM,,False,holdout,0.0,78,3,3,LGBM_363700_20260405_160514,363700_rep0_fold0_smac_roc_auc_holdout,LGBM_363700_20260405_160514::363700_rep0_fold0_smac_roc_auc_holdout,0.003974492268230274,0.2372093023255807,0.20734787600459315
229,0.18632141851956097,0.23545180150706035,0.23733035016991366,363700,0,0,smac,roc_auc,binary,LGBM,,False,holdout,0.0,78,3,3,LGBM_363700_20260405_160514,363700_rep0_fold0_smac_roc_auc_holdout,LGBM_363700_20260405_160514::363700_rep0_fold0_smac_roc_auc_holdout,0.003974492268230274,0.2372093023255807,0.20734787600459315
230,0.18632141851956097,0.23545180150706035,0.23733035016991366,363700,0,0,smac,roc_auc,binary,LGBM,,False,holdout,0.0,78,3,3,LGBM_363700_20260405_160514,363700_rep0_fold0_smac_roc_auc_holdout,LGBM_363700_20260405_160514::363700_rep0_fold0_smac_roc_auc_holdout,0.003974492268230274,0.2372093023255807,0.20734787600459315
231,0.18632141851956097,0.23545180150706035,0.23733035016991366,363700,0,0,smac,roc_auc,binary,LGBM,,False,holdout,0.0,78,3,3,LGBM_363700_20260405_160514,363700_rep0_fold0_smac_roc_auc_holdout,LGBM_363700_20260405_160514::363700_rep0_fold0_smac_roc_auc_holdout,0.003974492268230274,0.2372093023255807,0.20734787600459315
232,0.18632141851956097,0.23545180150706035,0.23733035016991366,363700,0,0,smac,roc_auc,binary,LGBM,,False,holdout,0.0,78,3,3,LGBM_363700_20260405_160514,363700_rep0_fold0_smac_roc_auc_holdout,LGBM_363700_20260405_160514::363700_rep0_fold0_smac_roc_auc_holdout,0.003974492268230274,0.2372093023255807,0.20734787600459315
233,0.18632141851956097,0.23545180150706035,0.23733035016991366,363700,0,0,smac,roc_auc,binary,LGBM,,False,holdout,0.0,78,3,3,LGBM_363700_20260405_160514,363700_rep0_fold0_smac_roc_auc_holdout,LGBM_363700_20260405_160514::363700_rep0_fold0_smac_roc_auc_holdout,0.003974492268230274,0.2372093023255807,0.20734787600459315
234,0.18632141851956097,0.23545180150706035,0.23733035016991366,363700,0,0,smac,roc_auc,binary,LGBM,,False,holdout,0.0,78,3,3,LGBM_363700_20260405_160514,363700_rep0_fold0_smac_roc_auc_holdout,LGBM_363700_20260405_160514::363700_rep0_fold0_smac_roc_auc_holdout,0.003974492268230274,0.2372093023255807,0.20734787600459315
235,0.18632141851956097,0.23545180150706035,0.23733035016991366,363700,0,0,smac,roc_auc,binary,LGBM,,False,holdout,0.0,78,3,3,LGBM_363700_20260405_160514,363700_rep0_fold0_smac_roc_auc_holdout,LGBM_363700_20260405_160514::363700_rep0_fold0_smac_roc_auc_holdout,0.003974492268230274,0.2372093023255807,0.20734787600459315
236,0.18632141851956097,0.23545180150706035,0.23733035016991366,363700,0,0,smac,roc_auc,binary,LGBM,,False,holdout,0.0,78,3,3,LGBM_363700_20260405_160514,363700_rep0_fold0_smac_roc_auc_holdout,LGBM_363700_20260405_160514::363700_rep0_fold0_smac_roc_auc_holdout,0.003974492268230274,0.2372093023255807,0.20734787600459315
237,0.18632141851956097,0.23545180150706035,0.23733035016991366,363700,0,0,smac,roc_auc,binary,LGBM,,False,holdout,0.0,78,3,3,LGBM_363700_20260405_160514,363700_rep0_fold0_smac_roc_auc_holdout,LGBM_363700_20260405_160514::363700_rep0_fold0_smac_roc_auc_holdout,0.003974492268230274,0.2372093023255807,0.20734787600459315
238,0.18632141851956097,0.23545180150706035,0.23733035016991366,363700,0,0,smac,roc_auc,binary,LGBM,,False,holdout,0.0,78,3,3,LGBM_363700_20260405_160514,363700_rep0_fold0_smac_roc_auc_holdout,LGBM_363700_20260405_160514::363700_rep0_fold0_smac_roc_auc_holdout,0.003974492268230274,0.2372093023255807,0.20734787600459315
239,0.18632141851956097,0.23545180150706035,0.23733035016991366,363700,0,0,smac,roc_auc,binary,LGBM,,False,holdout,0.0,78,3,3,LGBM_363700_20260405_160514,363700_rep0_fold0_smac_roc_auc_holdout,LGBM_363700_20260405_160514::363700_rep0_fold0_smac_roc_auc_holdout,0.003974492268230274,0.2372093023255807,0.20734787600459315
240,0.18632141851956097,0.23545180150706035,0.23733035016991366,363700,0,0,smac,roc_auc,binary,LGBM,,False,holdout,0.0,78,3,3,LGBM_363700_20260405_160514,363700_rep0_fold0_smac_roc_auc_holdout,LGBM_363700_20260405_160514::363700_rep0_fold0_smac_roc_auc_holdout,0.003974492268230274,0.2372093023255807,0.20734787600459315
241,0.18632141851956097,0.23545180150706035,0.23733035016991366,363700,0,0,smac,roc_auc,binary,LGBM,,False,holdout,0.0,78,3,3,LGBM_363700_20260405_160514,363700_rep0_fold0_smac_roc_auc_holdout,LGBM_363700_20260405_160514::363700_rep0_fold0_smac_roc_auc_holdout,0.003974492268230274,0.2372093023255807,0.20734787600459315
242,0.18632141851956097,0.23545180150706035,0.23733035016991366,363700,0,0,smac,roc_auc,binary,LGBM,,False,holdout,0.0,78,3,3,LGBM_363700_20260405_160514,363700_rep0_fold0_smac_roc_auc_holdout,LGBM_363700_20260405_160514::363700_rep0_fold0_smac_roc_auc_holdout,0.003974492268230274,0.2372093023255807,0.20734787600459315
243,0.18632141851956097,0.23545180150706035,0.23733035016991366,363700,0,0,smac,roc_auc,binary,LGBM,,False,holdout,0.0,78,3,3,LGBM_363700_20260405_160514,363700_rep0_fold0_smac_roc_auc_holdout,LGBM_363700_20260405_160514::363700_rep0_fold0_smac_roc_auc_holdout,0.003974492268230274,0.2372093023255807,0.20734787600459315
244,0.18632141851956097,0.23545180150706035,0.23733035016991366,363700,0,0,smac,roc_auc,binary,LGBM,,False,holdout,0.0,78,3,3,LGBM_363700_20260405_160514,363700_rep0_fold0_smac_roc_auc_holdout,LGBM_363700_20260405_160514::363700_rep0_fold0_smac_roc_auc_holdout,0.003974492268230274,0.2372093023255807,0.20734787600459315
245,0.18632141851956097,0.23545180150706035,0.23733035016991366,363700,0,0,smac,roc_auc,binary,LGBM,,False,holdout,0.0,78,3,3,LGBM_363700_20260405_160514,363700_rep0_fold0_smac_roc_auc_holdout,LGBM_363700_20260405_160514::363700_rep0_fold0_smac_roc_auc_holdout,0.003974492268230274,0.2372093023255807,0.20734787600459315
246,0.18632141851956097,0.23545180150706035,0.23733035016991366,363700,0,0,smac,roc_auc,binary,LGBM,,False,holdout,0.0,78,3,3,LGBM_363700_20260405_160514,363700_rep0_fold0_smac_roc_auc_holdout,LGBM_363700_20260405_160514::363700_rep0_fold0_smac_roc_auc_holdout,0.003974492268230274,0.2372093023255807,0.20734787600459315
247,0.18632141851956097,0.23545180150706035,0.23733035016991366,363700,0,0,smac,roc_auc,binary,LGBM,,False,holdout,0.0,78,3,3,LGBM_363700_20260405_160514,363700_rep0_fold0_smac_roc_auc_holdout,LGBM_363700_20260405_160514::363700_rep0_fold0_smac_roc_auc_holdout,0.003974492268230274,0.2372093023255807,0.20734787600459315
248,0.18632141851956097,0.23545180150706035,0.23733035016991366,363700,0,0,smac,roc_auc,binary,LGBM,,False,holdout,0.0,78,3,3,LGBM_363700_20260405_160514,363700_rep0_fold0_smac_roc_auc_holdout,LGBM_363700_20260405_160514::363700_rep0_fold0_smac_roc_auc_holdout,0.003974492268230274,0.2372093023255807,0.20734787600459315
249,0.18632141851956097,0.23545180150706035,0.23733035016991366,363700,0,0,smac,roc_auc,binary,LGBM,,False,holdout,0.0,78,3,3,LGBM_363700_20260405_160514,363700_rep0_fold0_smac_roc_auc_holdout,LGBM_363700_20260405_160514::363700_rep0_fold0_smac_roc_auc_holdout,0.003974492268230274,0.2372093023255807,0.20734787600459315
0,0.17203771460737405,0.21537785211871674,0.21864813861725851,363700,1,0,smac,roc_auc,binary,LGBM,,False,holdout,0.0,78,3,3,LGBM_363700_20260405_160514,363700_rep1_fold0_smac_roc_auc_holdout,LGBM_363700_20260405_160514::363700_rep1_fold0_smac_roc_auc_holdout,0.3306175342449901,0.22320686790362684,0.22545232770888118
1,0.17203771460737405,0.21537785211871674,0.21864813861725851,363700,1,0,smac,roc_auc,binary,LGBM,,False,holdout,0.0,78,3,3,LGBM_363700_20260405_160514,363700_rep1_fold0_smac_roc_auc_holdout,LGBM_363700_20260405_160514::363700_rep1_fold0_smac_roc_auc_holdout,0.3306175342449901,0.22320686790362684,0.22545232770888118
2,0.16605685336335485,0.20784010979584833,0.2146058500600444,363700,1,0,smac,roc_auc,binary,LGBM,,False,holdout,0.0,78,3,3,LGBM_363700_20260405_160514,363700_rep1_fold0_smac_roc_auc_holdout,LGBM_363700_20260405_160514::363700_rep1_fold0_smac_roc_auc_holdout,0.2766780133029087,0.028523954583216896,0.1488107338889956
3,0.15212496481846327,0.21703980099502485,0.2220792588780236,363700,1,0,smac,roc_auc,binary,LGBM,,False,holdout,0.0,78,3,3,LGBM_363700_20260405_160514,363700_rep1_fold0_smac_roc_auc_holdout,LGBM_363700_20260405_160514::363700_rep1_fold0_smac_roc_auc_holdout,0.15103065863782672,0.26613126557740124,0.2905062004472416
4,0.15212496481846327,0.21703980099502485,0.2220792588780236,363700,1,0,smac,roc_auc,binary,LGBM,,False,holdout,0.0,78,3,3,LGBM_363700_20260405_160514,363700_rep1_fold0_smac_roc_auc_holdout,LGBM_363700_20260405_160514::363700_rep1_fold0_smac_roc_auc_holdout,0.15103065863782672,0.26613126557740124,0.2905062004472416
5,0.15212496481846327,0.21703980099502485,0.2220792588780236,363700,1,0,smac,roc_auc,binary,LGBM,,False,holdout,0.0,78,3,3,LGBM_363700_20260405_160514,363700_rep1_fold0_smac_roc_auc_holdout,LGBM_363700_20260405_160514::363700_rep1_fold0_smac_roc_auc_holdout,0.15103065863782672,0.26613126557740124,0.2905062004472416
6,0.1525471432592176,0.2165680219591697,0.22107136730142396,363700,1,0,smac,roc_auc,binary,LGBM,,False,holdout,0.0,78,3,3,LGBM_363700_20260405_160514,363700_rep1_fold0_smac_roc_auc_holdout,LGBM_363700_20260405_160514::363700_rep1_fold0_smac_roc_auc_holdout,0.15483815423373856,0.2539462752700084,0.27139662533035025
7,0.1525471432592176,0.2165680219591697,0.22107136730142396,363700,1,0,smac,roc_auc,binary,LGBM,,False,holdout,0.0,78,3,3,LGBM_363700_20260405_160514,363700_rep1_fold0_smac_roc_auc_holdout,LGBM_363700_20260405_160514::363700_rep1_fold0_smac_roc_auc_holdout,0.15483815423373856,0.2539462752700084,0.27139662533035025
8,0.1525471432592176,0.2165680219591697,0.22107136730142396,363700,1,0,smac,roc_auc,binary,LGBM,,False,holdout,0.0,78,3,3,LGBM_363700_20260405_160514,363700_rep1_fold0_smac_roc_auc_holdout,LGBM_363700_20260405_160514::363700_rep1_fold0_smac_roc_auc_holdout,0.15483815423373856,0.2539462752700084,0.27139662533035025
9,0.1525471432592176,0.2165680219591697,0.22107136730142396,363700,1,0,smac,roc_auc,binary,LGBM,,False,holdout,0.0,78,3,3,LGBM_363700_20260405_160514,363700_rep1_fold0_smac_roc_auc_holdout,LGBM_363700_20260405_160514::363700_rep1_fold0_smac_roc_auc_holdout,0.15483815423373856,0.2539462752700084,0.27139662533035025
10,0.1525471432592176,0.2165680219591697,0.22107136730142396,363700,1,0,smac,roc_auc,binary,LGBM,,False,holdout,0.0,78,3,3,LGBM_363700_20260405_160514,363700_rep1_fold0_smac_roc_auc_holdout,LGBM_363700_20260405_160514::363700_rep1_fold0_smac_roc_auc_holdout,0.15483815423373856,0.2539462752700084,0.27139662533035025
11,0.14621446664790327,0.2176831360439182,0.22256176016469387,363700,1,0,smac,roc_auc,binary,LGBM,,False,holdout,0.0,78,3,3,LGBM_363700_20260405_160514,363700_rep1_fold0_smac_roc_auc_holdout,LGBM_363700_20260405_160514::363700_rep1_fold0_smac_roc_auc_holdout,0.0977257202950653,0.28274716145111767,0.29965440130107696
12,0.14621446664790327,0.2176831360439182,0.22256176016469387,363700,1,0,smac,roc_auc,binary,LGBM,,False,holdout,0.0,78,3,3,LGBM_363700_20260405_160514,363700_rep1_fold0_smac_roc_auc_holdout,LGBM_363700_20260405_160514::363700_rep1_fold0_smac_roc_auc_holdout,0.0977257202950653,0.28274716145111767,0.29965440130107696
13,0.15128060793695475,0.21579601990049757,0.22308715045462346,363700,1,0,smac,roc_auc,binary,LGBM,,False,holdout,0.0,78,3,3,LGBM_363700_20260405_160514,363700_rep1_fold0_smac_roc_auc_holdout,LGBM_363700_20260405_160514::363700_rep1_fold0_smac_roc_auc_holdout,0.1434156674460041,0.2340072002215464,0.3096157755641373
14,0.15128060793695475,0.21579601990049757,0.22308715045462346,363700,1,0,smac,roc_auc,binary,LGBM,,False,holdout,0.0,78,3,3,LGBM_363700_20260405_160514,363700_rep1_fold0_smac_roc_auc_holdout,LGBM_363700_20260405_160514::363700_rep1_fold0_smac_roc_auc_holdout,0.1434156674460041,0.2340072002215464,0.3096157755641373
15,0.15128060793695475,0.21579601990049757,0.22308715045462346,363700,1,0,smac,roc_auc,binary,LGBM,,False,holdout,0.0,78,3,3,LGBM_363700_20260405_160514,363700_rep1_fold0_smac_roc_auc_holdout,LGBM_363700_20260405_160514::363700_rep1_fold0_smac_roc_auc_holdout,0.1434156674460041,0.2340072002215464,0.3096157755641373
16,0.15128060793695475,0.21579601990049757,0.22308715045462346,363700,1,0,smac,roc_auc,binary,LGBM,,False,holdout,0.0,78,3,3,LGBM_363700_20260405_160514,363700_rep1_fold0_smac_roc_auc_holdout,LGBM_363700_20260405_160514::363700_rep1_fold0_smac_roc_auc_holdout,0.1434156674460041,0.2340072002215464,0.3096157755641373
17,0.1480439065578385,0.2181441928289587,0.2220792588780236,363700,1,0,smac,roc_auc,binary,LGBM,,False,holdout,0.0,78,3,3,LGBM_363700_20260405_160514,363700_rep1_fold0_smac_roc_auc_holdout,LGBM_363700_20260405_160514::363700_rep1_fold0_smac_roc_auc_holdout,0.11422486787734851,0.294655220160621,0.2905062004472416
18,0.1480439065578385,0.2181441928289587,0.2220792588780236,363700,1,0,smac,roc_auc,binary,LGBM,,False,holdout,0.0,78,3,3,LGBM_363700_20260405_160514,363700_rep1_fold0_smac_roc_auc_holdout,LGBM_363700_20260405_160514::363700_rep1_fold0_smac_roc_auc_holdout,0.11422486787734851,0.294655220160621,0.2905062004472416
19,0.1475513650436251,0.2153242408646422,0.22057814376393892,363700,1,0,smac,roc_auc,binary,LGBM,,False,holdout,0.0,78,3,3,LGBM_363700_20260405_160514,363700_rep1_fold0_smac_roc_auc_holdout,LGBM_363700_20260405_160514::363700_rep1_fold0_smac_roc_auc_holdout,0.10978278968211772,0.22182220991414783,0.26204513112420974
20,0.1475513650436251,0.2153242408646422,0.22057814376393892,363700,1,0,smac,roc_auc,binary,LGBM,,False,holdout,0.0,78,3,3,LGBM_363700_20260405_160514,363700_rep1_fold0_smac_roc_auc_holdout,LGBM_363700_20260405_160514::363700_rep1_fold0_smac_roc_auc_holdout,0.10978278968211772,0.22182220991414783,0.26204513112420974
21,0.1441035744441317,0.22504932235374853,0.2155065191284955,363700,1,0,smac,roc_auc,binary,LGBM,,False,holdout,0.0,78,3,3,LGBM_363700_20260405_160514,363700_rep1_fold0_smac_roc_auc_holdout,LGBM_363700_20260405_160514::363700_rep1_fold0_smac_roc_auc_holdout,0.07868824231550621,0.47299916920520685,0.16588737548282023
22,0.1441035744441317,0.22504932235374853,0.2155065191284955,363700,1,0,smac,roc_auc,binary,LGBM,,False,holdout,0.0,78,3,3,LGBM_363700_20260405_160514,363700_rep1_fold0_smac_roc_auc_holdout,LGBM_363700_20260405_160514::363700_rep1_fold0_smac_roc_auc_holdout,0.07868824231550621,0.47299916920520685,0.16588737548282023
23,0.1441035744441317,0.22504932235374853,0.2155065191284955,363700,1,0,smac,roc_auc,binary,LGBM,,False,holdout,0.0,78,3,3,LGBM_363700_20260405_160514,363700_rep1_fold0_smac_roc_auc_holdout,LGBM_363700_20260405_160514::363700_rep1_fold0_smac_roc_auc_holdout,0.07868824231550621,0.47299916920520685,0.16588737548282023
24,0.1441035744441317,0.22504932235374853,0.2155065191284955,363700,1,0,smac,roc_auc,binary,LGBM,,False,holdout,0.0,78,3,3,LGBM_363700_20260405_160514,363700_rep1_fold0_smac_roc_auc_holdout,LGBM_363700_20260405_160514::363700_rep1_fold0_smac_roc_auc_holdout,0.07868824231550621,0.47299916920520685,0.16588737548282023
25,0.14621446664790316,0.21731857951621203,0.21431634928804244,363700,1,0,smac,roc_auc,binary,LGBM,,False,holdout,0.0,78,3,3,LGBM_363700_20260405_160514,363700_rep1_fold0_smac_roc_auc_holdout,LGBM_363700_20260405_160514::363700_rep1_fold0_smac_roc_auc_holdout,0.0977257202950643,0.27333148712267996,0.14332181337669822
26,0.14621446664790316,0.21731857951621203,0.21431634928804244,363700,1,0,smac,roc_auc,binary,LGBM,,False,holdout,0.0,78,3,3,LGBM_363700_20260405_160514,363700_rep1_fold0_smac_roc_auc_holdout,LGBM_363700_20260405_160514::363700_rep1_fold0_smac_roc_auc_holdout,0.0977257202950643,0.27333148712267996,0.14332181337669822
27,0.13903743315508021,0.2167181334705781,0.21484173957797226,363700,1,0,smac,roc_auc,binary,LGBM,,False,holdout,0.0,78,3,3,LGBM_363700_20260405_160514,363700_rep1_fold0_smac_roc_auc_holdout,LGBM_363700_20260405_160514::363700_rep1_fold0_smac_roc_auc_holdout,0.03299829516456741,0.25782331764054156,0.15328318763976276
28,0.13903743315508021,0.2167181334705781,0.21484173957797226,363700,1,0,smac,roc_auc,binary,LGBM,,False,holdout,0.0,78,3,3,LGBM_363700_20260405_160514,363700_rep1_fold0_smac_roc_auc_holdout,LGBM_363700_20260405_160514::363700_rep1_fold0_smac_roc_auc_holdout,0.03299829516456741,0.25782331764054156,0.15328318763976276
29,0.13903743315508021,0.2167181334705781,0.21484173957797226,363700,1,0,smac,roc_auc,binary,LGBM,,False,holdout,0.0,78,3,3,LGBM_363700_20260405_160514,363700_rep1_fold0_smac_roc_auc_holdout,LGBM_363700_20260405_160514::363700_rep1_fold0_smac_roc_auc_holdout,0.03299829516456741,0.25782331764054156,0.15328318763976276
30,0.13903743315508021,0.2167181334705781,0.21484173957797226,363700,1,0,smac,roc_auc,binary,LGBM,,False,holdout,0.0,78,3,3,LGBM_363700_20260405_160514,363700_rep1_fold0_smac_roc_auc_holdout,LGBM_363700_20260405_160514::363700_rep1_fold0_smac_roc_auc_holdout,0.03299829516456741,0.25782331764054156,0.15328318763976276
31,0.13903743315508021,0.2167181334705781,0.21484173957797226,363700,1,0,smac,roc_auc,binary,LGBM,,False,holdout,0.0,78,3,3,LGBM_363700_20260405_160514,363700_rep1_fold0_smac_roc_auc_holdout,LGBM_363700_20260405_160514::363700_rep1_fold0_smac_roc_auc_holdout,0.03299829516456741,0.25782331764054156,0.15328318763976276
32,0.13903743315508021,0.2167181334705781,0.21484173957797226,363700,1,0,smac,roc_auc,binary,LGBM,,False,holdout,0.0,78,3,3,LGBM_363700_20260405_160514,363700_rep1_fold0_smac_roc_auc_holdout,LGBM_363700_20260405_160514::363700_rep1_fold0_smac_roc_auc_holdout,0.03299829516456741,0.25782331764054156,0.15328318763976276
33,0.13903743315508021,0.2167181334705781,0.21484173957797226,363700,1,0,smac,roc_auc,binary,LGBM,,False,holdout,0.0,78,3,3,LGBM_363700_20260405_160514,363700_rep1_fold0_smac_roc_auc_holdout,LGBM_363700_20260405_160514::363700_rep1_fold0_smac_roc_auc_holdout,0.03299829516456741,0.25782331764054156,0.15328318763976276
34,0.13903743315508021,0.2167181334705781,0.21484173957797226,363700,1,0,smac,roc_auc,binary,LGBM,,False,holdout,0.0,78,3,3,LGBM_363700_20260405_160514,363700_rep1_fold0_smac_roc_auc_holdout,LGBM_363700_20260405_160514::363700_rep1_fold0_smac_roc_auc_holdout,0.03299829516456741,0.25782331764054156,0.15328318763976276
35,0.13903743315508021,0.2167181334705781,0.21484173957797226,363700,1,0,smac,roc_auc,binary,LGBM,,False,holdout,0.0,78,3,3,LGBM_363700_20260405_160514,363700_rep1_fold0_smac_roc_auc_holdout,LGBM_363700_20260405_160514::363700_rep1_fold0_smac_roc_auc_holdout,0.03299829516456741,0.25782331764054156,0.15328318763976276
36,0.13903743315508021,0.2167181334705781,0.21484173957797226,363700,1,0,smac,roc_auc,binary,LGBM,,False,holdout,0.0,78,3,3,LGBM_363700_20260405_160514,363700_rep1_fold0_smac_roc_auc_holdout,LGBM_363700_20260405_160514::363700_rep1_fold0_smac_roc_auc_holdout,0.03299829516456741,0.25782331764054156,0.15328318763976276
37,0.13903743315508021,0.2167181334705781,0.21484173957797226,363700,1,0,smac,roc_auc,binary,LGBM,,False,holdout,0.0,78,3,3,LGBM_363700_20260405_160514,363700_rep1_fold0_smac_roc_auc_holdout,LGBM_363700_20260405_160514::363700_rep1_fold0_smac_roc_auc_holdout,0.03299829516456741,0.25782331764054156,0.15328318763976276
38,0.13903743315508021,0.2167181334705781,0.21484173957797226,363700,1,0,smac,roc_auc,binary,LGBM,,False,holdout,0.0,78,3,3,LGBM_363700_20260405_160514,363700_rep1_fold0_smac_roc_auc_holdout,LGBM_363700_20260405_160514::363700_rep1_fold0_smac_roc_auc_holdout,0.03299829516456741,0.25782331764054156,0.15328318763976276
39,0.13903743315508021,0.2167181334705781,0.21484173957797226,363700,1,0,smac,roc_auc,binary,LGBM,,False,holdout,0.0,78,3,3,LGBM_363700_20260405_160514,363700_rep1_fold0_smac_roc_auc_holdout,LGBM_363700_20260405_160514::363700_rep1_fold0_smac_roc_auc_holdout,0.03299829516456741,0.25782331764054156,0.15328318763976276
40,0.13903743315508021,0.2167181334705781,0.21484173957797226,363700,1,0,smac,roc_auc,binary,LGBM,,False,holdout,0.0,78,3,3,LGBM_363700_20260405_160514,363700_rep1_fold0_smac_roc_auc_holdout,LGBM_363700_20260405_160514::363700_rep1_fold0_smac_roc_auc_holdout,0.03299829516456741,0.25782331764054156,0.15328318763976276
41,0.13903743315508021,0.2167181334705781,0.21484173957797226,363700,1,0,smac,roc_auc,binary,LGBM,,False,holdout,0.0,78,3,3,LGBM_363700_20260405_160514,363700_rep1_fold0_smac_roc_auc_holdout,LGBM_363700_20260405_160514::363700_rep1_fold0_smac_roc_auc_holdout,0.03299829516456741,0.25782331764054156,0.15328318763976276
42,0.13903743315508021,0.2167181334705781,0.21484173957797226,363700,1,0,smac,roc_auc,binary,LGBM,,False,holdout,0.0,78,3,3,LGBM_363700_20260405_160514,363700_rep1_fold0_smac_roc_auc_holdout,LGBM_363700_20260405_160514::363700_rep1_fold0_smac_roc_auc_holdout,0.03299829516456741,0.25782331764054156,0.15328318763976276
43,0.13903743315508021,0.2167181334705781,0.21484173957797226,363700,1,0,smac,roc_auc,binary,LGBM,,False,holdout,0.0,78,3,3,LGBM_363700_20260405_160514,363700_rep1_fold0_smac_roc_auc_holdout,LGBM_363700_20260405_160514::363700_rep1_fold0_smac_roc_auc_holdout,0.03299829516456741,0.25782331764054156,0.15328318763976276
44,0.13903743315508021,0.2167181334705781,0.21484173957797226,363700,1,0,smac,roc_auc,binary,LGBM,,False,holdout,0.0,78,3,3,LGBM_363700_20260405_160514,363700_rep1_fold0_smac_roc_auc_holdout,LGBM_363700_20260405_160514::363700_rep1_fold0_smac_roc_auc_holdout,0.03299829516456741,0.25782331764054156,0.15328318763976276
45,0.13903743315508021,0.2167181334705781,0.21484173957797226,363700,1,0,smac,roc_auc,binary,LGBM,,False,holdout,0.0,78,3,3,LGBM_363700_20260405_160514,363700_rep1_fold0_smac_roc_auc_holdout,LGBM_363700_20260405_160514::363700_rep1_fold0_smac_roc_auc_holdout,0.03299829516456741,0.25782331764054156,0.15328318763976276
46,0.13903743315508021,0.2167181334705781,0.21484173957797226,363700,1,0,smac,roc_auc,binary,LGBM,,False,holdout,0.0,78,3,3,LGBM_363700_20260405_160514,363700_rep1_fold0_smac_roc_auc_holdout,LGBM_363700_20260405_160514::363700_rep1_fold0_smac_roc_auc_holdout,0.03299829516456741,0.25782331764054156,0.15328318763976276
47,0.13903743315508021,0.2167181334705781,0.21484173957797226,363700,1,0,smac,roc_auc,binary,LGBM,,False,holdout,0.0,78,3,3,LGBM_363700_20260405_160514,363700_rep1_fold0_smac_roc_auc_holdout,LGBM_363700_20260405_160514::363700_rep1_fold0_smac_roc_auc_holdout,0.03299829516456741,0.25782331764054156,0.15328318763976276
48,0.13903743315508021,0.2167181334705781,0.21484173957797226,363700,1,0,smac,roc_auc,binary,LGBM,,False,holdout,0.0,78,3,3,LGBM_363700_20260405_160514,363700_rep1_fold0_smac_roc_auc_holdout,LGBM_363700_20260405_160514::363700_rep1_fold0_smac_roc_auc_holdout,0.03299829516456741,0.25782331764054156,0.15328318763976276
49,0.13903743315508021,0.2167181334705781,0.21484173957797226,363700,1,0,smac,roc_auc,binary,LGBM,,False,holdout,0.0,78,3,3,LGBM_363700_20260405_160514,363700_rep1_fold0_smac_roc_auc_holdout,LGBM_363700_20260405_160514::363700_rep1_fold0_smac_roc_auc_holdout,0.03299829516456741,0.25782331764054156,0.15328318763976276
50,0.13903743315508021,0.2167181334705781,0.21484173957797226,363700,1,0,smac,roc_auc,binary,LGBM,,False,holdout,0.0,78,3,3,LGBM_363700_20260405_160514,363700_rep1_fold0_smac_roc_auc_holdout,LGBM_363700_20260405_160514::363700_rep1_fold0_smac_roc_auc_holdout,0.03299829516456741,0.25782331764054156,0.15328318763976276
51,0.13903743315508021,0.2167181334705781,0.21484173957797226,363700,1,0,smac,roc_auc,binary,LGBM,,False,holdout,0.0,78,3,3,LGBM_363700_20260405_160514,363700_rep1_fold0_smac_roc_auc_holdout,LGBM_363700_20260405_160514::363700_rep1_fold0_smac_roc_auc_holdout,0.03299829516456741,0.25782331764054156,0.15328318763976276
52,0.13903743315508021,0.2167181334705781,0.21484173957797226,363700,1,0,smac,roc_auc,binary,LGBM,,False,holdout,0.0,78,3,3,LGBM_363700_20260405_160514,363700_rep1_fold0_smac_roc_auc_holdout,LGBM_363700_20260405_160514::363700_rep1_fold0_smac_roc_auc_holdout,0.03299829516456741,0.25782331764054156,0.15328318763976276
53,0.13903743315508021,0.2167181334705781,0.21484173957797226,363700,1,0,smac,roc_auc,binary,LGBM,,False,holdout,0.0,78,3,3,LGBM_363700_20260405_160514,363700_rep1_fold0_smac_roc_auc_holdout,LGBM_363700_20260405_160514::363700_rep1_fold0_smac_roc_auc_holdout,0.03299829516456741,0.25782331764054156,0.15328318763976276
54,0.13903743315508021,0.2167181334705781,0.21484173957797226,363700,1,0,smac,roc_auc,binary,LGBM,,False,holdout,0.0,78,3,3,LGBM_363700_20260405_160514,363700_rep1_fold0_smac_roc_auc_holdout,LGBM_363700_20260405_160514::363700_rep1_fold0_smac_roc_auc_holdout,0.03299829516456741,0.25782331764054156,0.15328318763976276
55,0.13903743315508021,0.2167181334705781,0.21484173957797226,363700,1,0,smac,roc_auc,binary,LGBM,,False,holdout,0.0,78,3,3,LGBM_363700_20260405_160514,363700_rep1_fold0_smac_roc_auc_holdout,LGBM_363700_20260405_160514::363700_rep1_fold0_smac_roc_auc_holdout,0.03299829516456741,0.25782331764054156,0.15328318763976276
56,0.13903743315508021,0.2167181334705781,0.21484173957797226,363700,1,0,smac,roc_auc,binary,LGBM,,False,holdout,0.0,78,3,3,LGBM_363700_20260405_160514,363700_rep1_fold0_smac_roc_auc_holdout,LGBM_363700_20260405_160514::363700_rep1_fold0_smac_roc_auc_holdout,0.03299829516456741,0.25782331764054156,0.15328318763976276
57,0.13537855333520965,0.22168253559787277,0.22035297649682628,363700,1,0,smac,roc_auc,binary,LGBM,,False,holdout,0.0,78,3,3,LGBM_363700_20260405_160514,363700_rep1_fold0_smac_roc_auc_holdout,LGBM_363700_20260405_160514::363700_rep1_fold0_smac_roc_auc_holdout,0.0,0.38604264746607714,0.2577759707257562
58,0.13537855333520965,0.22168253559787277,0.22035297649682628,363700,1,0,smac,roc_auc,binary,LGBM,,False,holdout,0.0,78,3,3,LGBM_363700_20260405_160514,363700_rep1_fold0_smac_roc_auc_holdout,LGBM_363700_20260405_160514::363700_rep1_fold0_smac_roc_auc_holdout,0.0,0.38604264746607714,0.2577759707257562
59,0.13537855333520965,0.22168253559787277,0.22035297649682628,363700,1,0,smac,roc_auc,binary,LGBM,,False,holdout,0.0,78,3,3,LGBM_363700_20260405_160514,363700_rep1_fold0_smac_roc_auc_holdout,LGBM_363700_20260405_160514::363700_rep1_fold0_smac_roc_auc_holdout,0.0,0.38604264746607714,0.2577759707257562
60,0.13537855333520965,0.22168253559787277,0.22035297649682628,363700,1,0,smac,roc_auc,binary,LGBM,,False,holdout,0.0,78,3,3,LGBM_363700_20260405_160514,363700_rep1_fold0_smac_roc_auc_holdout,LGBM_363700_20260405_160514::363700_rep1_fold0_smac_roc_auc_holdout,0.0,0.38604264746607714,0.2577759707257562
61,0.13537855333520965,0.22168253559787277,0.22035297649682628,363700,1,0,smac,roc_auc,binary,LGBM,,False,holdout,0.0,78,3,3,LGBM_363700_20260405_160514,363700_rep1_fold0_smac_roc_auc_holdout,LGBM_363700_20260405_160514::363700_rep1_fold0_smac_roc_auc_holdout,0.0,0.38604264746607714,0.2577759707257562
62,0.13537855333520965,0.22168253559787277,0.22035297649682628,363700,1,0,smac,roc_auc,binary,LGBM,,False,holdout,0.0,78,3,3,LGBM_363700_20260405_160514,363700_rep1_fold0_smac_roc_auc_holdout,LGBM_363700_20260405_160514::363700_rep1_fold0_smac_roc_auc_holdout,0.0,0.38604264746607714,0.2577759707257562
63,0.13537855333520965,0.22168253559787277,0.22035297649682628,363700,1,0,smac,roc_auc,binary,LGBM,,False,holdout,0.0,78,3,3,LGBM_363700_20260405_160514,363700_rep1_fold0_smac_roc_auc_holdout,LGBM_363700_20260405_160514::363700_rep1_fold0_smac_roc_auc_holdout,0.0,0.38604264746607714,0.2577759707257562
64,0.13537855333520965,0.22168253559787277,0.22035297649682628,363700,1,0,smac,roc_auc,binary,LGBM,,False,holdout,0.0,78,3,3,LGBM_363700_20260405_160514,363700_rep1_fold0_smac_roc_auc_holdout,LGBM_363700_20260405_160514::363700_rep1_fold0_smac_roc_auc_holdout,0.0,0.38604264746607714,0.2577759707257562
65,0.13537855333520965,0.22168253559787277,0.22035297649682628,363700,1,0,smac,roc_auc,binary,LGBM,,False,holdout,0.0,78,3,3,LGBM_363700_20260405_160514,363700_rep1_fold0_smac_roc_auc_holdout,LGBM_363700_20260405_160514::363700_rep1_fold0_smac_roc_auc_holdout,0.0,0.38604264746607714,0.2577759707257562
66,0.14790318041092032,0.21737219077028658,0.21262223365928978,363700,1,0,smac,roc_auc,binary,LGBM,,False,holdout,0.0,78,3,3,LGBM_363700_20260405_160514,363700_rep1_fold0_smac_roc_auc_holdout,LGBM_363700_20260405_160514::363700_rep1_fold0_smac_roc_auc_holdout,0.11295570267871057,0.27471614511215897,0.11120146371213471
67,0.14790318041092032,0.21737219077028658,0.21262223365928978,363700,1,0,smac,roc_auc,binary,LGBM,,False,holdout,0.0,78,3,3,LGBM_363700_20260405_160514,363700_rep1_fold0_smac_roc_auc_holdout,LGBM_363700_20260405_160514::363700_rep1_fold0_smac_roc_auc_holdout,0.11295570267871057,0.27471614511215897,0.11120146371213471
68,0.14790318041092032,0.21737219077028658,0.21262223365928978,363700,1,0,smac,roc_auc,binary,LGBM,,False,holdout,0.0,78,3,3,LGBM_363700_20260405_160514,363700_rep1_fold0_smac_roc_auc_holdout,LGBM_363700_20260405_160514::363700_rep1_fold0_smac_roc_auc_holdout,0.11295570267871057,0.27471614511215897,0.11120146371213471
69,0.14790318041092032,0.21737219077028658,0.21262223365928978,363700,1,0,smac,roc_auc,binary,LGBM,,False,holdout,0.0,78,3,3,LGBM_363700_20260405_160514,363700_rep1_fold0_smac_roc_auc_holdout,LGBM_363700_20260405_160514::363700_rep1_fold0_smac_roc_auc_holdout,0.11295570267871057,0.27471614511215897,0.11120146371213471
70,0.14790318041092032,0.21737219077028658,0.21262223365928978,363700,1,0,smac,roc_auc,binary,LGBM,,False,holdout,0.0,78,3,3,LGBM_363700_20260405_160514,363700_rep1_fold0_smac_roc_auc_holdout,LGBM_363700_20260405_160514::363700_rep1_fold0_smac_roc_auc_holdout,0.11295570267871057,0.27471614511215897,0.11120146371213471
71,0.14790318041092032,0.21737219077028658,0.21262223365928978,363700,1,0,smac,roc_auc,binary,LGBM,,False,holdout,0.0,78,3,3,LGBM_363700_20260405_160514,363700_rep1_fold0_smac_roc_auc_holdout,LGBM_363700_20260405_160514::363700_rep1_fold0_smac_roc_auc_holdout,0.11295570267871057,0.27471614511215897,0.11120146371213471
72,0.14790318041092032,0.21737219077028658,0.21262223365928978,363700,1,0,smac,roc_auc,binary,LGBM,,False,holdout,0.0,78,3,3,LGBM_363700_20260405_160514,363700_rep1_fold0_smac_roc_auc_holdout,LGBM_363700_20260405_160514::363700_rep1_fold0_smac_roc_auc_holdout,0.11295570267871057,0.27471614511215897,0.11120146371213471
73,0.14790318041092032,0.21737219077028658,0.21262223365928978,363700,1,0,smac,roc_auc,binary,LGBM,,False,holdout,0.0,78,3,3,LGBM_363700_20260405_160514,363700_rep1_fold0_smac_roc_auc_holdout,LGBM_363700_20260405_160514::363700_rep1_fold0_smac_roc_auc_holdout,0.11295570267871057,0.27471614511215897,0.11120146371213471
74,0.14790318041092032,0.21737219077028658,0.21262223365928978,363700,1,0,smac,roc_auc,binary,LGBM,,False,holdout,0.0,78,3,3,LGBM_363700_20260405_160514,363700_rep1_fold0_smac_roc_auc_holdout,LGBM_363700_20260405_160514::363700_rep1_fold0_smac_roc_auc_holdout,0.11295570267871057,0.27471614511215897,0.11120146371213471
75,0.14790318041092032,0.21737219077028658,0.21262223365928978,363700,1,0,smac,roc_auc,binary,LGBM,,False,holdout,0.0,78,3,3,LGBM_363700_20260405_160514,363700_rep1_fold0_smac_roc_auc_holdout,LGBM_363700_20260405_160514::363700_rep1_fold0_smac_roc_auc_holdout,0.11295570267871057,0.27471614511215897,0.11120146371213471
76,0.14790318041092032,0.21737219077028658,0.21262223365928978,363700,1,0,smac,roc_auc,binary,LGBM,,False,holdout,0.0,78,3,3,LGBM_363700_20260405_160514,363700_rep1_fold0_smac_roc_auc_holdout,LGBM_363700_20260405_160514::363700_rep1_fold0_smac_roc_auc_holdout,0.11295570267871057,0.27471614511215897,0.11120146371213471
77,0.14790318041092032,0.21737219077028658,0.21262223365928978,363700,1,0,smac,roc_auc,binary,LGBM,,False,holdout,0.0,78,3,3,LGBM_363700_20260405_160514,363700_rep1_fold0_smac_roc_auc_holdout,LGBM_363700_20260405_160514::363700_rep1_fold0_smac_roc_auc_holdout,0.11295570267871057,0.27471614511215897,0.11120146371213471
78,0.14790318041092032,0.21737219077028658,0.21262223365928978,363700,1,0,smac,roc_auc,binary,LGBM,,False,holdout,0.0,78,3,3,LGBM_363700_20260405_160514,363700_rep1_fold0_smac_roc_auc_holdout,LGBM_363700_20260405_160514::363700_rep1_fold0_smac_roc_auc_holdout,0.11295570267871057,0.27471614511215897,0.11120146371213471
79,0.14790318041092032,0.21737219077028658,0.21262223365928978,363700,1,0,smac,roc_auc,binary,LGBM,,False,holdout,0.0,78,3,3,LGBM_363700_20260405_160514,363700_rep1_fold0_smac_roc_auc_holdout,LGBM_363700_20260405_160514::363700_rep1_fold0_smac_roc_auc_holdout,0.11295570267871057,0.27471614511215897,0.11120146371213471
80,0.14790318041092032,0.21737219077028658,0.21262223365928978,363700,1,0,smac,roc_auc,binary,LGBM,,False,holdout,0.0,78,3,3,LGBM_363700_20260405_160514,363700_rep1_fold0_smac_roc_auc_holdout,LGBM_363700_20260405_160514::363700_rep1_fold0_smac_roc_auc_holdout,0.11295570267871057,0.27471614511215897,0.11120146371213471
81,0.14790318041092032,0.21737219077028658,0.21262223365928978,363700,1,0,smac,roc_auc,binary,LGBM,,False,holdout,0.0,78,3,3,LGBM_363700_20260405_160514,363700_rep1_fold0_smac_roc_auc_holdout,LGBM_363700_20260405_160514::363700_rep1_fold0_smac_roc_auc_holdout,0.11295570267871057,0.27471614511215897,0.11120146371213471
82,0.14790318041092032,0.21737219077028658,0.21262223365928978,363700,1,0,smac,roc_auc,binary,LGBM,,False,holdout,0.0,78,3,3,LGBM_363700_20260405_160514,363700_rep1_fold0_smac_roc_auc_holdout,LGBM_363700_20260405_160514::363700_rep1_fold0_smac_roc_auc_holdout,0.11295570267871057,0.27471614511215897,0.11120146371213471
83,0.14790318041092032,0.21737219077028658,0.21262223365928978,363700,1,0,smac,roc_auc,binary,LGBM,,False,holdout,0.0,78,3,3,LGBM_363700_20260405_160514,363700_rep1_fold0_smac_roc_auc_holdout,LGBM_363700_20260405_160514::363700_rep1_fold0_smac_roc_auc_holdout,0.11295570267871057,0.27471614511215897,0.11120146371213471
84,0.13734871939206306,0.21474523932063816,0.21238634414136215,363700,1,0,smac,roc_auc,binary,LGBM,,False,holdout,0.0,78,3,3,LGBM_363700_20260405_160514,363700_rep1_fold0_smac_roc_auc_holdout,LGBM_363700_20260405_160514::363700_rep1_fold0_smac_roc_auc_holdout,0.017768312780921145,0.20686790362780275,0.10672900996137177
85,0.13734871939206306,0.21474523932063816,0.21238634414136215,363700,1,0,smac,roc_auc,binary,LGBM,,False,holdout,0.0,78,3,3,LGBM_363700_20260405_160514,363700_rep1_fold0_smac_roc_auc_holdout,LGBM_363700_20260405_160514::363700_rep1_fold0_smac_roc_auc_holdout,0.017768312780921145,0.20686790362780275,0.10672900996137177
86,0.13734871939206306,0.21474523932063816,0.21238634414136215,363700,1,0,smac,roc_auc,binary,LGBM,,False,holdout,0.0,78,3,3,LGBM_363700_20260405_160514,363700_rep1_fold0_smac_roc_auc_holdout,LGBM_363700_20260405_160514::363700_rep1_fold0_smac_roc_auc_holdout,0.017768312780921145,0.20686790362780275,0.10672900996137177
87,0.13734871939206306,0.21474523932063816,0.21238634414136215,363700,1,0,smac,roc_auc,binary,LGBM,,False,holdout,0.0,78,3,3,LGBM_363700_20260405_160514,363700_rep1_fold0_smac_roc_auc_holdout,LGBM_363700_20260405_160514::363700_rep1_fold0_smac_roc_auc_holdout,0.017768312780921145,0.20686790362780275,0.10672900996137177
88,0.13734871939206306,0.21474523932063816,0.21238634414136215,363700,1,0,smac,roc_auc,binary,LGBM,,False,holdout,0.0,78,3,3,LGBM_363700_20260405_160514,363700_rep1_fold0_smac_roc_auc_holdout,LGBM_363700_20260405_160514::363700_rep1_fold0_smac_roc_auc_holdout,0.017768312780921145,0.20686790362780275,0.10672900996137177
89,0.13734871939206306,0.21474523932063816,0.21238634414136215,363700,1,0,smac,roc_auc,binary,LGBM,,False,holdout,0.0,78,3,3,LGBM_363700_20260405_160514,363700_rep1_fold0_smac_roc_auc_holdout,LGBM_363700_20260405_160514::363700_rep1_fold0_smac_roc_auc_holdout,0.017768312780921145,0.20686790362780275,0.10672900996137177
90,0.14776245426400225,0.2162999656887974,0.21192528735632188,363700,1,0,smac,roc_auc,binary,LGBM,,False,holdout,0.0,78,3,3,LGBM_363700_20260405_160514,363700_rep1_fold0_smac_roc_auc_holdout,LGBM_363700_20260405_160514::363700_rep1_fold0_smac_roc_auc_holdout,0.11168653748007362,0.24702298532262487,0.0979873958121553
91,0.14424430059104987,0.22074969977697712,0.22232587064676612,363700,1,0,smac,roc_auc,binary,LGBM,,False,holdout,0.0,78,3,3,LGBM_363700_20260405_160514,363700_rep1_fold0_smac_roc_auc_holdout,LGBM_363700_20260405_160514::363700_rep1_fold0_smac_roc_auc_holdout,0.07995740751414415,0.361949598449181,0.2951819475503119
92,0.14424430059104987,0.22074969977697712,0.22232587064676612,363700,1,0,smac,roc_auc,binary,LGBM,,False,holdout,0.0,78,3,3,LGBM_363700_20260405_160514,363700_rep1_fold0_smac_roc_auc_holdout,LGBM_363700_20260405_160514::363700_rep1_fold0_smac_roc_auc_holdout,0.07995740751414415,0.361949598449181,0.2951819475503119
93,0.14424430059104987,0.22074969977697712,0.22232587064676612,363700,1,0,smac,roc_auc,binary,LGBM,,False,holdout,0.0,78,3,3,LGBM_363700_20260405_160514,363700_rep1_fold0_smac_roc_auc_holdout,LGBM_363700_20260405_160514::363700_rep1_fold0_smac_roc_auc_holdout,0.07995740751414415,0.361949598449181,0.2951819475503119
94,0.14424430059104987,0.22074969977697712,0.22232587064676612,363700,1,0,smac,roc_auc,binary,LGBM,,False,holdout,0.0,78,3,3,LGBM_363700_20260405_160514,363700_rep1_fold0_smac_roc_auc_holdout,LGBM_363700_20260405_160514::363700_rep1_fold0_smac_roc_auc_holdout,0.07995740751414415,0.361949598449181,0.2951819475503119
95,0.14424430059104987,0.22074969977697712,0.22232587064676612,363700,1,0,smac,roc_auc,binary,LGBM,,False,holdout,0.0,78,3,3,LGBM_363700_20260405_160514,363700_rep1_fold0_smac_roc_auc_holdout,LGBM_363700_20260405_160514::363700_rep1_fold0_smac_roc_auc_holdout,0.07995740751414415,0.361949598449181,0.2951819475503119
96,0.14424430059104987,0.22074969977697712,0.22232587064676612,363700,1,0,smac,roc_auc,binary,LGBM,,False,holdout,0.0,78,3,3,LGBM_363700_20260405_160514,363700_rep1_fold0_smac_roc_auc_holdout,LGBM_363700_20260405_160514::363700_rep1_fold0_smac_roc_auc_holdout,0.07995740751414415,0.361949598449181,0.2951819475503119
97,0.14424430059104987,0.22074969977697712,0.22232587064676612,363700,1,0,smac,roc_auc,binary,LGBM,,False,holdout,0.0,78,3,3,LGBM_363700_20260405_160514,363700_rep1_fold0_smac_roc_auc_holdout,LGBM_363700_20260405_160514::363700_rep1_fold0_smac_roc_auc_holdout,0.07995740751414415,0.361949598449181,0.2951819475503119
98,0.14424430059104987,0.22074969977697712,0.22232587064676612,363700,1,0,smac,roc_auc,binary,LGBM,,False,holdout,0.0,78,3,3,LGBM_363700_20260405_160514,363700_rep1_fold0_smac_roc_auc_holdout,LGBM_363700_20260405_160514::363700_rep1_fold0_smac_roc_auc_holdout,0.07995740751414415,0.361949598449181,0.2951819475503119
99,0.14424430059104987,0.22074969977697712,0.22232587064676612,363700,1,0,smac,roc_auc,binary,LGBM,,False,holdout,0.0,78,3,3,LGBM_363700_20260405_160514,363700_rep1_fold0_smac_roc_auc_holdout,LGBM_363700_20260405_160514::363700_rep1_fold0_smac_roc_auc_holdout,0.07995740751414415,0.361949598449181,0.2951819475503119
100,0.14424430059104987,0.22074969977697712,0.22232587064676612,363700,1,0,smac,roc_auc,binary,LGBM,,False,holdout,0.0,78,3,3,LGBM_363700_20260405_160514,363700_rep1_fold0_smac_roc_auc_holdout,LGBM_363700_20260405_160514::363700_rep1_fold0_smac_roc_auc_holdout,0.07995740751414415,0.361949598449181,0.2951819475503119
101,0.14424430059104987,0.22074969977697712,0.22232587064676612,363700,1,0,smac,roc_auc,binary,LGBM,,False,holdout,0.0,78,3,3,LGBM_363700_20260405_160514,363700_rep1_fold0_smac_roc_auc_holdout,LGBM_363700_20260405_160514::363700_rep1_fold0_smac_roc_auc_holdout,0.07995740751414415,0.361949598449181,0.2951819475503119
102,0.14424430059104987,0.22074969977697712,0.22232587064676612,363700,1,0,smac,roc_auc,binary,LGBM,,False,holdout,0.0,78,3,3,LGBM_363700_20260405_160514,363700_rep1_fold0_smac_roc_auc_holdout,LGBM_363700_20260405_160514::363700_rep1_fold0_smac_roc_auc_holdout,0.07995740751414415,0.361949598449181,0.2951819475503119
103,0.14424430059104987,0.22074969977697712,0.22232587064676612,363700,1,0,smac,roc_auc,binary,LGBM,,False,holdout,0.0,78,3,3,LGBM_363700_20260405_160514,363700_rep1_fold0_smac_roc_auc_holdout,LGBM_363700_20260405_160514::363700_rep1_fold0_smac_roc_auc_holdout,0.07995740751414415,0.361949598449181,0.2951819475503119
104,0.14424430059104987,0.22074969977697712,0.22232587064676612,363700,1,0,smac,roc_auc,binary,LGBM,,False,holdout,0.0,78,3,3,LGBM_363700_20260405_160514,363700_rep1_fold0_smac_roc_auc_holdout,LGBM_363700_20260405_160514::363700_rep1_fold0_smac_roc_auc_holdout,0.07995740751414415,0.361949598449181,0.2951819475503119
105,0.14424430059104987,0.22074969977697712,0.22232587064676612,363700,1,0,smac,roc_auc,binary,LGBM,,False,holdout,0.0,78,3,3,LGBM_363700_20260405_160514,363700_rep1_fold0_smac_roc_auc_holdout,LGBM_363700_20260405_160514::363700_rep1_fold0_smac_roc_auc_holdout,0.07995740751414415,0.361949598449181,0.2951819475503119
106,0.14424430059104987,0.22074969977697712,0.22232587064676612,363700,1,0,smac,roc_auc,binary,LGBM,,False,holdout,0.0,78,3,3,LGBM_363700_20260405_160514,363700_rep1_fold0_smac_roc_auc_holdout,LGBM_363700_20260405_160514::363700_rep1_fold0_smac_roc_auc_holdout,0.07995740751414415,0.361949598449181,0.2951819475503119
107,0.14424430059104987,0.22074969977697712,0.22232587064676612,363700,1,0,smac,roc_auc,binary,LGBM,,False,holdout,0.0,78,3,3,LGBM_363700_20260405_160514,363700_rep1_fold0_smac_roc_auc_holdout,LGBM_363700_20260405_160514::363700_rep1_fold0_smac_roc_auc_holdout,0.07995740751414415,0.361949598449181,0.2951819475503119
108,0.14424430059104987,0.22074969977697712,0.22232587064676612,363700,1,0,smac,roc_auc,binary,LGBM,,False,holdout,0.0,78,3,3,LGBM_363700_20260405_160514,363700_rep1_fold0_smac_roc_auc_holdout,LGBM_363700_20260405_160514::363700_rep1_fold0_smac_roc_auc_holdout,0.07995740751414415,0.361949598449181,0.2951819475503119
109,0.14424430059104987,0.22074969977697712,0.22232587064676612,363700,1,0,smac,roc_auc,binary,LGBM,,False,holdout,0.0,78,3,3,LGBM_363700_20260405_160514,363700_rep1_fold0_smac_roc_auc_holdout,LGBM_363700_20260405_160514::363700_rep1_fold0_smac_roc_auc_holdout,0.07995740751414415,0.361949598449181,0.2951819475503119
110,0.14424430059104987,0.22074969977697712,0.22232587064676612,363700,1,0,smac,roc_auc,binary,LGBM,,False,holdout,0.0,78,3,3,LGBM_363700_20260405_160514,363700_rep1_fold0_smac_roc_auc_holdout,LGBM_363700_20260405_160514::363700_rep1_fold0_smac_roc_auc_holdout,0.07995740751414415,0.361949598449181,0.2951819475503119
111,0.14424430059104987,0.22074969977697712,0.22232587064676612,363700,1,0,smac,roc_auc,binary,LGBM,,False,holdout,0.0,78,3,3,LGBM_363700_20260405_160514,363700_rep1_fold0_smac_roc_auc_holdout,LGBM_363700_20260405_160514::363700_rep1_fold0_smac_roc_auc_holdout,0.07995740751414415,0.361949598449181,0.2951819475503119
112,0.14424430059104987,0.22074969977697712,0.22232587064676612,363700,1,0,smac,roc_auc,binary,LGBM,,False,holdout,0.0,78,3,3,LGBM_363700_20260405_160514,363700_rep1_fold0_smac_roc_auc_holdout,LGBM_363700_20260405_160514::363700_rep1_fold0_smac_roc_auc_holdout,0.07995740751414415,0.361949598449181,0.2951819475503119
113,0.14424430059104987,0.22074969977697712,0.22232587064676612,363700,1,0,smac,roc_auc,binary,LGBM,,False,holdout,0.0,78,3,3,LGBM_363700_20260405_160514,363700_rep1_fold0_smac_roc_auc_holdout,LGBM_363700_20260405_160514::363700_rep1_fold0_smac_roc_auc_holdout,0.07995740751414415,0.361949598449181,0.2951819475503119
114,0.14424430059104987,0.22074969977697712,0.22232587064676612,363700,1,0,smac,roc_auc,binary,LGBM,,False,holdout,0.0,78,3,3,LGBM_363700_20260405_160514,363700_rep1_fold0_smac_roc_auc_holdout,LGBM_363700_20260405_160514::363700_rep1_fold0_smac_roc_auc_holdout,0.07995740751414415,0.361949598449181,0.2951819475503119
115,0.14424430059104987,0.22074969977697712,0.22232587064676612,363700,1,0,smac,roc_auc,binary,LGBM,,False,holdout,0.0,78,3,3,LGBM_363700_20260405_160514,363700_rep1_fold0_smac_roc_auc_holdout,LGBM_363700_20260405_160514::363700_rep1_fold0_smac_roc_auc_holdout,0.07995740751414415,0.361949598449181,0.2951819475503119
116,0.14424430059104987,0.22074969977697712,0.22232587064676612,363700,1,0,smac,roc_auc,binary,LGBM,,False,holdout,0.0,78,3,3,LGBM_363700_20260405_160514,363700_rep1_fold0_smac_roc_auc_holdout,LGBM_363700_20260405_160514::363700_rep1_fold0_smac_roc_auc_holdout,0.07995740751414415,0.361949598449181,0.2951819475503119
117,0.14424430059104987,0.22074969977697712,0.22232587064676612,363700,1,0,smac,roc_auc,binary,LGBM,,False,holdout,0.0,78,3,3,LGBM_363700_20260405_160514,363700_rep1_fold0_smac_roc_auc_holdout,LGBM_363700_20260405_160514::363700_rep1_fold0_smac_roc_auc_holdout,0.07995740751414415,0.361949598449181,0.2951819475503119
118,0.14424430059104987,0.22074969977697712,0.22232587064676612,363700,1,0,smac,roc_auc,binary,LGBM,,False,holdout,0.0,78,3,3,LGBM_363700_20260405_160514,363700_rep1_fold0_smac_roc_auc_holdout,LGBM_363700_20260405_160514::363700_rep1_fold0_smac_roc_auc_holdout,0.07995740751414415,0.361949598449181,0.2951819475503119
119,0.14424430059104987,0.22074969977697712,0.22232587064676612,363700,1,0,smac,roc_auc,binary,LGBM,,False,holdout,0.0,78,3,3,LGBM_363700_20260405_160514,363700_rep1_fold0_smac_roc_auc_holdout,LGBM_363700_20260405_160514::363700_rep1_fold0_smac_roc_auc_holdout,0.07995740751414415,0.361949598449181,0.2951819475503119
120,0.14424430059104987,0.22074969977697712,0.22232587064676612,363700,1,0,smac,roc_auc,binary,LGBM,,False,holdout,0.0,78,3,3,LGBM_363700_20260405_160514,363700_rep1_fold0_smac_roc_auc_holdout,LGBM_363700_20260405_160514::363700_rep1_fold0_smac_roc_auc_holdout,0.07995740751414415,0.361949598449181,0.2951819475503119
121,0.14424430059104987,0.22074969977697712,0.22232587064676612,363700,1,0,smac,roc_auc,binary,LGBM,,False,holdout,0.0,78,3,3,LGBM_363700_20260405_160514,363700_rep1_fold0_smac_roc_auc_holdout,LGBM_363700_20260405_160514::363700_rep1_fold0_smac_roc_auc_holdout,0.07995740751414415,0.361949598449181,0.2951819475503119
122,0.14424430059104987,0.22074969977697712,0.22232587064676612,363700,1,0,smac,roc_auc,binary,LGBM,,False,holdout,0.0,78,3,3,LGBM_363700_20260405_160514,363700_rep1_fold0_smac_roc_auc_holdout,LGBM_363700_20260405_160514::363700_rep1_fold0_smac_roc_auc_holdout,0.07995740751414415,0.361949598449181,0.2951819475503119
123,0.14424430059104987,0.22074969977697712,0.22232587064676612,363700,1,0,smac,roc_auc,binary,LGBM,,False,holdout,0.0,78,3,3,LGBM_363700_20260405_160514,363700_rep1_fold0_smac_roc_auc_holdout,LGBM_363700_20260405_160514::363700_rep1_fold0_smac_roc_auc_holdout,0.07995740751414415,0.361949598449181,0.2951819475503119
124,0.14424430059104987,0.22074969977697712,0.22232587064676612,363700,1,0,smac,roc_auc,binary,LGBM,,False,holdout,0.0,78,3,3,LGBM_363700_20260405_160514,363700_rep1_fold0_smac_roc_auc_holdout,LGBM_363700_20260405_160514::363700_rep1_fold0_smac_roc_auc_holdout,0.07995740751414415,0.361949598449181,0.2951819475503119
125,0.14424430059104987,0.22074969977697712,0.22232587064676612,363700,1,0,smac,roc_auc,binary,LGBM,,False,holdout,0.0,78,3,3,LGBM_363700_20260405_160514,363700_rep1_fold0_smac_roc_auc_holdout,LGBM_363700_20260405_160514::363700_rep1_fold0_smac_roc_auc_holdout,0.07995740751414415,0.361949598449181,0.2951819475503119
126,0.14424430059104987,0.22074969977697712,0.22232587064676612,363700,1,0,smac,roc_auc,binary,LGBM,,False,holdout,0.0,78,3,3,LGBM_363700_20260405_160514,363700_rep1_fold0_smac_roc_auc_holdout,LGBM_363700_20260405_160514::363700_rep1_fold0_smac_roc_auc_holdout,0.07995740751414415,0.361949598449181,0.2951819475503119
127,0.14424430059104987,0.22074969977697712,0.22232587064676612,363700,1,0,smac,roc_auc,binary,LGBM,,False,holdout,0.0,78,3,3,LGBM_363700_20260405_160514,363700_rep1_fold0_smac_roc_auc_holdout,LGBM_363700_20260405_160514::363700_rep1_fold0_smac_roc_auc_holdout,0.07995740751414415,0.361949598449181,0.2951819475503119
128,0.14424430059104987,0.22074969977697712,0.22232587064676612,363700,1,0,smac,roc_auc,binary,LGBM,,False,holdout,0.0,78,3,3,LGBM_363700_20260405_160514,363700_rep1_fold0_smac_roc_auc_holdout,LGBM_363700_20260405_160514::363700_rep1_fold0_smac_roc_auc_holdout,0.07995740751414415,0.361949598449181,0.2951819475503119
129,0.14424430059104987,0.22074969977697712,0.22232587064676612,363700,1,0,smac,roc_auc,binary,LGBM,,False,holdout,0.0,78,3,3,LGBM_363700_20260405_160514,363700_rep1_fold0_smac_roc_auc_holdout,LGBM_363700_20260405_160514::363700_rep1_fold0_smac_roc_auc_holdout,0.07995740751414415,0.361949598449181,0.2951819475503119
130,0.14424430059104987,0.22074969977697712,0.22232587064676612,363700,1,0,smac,roc_auc,binary,LGBM,,False,holdout,0.0,78,3,3,LGBM_363700_20260405_160514,363700_rep1_fold0_smac_roc_auc_holdout,LGBM_363700_20260405_160514::363700_rep1_fold0_smac_roc_auc_holdout,0.07995740751414415,0.361949598449181,0.2951819475503119
131,0.14424430059104987,0.22074969977697712,0.22232587064676612,363700,1,0,smac,roc_auc,binary,LGBM,,False,holdout,0.0,78,3,3,LGBM_363700_20260405_160514,363700_rep1_fold0_smac_roc_auc_holdout,LGBM_363700_20260405_160514::363700_rep1_fold0_smac_roc_auc_holdout,0.07995740751414415,0.361949598449181,0.2951819475503119
132,0.14424430059104987,0.22074969977697712,0.22232587064676612,363700,1,0,smac,roc_auc,binary,LGBM,,False,holdout,0.0,78,3,3,LGBM_363700_20260405_160514,363700_rep1_fold0_smac_roc_auc_holdout,LGBM_363700_20260405_160514::363700_rep1_fold0_smac_roc_auc_holdout,0.07995740751414415,0.361949598449181,0.2951819475503119
133,0.14424430059104987,0.22074969977697712,0.22232587064676612,363700,1,0,smac,roc_auc,binary,LGBM,,False,holdout,0.0,78,3,3,LGBM_363700_20260405_160514,363700_rep1_fold0_smac_roc_auc_holdout,LGBM_363700_20260405_160514::363700_rep1_fold0_smac_roc_auc_holdout,0.07995740751414415,0.361949598449181,0.2951819475503119
134,0.14424430059104987,0.22074969977697712,0.22232587064676612,363700,1,0,smac,roc_auc,binary,LGBM,,False,holdout,0.0,78,3,3,LGBM_363700_20260405_160514,363700_rep1_fold0_smac_roc_auc_holdout,LGBM_363700_20260405_160514::363700_rep1_fold0_smac_roc_auc_holdout,0.07995740751414415,0.361949598449181,0.2951819475503119
135,0.14424430059104987,0.22074969977697712,0.22232587064676612,363700,1,0,smac,roc_auc,binary,LGBM,,False,holdout,0.0,78,3,3,LGBM_363700_20260405_160514,363700_rep1_fold0_smac_roc_auc_holdout,LGBM_363700_20260405_160514::363700_rep1_fold0_smac_roc_auc_holdout,0.07995740751414415,0.361949598449181,0.2951819475503119
136,0.14424430059104987,0.22074969977697712,0.22232587064676612,363700,1,0,smac,roc_auc,binary,LGBM,,False,holdout,0.0,78,3,3,LGBM_363700_20260405_160514,363700_rep1_fold0_smac_roc_auc_holdout,LGBM_363700_20260405_160514::363700_rep1_fold0_smac_roc_auc_holdout,0.07995740751414415,0.361949598449181,0.2951819475503119
137,0.14424430059104987,0.22074969977697712,0.22232587064676612,363700,1,0,smac,roc_auc,binary,LGBM,,False,holdout,0.0,78,3,3,LGBM_363700_20260405_160514,363700_rep1_fold0_smac_roc_auc_holdout,LGBM_363700_20260405_160514::363700_rep1_fold0_smac_roc_auc_holdout,0.07995740751414415,0.361949598449181,0.2951819475503119
138,0.14424430059104987,0.22074969977697712,0.22232587064676612,363700,1,0,smac,roc_auc,binary,LGBM,,False,holdout,0.0,78,3,3,LGBM_363700_20260405_160514,363700_rep1_fold0_smac_roc_auc_holdout,LGBM_363700_20260405_160514::363700_rep1_fold0_smac_roc_auc_holdout,0.07995740751414415,0.361949598449181,0.2951819475503119
139,0.14424430059104987,0.22074969977697712,0.22232587064676612,363700,1,0,smac,roc_auc,binary,LGBM,,False,holdout,0.0,78,3,3,LGBM_363700_20260405_160514,363700_rep1_fold0_smac_roc_auc_holdout,LGBM_363700_20260405_160514::363700_rep1_fold0_smac_roc_auc_holdout,0.07995740751414415,0.361949598449181,0.2951819475503119
140,0.14424430059104987,0.22074969977697712,0.22232587064676612,363700,1,0,smac,roc_auc,binary,LGBM,,False,holdout,0.0,78,3,3,LGBM_363700_20260405_160514,363700_rep1_fold0_smac_roc_auc_holdout,LGBM_363700_20260405_160514::363700_rep1_fold0_smac_roc_auc_holdout,0.07995740751414415,0.361949598449181,0.2951819475503119
141,0.14424430059104987,0.22074969977697712,0.22232587064676612,363700,1,0,smac,roc_auc,binary,LGBM,,False,holdout,0.0,78,3,3,LGBM_363700_20260405_160514,363700_rep1_fold0_smac_roc_auc_holdout,LGBM_363700_20260405_160514::363700_rep1_fold0_smac_roc_auc_holdout,0.07995740751414415,0.361949598449181,0.2951819475503119
142,0.14424430059104987,0.22074969977697712,0.22232587064676612,363700,1,0,smac,roc_auc,binary,LGBM,,False,holdout,0.0,78,3,3,LGBM_363700_20260405_160514,363700_rep1_fold0_smac_roc_auc_holdout,LGBM_363700_20260405_160514::363700_rep1_fold0_smac_roc_auc_holdout,0.07995740751414415,0.361949598449181,0.2951819475503119
143,0.14424430059104987,0.22074969977697712,0.22232587064676612,363700,1,0,smac,roc_auc,binary,LGBM,,False,holdout,0.0,78,3,3,LGBM_363700_20260405_160514,363700_rep1_fold0_smac_roc_auc_holdout,LGBM_363700_20260405_160514::363700_rep1_fold0_smac_roc_auc_holdout,0.07995740751414415,0.361949598449181,0.2951819475503119
144,0.14424430059104987,0.22074969977697712,0.22232587064676612,363700,1,0,smac,roc_auc,binary,LGBM,,False,holdout,0.0,78,3,3,LGBM_363700_20260405_160514,363700_rep1_fold0_smac_roc_auc_holdout,LGBM_363700_20260405_160514::363700_rep1_fold0_smac_roc_auc_holdout,0.07995740751414415,0.361949598449181,0.2951819475503119
145,0.14424430059104987,0.22074969977697712,0.22232587064676612,363700,1,0,smac,roc_auc,binary,LGBM,,False,holdout,0.0,78,3,3,LGBM_363700_20260405_160514,363700_rep1_fold0_smac_roc_auc_holdout,LGBM_363700_20260405_160514::363700_rep1_fold0_smac_roc_auc_holdout,0.07995740751414415,0.361949598449181,0.2951819475503119
146,0.14424430059104987,0.22074969977697712,0.22232587064676612,363700,1,0,smac,roc_auc,binary,LGBM,,False,holdout,0.0,78,3,3,LGBM_363700_20260405_160514,363700_rep1_fold0_smac_roc_auc_holdout,LGBM_363700_20260405_160514::363700_rep1_fold0_smac_roc_auc_holdout,0.07995740751414415,0.361949598449181,0.2951819475503119
147,0.14424430059104987,0.22074969977697712,0.22232587064676612,363700,1,0,smac,roc_auc,binary,LGBM,,False,holdout,0.0,78,3,3,LGBM_363700_20260405_160514,363700_rep1_fold0_smac_roc_auc_holdout,LGBM_363700_20260405_160514::363700_rep1_fold0_smac_roc_auc_holdout,0.07995740751414415,0.361949598449181,0.2951819475503119
148,0.14424430059104987,0.22074969977697712,0.22232587064676612,363700,1,0,smac,roc_auc,binary,LGBM,,False,holdout,0.0,78,3,3,LGBM_363700_20260405_160514,363700_rep1_fold0_smac_roc_auc_holdout,LGBM_363700_20260405_160514::363700_rep1_fold0_smac_roc_auc_holdout,0.07995740751414415,0.361949598449181,0.2951819475503119
149,0.14424430059104987,0.22074969977697712,0.22232587064676612,363700,1,0,smac,roc_auc,binary,LGBM,,False,holdout,0.0,78,3,3,LGBM_363700_20260405_160514,363700_rep1_fold0_smac_roc_auc_holdout,LGBM_363700_20260405_160514::363700_rep1_fold0_smac_roc_auc_holdout,0.07995740751414415,0.361949598449181,0.2951819475503119
150,0.14424430059104987,0.22074969977697712,0.22232587064676612,363700,1,0,smac,roc_auc,binary,LGBM,,False,holdout,0.0,78,3,3,LGBM_363700_20260405_160514,363700_rep1_fold0_smac_roc_auc_holdout,LGBM_363700_20260405_160514::363700_rep1_fold0_smac_roc_auc_holdout,0.07995740751414415,0.361949598449181,0.2951819475503119
151,0.14424430059104987,0.22074969977697712,0.22232587064676612,363700,1,0,smac,roc_auc,binary,LGBM,,False,holdout,0.0,78,3,3,LGBM_363700_20260405_160514,363700_rep1_fold0_smac_roc_auc_holdout,LGBM_363700_20260405_160514::363700_rep1_fold0_smac_roc_auc_holdout,0.07995740751414415,0.361949598449181,0.2951819475503119
152,0.14424430059104987,0.22074969977697712,0.22232587064676612,363700,1,0,smac,roc_auc,binary,LGBM,,False,holdout,0.0,78,3,3,LGBM_363700_20260405_160514,363700_rep1_fold0_smac_roc_auc_holdout,LGBM_363700_20260405_160514::363700_rep1_fold0_smac_roc_auc_holdout,0.07995740751414415,0.361949598449181,0.2951819475503119
153,0.14424430059104987,0.22074969977697712,0.22232587064676612,363700,1,0,smac,roc_auc,binary,LGBM,,False,holdout,0.0,78,3,3,LGBM_363700_20260405_160514,363700_rep1_fold0_smac_roc_auc_holdout,LGBM_363700_20260405_160514::363700_rep1_fold0_smac_roc_auc_holdout,0.07995740751414415,0.361949598449181,0.2951819475503119
154,0.14424430059104987,0.22074969977697712,0.22232587064676612,363700,1,0,smac,roc_auc,binary,LGBM,,False,holdout,0.0,78,3,3,LGBM_363700_20260405_160514,363700_rep1_fold0_smac_roc_auc_holdout,LGBM_363700_20260405_160514::363700_rep1_fold0_smac_roc_auc_holdout,0.07995740751414415,0.361949598449181,0.2951819475503119
155,0.14424430059104987,0.22074969977697712,0.22232587064676612,363700,1,0,smac,roc_auc,binary,LGBM,,False,holdout,0.0,78,3,3,LGBM_363700_20260405_160514,363700_rep1_fold0_smac_roc_auc_holdout,LGBM_363700_20260405_160514::363700_rep1_fold0_smac_roc_auc_holdout,0.07995740751414415,0.361949598449181,0.2951819475503119
156,0.14424430059104987,0.22074969977697712,0.22232587064676612,363700,1,0,smac,roc_auc,binary,LGBM,,False,holdout,0.0,78,3,3,LGBM_363700_20260405_160514,363700_rep1_fold0_smac_roc_auc_holdout,LGBM_363700_20260405_160514::363700_rep1_fold0_smac_roc_auc_holdout,0.07995740751414415,0.361949598449181,0.2951819475503119
157,0.14424430059104987,0.22074969977697712,0.22232587064676612,363700,1,0,smac,roc_auc,binary,LGBM,,False,holdout,0.0,78,3,3,LGBM_363700_20260405_160514,363700_rep1_fold0_smac_roc_auc_holdout,LGBM_363700_20260405_160514::363700_rep1_fold0_smac_roc_auc_holdout,0.07995740751414415,0.361949598449181,0.2951819475503119
158,0.14424430059104987,0.22074969977697712,0.22232587064676612,363700,1,0,smac,roc_auc,binary,LGBM,,False,holdout,0.0,78,3,3,LGBM_363700_20260405_160514,363700_rep1_fold0_smac_roc_auc_holdout,LGBM_363700_20260405_160514::363700_rep1_fold0_smac_roc_auc_holdout,0.07995740751414415,0.361949598449181,0.2951819475503119
159,0.14424430059104987,0.22074969977697712,0.22232587064676612,363700,1,0,smac,roc_auc,binary,LGBM,,False,holdout,0.0,78,3,3,LGBM_363700_20260405_160514,363700_rep1_fold0_smac_roc_auc_holdout,LGBM_363700_20260405_160514::363700_rep1_fold0_smac_roc_auc_holdout,0.07995740751414415,0.361949598449181,0.2951819475503119
160,0.14424430059104987,0.22074969977697712,0.22232587064676612,363700,1,0,smac,roc_auc,binary,LGBM,,False,holdout,0.0,78,3,3,LGBM_363700_20260405_160514,363700_rep1_fold0_smac_roc_auc_holdout,LGBM_363700_20260405_160514::363700_rep1_fold0_smac_roc_auc_holdout,0.07995740751414415,0.361949598449181,0.2951819475503119
161,0.14424430059104987,0.22074969977697712,0.22232587064676612,363700,1,0,smac,roc_auc,binary,LGBM,,False,holdout,0.0,78,3,3,LGBM_363700_20260405_160514,363700_rep1_fold0_smac_roc_auc_holdout,LGBM_363700_20260405_160514::363700_rep1_fold0_smac_roc_auc_holdout,0.07995740751414415,0.361949598449181,0.2951819475503119
162,0.14424430059104987,0.22074969977697712,0.22232587064676612,363700,1,0,smac,roc_auc,binary,LGBM,,False,holdout,0.0,78,3,3,LGBM_363700_20260405_160514,363700_rep1_fold0_smac_roc_auc_holdout,LGBM_363700_20260405_160514::363700_rep1_fold0_smac_roc_auc_holdout,0.07995740751414415,0.361949598449181,0.2951819475503119
163,0.14424430059104987,0.22074969977697712,0.22232587064676612,363700,1,0,smac,roc_auc,binary,LGBM,,False,holdout,0.0,78,3,3,LGBM_363700_20260405_160514,363700_rep1_fold0_smac_roc_auc_holdout,LGBM_363700_20260405_160514::363700_rep1_fold0_smac_roc_auc_holdout,0.07995740751414415,0.361949598449181,0.2951819475503119
164,0.14424430059104987,0.22074969977697712,0.22232587064676612,363700,1,0,smac,roc_auc,binary,LGBM,,False,holdout,0.0,78,3,3,LGBM_363700_20260405_160514,363700_rep1_fold0_smac_roc_auc_holdout,LGBM_363700_20260405_160514::363700_rep1_fold0_smac_roc_auc_holdout,0.07995740751414415,0.361949598449181,0.2951819475503119
165,0.14424430059104987,0.22074969977697712,0.22232587064676612,363700,1,0,smac,roc_auc,binary,LGBM,,False,holdout,0.0,78,3,3,LGBM_363700_20260405_160514,363700_rep1_fold0_smac_roc_auc_holdout,LGBM_363700_20260405_160514::363700_rep1_fold0_smac_roc_auc_holdout,0.07995740751414415,0.361949598449181,0.2951819475503119
166,0.14424430059104987,0.22074969977697712,0.22232587064676612,363700,1,0,smac,roc_auc,binary,LGBM,,False,holdout,0.0,78,3,3,LGBM_363700_20260405_160514,363700_rep1_fold0_smac_roc_auc_holdout,LGBM_363700_20260405_160514::363700_rep1_fold0_smac_roc_auc_holdout,0.07995740751414415,0.361949598449181,0.2951819475503119
167,0.14424430059104987,0.22074969977697712,0.22232587064676612,363700,1,0,smac,roc_auc,binary,LGBM,,False,holdout,0.0,78,3,3,LGBM_363700_20260405_160514,363700_rep1_fold0_smac_roc_auc_holdout,LGBM_363700_20260405_160514::363700_rep1_fold0_smac_roc_auc_holdout,0.07995740751414415,0.361949598449181,0.2951819475503119
168,0.14424430059104987,0.22074969977697712,0.22232587064676612,363700,1,0,smac,roc_auc,binary,LGBM,,False,holdout,0.0,78,3,3,LGBM_363700_20260405_160514,363700_rep1_fold0_smac_roc_auc_holdout,LGBM_363700_20260405_160514::363700_rep1_fold0_smac_roc_auc_holdout,0.07995740751414415,0.361949598449181,0.2951819475503119
169,0.14424430059104987,0.22074969977697712,0.22232587064676612,363700,1,0,smac,roc_auc,binary,LGBM,,False,holdout,0.0,78,3,3,LGBM_363700_20260405_160514,363700_rep1_fold0_smac_roc_auc_holdout,LGBM_363700_20260405_160514::363700_rep1_fold0_smac_roc_auc_holdout,0.07995740751414415,0.361949598449181,0.2951819475503119
170,0.14424430059104987,0.22074969977697712,0.22232587064676612,363700,1,0,smac,roc_auc,binary,LGBM,,False,holdout,0.0,78,3,3,LGBM_363700_20260405_160514,363700_rep1_fold0_smac_roc_auc_holdout,LGBM_363700_20260405_160514::363700_rep1_fold0_smac_roc_auc_holdout,0.07995740751414415,0.361949598449181,0.2951819475503119
171,0.14424430059104987,0.22074969977697712,0.22232587064676612,363700,1,0,smac,roc_auc,binary,LGBM,,False,holdout,0.0,78,3,3,LGBM_363700_20260405_160514,363700_rep1_fold0_smac_roc_auc_holdout,LGBM_363700_20260405_160514::363700_rep1_fold0_smac_roc_auc_holdout,0.07995740751414415,0.361949598449181,0.2951819475503119
172,0.14424430059104987,0.22074969977697712,0.22232587064676612,363700,1,0,smac,roc_auc,binary,LGBM,,False,holdout,0.0,78,3,3,LGBM_363700_20260405_160514,363700_rep1_fold0_smac_roc_auc_holdout,LGBM_363700_20260405_160514::363700_rep1_fold0_smac_roc_auc_holdout,0.07995740751414415,0.361949598449181,0.2951819475503119
173,0.14424430059104987,0.22074969977697712,0.22232587064676612,363700,1,0,smac,roc_auc,binary,LGBM,,False,holdout,0.0,78,3,3,LGBM_363700_20260405_160514,363700_rep1_fold0_smac_roc_auc_holdout,LGBM_363700_20260405_160514::363700_rep1_fold0_smac_roc_auc_holdout,0.07995740751414415,0.361949598449181,0.2951819475503119
174,0.14424430059104987,0.22074969977697712,0.22232587064676612,363700,1,0,smac,roc_auc,binary,LGBM,,False,holdout,0.0,78,3,3,LGBM_363700_20260405_160514,363700_rep1_fold0_smac_roc_auc_holdout,LGBM_363700_20260405_160514::363700_rep1_fold0_smac_roc_auc_holdout,0.07995740751414415,0.361949598449181,0.2951819475503119
175,0.14234449760765555,0.2206960885229028,0.22246525990735977,363700,1,0,smac,roc_auc,binary,LGBM,,False,holdout,0.0,78,3,3,LGBM_363700_20260405_160514,363700_rep1_fold0_smac_roc_auc_holdout,LGBM_363700_20260405_160514::363700_rep1_fold0_smac_roc_auc_holdout,0.06282367733254197,0.3605649404597078,0.29782476113030903
176,0.14234449760765555,0.2206960885229028,0.22246525990735977,363700,1,0,smac,roc_auc,binary,LGBM,,False,holdout,0.0,78,3,3,LGBM_363700_20260405_160514,363700_rep1_fold0_smac_roc_auc_holdout,LGBM_363700_20260405_160514::363700_rep1_fold0_smac_roc_auc_holdout,0.06282367733254197,0.3605649404597078,0.29782476113030903
177,0.14234449760765555,0.2206960885229028,0.22246525990735977,363700,1,0,smac,roc_auc,binary,LGBM,,False,holdout,0.0,78,3,3,LGBM_363700_20260405_160514,363700_rep1_fold0_smac_roc_auc_holdout,LGBM_363700_20260405_160514::363700_rep1_fold0_smac_roc_auc_holdout,0.06282367733254197,0.3605649404597078,0.29782476113030903
178,0.14234449760765555,0.2206960885229028,0.22246525990735977,363700,1,0,smac,roc_auc,binary,LGBM,,False,holdout,0.0,78,3,3,LGBM_363700_20260405_160514,363700_rep1_fold0_smac_roc_auc_holdout,LGBM_363700_20260405_160514::363700_rep1_fold0_smac_roc_auc_holdout,0.06282367733254197,0.3605649404597078,0.29782476113030903
179,0.14234449760765555,0.2206960885229028,0.22246525990735977,363700,1,0,smac,roc_auc,binary,LGBM,,False,holdout,0.0,78,3,3,LGBM_363700_20260405_160514,363700_rep1_fold0_smac_roc_auc_holdout,LGBM_363700_20260405_160514::363700_rep1_fold0_smac_roc_auc_holdout,0.06282367733254197,0.3605649404597078,0.29782476113030903
180,0.14234449760765555,0.2206960885229028,0.22246525990735977,363700,1,0,smac,roc_auc,binary,LGBM,,False,holdout,0.0,78,3,3,LGBM_363700_20260405_160514,363700_rep1_fold0_smac_roc_auc_holdout,LGBM_363700_20260405_160514::363700_rep1_fold0_smac_roc_auc_holdout,0.06282367733254197,0.3605649404597078,0.29782476113030903
181,0.14234449760765555,0.2206960885229028,0.22246525990735977,363700,1,0,smac,roc_auc,binary,LGBM,,False,holdout,0.0,78,3,3,LGBM_363700_20260405_160514,363700_rep1_fold0_smac_roc_auc_holdout,LGBM_363700_20260405_160514::363700_rep1_fold0_smac_roc_auc_holdout,0.06282367733254197,0.3605649404597078,0.29782476113030903
182,0.14234449760765555,0.2206960885229028,0.22246525990735977,363700,1,0,smac,roc_auc,binary,LGBM,,False,holdout,0.0,78,3,3,LGBM_363700_20260405_160514,363700_rep1_fold0_smac_roc_auc_holdout,LGBM_363700_20260405_160514::363700_rep1_fold0_smac_roc_auc_holdout,0.06282367733254197,0.3605649404597078,0.29782476113030903
183,0.14234449760765555,0.2206960885229028,0.22246525990735977,363700,1,0,smac,roc_auc,binary,LGBM,,False,holdout,0.0,78,3,3,LGBM_363700_20260405_160514,363700_rep1_fold0_smac_roc_auc_holdout,LGBM_363700_20260405_160514::363700_rep1_fold0_smac_roc_auc_holdout,0.06282367733254197,0.3605649404597078,0.29782476113030903
184,0.14234449760765555,0.2206960885229028,0.22246525990735977,363700,1,0,smac,roc_auc,binary,LGBM,,False,holdout,0.0,78,3,3,LGBM_363700_20260405_160514,363700_rep1_fold0_smac_roc_auc_holdout,LGBM_363700_20260405_160514::363700_rep1_fold0_smac_roc_auc_holdout,0.06282367733254197,0.3605649404597078,0.29782476113030903
185,0.14234449760765555,0.2206960885229028,0.22246525990735977,363700,1,0,smac,roc_auc,binary,LGBM,,False,holdout,0.0,78,3,3,LGBM_363700_20260405_160514,363700_rep1_fold0_smac_roc_auc_holdout,LGBM_363700_20260405_160514::363700_rep1_fold0_smac_roc_auc_holdout,0.06282367733254197,0.3605649404597078,0.29782476113030903
186,0.14234449760765555,0.2206960885229028,0.22246525990735977,363700,1,0,smac,roc_auc,binary,LGBM,,False,holdout,0.0,78,3,3,LGBM_363700_20260405_160514,363700_rep1_fold0_smac_roc_auc_holdout,LGBM_363700_20260405_160514::363700_rep1_fold0_smac_roc_auc_holdout,0.06282367733254197,0.3605649404597078,0.29782476113030903
187,0.14234449760765555,0.2206960885229028,0.22246525990735977,363700,1,0,smac,roc_auc,binary,LGBM,,False,holdout,0.0,78,3,3,LGBM_363700_20260405_160514,363700_rep1_fold0_smac_roc_auc_holdout,LGBM_363700_20260405_160514::363700_rep1_fold0_smac_roc_auc_holdout,0.06282367733254197,0.3605649404597078,0.29782476113030903
188,0.14234449760765555,0.2206960885229028,0.22246525990735977,363700,1,0,smac,roc_auc,binary,LGBM,,False,holdout,0.0,78,3,3,LGBM_363700_20260405_160514,363700_rep1_fold0_smac_roc_auc_holdout,LGBM_363700_20260405_160514::363700_rep1_fold0_smac_roc_auc_holdout,0.06282367733254197,0.3605649404597078,0.29782476113030903
189,0.14234449760765555,0.2206960885229028,0.22246525990735977,363700,1,0,smac,roc_auc,binary,LGBM,,False,holdout,0.0,78,3,3,LGBM_363700_20260405_160514,363700_rep1_fold0_smac_roc_auc_holdout,LGBM_363700_20260405_160514::363700_rep1_fold0_smac_roc_auc_holdout,0.06282367733254197,0.3605649404597078,0.29782476113030903
190,0.14234449760765555,0.2206960885229028,0.22246525990735977,363700,1,0,smac,roc_auc,binary,LGBM,,False,holdout,0.0,78,3,3,LGBM_363700_20260405_160514,363700_rep1_fold0_smac_roc_auc_holdout,LGBM_363700_20260405_160514::363700_rep1_fold0_smac_roc_auc_holdout,0.06282367733254197,0.3605649404597078,0.29782476113030903
191,0.14234449760765555,0.2206960885229028,0.22246525990735977,363700,1,0,smac,roc_auc,binary,LGBM,,False,holdout,0.0,78,3,3,LGBM_363700_20260405_160514,363700_rep1_fold0_smac_roc_auc_holdout,LGBM_363700_20260405_160514::363700_rep1_fold0_smac_roc_auc_holdout,0.06282367733254197,0.3605649404597078,0.29782476113030903
192,0.14234449760765555,0.2206960885229028,0.22246525990735977,363700,1,0,smac,roc_auc,binary,LGBM,,False,holdout,0.0,78,3,3,LGBM_363700_20260405_160514,363700_rep1_fold0_smac_roc_auc_holdout,LGBM_363700_20260405_160514::363700_rep1_fold0_smac_roc_auc_holdout,0.06282367733254197,0.3605649404597078,0.29782476113030903
193,0.14234449760765555,0.2206960885229028,0.22246525990735977,363700,1,0,smac,roc_auc,binary,LGBM,,False,holdout,0.0,78,3,3,LGBM_363700_20260405_160514,363700_rep1_fold0_smac_roc_auc_holdout,LGBM_363700_20260405_160514::363700_rep1_fold0_smac_roc_auc_holdout,0.06282367733254197,0.3605649404597078,0.29782476113030903
194,0.14234449760765555,0.2206960885229028,0.22246525990735977,363700,1,0,smac,roc_auc,binary,LGBM,,False,holdout,0.0,78,3,3,LGBM_363700_20260405_160514,363700_rep1_fold0_smac_roc_auc_holdout,LGBM_363700_20260405_160514::363700_rep1_fold0_smac_roc_auc_holdout,0.06282367733254197,0.3605649404597078,0.29782476113030903
195,0.14234449760765555,0.2206960885229028,0.22246525990735977,363700,1,0,smac,roc_auc,binary,LGBM,,False,holdout,0.0,78,3,3,LGBM_363700_20260405_160514,363700_rep1_fold0_smac_roc_auc_holdout,LGBM_363700_20260405_160514::363700_rep1_fold0_smac_roc_auc_holdout,0.06282367733254197,0.3605649404597078,0.29782476113030903
196,0.14234449760765555,0.2206960885229028,0.22246525990735977,363700,1,0,smac,roc_auc,binary,LGBM,,False,holdout,0.0,78,3,3,LGBM_363700_20260405_160514,363700_rep1_fold0_smac_roc_auc_holdout,LGBM_363700_20260405_160514::363700_rep1_fold0_smac_roc_auc_holdout,0.06282367733254197,0.3605649404597078,0.29782476113030903
197,0.14234449760765555,0.2206960885229028,0.22246525990735977,363700,1,0,smac,roc_auc,binary,LGBM,,False,holdout,0.0,78,3,3,LGBM_363700_20260405_160514,363700_rep1_fold0_smac_roc_auc_holdout,LGBM_363700_20260405_160514::363700_rep1_fold0_smac_roc_auc_holdout,0.06282367733254197,0.3605649404597078,0.29782476113030903
198,0.14234449760765555,0.2206960885229028,0.22246525990735977,363700,1,0,smac,roc_auc,binary,LGBM,,False,holdout,0.0,78,3,3,LGBM_363700_20260405_160514,363700_rep1_fold0_smac_roc_auc_holdout,LGBM_363700_20260405_160514::363700_rep1_fold0_smac_roc_auc_holdout,0.06282367733254197,0.3605649404597078,0.29782476113030903
199,0.14234449760765555,0.2206960885229028,0.22246525990735977,363700,1,0,smac,roc_auc,binary,LGBM,,False,holdout,0.0,78,3,3,LGBM_363700_20260405_160514,363700_rep1_fold0_smac_roc_auc_holdout,LGBM_363700_20260405_160514::363700_rep1_fold0_smac_roc_auc_holdout,0.06282367733254197,0.3605649404597078,0.29782476113030903
200,0.14234449760765555,0.2206960885229028,0.22246525990735977,363700,1,0,smac,roc_auc,binary,LGBM,,False,holdout,0.0,78,3,3,LGBM_363700_20260405_160514,363700_rep1_fold0_smac_roc_auc_holdout,LGBM_363700_20260405_160514::363700_rep1_fold0_smac_roc_auc_holdout,0.06282367733254197,0.3605649404597078,0.29782476113030903
201,0.14234449760765555,0.2206960885229028,0.22246525990735977,363700,1,0,smac,roc_auc,binary,LGBM,,False,holdout,0.0,78,3,3,LGBM_363700_20260405_160514,363700_rep1_fold0_smac_roc_auc_holdout,LGBM_363700_20260405_160514::363700_rep1_fold0_smac_roc_auc_holdout,0.06282367733254197,0.3605649404597078,0.29782476113030903
202,0.14234449760765555,0.2206960885229028,0.22246525990735977,363700,1,0,smac,roc_auc,binary,LGBM,,False,holdout,0.0,78,3,3,LGBM_363700_20260405_160514,363700_rep1_fold0_smac_roc_auc_holdout,LGBM_363700_20260405_160514::363700_rep1_fold0_smac_roc_auc_holdout,0.06282367733254197,0.3605649404597078,0.29782476113030903
203,0.14234449760765555,0.2206960885229028,0.22246525990735977,363700,1,0,smac,roc_auc,binary,LGBM,,False,holdout,0.0,78,3,3,LGBM_363700_20260405_160514,363700_rep1_fold0_smac_roc_auc_holdout,LGBM_363700_20260405_160514::363700_rep1_fold0_smac_roc_auc_holdout,0.06282367733254197,0.3605649404597078,0.29782476113030903
204,0.14234449760765555,0.2206960885229028,0.22246525990735977,363700,1,0,smac,roc_auc,binary,LGBM,,False,holdout,0.0,78,3,3,LGBM_363700_20260405_160514,363700_rep1_fold0_smac_roc_auc_holdout,LGBM_363700_20260405_160514::363700_rep1_fold0_smac_roc_auc_holdout,0.06282367733254197,0.3605649404597078,0.29782476113030903
205,0.14234449760765555,0.2206960885229028,0.22246525990735977,363700,1,0,smac,roc_auc,binary,LGBM,,False,holdout,0.0,78,3,3,LGBM_363700_20260405_160514,363700_rep1_fold0_smac_roc_auc_holdout,LGBM_363700_20260405_160514::363700_rep1_fold0_smac_roc_auc_holdout,0.06282367733254197,0.3605649404597078,0.29782476113030903
206,0.14234449760765555,0.2206960885229028,0.22246525990735977,363700,1,0,smac,roc_auc,binary,LGBM,,False,holdout,0.0,78,3,3,LGBM_363700_20260405_160514,363700_rep1_fold0_smac_roc_auc_holdout,LGBM_363700_20260405_160514::363700_rep1_fold0_smac_roc_auc_holdout,0.06282367733254197,0.3605649404597078,0.29782476113030903
207,0.14234449760765555,0.2206960885229028,0.22246525990735977,363700,1,0,smac,roc_auc,binary,LGBM,,False,holdout,0.0,78,3,3,LGBM_363700_20260405_160514,363700_rep1_fold0_smac_roc_auc_holdout,LGBM_363700_20260405_160514::363700_rep1_fold0_smac_roc_auc_holdout,0.06282367733254197,0.3605649404597078,0.29782476113030903
208,0.14234449760765555,0.2206960885229028,0.22246525990735977,363700,1,0,smac,roc_auc,binary,LGBM,,False,holdout,0.0,78,3,3,LGBM_363700_20260405_160514,363700_rep1_fold0_smac_roc_auc_holdout,LGBM_363700_20260405_160514::363700_rep1_fold0_smac_roc_auc_holdout,0.06282367733254197,0.3605649404597078,0.29782476113030903
209,0.14234449760765555,0.2206960885229028,0.22246525990735977,363700,1,0,smac,roc_auc,binary,LGBM,,False,holdout,0.0,78,3,3,LGBM_363700_20260405_160514,363700_rep1_fold0_smac_roc_auc_holdout,LGBM_363700_20260405_160514::363700_rep1_fold0_smac_roc_auc_holdout,0.06282367733254197,0.3605649404597078,0.29782476113030903
210,0.14234449760765555,0.2206960885229028,0.22246525990735977,363700,1,0,smac,roc_auc,binary,LGBM,,False,holdout,0.0,78,3,3,LGBM_363700_20260405_160514,363700_rep1_fold0_smac_roc_auc_holdout,LGBM_363700_20260405_160514::363700_rep1_fold0_smac_roc_auc_holdout,0.06282367733254197,0.3605649404597078,0.29782476113030903
211,0.14234449760765555,0.2206960885229028,0.22246525990735977,363700,1,0,smac,roc_auc,binary,LGBM,,False,holdout,0.0,78,3,3,LGBM_363700_20260405_160514,363700_rep1_fold0_smac_roc_auc_holdout,LGBM_363700_20260405_160514::363700_rep1_fold0_smac_roc_auc_holdout,0.06282367733254197,0.3605649404597078,0.29782476113030903
212,0.14234449760765555,0.2206960885229028,0.22246525990735977,363700,1,0,smac,roc_auc,binary,LGBM,,False,holdout,0.0,78,3,3,LGBM_363700_20260405_160514,363700_rep1_fold0_smac_roc_auc_holdout,LGBM_363700_20260405_160514::363700_rep1_fold0_smac_roc_auc_holdout,0.06282367733254197,0.3605649404597078,0.29782476113030903
213,0.14234449760765555,0.2206960885229028,0.22246525990735977,363700,1,0,smac,roc_auc,binary,LGBM,,False,holdout,0.0,78,3,3,LGBM_363700_20260405_160514,363700_rep1_fold0_smac_roc_auc_holdout,LGBM_363700_20260405_160514::363700_rep1_fold0_smac_roc_auc_holdout,0.06282367733254197,0.3605649404597078,0.29782476113030903
214,0.14234449760765555,0.2206960885229028,0.22246525990735977,363700,1,0,smac,roc_auc,binary,LGBM,,False,holdout,0.0,78,3,3,LGBM_363700_20260405_160514,363700_rep1_fold0_smac_roc_auc_holdout,LGBM_363700_20260405_160514::363700_rep1_fold0_smac_roc_auc_holdout,0.06282367733254197,0.3605649404597078,0.29782476113030903
215,0.14234449760765555,0.2206960885229028,0.22246525990735977,363700,1,0,smac,roc_auc,binary,LGBM,,False,holdout,0.0,78,3,3,LGBM_363700_20260405_160514,363700_rep1_fold0_smac_roc_auc_holdout,LGBM_363700_20260405_160514::363700_rep1_fold0_smac_roc_auc_holdout,0.06282367733254197,0.3605649404597078,0.29782476113030903
216,0.14234449760765555,0.2206960885229028,0.22246525990735977,363700,1,0,smac,roc_auc,binary,LGBM,,False,holdout,0.0,78,3,3,LGBM_363700_20260405_160514,363700_rep1_fold0_smac_roc_auc_holdout,LGBM_363700_20260405_160514::363700_rep1_fold0_smac_roc_auc_holdout,0.06282367733254197,0.3605649404597078,0.29782476113030903
217,0.14234449760765555,0.2206960885229028,0.22246525990735977,363700,1,0,smac,roc_auc,binary,LGBM,,False,holdout,0.0,78,3,3,LGBM_363700_20260405_160514,363700_rep1_fold0_smac_roc_auc_holdout,LGBM_363700_20260405_160514::363700_rep1_fold0_smac_roc_auc_holdout,0.06282367733254197,0.3605649404597078,0.29782476113030903
218,0.14234449760765555,0.2206960885229028,0.22246525990735977,363700,1,0,smac,roc_auc,binary,LGBM,,False,holdout,0.0,78,3,3,LGBM_363700_20260405_160514,363700_rep1_fold0_smac_roc_auc_holdout,LGBM_363700_20260405_160514::363700_rep1_fold0_smac_roc_auc_holdout,0.06282367733254197,0.3605649404597078,0.29782476113030903
219,0.14234449760765555,0.2206960885229028,0.22246525990735977,363700,1,0,smac,roc_auc,binary,LGBM,,False,holdout,0.0,78,3,3,LGBM_363700_20260405_160514,363700_rep1_fold0_smac_roc_auc_holdout,LGBM_363700_20260405_160514::363700_rep1_fold0_smac_roc_auc_holdout,0.06282367733254197,0.3605649404597078,0.29782476113030903
220,0.14234449760765555,0.2206960885229028,0.22246525990735977,363700,1,0,smac,roc_auc,binary,LGBM,,False,holdout,0.0,78,3,3,LGBM_363700_20260405_160514,363700_rep1_fold0_smac_roc_auc_holdout,LGBM_363700_20260405_160514::363700_rep1_fold0_smac_roc_auc_holdout,0.06282367733254197,0.3605649404597078,0.29782476113030903
221,0.14234449760765555,0.2206960885229028,0.22246525990735977,363700,1,0,smac,roc_auc,binary,LGBM,,False,holdout,0.0,78,3,3,LGBM_363700_20260405_160514,363700_rep1_fold0_smac_roc_auc_holdout,LGBM_363700_20260405_160514::363700_rep1_fold0_smac_roc_auc_holdout,0.06282367733254197,0.3605649404597078,0.29782476113030903
222,0.14234449760765555,0.2206960885229028,0.22246525990735977,363700,1,0,smac,roc_auc,binary,LGBM,,False,holdout,0.0,78,3,3,LGBM_363700_20260405_160514,363700_rep1_fold0_smac_roc_auc_holdout,LGBM_363700_20260405_160514::363700_rep1_fold0_smac_roc_auc_holdout,0.06282367733254197,0.3605649404597078,0.29782476113030903
223,0.14234449760765555,0.2206960885229028,0.22246525990735977,363700,1,0,smac,roc_auc,binary,LGBM,,False,holdout,0.0,78,3,3,LGBM_363700_20260405_160514,363700_rep1_fold0_smac_roc_auc_holdout,LGBM_363700_20260405_160514::363700_rep1_fold0_smac_roc_auc_holdout,0.06282367733254197,0.3605649404597078,0.29782476113030903
224,0.14234449760765555,0.2206960885229028,0.22246525990735977,363700,1,0,smac,roc_auc,binary,LGBM,,False,holdout,0.0,78,3,3,LGBM_363700_20260405_160514,363700_rep1_fold0_smac_roc_auc_holdout,LGBM_363700_20260405_160514::363700_rep1_fold0_smac_roc_auc_holdout,0.06282367733254197,0.3605649404597078,0.29782476113030903
225,0.13974106388967067,0.2194415851775604,0.21851947160747975,363700,1,0,smac,roc_auc,binary,LGBM,,False,holdout,0.0,78,3,3,LGBM_363700_20260405_160514,363700_rep1_fold0_smac_roc_auc_holdout,LGBM_363700_20260405_160514::363700_rep1_fold0_smac_roc_auc_holdout,0.039344121157753105,0.32816394350595196,0.22301280748119134
226,0.13974106388967067,0.2194415851775604,0.21851947160747975,363700,1,0,smac,roc_auc,binary,LGBM,,False,holdout,0.0,78,3,3,LGBM_363700_20260405_160514,363700_rep1_fold0_smac_roc_auc_holdout,LGBM_363700_20260405_160514::363700_rep1_fold0_smac_roc_auc_holdout,0.039344121157753105,0.32816394350595196,0.22301280748119134
227,0.13974106388967067,0.2194415851775604,0.21851947160747975,363700,1,0,smac,roc_auc,binary,LGBM,,False,holdout,0.0,78,3,3,LGBM_363700_20260405_160514,363700_rep1_fold0_smac_roc_auc_holdout,LGBM_363700_20260405_160514::363700_rep1_fold0_smac_roc_auc_holdout,0.039344121157753105,0.32816394350595196,0.22301280748119134
228,0.13974106388967067,0.2194415851775604,0.21851947160747975,363700,1,0,smac,roc_auc,binary,LGBM,,False,holdout,0.0,78,3,3,LGBM_363700_20260405_160514,363700_rep1_fold0_smac_roc_auc_holdout,LGBM_363700_20260405_160514::363700_rep1_fold0_smac_roc_auc_holdout,0.039344121157753105,0.32816394350595196,0.22301280748119134
229,0.13974106388967067,0.2194415851775604,0.21851947160747975,363700,1,0,smac,roc_auc,binary,LGBM,,False,holdout,0.0,78,3,3,LGBM_363700_20260405_160514,363700_rep1_fold0_smac_roc_auc_holdout,LGBM_363700_20260405_160514::363700_rep1_fold0_smac_roc_auc_holdout,0.039344121157753105,0.32816394350595196,0.22301280748119134
230,0.13974106388967067,0.2194415851775604,0.21851947160747975,363700,1,0,smac,roc_auc,binary,LGBM,,False,holdout,0.0,78,3,3,LGBM_363700_20260405_160514,363700_rep1_fold0_smac_roc_auc_holdout,LGBM_363700_20260405_160514::363700_rep1_fold0_smac_roc_auc_holdout,0.039344121157753105,0.32816394350595196,0.22301280748119134
231,0.13974106388967067,0.2194415851775604,0.21851947160747975,363700,1,0,smac,roc_auc,binary,LGBM,,False,holdout,0.0,78,3,3,LGBM_363700_20260405_160514,363700_rep1_fold0_smac_roc_auc_holdout,LGBM_363700_20260405_160514::363700_rep1_fold0_smac_roc_auc_holdout,0.039344121157753105,0.32816394350595196,0.22301280748119134
232,0.13974106388967067,0.2194415851775604,0.21851947160747975,363700,1,0,smac,roc_auc,binary,LGBM,,False,holdout,0.0,78,3,3,LGBM_363700_20260405_160514,363700_rep1_fold0_smac_roc_auc_holdout,LGBM_363700_20260405_160514::363700_rep1_fold0_smac_roc_auc_holdout,0.039344121157753105,0.32816394350595196,0.22301280748119134
233,0.13974106388967067,0.2194415851775604,0.21851947160747975,363700,1,0,smac,roc_auc,binary,LGBM,,False,holdout,0.0,78,3,3,LGBM_363700_20260405_160514,363700_rep1_fold0_smac_roc_auc_holdout,LGBM_363700_20260405_160514::363700_rep1_fold0_smac_roc_auc_holdout,0.039344121157753105,0.32816394350595196,0.22301280748119134
234,0.13974106388967067,0.2194415851775604,0.21851947160747975,363700,1,0,smac,roc_auc,binary,LGBM,,False,holdout,0.0,78,3,3,LGBM_363700_20260405_160514,363700_rep1_fold0_smac_roc_auc_holdout,LGBM_363700_20260405_160514::363700_rep1_fold0_smac_roc_auc_holdout,0.039344121157753105,0.32816394350595196,0.22301280748119134
235,0.13974106388967067,0.2194415851775604,0.21851947160747975,363700,1,0,smac,roc_auc,binary,LGBM,,False,holdout,0.0,78,3,3,LGBM_363700_20260405_160514,363700_rep1_fold0_smac_roc_auc_holdout,LGBM_363700_20260405_160514::363700_rep1_fold0_smac_roc_auc_holdout,0.039344121157753105,0.32816394350595196,0.22301280748119134
236,0.13974106388967067,0.2194415851775604,0.21851947160747975,363700,1,0,smac,roc_auc,binary,LGBM,,False,holdout,0.0,78,3,3,LGBM_363700_20260405_160514,363700_rep1_fold0_smac_roc_auc_holdout,LGBM_363700_20260405_160514::363700_rep1_fold0_smac_roc_auc_holdout,0.039344121157753105,0.32816394350595196,0.22301280748119134
237,0.13974106388967067,0.2194415851775604,0.21851947160747975,363700,1,0,smac,roc_auc,binary,LGBM,,False,holdout,0.0,78,3,3,LGBM_363700_20260405_160514,363700_rep1_fold0_smac_roc_auc_holdout,LGBM_363700_20260405_160514::363700_rep1_fold0_smac_roc_auc_holdout,0.039344121157753105,0.32816394350595196,0.22301280748119134
238,0.13974106388967067,0.2194415851775604,0.21851947160747975,363700,1,0,smac,roc_auc,binary,LGBM,,False,holdout,0.0,78,3,3,LGBM_363700_20260405_160514,363700_rep1_fold0_smac_roc_auc_holdout,LGBM_363700_20260405_160514::363700_rep1_fold0_smac_roc_auc_holdout,0.039344121157753105,0.32816394350595196,0.22301280748119134
239,0.13974106388967067,0.2194415851775604,0.21851947160747975,363700,1,0,smac,roc_auc,binary,LGBM,,False,holdout,0.0,78,3,3,LGBM_363700_20260405_160514,363700_rep1_fold0_smac_roc_auc_holdout,LGBM_363700_20260405_160514::363700_rep1_fold0_smac_roc_auc_holdout,0.039344121157753105,0.32816394350595196,0.22301280748119134
240,0.1381930762735717,0.21819780408303313,0.21811202607651392,363700,1,0,smac,roc_auc,binary,LGBM,,False,holdout,0.0,78,3,3,LGBM_363700_20260405_160514,363700_rep1_fold0_smac_roc_auc_holdout,LGBM_363700_20260405_160514::363700_rep1_fold0_smac_roc_auc_holdout,0.02538330397274478,0.29603987815009714,0.21528766009351144
241,0.1381930762735717,0.21819780408303313,0.21811202607651392,363700,1,0,smac,roc_auc,binary,LGBM,,False,holdout,0.0,78,3,3,LGBM_363700_20260405_160514,363700_rep1_fold0_smac_roc_auc_holdout,LGBM_363700_20260405_160514::363700_rep1_fold0_smac_roc_auc_holdout,0.02538330397274478,0.29603987815009714,0.21528766009351144
242,0.1381930762735717,0.21819780408303313,0.21811202607651392,363700,1,0,smac,roc_auc,binary,LGBM,,False,holdout,0.0,78,3,3,LGBM_363700_20260405_160514,363700_rep1_fold0_smac_roc_auc_holdout,LGBM_363700_20260405_160514::363700_rep1_fold0_smac_roc_auc_holdout,0.02538330397274478,0.29603987815009714,0.21528766009351144
243,0.1381930762735717,0.21819780408303313,0.21811202607651392,363700,1,0,smac,roc_auc,binary,LGBM,,False,holdout,0.0,78,3,3,LGBM_363700_20260405_160514,363700_rep1_fold0_smac_roc_auc_holdout,LGBM_363700_20260405_160514::363700_rep1_fold0_smac_roc_auc_holdout,0.02538330397274478,0.29603987815009714,0.21528766009351144
244,0.1381930762735717,0.21819780408303313,0.21811202607651392,363700,1,0,smac,roc_auc,binary,LGBM,,False,holdout,0.0,78,3,3,LGBM_363700_20260405_160514,363700_rep1_fold0_smac_roc_auc_holdout,LGBM_363700_20260405_160514::363700_rep1_fold0_smac_roc_auc_holdout,0.02538330397274478,0.29603987815009714,0.21528766009351144
245,0.1381930762735717,0.21819780408303313,0.21811202607651392,363700,1,0,smac,roc_auc,binary,LGBM,,False,holdout,0.0,78,3,3,LGBM_363700_20260405_160514,363700_rep1_fold0_smac_roc_auc_holdout,LGBM_363700_20260405_160514::363700_rep1_fold0_smac_roc_auc_holdout,0.02538330397274478,0.29603987815009714,0.21528766009351144
246,0.1381930762735717,0.21819780408303313,0.21811202607651392,363700,1,0,smac,roc_auc,binary,LGBM,,False,holdout,0.0,78,3,3,LGBM_363700_20260405_160514,363700_rep1_fold0_smac_roc_auc_holdout,LGBM_363700_20260405_160514::363700_rep1_fold0_smac_roc_auc_holdout,0.02538330397274478,0.29603987815009714,0.21528766009351144
247,0.1381930762735717,0.21819780408303313,0.21811202607651392,363700,1,0,smac,roc_auc,binary,LGBM,,False,holdout,0.0,78,3,3,LGBM_363700_20260405_160514,363700_rep1_fold0_smac_roc_auc_holdout,LGBM_363700_20260405_160514::363700_rep1_fold0_smac_roc_auc_holdout,0.02538330397274478,0.29603987815009714,0.21528766009351144
248,0.1381930762735717,0.21819780408303313,0.21811202607651392,363700,1,0,smac,roc_auc,binary,LGBM,,False,holdout,0.0,78,3,3,LGBM_363700_20260405_160514,363700_rep1_fold0_smac_roc_auc_holdout,LGBM_363700_20260405_160514::363700_rep1_fold0_smac_roc_auc_holdout,0.02538330397274478,0.29603987815009714,0.21528766009351144
249,0.1381930762735717,0.21819780408303313,0.21811202607651392,363700,1,0,smac,roc_auc,binary,LGBM,,False,holdout,0.0,78,3,3,LGBM_363700_20260405_160514,363700_rep1_fold0_smac_roc_auc_holdout,LGBM_363700_20260405_160514::363700_rep1_fold0_smac_roc_auc_holdout,0.02538330397274478,0.29603987815009714,0.21528766009351144
0,0.22168625047550616,0.2712606837606837,0.27211538461538465,363700,2,0,hebo,roc_auc,binary,LGBM,,False,cv,0.0,78,3,3,LGBM_363700_20260405_160514,363700_rep2_fold0_hebo_roc_auc_cv,LGBM_363700_20260405_160514::363700_rep2_fold0_hebo_roc_auc_cv,0.7681069791144146,0.1458998935037265,0.09895359417652459
1,0.22168625047550616,0.2712606837606837,0.27211538461538465,363700,2,0,hebo,roc_auc,binary,LGBM,,False,cv,0.0,78,3,3,LGBM_363700_20260405_160514,363700_rep2_fold0_hebo_roc_auc_cv,LGBM_363700_20260405_160514::363700_rep2_fold0_hebo_roc_auc_cv,0.7681069791144146,0.1458998935037265,0.09895359417652459
2,0.22168625047550616,0.2712606837606837,0.27211538461538465,363700,2,0,hebo,roc_auc,binary,LGBM,,False,cv,0.0,78,3,3,LGBM_363700_20260405_160514,363700_rep2_fold0_hebo_roc_auc_cv,LGBM_363700_20260405_160514::363700_rep2_fold0_hebo_roc_auc_cv,0.7681069791144146,0.1458998935037265,0.09895359417652459
3,0.21118813136649905,0.2712606837606837,0.27211538461538465,363700,2,0,hebo,roc_auc,binary,LGBM,,False,cv,0.0,78,3,3,LGBM_363700_20260405_160514,363700_rep2_fold0_hebo_roc_auc_cv,LGBM_363700_20260405_160514::363700_rep2_fold0_hebo_roc_auc_cv,0.6460277193169944,0.1458998935037265,0.09895359417652459
4,0.21118813136649905,0.2712606837606837,0.27211538461538465,363700,2,0,hebo,roc_auc,binary,LGBM,,False,cv,0.0,78,3,3,LGBM_363700_20260405_160514,363700_rep2_fold0_hebo_roc_auc_cv,LGBM_363700_20260405_160514::363700_rep2_fold0_hebo_roc_auc_cv,0.6460277193169944,0.1458998935037265,0.09895359417652459
5,0.20843547909886306,0.2691120607787275,0.2705484330484331,363700,2,0,hebo,roc_auc,binary,LGBM,,False,cv,0.0,78,3,3,LGBM_363700_20260405_160514,363700_rep2_fold0_hebo_roc_auc_cv,LGBM_363700_20260405_160514::363700_rep2_fold0_hebo_roc_auc_cv,0.6140180090228545,0.11836300015213855,0.06892629663330425
6,0.20843547909886306,0.2691120607787275,0.2705484330484331,363700,2,0,hebo,roc_auc,binary,LGBM,,False,cv,0.0,78,3,3,LGBM_363700_20260405_160514,363700_rep2_fold0_hebo_roc_auc_cv,LGBM_363700_20260405_160514::363700_rep2_fold0_hebo_roc_auc_cv,0.6140180090228545,0.11836300015213855,0.06892629663330425
7,0.20843547909886306,0.2691120607787275,0.2705484330484331,363700,2,0,hebo,roc_auc,binary,LGBM,,False,cv,0.0,78,3,3,LGBM_363700_20260405_160514,363700_rep2_fold0_hebo_roc_auc_cv,LGBM_363700_20260405_160514::363700_rep2_fold0_hebo_roc_auc_cv,0.6140180090228545,0.11836300015213855,0.06892629663330425
8,0.20843547909886306,0.2691120607787275,0.2705484330484331,363700,2,0,hebo,roc_auc,binary,LGBM,,False,cv,0.0,78,3,3,LGBM_363700_20260405_160514,363700_rep2_fold0_hebo_roc_auc_cv,LGBM_363700_20260405_160514::363700_rep2_fold0_hebo_roc_auc_cv,0.6140180090228545,0.11836300015213855,0.06892629663330425
9,0.20843547909886306,0.2691120607787275,0.2705484330484331,363700,2,0,hebo,roc_auc,binary,LGBM,,False,cv,0.0,78,3,3,LGBM_363700_20260405_160514,363700_rep2_fold0_hebo_roc_auc_cv,LGBM_363700_20260405_160514::363700_rep2_fold0_hebo_roc_auc_cv,0.6140180090228545,0.11836300015213855,0.06892629663330425
10,0.20843547909886306,0.2691120607787275,0.2705484330484331,363700,2,0,hebo,roc_auc,binary,LGBM,,False,cv,0.0,78,3,3,LGBM_363700_20260405_160514,363700_rep2_fold0_hebo_roc_auc_cv,LGBM_363700_20260405_160514::363700_rep2_fold0_hebo_roc_auc_cv,0.6140180090228545,0.11836300015213855,0.06892629663330425
11,0.20687159220592588,0.26726020892687563,0.270417853751187,363700,2,0,hebo,roc_auc,binary,LGBM,,False,cv,0.0,78,3,3,LGBM_363700_20260405_160514,363700_rep2_fold0_hebo_roc_auc_cv,LGBM_363700_20260405_160514::363700_rep2_fold0_hebo_roc_auc_cv,0.5958320699689857,0.094629545108779,0.06642402183803253
12,0.20687159220592588,0.26726020892687563,0.270417853751187,363700,2,0,hebo,roc_auc,binary,LGBM,,False,cv,0.0,78,3,3,LGBM_363700_20260405_160514,363700_rep2_fold0_hebo_roc_auc_cv,LGBM_363700_20260405_160514::363700_rep2_fold0_hebo_roc_auc_cv,0.5958320699689857,0.094629545108779,0.06642402183803253
13,0.20687159220592588,0.26726020892687563,0.270417853751187,363700,2,0,hebo,roc_auc,binary,LGBM,,False,cv,0.0,78,3,3,LGBM_363700_20260405_160514,363700_rep2_fold0_hebo_roc_auc_cv,LGBM_363700_20260405_160514::363700_rep2_fold0_hebo_roc_auc_cv,0.5958320699689857,0.094629545108779,0.06642402183803253
14,0.20687159220592588,0.26726020892687563,0.270417853751187,363700,2,0,hebo,roc_auc,binary,LGBM,,False,cv,0.0,78,3,3,LGBM_363700_20260405_160514,363700_rep2_fold0_hebo_roc_auc_cv,LGBM_363700_20260405_160514::363700_rep2_fold0_hebo_roc_auc_cv,0.5958320699689857,0.094629545108779,0.06642402183803253
15,0.20687159220592588,0.26726020892687563,0.270417853751187,363700,2,0,hebo,roc_auc,binary,LGBM,,False,cv,0.0,78,3,3,LGBM_363700_20260405_160514,363700_rep2_fold0_hebo_roc_auc_cv,LGBM_363700_20260405_160514::363700_rep2_fold0_hebo_roc_auc_cv,0.5958320699689857,0.094629545108779,0.06642402183803253
16,0.20687159220592588,0.26726020892687563,0.270417853751187,363700,2,0,hebo,roc_auc,binary,LGBM,,False,cv,0.0,78,3,3,LGBM_363700_20260405_160514,363700_rep2_fold0_hebo_roc_auc_cv,LGBM_363700_20260405_160514::363700_rep2_fold0_hebo_roc_auc_cv,0.5958320699689857,0.094629545108779,0.06642402183803253
17,0.20687159220592588,0.26726020892687563,0.270417853751187,363700,2,0,hebo,roc_auc,binary,LGBM,,False,cv,0.0,78,3,3,LGBM_363700_20260405_160514,363700_rep2_fold0_hebo_roc_auc_cv,LGBM_363700_20260405_160514::363700_rep2_fold0_hebo_roc_auc_cv,0.5958320699689857,0.094629545108779,0.06642402183803253
18,0.20604209814446928,0.2716049382716049,0.2769586894586894,363700,2,0,hebo,roc_auc,binary,LGBM,,False,cv,0.0,78,3,3,LGBM_363700_20260405_160514,363700_rep2_fold0_hebo_roc_auc_cv,LGBM_363700_20260405_160514::363700_rep2_fold0_hebo_roc_auc_cv,0.5861861495924399,0.15031188194127484,0.1917652411282973
19,0.20604209814446928,0.2716049382716049,0.2769586894586894,363700,2,0,hebo,roc_auc,binary,LGBM,,False,cv,0.0,78,3,3,LGBM_363700_20260405_160514,363700_rep2_fold0_hebo_roc_auc_cv,LGBM_363700_20260405_160514::363700_rep2_fold0_hebo_roc_auc_cv,0.5861861495924399,0.15031188194127484,0.1917652411282973
20,0.20604209814446928,0.2716049382716049,0.2769586894586894,363700,2,0,hebo,roc_auc,binary,LGBM,,False,cv,0.0,78,3,3,LGBM_363700_20260405_160514,363700_rep2_fold0_hebo_roc_auc_cv,LGBM_363700_20260405_160514::363700_rep2_fold0_hebo_roc_auc_cv,0.5861861495924399,0.15031188194127484,0.1917652411282973
21,0.20604209814446928,0.2716049382716049,0.2769586894586894,363700,2,0,hebo,roc_auc,binary,LGBM,,False,cv,0.0,78,3,3,LGBM_363700_20260405_160514,363700_rep2_fold0_hebo_roc_auc_cv,LGBM_363700_20260405_160514::363700_rep2_fold0_hebo_roc_auc_cv,0.5861861495924399,0.15031188194127484,0.1917652411282973
22,0.20604209814446928,0.2716049382716049,0.2769586894586894,363700,2,0,hebo,roc_auc,binary,LGBM,,False,cv,0.0,78,3,3,LGBM_363700_20260405_160514,363700_rep2_fold0_hebo_roc_auc_cv,LGBM_363700_20260405_160514::363700_rep2_fold0_hebo_roc_auc_cv,0.5861861495924399,0.15031188194127484,0.1917652411282973
23,0.20604209814446928,0.2716049382716049,0.2769586894586894,363700,2,0,hebo,roc_auc,binary,LGBM,,False,cv,0.0,78,3,3,LGBM_363700_20260405_160514,363700_rep2_fold0_hebo_roc_auc_cv,LGBM_363700_20260405_160514::363700_rep2_fold0_hebo_roc_auc_cv,0.5861861495924399,0.15031188194127484,0.1917652411282973
24,0.20604209814446928,0.2716049382716049,0.2769586894586894,363700,2,0,hebo,roc_auc,binary,LGBM,,False,cv,0.0,78,3,3,LGBM_363700_20260405_160514,363700_rep2_fold0_hebo_roc_auc_cv,LGBM_363700_20260405_160514::363700_rep2_fold0_hebo_roc_auc_cv,0.5861861495924399,0.15031188194127484,0.1917652411282973
25,0.20604209814446928,0.2716049382716049,0.2769586894586894,363700,2,0,hebo,roc_auc,binary,LGBM,,False,cv,0.0,78,3,3,LGBM_363700_20260405_160514,363700_rep2_fold0_hebo_roc_auc_cv,LGBM_363700_20260405_160514::363700_rep2_fold0_hebo_roc_auc_cv,0.5861861495924399,0.15031188194127484,0.1917652411282973
26,0.20604209814446928,0.2716049382716049,0.2769586894586894,363700,2,0,hebo,roc_auc,binary,LGBM,,False,cv,0.0,78,3,3,LGBM_363700_20260405_160514,363700_rep2_fold0_hebo_roc_auc_cv,LGBM_363700_20260405_160514::363700_rep2_fold0_hebo_roc_auc_cv,0.5861861495924399,0.15031188194127484,0.1917652411282973
27,0.20392081237584003,0.2714981006647672,0.27257834757834754,363700,2,0,hebo,roc_auc,binary,LGBM,,False,cv,0.0,78,3,3,LGBM_363700_20260405_160514,363700_rep2_fold0_hebo_roc_auc_cv,LGBM_363700_20260405_160514::363700_rep2_fold0_hebo_roc_auc_cv,0.5615183978014667,0.1489426441503104,0.10782529572338394
28,0.20392081237584003,0.2714981006647672,0.27257834757834754,363700,2,0,hebo,roc_auc,binary,LGBM,,False,cv,0.0,78,3,3,LGBM_363700_20260405_160514,363700_rep2_fold0_hebo_roc_auc_cv,LGBM_363700_20260405_160514::363700_rep2_fold0_hebo_roc_auc_cv,0.5615183978014667,0.1489426441503104,0.10782529572338394
29,0.20392081237584003,0.2714981006647672,0.27257834757834754,363700,2,0,hebo,roc_auc,binary,LGBM,,False,cv,0.0,78,3,3,LGBM_363700_20260405_160514,363700_rep2_fold0_hebo_roc_auc_cv,LGBM_363700_20260405_160514::363700_rep2_fold0_hebo_roc_auc_cv,0.5615183978014667,0.1489426441503104,0.10782529572338394
30,0.20316792763853075,0.27732668566001895,0.2764957264957265,363700,2,0,hebo,roc_auc,binary,LGBM,,False,cv,0.0,78,3,3,LGBM_363700_20260405_160514,363700_rep2_fold0_hebo_roc_auc_cv,LGBM_363700_20260405_160514::363700_rep2_fold0_hebo_roc_auc_cv,0.552763342682628,0.22364217252396107,0.18289353958143795
31,0.20316792763853075,0.27732668566001895,0.2764957264957265,363700,2,0,hebo,roc_auc,binary,LGBM,,False,cv,0.0,78,3,3,LGBM_363700_20260405_160514,363700_rep2_fold0_hebo_roc_auc_cv,LGBM_363700_20260405_160514::363700_rep2_fold0_hebo_roc_auc_cv,0.552763342682628,0.22364217252396107,0.18289353958143795
32,0.20316792763853075,0.27732668566001895,0.2764957264957265,363700,2,0,hebo,roc_auc,binary,LGBM,,False,cv,0.0,78,3,3,LGBM_363700_20260405_160514,363700_rep2_fold0_hebo_roc_auc_cv,LGBM_363700_20260405_160514::363700_rep2_fold0_hebo_roc_auc_cv,0.552763342682628,0.22364217252396107,0.18289353958143795
33,0.20316792763853075,0.27732668566001895,0.2764957264957265,363700,2,0,hebo,roc_auc,binary,LGBM,,False,cv,0.0,78,3,3,LGBM_363700_20260405_160514,363700_rep2_fold0_hebo_roc_auc_cv,LGBM_363700_20260405_160514::363700_rep2_fold0_hebo_roc_auc_cv,0.552763342682628,0.22364217252396107,0.18289353958143795
34,0.20316792763853075,0.27732668566001895,0.2764957264957265,363700,2,0,hebo,roc_auc,binary,LGBM,,False,cv,0.0,78,3,3,LGBM_363700_20260405_160514,363700_rep2_fold0_hebo_roc_auc_cv,LGBM_363700_20260405_160514::363700_rep2_fold0_hebo_roc_auc_cv,0.552763342682628,0.22364217252396107,0.18289353958143795
35,0.20316792763853075,0.27732668566001895,0.2764957264957265,363700,2,0,hebo,roc_auc,binary,LGBM,,False,cv,0.0,78,3,3,LGBM_363700_20260405_160514,363700_rep2_fold0_hebo_roc_auc_cv,LGBM_363700_20260405_160514::363700_rep2_fold0_hebo_roc_auc_cv,0.552763342682628,0.22364217252396107,0.18289353958143795
36,0.20648590388435695,0.2783119658119658,0.2759021842355175,363700,2,0,hebo,roc_auc,binary,LGBM,,False,cv,0.0,78,3,3,LGBM_363700_20260405_160514,363700_rep2_fold0_hebo_roc_auc_cv,LGBM_363700_20260405_160514::363700_rep2_fold0_hebo_roc_auc_cv,0.5913470241888091,0.23626958770728754,0.17151956323930687
37,0.20648590388435695,0.2783119658119658,0.2759021842355175,363700,2,0,hebo,roc_auc,binary,LGBM,,False,cv,0.0,78,3,3,LGBM_363700_20260405_160514,363700_rep2_fold0_hebo_roc_auc_cv,LGBM_363700_20260405_160514::363700_rep2_fold0_hebo_roc_auc_cv,0.5913470241888091,0.23626958770728754,0.17151956323930687
38,0.20648590388435695,0.2783119658119658,0.2759021842355175,363700,2,0,hebo,roc_auc,binary,LGBM,,False,cv,0.0,78,3,3,LGBM_363700_20260405_160514,363700_rep2_fold0_hebo_roc_auc_cv,LGBM_363700_20260405_160514::363700_rep2_fold0_hebo_roc_auc_cv,0.5913470241888091,0.23626958770728754,0.17151956323930687
39,0.20338190540597667,0.27787274453941113,0.27564102564102566,363700,2,0,hebo,roc_auc,binary,LGBM,,False,cv,0.0,78,3,3,LGBM_363700_20260405_160514,363700_rep2_fold0_hebo_roc_auc_cv,LGBM_363700_20260405_160514::363700_rep2_fold0_hebo_roc_auc_cv,0.5552516215058783,0.23064049901110512,0.16651501364877191
40,0.20338190540597667,0.27787274453941113,0.27564102564102566,363700,2,0,hebo,roc_auc,binary,LGBM,,False,cv,0.0,78,3,3,LGBM_363700_20260405_160514,363700_rep2_fold0_hebo_roc_auc_cv,LGBM_363700_20260405_160514::363700_rep2_fold0_hebo_roc_auc_cv,0.5552516215058783,0.23064049901110512,0.16651501364877191
41,0.20338190540597667,0.27787274453941113,0.27564102564102566,363700,2,0,hebo,roc_auc,binary,LGBM,,False,cv,0.0,78,3,3,LGBM_363700_20260405_160514,363700_rep2_fold0_hebo_roc_auc_cv,LGBM_363700_20260405_160514::363700_rep2_fold0_hebo_roc_auc_cv,0.5552516215058783,0.23064049901110512,0.16651501364877191
42,0.20338190540597667,0.27787274453941113,0.27564102564102566,363700,2,0,hebo,roc_auc,binary,LGBM,,False,cv,0.0,78,3,3,LGBM_363700_20260405_160514,363700_rep2_fold0_hebo_roc_auc_cv,LGBM_363700_20260405_160514::363700_rep2_fold0_hebo_roc_auc_cv,0.5552516215058783,0.23064049901110512,0.16651501364877191
43,0.20338190540597667,0.27787274453941113,0.27564102564102566,363700,2,0,hebo,roc_auc,binary,LGBM,,False,cv,0.0,78,3,3,LGBM_363700_20260405_160514,363700_rep2_fold0_hebo_roc_auc_cv,LGBM_363700_20260405_160514::363700_rep2_fold0_hebo_roc_auc_cv,0.5552516215058783,0.23064049901110512,0.16651501364877191
44,0.20338190540597667,0.27787274453941113,0.27564102564102566,363700,2,0,hebo,roc_auc,binary,LGBM,,False,cv,0.0,78,3,3,LGBM_363700_20260405_160514,363700_rep2_fold0_hebo_roc_auc_cv,LGBM_363700_20260405_160514::363700_rep2_fold0_hebo_roc_auc_cv,0.5552516215058783,0.23064049901110512,0.16651501364877191
45,0.2052073206813474,0.27863247863247864,0.276531339031339,363700,2,0,hebo,roc_auc,binary,LGBM,,False,cv,0.0,78,3,3,LGBM_363700_20260405_160514,363700_rep2_fold0_hebo_roc_auc_cv,LGBM_363700_20260405_160514::363700_rep2_fold0_hebo_roc_auc_cv,0.5764787902326044,0.2403773010801766,0.18357597816196428
46,0.2052073206813474,0.27863247863247864,0.276531339031339,363700,2,0,hebo,roc_auc,binary,LGBM,,False,cv,0.0,78,3,3,LGBM_363700_20260405_160514,363700_rep2_fold0_hebo_roc_auc_cv,LGBM_363700_20260405_160514::363700_rep2_fold0_hebo_roc_auc_cv,0.5764787902326044,0.2403773010801766,0.18357597816196428
47,0.20545035715795268,0.27431149097815755,0.274869420702754,363700,2,0,hebo,roc_auc,binary,LGBM,,False,cv,0.0,78,3,3,LGBM_363700_20260405_160514,363700_rep2_fold0_hebo_roc_auc_cv,LGBM_363700_20260405_160514::363700_rep2_fold0_hebo_roc_auc_cv,0.579304983463951,0.18499923931233717,0.1517288444040028
48,0.20545035715795268,0.27431149097815755,0.274869420702754,363700,2,0,hebo,roc_auc,binary,LGBM,,False,cv,0.0,78,3,3,LGBM_363700_20260405_160514,363700_rep2_fold0_hebo_roc_auc_cv,LGBM_363700_20260405_160514::363700_rep2_fold0_hebo_roc_auc_cv,0.579304983463951,0.18499923931233717,0.1517288444040028
49,0.20545035715795268,0.27431149097815755,0.274869420702754,363700,2,0,hebo,roc_auc,binary,LGBM,,False,cv,0.0,78,3,3,LGBM_363700_20260405_160514,363700_rep2_fold0_hebo_roc_auc_cv,LGBM_363700_20260405_160514::363700_rep2_fold0_hebo_roc_auc_cv,0.579304983463951,0.18499923931233717,0.1517288444040028
50,0.20545035715795268,0.27431149097815755,0.274869420702754,363700,2,0,hebo,roc_auc,binary,LGBM,,False,cv,0.0,78,3,3,LGBM_363700_20260405_160514,363700_rep2_fold0_hebo_roc_auc_cv,LGBM_363700_20260405_160514::363700_rep2_fold0_hebo_roc_auc_cv,0.579304983463951,0.18499923931233717,0.1517288444040028
51,0.20545035715795268,0.27431149097815755,0.274869420702754,363700,2,0,hebo,roc_auc,binary,LGBM,,False,cv,0.0,78,3,3,LGBM_363700_20260405_160514,363700_rep2_fold0_hebo_roc_auc_cv,LGBM_363700_20260405_160514::363700_rep2_fold0_hebo_roc_auc_cv,0.579304983463951,0.18499923931233717,0.1517288444040028
52,0.20545035715795268,0.27431149097815755,0.274869420702754,363700,2,0,hebo,roc_auc,binary,LGBM,,False,cv,0.0,78,3,3,LGBM_363700_20260405_160514,363700_rep2_fold0_hebo_roc_auc_cv,LGBM_363700_20260405_160514::363700_rep2_fold0_hebo_roc_auc_cv,0.579304983463951,0.18499923931233717,0.1517288444040028
53,0.20545035715795268,0.27431149097815755,0.274869420702754,363700,2,0,hebo,roc_auc,binary,LGBM,,False,cv,0.0,78,3,3,LGBM_363700_20260405_160514,363700_rep2_fold0_hebo_roc_auc_cv,LGBM_363700_20260405_160514::363700_rep2_fold0_hebo_roc_auc_cv,0.579304983463951,0.18499923931233717,0.1517288444040028
54,0.20545035715795268,0.27431149097815755,0.274869420702754,363700,2,0,hebo,roc_auc,binary,LGBM,,False,cv,0.0,78,3,3,LGBM_363700_20260405_160514,363700_rep2_fold0_hebo_roc_auc_cv,LGBM_363700_20260405_160514::363700_rep2_fold0_hebo_roc_auc_cv,0.579304983463951,0.18499923931233717,0.1517288444040028
55,0.20545035715795268,0.27431149097815755,0.274869420702754,363700,2,0,hebo,roc_auc,binary,LGBM,,False,cv,0.0,78,3,3,LGBM_363700_20260405_160514,363700_rep2_fold0_hebo_roc_auc_cv,LGBM_363700_20260405_160514::363700_rep2_fold0_hebo_roc_auc_cv,0.579304983463951,0.18499923931233717,0.1517288444040028
56,0.20545035715795268,0.27431149097815755,0.274869420702754,363700,2,0,hebo,roc_auc,binary,LGBM,,False,cv,0.0,78,3,3,LGBM_363700_20260405_160514,363700_rep2_fold0_hebo_roc_auc_cv,LGBM_363700_20260405_160514::363700_rep2_fold0_hebo_roc_auc_cv,0.579304983463951,0.18499923931233717,0.1517288444040028
57,0.20545035715795268,0.27431149097815755,0.274869420702754,363700,2,0,hebo,roc_auc,binary,LGBM,,False,cv,0.0,78,3,3,LGBM_363700_20260405_160514,363700_rep2_fold0_hebo_roc_auc_cv,LGBM_363700_20260405_160514::363700_rep2_fold0_hebo_roc_auc_cv,0.579304983463951,0.18499923931233717,0.1517288444040028
58,0.20545035715795268,0.27431149097815755,0.274869420702754,363700,2,0,hebo,roc_auc,binary,LGBM,,False,cv,0.0,78,3,3,LGBM_363700_20260405_160514,363700_rep2_fold0_hebo_roc_auc_cv,LGBM_363700_20260405_160514::363700_rep2_fold0_hebo_roc_auc_cv,0.579304983463951,0.18499923931233717,0.1517288444040028
59,0.20545035715795268,0.27431149097815755,0.274869420702754,363700,2,0,hebo,roc_auc,binary,LGBM,,False,cv,0.0,78,3,3,LGBM_363700_20260405_160514,363700_rep2_fold0_hebo_roc_auc_cv,LGBM_363700_20260405_160514::363700_rep2_fold0_hebo_roc_auc_cv,0.579304983463951,0.18499923931233717,0.1517288444040028
60,0.20545035715795268,0.27431149097815755,0.274869420702754,363700,2,0,hebo,roc_auc,binary,LGBM,,False,cv,0.0,78,3,3,LGBM_363700_20260405_160514,363700_rep2_fold0_hebo_roc_auc_cv,LGBM_363700_20260405_160514::363700_rep2_fold0_hebo_roc_auc_cv,0.579304983463951,0.18499923931233717,0.1517288444040028
61,0.20545035715795268,0.27431149097815755,0.274869420702754,363700,2,0,hebo,roc_auc,binary,LGBM,,False,cv,0.0,78,3,3,LGBM_363700_20260405_160514,363700_rep2_fold0_hebo_roc_auc_cv,LGBM_363700_20260405_160514::363700_rep2_fold0_hebo_roc_auc_cv,0.579304983463951,0.18499923931233717,0.1517288444040028
62,0.20545035715795268,0.27431149097815755,0.274869420702754,363700,2,0,hebo,roc_auc,binary,LGBM,,False,cv,0.0,78,3,3,LGBM_363700_20260405_160514,363700_rep2_fold0_hebo_roc_auc_cv,LGBM_363700_20260405_160514::363700_rep2_fold0_hebo_roc_auc_cv,0.579304983463951,0.18499923931233717,0.1517288444040028
63,0.20545035715795268,0.27431149097815755,0.274869420702754,363700,2,0,hebo,roc_auc,binary,LGBM,,False,cv,0.0,78,3,3,LGBM_363700_20260405_160514,363700_rep2_fold0_hebo_roc_auc_cv,LGBM_363700_20260405_160514::363700_rep2_fold0_hebo_roc_auc_cv,0.579304983463951,0.18499923931233717,0.1517288444040028
64,0.20545035715795268,0.27431149097815755,0.274869420702754,363700,2,0,hebo,roc_auc,binary,LGBM,,False,cv,0.0,78,3,3,LGBM_363700_20260405_160514,363700_rep2_fold0_hebo_roc_auc_cv,LGBM_363700_20260405_160514::363700_rep2_fold0_hebo_roc_auc_cv,0.579304983463951,0.18499923931233717,0.1517288444040028
65,0.20545035715795268,0.27431149097815755,0.274869420702754,363700,2,0,hebo,roc_auc,binary,LGBM,,False,cv,0.0,78,3,3,LGBM_363700_20260405_160514,363700_rep2_fold0_hebo_roc_auc_cv,LGBM_363700_20260405_160514::363700_rep2_fold0_hebo_roc_auc_cv,0.579304983463951,0.18499923931233717,0.1517288444040028
66,0.20545035715795268,0.27431149097815755,0.274869420702754,363700,2,0,hebo,roc_auc,binary,LGBM,,False,cv,0.0,78,3,3,LGBM_363700_20260405_160514,363700_rep2_fold0_hebo_roc_auc_cv,LGBM_363700_20260405_160514::363700_rep2_fold0_hebo_roc_auc_cv,0.579304983463951,0.18499923931233717,0.1517288444040028
67,0.20545035715795268,0.27431149097815755,0.274869420702754,363700,2,0,hebo,roc_auc,binary,LGBM,,False,cv,0.0,78,3,3,LGBM_363700_20260405_160514,363700_rep2_fold0_hebo_roc_auc_cv,LGBM_363700_20260405_160514::363700_rep2_fold0_hebo_roc_auc_cv,0.579304983463951,0.18499923931233717,0.1517288444040028
68,0.20545035715795268,0.27431149097815755,0.274869420702754,363700,2,0,hebo,roc_auc,binary,LGBM,,False,cv,0.0,78,3,3,LGBM_363700_20260405_160514,363700_rep2_fold0_hebo_roc_auc_cv,LGBM_363700_20260405_160514::363700_rep2_fold0_hebo_roc_auc_cv,0.579304983463951,0.18499923931233717,0.1517288444040028
69,0.20652288769601423,0.27184235517568844,0.2735754985754987,363700,2,0,hebo,roc_auc,binary,LGBM,,False,cv,0.0,78,3,3,LGBM_363700_20260405_160514,363700_rep2_fold0_hebo_roc_auc_cv,LGBM_363700_20260405_160514::363700_rep2_fold0_hebo_roc_auc_cv,0.5917770970718397,0.1533546325878587,0.1269335759781638
70,0.20652288769601423,0.27184235517568844,0.2735754985754987,363700,2,0,hebo,roc_auc,binary,LGBM,,False,cv,0.0,78,3,3,LGBM_363700_20260405_160514,363700_rep2_fold0_hebo_roc_auc_cv,LGBM_363700_20260405_160514::363700_rep2_fold0_hebo_roc_auc_cv,0.5917770970718397,0.1533546325878587,0.1269335759781638
71,0.20652288769601423,0.27184235517568844,0.2735754985754987,363700,2,0,hebo,roc_auc,binary,LGBM,,False,cv,0.0,78,3,3,LGBM_363700_20260405_160514,363700_rep2_fold0_hebo_roc_auc_cv,LGBM_363700_20260405_160514::363700_rep2_fold0_hebo_roc_auc_cv,0.5917770970718397,0.1533546325878587,0.1269335759781638
72,0.20652288769601423,0.27184235517568844,0.2735754985754987,363700,2,0,hebo,roc_auc,binary,LGBM,,False,cv,0.0,78,3,3,LGBM_363700_20260405_160514,363700_rep2_fold0_hebo_roc_auc_cv,LGBM_363700_20260405_160514::363700_rep2_fold0_hebo_roc_auc_cv,0.5917770970718397,0.1533546325878587,0.1269335759781638
73,0.20652288769601423,0.27184235517568844,0.2735754985754987,363700,2,0,hebo,roc_auc,binary,LGBM,,False,cv,0.0,78,3,3,LGBM_363700_20260405_160514,363700_rep2_fold0_hebo_roc_auc_cv,LGBM_363700_20260405_160514::363700_rep2_fold0_hebo_roc_auc_cv,0.5917770970718397,0.1533546325878587,0.1269335759781638
74,0.20652288769601423,0.27184235517568844,0.2735754985754987,363700,2,0,hebo,roc_auc,binary,LGBM,,False,cv,0.0,78,3,3,LGBM_363700_20260405_160514,363700_rep2_fold0_hebo_roc_auc_cv,LGBM_363700_20260405_160514::363700_rep2_fold0_hebo_roc_auc_cv,0.5917770970718397,0.1533546325878587,0.1269335759781638
75,0.20652288769601423,0.27184235517568844,0.2735754985754987,363700,2,0,hebo,roc_auc,binary,LGBM,,False,cv,0.0,78,3,3,LGBM_363700_20260405_160514,363700_rep2_fold0_hebo_roc_auc_cv,LGBM_363700_20260405_160514::363700_rep2_fold0_hebo_roc_auc_cv,0.5917770970718397,0.1533546325878587,0.1269335759781638
76,0.20652288769601423,0.27184235517568844,0.2735754985754987,363700,2,0,hebo,roc_auc,binary,LGBM,,False,cv,0.0,78,3,3,LGBM_363700_20260405_160514,363700_rep2_fold0_hebo_roc_auc_cv,LGBM_363700_20260405_160514::363700_rep2_fold0_hebo_roc_auc_cv,0.5917770970718397,0.1533546325878587,0.1269335759781638
77,0.20652288769601423,0.27184235517568844,0.2735754985754987,363700,2,0,hebo,roc_auc,binary,LGBM,,False,cv,0.0,78,3,3,LGBM_363700_20260405_160514,363700_rep2_fold0_hebo_roc_auc_cv,LGBM_363700_20260405_160514::363700_rep2_fold0_hebo_roc_auc_cv,0.5917770970718397,0.1533546325878587,0.1269335759781638
78,0.20652288769601423,0.27184235517568844,0.2735754985754987,363700,2,0,hebo,roc_auc,binary,LGBM,,False,cv,0.0,78,3,3,LGBM_363700_20260405_160514,363700_rep2_fold0_hebo_roc_auc_cv,LGBM_363700_20260405_160514::363700_rep2_fold0_hebo_roc_auc_cv,0.5917770970718397,0.1533546325878587,0.1269335759781638
79,0.20652288769601423,0.27184235517568844,0.2735754985754987,363700,2,0,hebo,roc_auc,binary,LGBM,,False,cv,0.0,78,3,3,LGBM_363700_20260405_160514,363700_rep2_fold0_hebo_roc_auc_cv,LGBM_363700_20260405_160514::363700_rep2_fold0_hebo_roc_auc_cv,0.5917770970718397,0.1533546325878587,0.1269335759781638
80,0.20652288769601423,0.27184235517568844,0.2735754985754987,363700,2,0,hebo,roc_auc,binary,LGBM,,False,cv,0.0,78,3,3,LGBM_363700_20260405_160514,363700_rep2_fold0_hebo_roc_auc_cv,LGBM_363700_20260405_160514::363700_rep2_fold0_hebo_roc_auc_cv,0.5917770970718397,0.1533546325878587,0.1269335759781638
81,0.20652288769601423,0.27184235517568844,0.2735754985754987,363700,2,0,hebo,roc_auc,binary,LGBM,,False,cv,0.0,78,3,3,LGBM_363700_20260405_160514,363700_rep2_fold0_hebo_roc_auc_cv,LGBM_363700_20260405_160514::363700_rep2_fold0_hebo_roc_auc_cv,0.5917770970718397,0.1533546325878587,0.1269335759781638
82,0.20652288769601423,0.27184235517568844,0.2735754985754987,363700,2,0,hebo,roc_auc,binary,LGBM,,False,cv,0.0,78,3,3,LGBM_363700_20260405_160514,363700_rep2_fold0_hebo_roc_auc_cv,LGBM_363700_20260405_160514::363700_rep2_fold0_hebo_roc_auc_cv,0.5917770970718397,0.1533546325878587,0.1269335759781638
83,0.20652288769601423,0.27184235517568844,0.2735754985754987,363700,2,0,hebo,roc_auc,binary,LGBM,,False,cv,0.0,78,3,3,LGBM_363700_20260405_160514,363700_rep2_fold0_hebo_roc_auc_cv,LGBM_363700_20260405_160514::363700_rep2_fold0_hebo_roc_auc_cv,0.5917770970718397,0.1533546325878587,0.1269335759781638
84,0.20652288769601423,0.27184235517568844,0.2735754985754987,363700,2,0,hebo,roc_auc,binary,LGBM,,False,cv,0.0,78,3,3,LGBM_363700_20260405_160514,363700_rep2_fold0_hebo_roc_auc_cv,LGBM_363700_20260405_160514::363700_rep2_fold0_hebo_roc_auc_cv,0.5917770970718397,0.1533546325878587,0.1269335759781638
85,0.20652288769601423,0.27184235517568844,0.2735754985754987,363700,2,0,hebo,roc_auc,binary,LGBM,,False,cv,0.0,78,3,3,LGBM_363700_20260405_160514,363700_rep2_fold0_hebo_roc_auc_cv,LGBM_363700_20260405_160514::363700_rep2_fold0_hebo_roc_auc_cv,0.5917770970718397,0.1533546325878587,0.1269335759781638
86,0.20652288769601423,0.27184235517568844,0.2735754985754987,363700,2,0,hebo,roc_auc,binary,LGBM,,False,cv,0.0,78,3,3,LGBM_363700_20260405_160514,363700_rep2_fold0_hebo_roc_auc_cv,LGBM_363700_20260405_160514::363700_rep2_fold0_hebo_roc_auc_cv,0.5917770970718397,0.1533546325878587,0.1269335759781638
87,0.20652288769601423,0.27184235517568844,0.2735754985754987,363700,2,0,hebo,roc_auc,binary,LGBM,,False,cv,0.0,78,3,3,LGBM_363700_20260405_160514,363700_rep2_fold0_hebo_roc_auc_cv,LGBM_363700_20260405_160514::363700_rep2_fold0_hebo_roc_auc_cv,0.5917770970718397,0.1533546325878587,0.1269335759781638
88,0.20652288769601423,0.27184235517568844,0.2735754985754987,363700,2,0,hebo,roc_auc,binary,LGBM,,False,cv,0.0,78,3,3,LGBM_363700_20260405_160514,363700_rep2_fold0_hebo_roc_auc_cv,LGBM_363700_20260405_160514::363700_rep2_fold0_hebo_roc_auc_cv,0.5917770970718397,0.1533546325878587,0.1269335759781638
89,0.20652288769601423,0.27184235517568844,0.2735754985754987,363700,2,0,hebo,roc_auc,binary,LGBM,,False,cv,0.0,78,3,3,LGBM_363700_20260405_160514,363700_rep2_fold0_hebo_roc_auc_cv,LGBM_363700_20260405_160514::363700_rep2_fold0_hebo_roc_auc_cv,0.5917770970718397,0.1533546325878587,0.1269335759781638
90,0.20652288769601423,0.27184235517568844,0.2735754985754987,363700,2,0,hebo,roc_auc,binary,LGBM,,False,cv,0.0,78,3,3,LGBM_363700_20260405_160514,363700_rep2_fold0_hebo_roc_auc_cv,LGBM_363700_20260405_160514::363700_rep2_fold0_hebo_roc_auc_cv,0.5917770970718397,0.1533546325878587,0.1269335759781638
91,0.20652288769601423,0.27184235517568844,0.2735754985754987,363700,2,0,hebo,roc_auc,binary,LGBM,,False,cv,0.0,78,3,3,LGBM_363700_20260405_160514,363700_rep2_fold0_hebo_roc_auc_cv,LGBM_363700_20260405_160514::363700_rep2_fold0_hebo_roc_auc_cv,0.5917770970718397,0.1533546325878587,0.1269335759781638
92,0.20652288769601423,0.27184235517568844,0.2735754985754987,363700,2,0,hebo,roc_auc,binary,LGBM,,False,cv,0.0,78,3,3,LGBM_363700_20260405_160514,363700_rep2_fold0_hebo_roc_auc_cv,LGBM_363700_20260405_160514::363700_rep2_fold0_hebo_roc_auc_cv,0.5917770970718397,0.1533546325878587,0.1269335759781638
93,0.20652288769601423,0.27184235517568844,0.2735754985754987,363700,2,0,hebo,roc_auc,binary,LGBM,,False,cv,0.0,78,3,3,LGBM_363700_20260405_160514,363700_rep2_fold0_hebo_roc_auc_cv,LGBM_363700_20260405_160514::363700_rep2_fold0_hebo_roc_auc_cv,0.5917770970718397,0.1533546325878587,0.1269335759781638
94,0.20652288769601423,0.27184235517568844,0.2735754985754987,363700,2,0,hebo,roc_auc,binary,LGBM,,False,cv,0.0,78,3,3,LGBM_363700_20260405_160514,363700_rep2_fold0_hebo_roc_auc_cv,LGBM_363700_20260405_160514::363700_rep2_fold0_hebo_roc_auc_cv,0.5917770970718397,0.1533546325878587,0.1269335759781638
95,0.20652288769601423,0.27184235517568844,0.2735754985754987,363700,2,0,hebo,roc_auc,binary,LGBM,,False,cv,0.0,78,3,3,LGBM_363700_20260405_160514,363700_rep2_fold0_hebo_roc_auc_cv,LGBM_363700_20260405_160514::363700_rep2_fold0_hebo_roc_auc_cv,0.5917770970718397,0.1533546325878587,0.1269335759781638
96,0.20652288769601423,0.27184235517568844,0.2735754985754987,363700,2,0,hebo,roc_auc,binary,LGBM,,False,cv,0.0,78,3,3,LGBM_363700_20260405_160514,363700_rep2_fold0_hebo_roc_auc_cv,LGBM_363700_20260405_160514::363700_rep2_fold0_hebo_roc_auc_cv,0.5917770970718397,0.1533546325878587,0.1269335759781638
97,0.20652288769601423,0.27184235517568844,0.2735754985754987,363700,2,0,hebo,roc_auc,binary,LGBM,,False,cv,0.0,78,3,3,LGBM_363700_20260405_160514,363700_rep2_fold0_hebo_roc_auc_cv,LGBM_363700_20260405_160514::363700_rep2_fold0_hebo_roc_auc_cv,0.5917770970718397,0.1533546325878587,0.1269335759781638
98,0.20652288769601423,0.27184235517568844,0.2735754985754987,363700,2,0,hebo,roc_auc,binary,LGBM,,False,cv,0.0,78,3,3,LGBM_363700_20260405_160514,363700_rep2_fold0_hebo_roc_auc_cv,LGBM_363700_20260405_160514::363700_rep2_fold0_hebo_roc_auc_cv,0.5917770970718397,0.1533546325878587,0.1269335759781638
99,0.20652288769601423,0.27184235517568844,0.2735754985754987,363700,2,0,hebo,roc_auc,binary,LGBM,,False,cv,0.0,78,3,3,LGBM_363700_20260405_160514,363700_rep2_fold0_hebo_roc_auc_cv,LGBM_363700_20260405_160514::363700_rep2_fold0_hebo_roc_auc_cv,0.5917770970718397,0.1533546325878587,0.1269335759781638
100,0.20652288769601423,0.27184235517568844,0.2735754985754987,363700,2,0,hebo,roc_auc,binary,LGBM,,False,cv,0.0,78,3,3,LGBM_363700_20260405_160514,363700_rep2_fold0_hebo_roc_auc_cv,LGBM_363700_20260405_160514::363700_rep2_fold0_hebo_roc_auc_cv,0.5917770970718397,0.1533546325878587,0.1269335759781638
101,0.20652288769601423,0.27184235517568844,0.2735754985754987,363700,2,0,hebo,roc_auc,binary,LGBM,,False,cv,0.0,78,3,3,LGBM_363700_20260405_160514,363700_rep2_fold0_hebo_roc_auc_cv,LGBM_363700_20260405_160514::363700_rep2_fold0_hebo_roc_auc_cv,0.5917770970718397,0.1533546325878587,0.1269335759781638
102,0.20652288769601423,0.27184235517568844,0.2735754985754987,363700,2,0,hebo,roc_auc,binary,LGBM,,False,cv,0.0,78,3,3,LGBM_363700_20260405_160514,363700_rep2_fold0_hebo_roc_auc_cv,LGBM_363700_20260405_160514::363700_rep2_fold0_hebo_roc_auc_cv,0.5917770970718397,0.1533546325878587,0.1269335759781638
103,0.20652288769601423,0.27184235517568844,0.2735754985754987,363700,2,0,hebo,roc_auc,binary,LGBM,,False,cv,0.0,78,3,3,LGBM_363700_20260405_160514,363700_rep2_fold0_hebo_roc_auc_cv,LGBM_363700_20260405_160514::363700_rep2_fold0_hebo_roc_auc_cv,0.5917770970718397,0.1533546325878587,0.1269335759781638
104,0.20654930470434085,0.2741096866096866,0.2737298195631529,363700,2,0,hebo,roc_auc,binary,LGBM,,False,cv,0.0,78,3,3,LGBM_363700_20260405_160514,363700_rep2_fold0_hebo_roc_auc_cv,LGBM_363700_20260405_160514::363700_rep2_fold0_hebo_roc_auc_cv,0.5920842919882898,0.18241290126274146,0.12989080982711548
105,0.20654930470434085,0.2741096866096866,0.2737298195631529,363700,2,0,hebo,roc_auc,binary,LGBM,,False,cv,0.0,78,3,3,LGBM_363700_20260405_160514,363700_rep2_fold0_hebo_roc_auc_cv,LGBM_363700_20260405_160514::363700_rep2_fold0_hebo_roc_auc_cv,0.5920842919882898,0.18241290126274146,0.12989080982711548
106,0.20654930470434085,0.2741096866096866,0.2737298195631529,363700,2,0,hebo,roc_auc,binary,LGBM,,False,cv,0.0,78,3,3,LGBM_363700_20260405_160514,363700_rep2_fold0_hebo_roc_auc_cv,LGBM_363700_20260405_160514::363700_rep2_fold0_hebo_roc_auc_cv,0.5920842919882898,0.18241290126274146,0.12989080982711548
107,0.20654930470434085,0.2741096866096866,0.2737298195631529,363700,2,0,hebo,roc_auc,binary,LGBM,,False,cv,0.0,78,3,3,LGBM_363700_20260405_160514,363700_rep2_fold0_hebo_roc_auc_cv,LGBM_363700_20260405_160514::363700_rep2_fold0_hebo_roc_auc_cv,0.5920842919882898,0.18241290126274146,0.12989080982711548
108,0.20654930470434085,0.2741096866096866,0.2737298195631529,363700,2,0,hebo,roc_auc,binary,LGBM,,False,cv,0.0,78,3,3,LGBM_363700_20260405_160514,363700_rep2_fold0_hebo_roc_auc_cv,LGBM_363700_20260405_160514::363700_rep2_fold0_hebo_roc_auc_cv,0.5920842919882898,0.18241290126274146,0.12989080982711548
109,0.20654930470434085,0.2741096866096866,0.2737298195631529,363700,2,0,hebo,roc_auc,binary,LGBM,,False,cv,0.0,78,3,3,LGBM_363700_20260405_160514,363700_rep2_fold0_hebo_roc_auc_cv,LGBM_363700_20260405_160514::363700_rep2_fold0_hebo_roc_auc_cv,0.5920842919882898,0.18241290126274146,0.12989080982711548
110,0.20654930470434085,0.2741096866096866,0.2737298195631529,363700,2,0,hebo,roc_auc,binary,LGBM,,False,cv,0.0,78,3,3,LGBM_363700_20260405_160514,363700_rep2_fold0_hebo_roc_auc_cv,LGBM_363700_20260405_160514::363700_rep2_fold0_hebo_roc_auc_cv,0.5920842919882898,0.18241290126274146,0.12989080982711548
111,0.20654930470434085,0.2741096866096866,0.2737298195631529,363700,2,0,hebo,roc_auc,binary,LGBM,,False,cv,0.0,78,3,3,LGBM_363700_20260405_160514,363700_rep2_fold0_hebo_roc_auc_cv,LGBM_363700_20260405_160514::363700_rep2_fold0_hebo_roc_auc_cv,0.5920842919882898,0.18241290126274146,0.12989080982711548
112,0.20654930470434085,0.2741096866096866,0.2737298195631529,363700,2,0,hebo,roc_auc,binary,LGBM,,False,cv,0.0,78,3,3,LGBM_363700_20260405_160514,363700_rep2_fold0_hebo_roc_auc_cv,LGBM_363700_20260405_160514::363700_rep2_fold0_hebo_roc_auc_cv,0.5920842919882898,0.18241290126274146,0.12989080982711548
113,0.20654930470434085,0.2741096866096866,0.2737298195631529,363700,2,0,hebo,roc_auc,binary,LGBM,,False,cv,0.0,78,3,3,LGBM_363700_20260405_160514,363700_rep2_fold0_hebo_roc_auc_cv,LGBM_363700_20260405_160514::363700_rep2_fold0_hebo_roc_auc_cv,0.5920842919882898,0.18241290126274146,0.12989080982711548
114,0.20654930470434085,0.2741096866096866,0.2737298195631529,363700,2,0,hebo,roc_auc,binary,LGBM,,False,cv,0.0,78,3,3,LGBM_363700_20260405_160514,363700_rep2_fold0_hebo_roc_auc_cv,LGBM_363700_20260405_160514::363700_rep2_fold0_hebo_roc_auc_cv,0.5920842919882898,0.18241290126274146,0.12989080982711548
115,0.19749355424996828,0.27040598290598294,0.27053656220322897,363700,2,0,hebo,roc_auc,binary,LGBM,,False,cv,0.0,78,3,3,LGBM_363700_20260405_160514,363700_rep2_fold0_hebo_roc_auc_cv,LGBM_363700_20260405_160514::363700_rep2_fold0_hebo_roc_auc_cv,0.48677787462906524,0.13494599117602374,0.06869881710646215
116,0.19749355424996828,0.27040598290598294,0.27053656220322897,363700,2,0,hebo,roc_auc,binary,LGBM,,False,cv,0.0,78,3,3,LGBM_363700_20260405_160514,363700_rep2_fold0_hebo_roc_auc_cv,LGBM_363700_20260405_160514::363700_rep2_fold0_hebo_roc_auc_cv,0.48677787462906524,0.13494599117602374,0.06869881710646215
117,0.19749355424996828,0.27040598290598294,0.27053656220322897,363700,2,0,hebo,roc_auc,binary,LGBM,,False,cv,0.0,78,3,3,LGBM_363700_20260405_160514,363700_rep2_fold0_hebo_roc_auc_cv,LGBM_363700_20260405_160514::363700_rep2_fold0_hebo_roc_auc_cv,0.48677787462906524,0.13494599117602374,0.06869881710646215
118,0.19749355424996828,0.27040598290598294,0.27053656220322897,363700,2,0,hebo,roc_auc,binary,LGBM,,False,cv,0.0,78,3,3,LGBM_363700_20260405_160514,363700_rep2_fold0_hebo_roc_auc_cv,LGBM_363700_20260405_160514::363700_rep2_fold0_hebo_roc_auc_cv,0.48677787462906524,0.13494599117602374,0.06869881710646215
119,0.19749355424996828,0.27040598290598294,0.27053656220322897,363700,2,0,hebo,roc_auc,binary,LGBM,,False,cv,0.0,78,3,3,LGBM_363700_20260405_160514,363700_rep2_fold0_hebo_roc_auc_cv,LGBM_363700_20260405_160514::363700_rep2_fold0_hebo_roc_auc_cv,0.48677787462906524,0.13494599117602374,0.06869881710646215
120,0.19749355424996828,0.27040598290598294,0.27053656220322897,363700,2,0,hebo,roc_auc,binary,LGBM,,False,cv,0.0,78,3,3,LGBM_363700_20260405_160514,363700_rep2_fold0_hebo_roc_auc_cv,LGBM_363700_20260405_160514::363700_rep2_fold0_hebo_roc_auc_cv,0.48677787462906524,0.13494599117602374,0.06869881710646215
121,0.19749355424996828,0.27040598290598294,0.27053656220322897,363700,2,0,hebo,roc_auc,binary,LGBM,,False,cv,0.0,78,3,3,LGBM_363700_20260405_160514,363700_rep2_fold0_hebo_roc_auc_cv,LGBM_363700_20260405_160514::363700_rep2_fold0_hebo_roc_auc_cv,0.48677787462906524,0.13494599117602374,0.06869881710646215
122,0.19749355424996828,0.27040598290598294,0.27053656220322897,363700,2,0,hebo,roc_auc,binary,LGBM,,False,cv,0.0,78,3,3,LGBM_363700_20260405_160514,363700_rep2_fold0_hebo_roc_auc_cv,LGBM_363700_20260405_160514::363700_rep2_fold0_hebo_roc_auc_cv,0.48677787462906524,0.13494599117602374,0.06869881710646215
123,0.19749355424996828,0.27040598290598294,0.27053656220322897,363700,2,0,hebo,roc_auc,binary,LGBM,,False,cv,0.0,78,3,3,LGBM_363700_20260405_160514,363700_rep2_fold0_hebo_roc_auc_cv,LGBM_363700_20260405_160514::363700_rep2_fold0_hebo_roc_auc_cv,0.48677787462906524,0.13494599117602374,0.06869881710646215
124,0.19749355424996828,0.27040598290598294,0.27053656220322897,363700,2,0,hebo,roc_auc,binary,LGBM,,False,cv,0.0,78,3,3,LGBM_363700_20260405_160514,363700_rep2_fold0_hebo_roc_auc_cv,LGBM_363700_20260405_160514::363700_rep2_fold0_hebo_roc_auc_cv,0.48677787462906524,0.13494599117602374,0.06869881710646215
125,0.19749355424996828,0.27040598290598294,0.27053656220322897,363700,2,0,hebo,roc_auc,binary,LGBM,,False,cv,0.0,78,3,3,LGBM_363700_20260405_160514,363700_rep2_fold0_hebo_roc_auc_cv,LGBM_363700_20260405_160514::363700_rep2_fold0_hebo_roc_auc_cv,0.48677787462906524,0.13494599117602374,0.06869881710646215
126,0.19749355424996828,0.27040598290598294,0.27053656220322897,363700,2,0,hebo,roc_auc,binary,LGBM,,False,cv,0.0,78,3,3,LGBM_363700_20260405_160514,363700_rep2_fold0_hebo_roc_auc_cv,LGBM_363700_20260405_160514::363700_rep2_fold0_hebo_roc_auc_cv,0.48677787462906524,0.13494599117602374,0.06869881710646215
127,0.19749355424996828,0.27040598290598294,0.27053656220322897,363700,2,0,hebo,roc_auc,binary,LGBM,,False,cv,0.0,78,3,3,LGBM_363700_20260405_160514,363700_rep2_fold0_hebo_roc_auc_cv,LGBM_363700_20260405_160514::363700_rep2_fold0_hebo_roc_auc_cv,0.48677787462906524,0.13494599117602374,0.06869881710646215
128,0.19749355424996828,0.27040598290598294,0.27053656220322897,363700,2,0,hebo,roc_auc,binary,LGBM,,False,cv,0.0,78,3,3,LGBM_363700_20260405_160514,363700_rep2_fold0_hebo_roc_auc_cv,LGBM_363700_20260405_160514::363700_rep2_fold0_hebo_roc_auc_cv,0.48677787462906524,0.13494599117602374,0.06869881710646215
129,0.19749355424996828,0.27040598290598294,0.27053656220322897,363700,2,0,hebo,roc_auc,binary,LGBM,,False,cv,0.0,78,3,3,LGBM_363700_20260405_160514,363700_rep2_fold0_hebo_roc_auc_cv,LGBM_363700_20260405_160514::363700_rep2_fold0_hebo_roc_auc_cv,0.48677787462906524,0.13494599117602374,0.06869881710646215
130,0.19749355424996828,0.27040598290598294,0.27053656220322897,363700,2,0,hebo,roc_auc,binary,LGBM,,False,cv,0.0,78,3,3,LGBM_363700_20260405_160514,363700_rep2_fold0_hebo_roc_auc_cv,LGBM_363700_20260405_160514::363700_rep2_fold0_hebo_roc_auc_cv,0.48677787462906524,0.13494599117602374,0.06869881710646215
131,0.19749355424996828,0.27040598290598294,0.27053656220322897,363700,2,0,hebo,roc_auc,binary,LGBM,,False,cv,0.0,78,3,3,LGBM_363700_20260405_160514,363700_rep2_fold0_hebo_roc_auc_cv,LGBM_363700_20260405_160514::363700_rep2_fold0_hebo_roc_auc_cv,0.48677787462906524,0.13494599117602374,0.06869881710646215
132,0.19749355424996828,0.27040598290598294,0.27053656220322897,363700,2,0,hebo,roc_auc,binary,LGBM,,False,cv,0.0,78,3,3,LGBM_363700_20260405_160514,363700_rep2_fold0_hebo_roc_auc_cv,LGBM_363700_20260405_160514::363700_rep2_fold0_hebo_roc_auc_cv,0.48677787462906524,0.13494599117602374,0.06869881710646215
133,0.19749355424996828,0.27040598290598294,0.27053656220322897,363700,2,0,hebo,roc_auc,binary,LGBM,,False,cv,0.0,78,3,3,LGBM_363700_20260405_160514,363700_rep2_fold0_hebo_roc_auc_cv,LGBM_363700_20260405_160514::363700_rep2_fold0_hebo_roc_auc_cv,0.48677787462906524,0.13494599117602374,0.06869881710646215
134,0.19749355424996828,0.27040598290598294,0.27053656220322897,363700,2,0,hebo,roc_auc,binary,LGBM,,False,cv,0.0,78,3,3,LGBM_363700_20260405_160514,363700_rep2_fold0_hebo_roc_auc_cv,LGBM_363700_20260405_160514::363700_rep2_fold0_hebo_roc_auc_cv,0.48677787462906524,0.13494599117602374,0.06869881710646215
135,0.19749355424996828,0.27040598290598294,0.27053656220322897,363700,2,0,hebo,roc_auc,binary,LGBM,,False,cv,0.0,78,3,3,LGBM_363700_20260405_160514,363700_rep2_fold0_hebo_roc_auc_cv,LGBM_363700_20260405_160514::363700_rep2_fold0_hebo_roc_auc_cv,0.48677787462906524,0.13494599117602374,0.06869881710646215
136,0.19749355424996828,0.27040598290598294,0.27053656220322897,363700,2,0,hebo,roc_auc,binary,LGBM,,False,cv,0.0,78,3,3,LGBM_363700_20260405_160514,363700_rep2_fold0_hebo_roc_auc_cv,LGBM_363700_20260405_160514::363700_rep2_fold0_hebo_roc_auc_cv,0.48677787462906524,0.13494599117602374,0.06869881710646215
137,0.19749355424996828,0.27040598290598294,0.27053656220322897,363700,2,0,hebo,roc_auc,binary,LGBM,,False,cv,0.0,78,3,3,LGBM_363700_20260405_160514,363700_rep2_fold0_hebo_roc_auc_cv,LGBM_363700_20260405_160514::363700_rep2_fold0_hebo_roc_auc_cv,0.48677787462906524,0.13494599117602374,0.06869881710646215
138,0.19749355424996828,0.27040598290598294,0.27053656220322897,363700,2,0,hebo,roc_auc,binary,LGBM,,False,cv,0.0,78,3,3,LGBM_363700_20260405_160514,363700_rep2_fold0_hebo_roc_auc_cv,LGBM_363700_20260405_160514::363700_rep2_fold0_hebo_roc_auc_cv,0.48677787462906524,0.13494599117602374,0.06869881710646215
139,0.19749355424996828,0.27040598290598294,0.27053656220322897,363700,2,0,hebo,roc_auc,binary,LGBM,,False,cv,0.0,78,3,3,LGBM_363700_20260405_160514,363700_rep2_fold0_hebo_roc_auc_cv,LGBM_363700_20260405_160514::363700_rep2_fold0_hebo_roc_auc_cv,0.48677787462906524,0.13494599117602374,0.06869881710646215
140,0.19749355424996828,0.27040598290598294,0.27053656220322897,363700,2,0,hebo,roc_auc,binary,LGBM,,False,cv,0.0,78,3,3,LGBM_363700_20260405_160514,363700_rep2_fold0_hebo_roc_auc_cv,LGBM_363700_20260405_160514::363700_rep2_fold0_hebo_roc_auc_cv,0.48677787462906524,0.13494599117602374,0.06869881710646215
141,0.19749355424996828,0.27040598290598294,0.27053656220322897,363700,2,0,hebo,roc_auc,binary,LGBM,,False,cv,0.0,78,3,3,LGBM_363700_20260405_160514,363700_rep2_fold0_hebo_roc_auc_cv,LGBM_363700_20260405_160514::363700_rep2_fold0_hebo_roc_auc_cv,0.48677787462906524,0.13494599117602374,0.06869881710646215
142,0.19749355424996828,0.27040598290598294,0.27053656220322897,363700,2,0,hebo,roc_auc,binary,LGBM,,False,cv,0.0,78,3,3,LGBM_363700_20260405_160514,363700_rep2_fold0_hebo_roc_auc_cv,LGBM_363700_20260405_160514::363700_rep2_fold0_hebo_roc_auc_cv,0.48677787462906524,0.13494599117602374,0.06869881710646215
143,0.19749355424996828,0.27040598290598294,0.27053656220322897,363700,2,0,hebo,roc_auc,binary,LGBM,,False,cv,0.0,78,3,3,LGBM_363700_20260405_160514,363700_rep2_fold0_hebo_roc_auc_cv,LGBM_363700_20260405_160514::363700_rep2_fold0_hebo_roc_auc_cv,0.48677787462906524,0.13494599117602374,0.06869881710646215
144,0.19749355424996828,0.27040598290598294,0.27053656220322897,363700,2,0,hebo,roc_auc,binary,LGBM,,False,cv,0.0,78,3,3,LGBM_363700_20260405_160514,363700_rep2_fold0_hebo_roc_auc_cv,LGBM_363700_20260405_160514::363700_rep2_fold0_hebo_roc_auc_cv,0.48677787462906524,0.13494599117602374,0.06869881710646215
145,0.19749355424996828,0.27040598290598294,0.27053656220322897,363700,2,0,hebo,roc_auc,binary,LGBM,,False,cv,0.0,78,3,3,LGBM_363700_20260405_160514,363700_rep2_fold0_hebo_roc_auc_cv,LGBM_363700_20260405_160514::363700_rep2_fold0_hebo_roc_auc_cv,0.48677787462906524,0.13494599117602374,0.06869881710646215
146,0.19749355424996828,0.27040598290598294,0.27053656220322897,363700,2,0,hebo,roc_auc,binary,LGBM,,False,cv,0.0,78,3,3,LGBM_363700_20260405_160514,363700_rep2_fold0_hebo_roc_auc_cv,LGBM_363700_20260405_160514::363700_rep2_fold0_hebo_roc_auc_cv,0.48677787462906524,0.13494599117602374,0.06869881710646215
147,0.19749355424996828,0.27040598290598294,0.27053656220322897,363700,2,0,hebo,roc_auc,binary,LGBM,,False,cv,0.0,78,3,3,LGBM_363700_20260405_160514,363700_rep2_fold0_hebo_roc_auc_cv,LGBM_363700_20260405_160514::363700_rep2_fold0_hebo_roc_auc_cv,0.48677787462906524,0.13494599117602374,0.06869881710646215
148,0.19749355424996828,0.27040598290598294,0.27053656220322897,363700,2,0,hebo,roc_auc,binary,LGBM,,False,cv,0.0,78,3,3,LGBM_363700_20260405_160514,363700_rep2_fold0_hebo_roc_auc_cv,LGBM_363700_20260405_160514::363700_rep2_fold0_hebo_roc_auc_cv,0.48677787462906524,0.13494599117602374,0.06869881710646215
149,0.19749355424996828,0.27040598290598294,0.27053656220322897,363700,2,0,hebo,roc_auc,binary,LGBM,,False,cv,0.0,78,3,3,LGBM_363700_20260405_160514,363700_rep2_fold0_hebo_roc_auc_cv,LGBM_363700_20260405_160514::363700_rep2_fold0_hebo_roc_auc_cv,0.48677787462906524,0.13494599117602374,0.06869881710646215
150,0.19749355424996828,0.27040598290598294,0.27053656220322897,363700,2,0,hebo,roc_auc,binary,LGBM,,False,cv,0.0,78,3,3,LGBM_363700_20260405_160514,363700_rep2_fold0_hebo_roc_auc_cv,LGBM_363700_20260405_160514::363700_rep2_fold0_hebo_roc_auc_cv,0.48677787462906524,0.13494599117602374,0.06869881710646215
151,0.19749355424996828,0.27040598290598294,0.27053656220322897,363700,2,0,hebo,roc_auc,binary,LGBM,,False,cv,0.0,78,3,3,LGBM_363700_20260405_160514,363700_rep2_fold0_hebo_roc_auc_cv,LGBM_363700_20260405_160514::363700_rep2_fold0_hebo_roc_auc_cv,0.48677787462906524,0.13494599117602374,0.06869881710646215
152,0.19537491018217168,0.27057217473884143,0.26939696106362765,363700,2,0,hebo,roc_auc,binary,LGBM,,False,cv,0.0,78,3,3,LGBM_363700_20260405_160514,363700_rep2_fold0_hebo_roc_auc_cv,LGBM_363700_20260405_160514::363700_rep2_fold0_hebo_roc_auc_cv,0.46214084232973685,0.13707591662863275,0.04686078252957057
153,0.19537491018217168,0.27057217473884143,0.26939696106362765,363700,2,0,hebo,roc_auc,binary,LGBM,,False,cv,0.0,78,3,3,LGBM_363700_20260405_160514,363700_rep2_fold0_hebo_roc_auc_cv,LGBM_363700_20260405_160514::363700_rep2_fold0_hebo_roc_auc_cv,0.46214084232973685,0.13707591662863275,0.04686078252957057
154,0.19537491018217168,0.27057217473884143,0.26939696106362765,363700,2,0,hebo,roc_auc,binary,LGBM,,False,cv,0.0,78,3,3,LGBM_363700_20260405_160514,363700_rep2_fold0_hebo_roc_auc_cv,LGBM_363700_20260405_160514::363700_rep2_fold0_hebo_roc_auc_cv,0.46214084232973685,0.13707591662863275,0.04686078252957057
155,0.19537491018217168,0.27057217473884143,0.26939696106362765,363700,2,0,hebo,roc_auc,binary,LGBM,,False,cv,0.0,78,3,3,LGBM_363700_20260405_160514,363700_rep2_fold0_hebo_roc_auc_cv,LGBM_363700_20260405_160514::363700_rep2_fold0_hebo_roc_auc_cv,0.46214084232973685,0.13707591662863275,0.04686078252957057
156,0.19537491018217168,0.27057217473884143,0.26939696106362765,363700,2,0,hebo,roc_auc,binary,LGBM,,False,cv,0.0,78,3,3,LGBM_363700_20260405_160514,363700_rep2_fold0_hebo_roc_auc_cv,LGBM_363700_20260405_160514::363700_rep2_fold0_hebo_roc_auc_cv,0.46214084232973685,0.13707591662863275,0.04686078252957057
157,0.19653990024937662,0.2700617283950616,0.27127255460588806,363700,2,0,hebo,roc_auc,binary,LGBM,,False,cv,0.0,78,3,3,LGBM_363700_20260405_160514,363700_rep2_fold0_hebo_roc_auc_cv,LGBM_363700_20260405_160514::363700_rep2_fold0_hebo_roc_auc_cv,0.47568813814520383,0.13053400273847401,0.08280254777070281
158,0.19653990024937662,0.2700617283950616,0.27127255460588806,363700,2,0,hebo,roc_auc,binary,LGBM,,False,cv,0.0,78,3,3,LGBM_363700_20260405_160514,363700_rep2_fold0_hebo_roc_auc_cv,LGBM_363700_20260405_160514::363700_rep2_fold0_hebo_roc_auc_cv,0.47568813814520383,0.13053400273847401,0.08280254777070281
159,0.19653990024937662,0.2700617283950616,0.27127255460588806,363700,2,0,hebo,roc_auc,binary,LGBM,,False,cv,0.0,78,3,3,LGBM_363700_20260405_160514,363700_rep2_fold0_hebo_roc_auc_cv,LGBM_363700_20260405_160514::363700_rep2_fold0_hebo_roc_auc_cv,0.47568813814520383,0.13053400273847401,0.08280254777070281
160,0.19653990024937662,0.2700617283950616,0.27127255460588806,363700,2,0,hebo,roc_auc,binary,LGBM,,False,cv,0.0,78,3,3,LGBM_363700_20260405_160514,363700_rep2_fold0_hebo_roc_auc_cv,LGBM_363700_20260405_160514::363700_rep2_fold0_hebo_roc_auc_cv,0.47568813814520383,0.13053400273847401,0.08280254777070281
161,0.19653990024937662,0.2700617283950616,0.27127255460588806,363700,2,0,hebo,roc_auc,binary,LGBM,,False,cv,0.0,78,3,3,LGBM_363700_20260405_160514,363700_rep2_fold0_hebo_roc_auc_cv,LGBM_363700_20260405_160514::363700_rep2_fold0_hebo_roc_auc_cv,0.47568813814520383,0.13053400273847401,0.08280254777070281
162,0.19653990024937662,0.2700617283950616,0.27127255460588806,363700,2,0,hebo,roc_auc,binary,LGBM,,False,cv,0.0,78,3,3,LGBM_363700_20260405_160514,363700_rep2_fold0_hebo_roc_auc_cv,LGBM_363700_20260405_160514::363700_rep2_fold0_hebo_roc_auc_cv,0.47568813814520383,0.13053400273847401,0.08280254777070281
163,0.19653990024937662,0.2700617283950616,0.27127255460588806,363700,2,0,hebo,roc_auc,binary,LGBM,,False,cv,0.0,78,3,3,LGBM_363700_20260405_160514,363700_rep2_fold0_hebo_roc_auc_cv,LGBM_363700_20260405_160514::363700_rep2_fold0_hebo_roc_auc_cv,0.47568813814520383,0.13053400273847401,0.08280254777070281
164,0.19653990024937662,0.2700617283950616,0.27127255460588806,363700,2,0,hebo,roc_auc,binary,LGBM,,False,cv,0.0,78,3,3,LGBM_363700_20260405_160514,363700_rep2_fold0_hebo_roc_auc_cv,LGBM_363700_20260405_160514::363700_rep2_fold0_hebo_roc_auc_cv,0.47568813814520383,0.13053400273847401,0.08280254777070281
165,0.19653990024937662,0.2700617283950616,0.27127255460588806,363700,2,0,hebo,roc_auc,binary,LGBM,,False,cv,0.0,78,3,3,LGBM_363700_20260405_160514,363700_rep2_fold0_hebo_roc_auc_cv,LGBM_363700_20260405_160514::363700_rep2_fold0_hebo_roc_auc_cv,0.47568813814520383,0.13053400273847401,0.08280254777070281
166,0.19653990024937662,0.2700617283950616,0.27127255460588806,363700,2,0,hebo,roc_auc,binary,LGBM,,False,cv,0.0,78,3,3,LGBM_363700_20260405_160514,363700_rep2_fold0_hebo_roc_auc_cv,LGBM_363700_20260405_160514::363700_rep2_fold0_hebo_roc_auc_cv,0.47568813814520383,0.13053400273847401,0.08280254777070281
167,0.19653990024937662,0.2700617283950616,0.27127255460588806,363700,2,0,hebo,roc_auc,binary,LGBM,,False,cv,0.0,78,3,3,LGBM_363700_20260405_160514,363700_rep2_fold0_hebo_roc_auc_cv,LGBM_363700_20260405_160514::363700_rep2_fold0_hebo_roc_auc_cv,0.47568813814520383,0.13053400273847401,0.08280254777070281
168,0.19653990024937662,0.2700617283950616,0.27127255460588806,363700,2,0,hebo,roc_auc,binary,LGBM,,False,cv,0.0,78,3,3,LGBM_363700_20260405_160514,363700_rep2_fold0_hebo_roc_auc_cv,LGBM_363700_20260405_160514::363700_rep2_fold0_hebo_roc_auc_cv,0.47568813814520383,0.13053400273847401,0.08280254777070281
169,0.19653990024937662,0.2700617283950616,0.27127255460588806,363700,2,0,hebo,roc_auc,binary,LGBM,,False,cv,0.0,78,3,3,LGBM_363700_20260405_160514,363700_rep2_fold0_hebo_roc_auc_cv,LGBM_363700_20260405_160514::363700_rep2_fold0_hebo_roc_auc_cv,0.47568813814520383,0.13053400273847401,0.08280254777070281
170,0.19653990024937662,0.2700617283950616,0.27127255460588806,363700,2,0,hebo,roc_auc,binary,LGBM,,False,cv,0.0,78,3,3,LGBM_363700_20260405_160514,363700_rep2_fold0_hebo_roc_auc_cv,LGBM_363700_20260405_160514::363700_rep2_fold0_hebo_roc_auc_cv,0.47568813814520383,0.13053400273847401,0.08280254777070281
171,0.19653990024937662,0.2700617283950616,0.27127255460588806,363700,2,0,hebo,roc_auc,binary,LGBM,,False,cv,0.0,78,3,3,LGBM_363700_20260405_160514,363700_rep2_fold0_hebo_roc_auc_cv,LGBM_363700_20260405_160514::363700_rep2_fold0_hebo_roc_auc_cv,0.47568813814520383,0.13053400273847401,0.08280254777070281
172,0.19653990024937662,0.2700617283950616,0.27127255460588806,363700,2,0,hebo,roc_auc,binary,LGBM,,False,cv,0.0,78,3,3,LGBM_363700_20260405_160514,363700_rep2_fold0_hebo_roc_auc_cv,LGBM_363700_20260405_160514::363700_rep2_fold0_hebo_roc_auc_cv,0.47568813814520383,0.13053400273847401,0.08280254777070281
173,0.19653990024937662,0.2700617283950616,0.27127255460588806,363700,2,0,hebo,roc_auc,binary,LGBM,,False,cv,0.0,78,3,3,LGBM_363700_20260405_160514,363700_rep2_fold0_hebo_roc_auc_cv,LGBM_363700_20260405_160514::363700_rep2_fold0_hebo_roc_auc_cv,0.47568813814520383,0.13053400273847401,0.08280254777070281
174,0.19653990024937662,0.2700617283950616,0.27127255460588806,363700,2,0,hebo,roc_auc,binary,LGBM,,False,cv,0.0,78,3,3,LGBM_363700_20260405_160514,363700_rep2_fold0_hebo_roc_auc_cv,LGBM_363700_20260405_160514::363700_rep2_fold0_hebo_roc_auc_cv,0.47568813814520383,0.13053400273847401,0.08280254777070281
175,0.19653990024937662,0.2700617283950616,0.27127255460588806,363700,2,0,hebo,roc_auc,binary,LGBM,,False,cv,0.0,78,3,3,LGBM_363700_20260405_160514,363700_rep2_fold0_hebo_roc_auc_cv,LGBM_363700_20260405_160514::363700_rep2_fold0_hebo_roc_auc_cv,0.47568813814520383,0.13053400273847401,0.08280254777070281
176,0.19653990024937662,0.2700617283950616,0.27127255460588806,363700,2,0,hebo,roc_auc,binary,LGBM,,False,cv,0.0,78,3,3,LGBM_363700_20260405_160514,363700_rep2_fold0_hebo_roc_auc_cv,LGBM_363700_20260405_160514::363700_rep2_fold0_hebo_roc_auc_cv,0.47568813814520383,0.13053400273847401,0.08280254777070281
177,0.19653990024937662,0.2700617283950616,0.27127255460588806,363700,2,0,hebo,roc_auc,binary,LGBM,,False,cv,0.0,78,3,3,LGBM_363700_20260405_160514,363700_rep2_fold0_hebo_roc_auc_cv,LGBM_363700_20260405_160514::363700_rep2_fold0_hebo_roc_auc_cv,0.47568813814520383,0.13053400273847401,0.08280254777070281
178,0.19653990024937662,0.2700617283950616,0.27127255460588806,363700,2,0,hebo,roc_auc,binary,LGBM,,False,cv,0.0,78,3,3,LGBM_363700_20260405_160514,363700_rep2_fold0_hebo_roc_auc_cv,LGBM_363700_20260405_160514::363700_rep2_fold0_hebo_roc_auc_cv,0.47568813814520383,0.13053400273847401,0.08280254777070281
179,0.19653990024937662,0.2700617283950616,0.27127255460588806,363700,2,0,hebo,roc_auc,binary,LGBM,,False,cv,0.0,78,3,3,LGBM_363700_20260405_160514,363700_rep2_fold0_hebo_roc_auc_cv,LGBM_363700_20260405_160514::363700_rep2_fold0_hebo_roc_auc_cv,0.47568813814520383,0.13053400273847401,0.08280254777070281
180,0.19653990024937662,0.2700617283950616,0.27127255460588806,363700,2,0,hebo,roc_auc,binary,LGBM,,False,cv,0.0,78,3,3,LGBM_363700_20260405_160514,363700_rep2_fold0_hebo_roc_auc_cv,LGBM_363700_20260405_160514::363700_rep2_fold0_hebo_roc_auc_cv,0.47568813814520383,0.13053400273847401,0.08280254777070281
181,0.19653990024937662,0.2700617283950616,0.27127255460588806,363700,2,0,hebo,roc_auc,binary,LGBM,,False,cv,0.0,78,3,3,LGBM_363700_20260405_160514,363700_rep2_fold0_hebo_roc_auc_cv,LGBM_363700_20260405_160514::363700_rep2_fold0_hebo_roc_auc_cv,0.47568813814520383,0.13053400273847401,0.08280254777070281
182,0.19653990024937662,0.2700617283950616,0.27127255460588806,363700,2,0,hebo,roc_auc,binary,LGBM,,False,cv,0.0,78,3,3,LGBM_363700_20260405_160514,363700_rep2_fold0_hebo_roc_auc_cv,LGBM_363700_20260405_160514::363700_rep2_fold0_hebo_roc_auc_cv,0.47568813814520383,0.13053400273847401,0.08280254777070281
183,0.19653990024937662,0.2700617283950616,0.27127255460588806,363700,2,0,hebo,roc_auc,binary,LGBM,,False,cv,0.0,78,3,3,LGBM_363700_20260405_160514,363700_rep2_fold0_hebo_roc_auc_cv,LGBM_363700_20260405_160514::363700_rep2_fold0_hebo_roc_auc_cv,0.47568813814520383,0.13053400273847401,0.08280254777070281
184,0.19653990024937662,0.2700617283950616,0.27127255460588806,363700,2,0,hebo,roc_auc,binary,LGBM,,False,cv,0.0,78,3,3,LGBM_363700_20260405_160514,363700_rep2_fold0_hebo_roc_auc_cv,LGBM_363700_20260405_160514::363700_rep2_fold0_hebo_roc_auc_cv,0.47568813814520383,0.13053400273847401,0.08280254777070281
185,0.19653990024937662,0.2700617283950616,0.27127255460588806,363700,2,0,hebo,roc_auc,binary,LGBM,,False,cv,0.0,78,3,3,LGBM_363700_20260405_160514,363700_rep2_fold0_hebo_roc_auc_cv,LGBM_363700_20260405_160514::363700_rep2_fold0_hebo_roc_auc_cv,0.47568813814520383,0.13053400273847401,0.08280254777070281
186,0.19653990024937662,0.2700617283950616,0.27127255460588806,363700,2,0,hebo,roc_auc,binary,LGBM,,False,cv,0.0,78,3,3,LGBM_363700_20260405_160514,363700_rep2_fold0_hebo_roc_auc_cv,LGBM_363700_20260405_160514::363700_rep2_fold0_hebo_roc_auc_cv,0.47568813814520383,0.13053400273847401,0.08280254777070281
187,0.19653990024937662,0.2700617283950616,0.27127255460588806,363700,2,0,hebo,roc_auc,binary,LGBM,,False,cv,0.0,78,3,3,LGBM_363700_20260405_160514,363700_rep2_fold0_hebo_roc_auc_cv,LGBM_363700_20260405_160514::363700_rep2_fold0_hebo_roc_auc_cv,0.47568813814520383,0.13053400273847401,0.08280254777070281
188,0.19653990024937662,0.2700617283950616,0.27127255460588806,363700,2,0,hebo,roc_auc,binary,LGBM,,False,cv,0.0,78,3,3,LGBM_363700_20260405_160514,363700_rep2_fold0_hebo_roc_auc_cv,LGBM_363700_20260405_160514::363700_rep2_fold0_hebo_roc_auc_cv,0.47568813814520383,0.13053400273847401,0.08280254777070281
189,0.19653990024937662,0.2700617283950616,0.27127255460588806,363700,2,0,hebo,roc_auc,binary,LGBM,,False,cv,0.0,78,3,3,LGBM_363700_20260405_160514,363700_rep2_fold0_hebo_roc_auc_cv,LGBM_363700_20260405_160514::363700_rep2_fold0_hebo_roc_auc_cv,0.47568813814520383,0.13053400273847401,0.08280254777070281
190,0.19653990024937662,0.2700617283950616,0.27127255460588806,363700,2,0,hebo,roc_auc,binary,LGBM,,False,cv,0.0,78,3,3,LGBM_363700_20260405_160514,363700_rep2_fold0_hebo_roc_auc_cv,LGBM_363700_20260405_160514::363700_rep2_fold0_hebo_roc_auc_cv,0.47568813814520383,0.13053400273847401,0.08280254777070281
191,0.19653990024937662,0.2700617283950616,0.27127255460588806,363700,2,0,hebo,roc_auc,binary,LGBM,,False,cv,0.0,78,3,3,LGBM_363700_20260405_160514,363700_rep2_fold0_hebo_roc_auc_cv,LGBM_363700_20260405_160514::363700_rep2_fold0_hebo_roc_auc_cv,0.47568813814520383,0.13053400273847401,0.08280254777070281
192,0.19653990024937662,0.2700617283950616,0.27127255460588806,363700,2,0,hebo,roc_auc,binary,LGBM,,False,cv,0.0,78,3,3,LGBM_363700_20260405_160514,363700_rep2_fold0_hebo_roc_auc_cv,LGBM_363700_20260405_160514::363700_rep2_fold0_hebo_roc_auc_cv,0.47568813814520383,0.13053400273847401,0.08280254777070281
193,0.19653990024937662,0.2700617283950616,0.27127255460588806,363700,2,0,hebo,roc_auc,binary,LGBM,,False,cv,0.0,78,3,3,LGBM_363700_20260405_160514,363700_rep2_fold0_hebo_roc_auc_cv,LGBM_363700_20260405_160514::363700_rep2_fold0_hebo_roc_auc_cv,0.47568813814520383,0.13053400273847401,0.08280254777070281
194,0.19653990024937662,0.2700617283950616,0.27127255460588806,363700,2,0,hebo,roc_auc,binary,LGBM,,False,cv,0.0,78,3,3,LGBM_363700_20260405_160514,363700_rep2_fold0_hebo_roc_auc_cv,LGBM_363700_20260405_160514::363700_rep2_fold0_hebo_roc_auc_cv,0.47568813814520383,0.13053400273847401,0.08280254777070281
195,0.19653990024937662,0.2700617283950616,0.27127255460588806,363700,2,0,hebo,roc_auc,binary,LGBM,,False,cv,0.0,78,3,3,LGBM_363700_20260405_160514,363700_rep2_fold0_hebo_roc_auc_cv,LGBM_363700_20260405_160514::363700_rep2_fold0_hebo_roc_auc_cv,0.47568813814520383,0.13053400273847401,0.08280254777070281
196,0.19653990024937662,0.2700617283950616,0.27127255460588806,363700,2,0,hebo,roc_auc,binary,LGBM,,False,cv,0.0,78,3,3,LGBM_363700_20260405_160514,363700_rep2_fold0_hebo_roc_auc_cv,LGBM_363700_20260405_160514::363700_rep2_fold0_hebo_roc_auc_cv,0.47568813814520383,0.13053400273847401,0.08280254777070281
197,0.19653990024937662,0.2700617283950616,0.27127255460588806,363700,2,0,hebo,roc_auc,binary,LGBM,,False,cv,0.0,78,3,3,LGBM_363700_20260405_160514,363700_rep2_fold0_hebo_roc_auc_cv,LGBM_363700_20260405_160514::363700_rep2_fold0_hebo_roc_auc_cv,0.47568813814520383,0.13053400273847401,0.08280254777070281
198,0.19653990024937662,0.2700617283950616,0.27127255460588806,363700,2,0,hebo,roc_auc,binary,LGBM,,False,cv,0.0,78,3,3,LGBM_363700_20260405_160514,363700_rep2_fold0_hebo_roc_auc_cv,LGBM_363700_20260405_160514::363700_rep2_fold0_hebo_roc_auc_cv,0.47568813814520383,0.13053400273847401,0.08280254777070281
199,0.19653990024937662,0.2700617283950616,0.27127255460588806,363700,2,0,hebo,roc_auc,binary,LGBM,,False,cv,0.0,78,3,3,LGBM_363700_20260405_160514,363700_rep2_fold0_hebo_roc_auc_cv,LGBM_363700_20260405_160514::363700_rep2_fold0_hebo_roc_auc_cv,0.47568813814520383,0.13053400273847401,0.08280254777070281
200,0.19653990024937662,0.2700617283950616,0.27127255460588806,363700,2,0,hebo,roc_auc,binary,LGBM,,False,cv,0.0,78,3,3,LGBM_363700_20260405_160514,363700_rep2_fold0_hebo_roc_auc_cv,LGBM_363700_20260405_160514::363700_rep2_fold0_hebo_roc_auc_cv,0.47568813814520383,0.13053400273847401,0.08280254777070281
201,0.19653990024937662,0.2700617283950616,0.27127255460588806,363700,2,0,hebo,roc_auc,binary,LGBM,,False,cv,0.0,78,3,3,LGBM_363700_20260405_160514,363700_rep2_fold0_hebo_roc_auc_cv,LGBM_363700_20260405_160514::363700_rep2_fold0_hebo_roc_auc_cv,0.47568813814520383,0.13053400273847401,0.08280254777070281
202,0.19597721797201917,0.27604463437796767,0.27352801519468195,363700,2,0,hebo,roc_auc,binary,LGBM,,False,cv,0.0,78,3,3,LGBM_363700_20260405_160514,363700_rep2_fold0_hebo_roc_auc_cv,LGBM_363700_20260405_160514::363700_rep2_fold0_hebo_roc_auc_cv,0.4691448864248086,0.20721131903240478,0.12602365787079323
203,0.19597721797201917,0.27604463437796767,0.27352801519468195,363700,2,0,hebo,roc_auc,binary,LGBM,,False,cv,0.0,78,3,3,LGBM_363700_20260405_160514,363700_rep2_fold0_hebo_roc_auc_cv,LGBM_363700_20260405_160514::363700_rep2_fold0_hebo_roc_auc_cv,0.4691448864248086,0.20721131903240478,0.12602365787079323
204,0.19597721797201917,0.27604463437796767,0.27352801519468195,363700,2,0,hebo,roc_auc,binary,LGBM,,False,cv,0.0,78,3,3,LGBM_363700_20260405_160514,363700_rep2_fold0_hebo_roc_auc_cv,LGBM_363700_20260405_160514::363700_rep2_fold0_hebo_roc_auc_cv,0.4691448864248086,0.20721131903240478,0.12602365787079323
205,0.19597721797201917,0.27604463437796767,0.27352801519468195,363700,2,0,hebo,roc_auc,binary,LGBM,,False,cv,0.0,78,3,3,LGBM_363700_20260405_160514,363700_rep2_fold0_hebo_roc_auc_cv,LGBM_363700_20260405_160514::363700_rep2_fold0_hebo_roc_auc_cv,0.4691448864248086,0.20721131903240478,0.12602365787079323
206,0.19597721797201917,0.27604463437796767,0.27352801519468195,363700,2,0,hebo,roc_auc,binary,LGBM,,False,cv,0.0,78,3,3,LGBM_363700_20260405_160514,363700_rep2_fold0_hebo_roc_auc_cv,LGBM_363700_20260405_160514::363700_rep2_fold0_hebo_roc_auc_cv,0.4691448864248086,0.20721131903240478,0.12602365787079323
207,0.19597721797201917,0.27604463437796767,0.27352801519468195,363700,2,0,hebo,roc_auc,binary,LGBM,,False,cv,0.0,78,3,3,LGBM_363700_20260405_160514,363700_rep2_fold0_hebo_roc_auc_cv,LGBM_363700_20260405_160514::363700_rep2_fold0_hebo_roc_auc_cv,0.4691448864248086,0.20721131903240478,0.12602365787079323
208,0.19968616594107957,0.2730175688509021,0.2717948717948717,363700,2,0,hebo,roc_auc,binary,LGBM,,False,cv,0.0,78,3,3,LGBM_363700_20260405_160514,363700_rep2_fold0_hebo_roc_auc_cv,LGBM_363700_20260405_160514::363700_rep2_fold0_hebo_roc_auc_cv,0.512275052694456,0.16841624828845198,0.0928116469517727
209,0.19968616594107957,0.2730175688509021,0.2717948717948717,363700,2,0,hebo,roc_auc,binary,LGBM,,False,cv,0.0,78,3,3,LGBM_363700_20260405_160514,363700_rep2_fold0_hebo_roc_auc_cv,LGBM_363700_20260405_160514::363700_rep2_fold0_hebo_roc_auc_cv,0.512275052694456,0.16841624828845198,0.0928116469517727
210,0.19968616594107957,0.2730175688509021,0.2717948717948717,363700,2,0,hebo,roc_auc,binary,LGBM,,False,cv,0.0,78,3,3,LGBM_363700_20260405_160514,363700_rep2_fold0_hebo_roc_auc_cv,LGBM_363700_20260405_160514::363700_rep2_fold0_hebo_roc_auc_cv,0.512275052694456,0.16841624828845198,0.0928116469517727
211,0.19968616594107957,0.2730175688509021,0.2717948717948717,363700,2,0,hebo,roc_auc,binary,LGBM,,False,cv,0.0,78,3,3,LGBM_363700_20260405_160514,363700_rep2_fold0_hebo_roc_auc_cv,LGBM_363700_20260405_160514::363700_rep2_fold0_hebo_roc_auc_cv,0.512275052694456,0.16841624828845198,0.0928116469517727
212,0.19968616594107957,0.2730175688509021,0.2717948717948717,363700,2,0,hebo,roc_auc,binary,LGBM,,False,cv,0.0,78,3,3,LGBM_363700_20260405_160514,363700_rep2_fold0_hebo_roc_auc_cv,LGBM_363700_20260405_160514::363700_rep2_fold0_hebo_roc_auc_cv,0.512275052694456,0.16841624828845198,0.0928116469517727
213,0.19968616594107957,0.2730175688509021,0.2717948717948717,363700,2,0,hebo,roc_auc,binary,LGBM,,False,cv,0.0,78,3,3,LGBM_363700_20260405_160514,363700_rep2_fold0_hebo_roc_auc_cv,LGBM_363700_20260405_160514::363700_rep2_fold0_hebo_roc_auc_cv,0.512275052694456,0.16841624828845198,0.0928116469517727
214,0.19968616594107957,0.2730175688509021,0.2717948717948717,363700,2,0,hebo,roc_auc,binary,LGBM,,False,cv,0.0,78,3,3,LGBM_363700_20260405_160514,363700_rep2_fold0_hebo_roc_auc_cv,LGBM_363700_20260405_160514::363700_rep2_fold0_hebo_roc_auc_cv,0.512275052694456,0.16841624828845198,0.0928116469517727
215,0.19968616594107957,0.2730175688509021,0.2717948717948717,363700,2,0,hebo,roc_auc,binary,LGBM,,False,cv,0.0,78,3,3,LGBM_363700_20260405_160514,363700_rep2_fold0_hebo_roc_auc_cv,LGBM_363700_20260405_160514::363700_rep2_fold0_hebo_roc_auc_cv,0.512275052694456,0.16841624828845198,0.0928116469517727
216,0.19968616594107957,0.2730175688509021,0.2717948717948717,363700,2,0,hebo,roc_auc,binary,LGBM,,False,cv,0.0,78,3,3,LGBM_363700_20260405_160514,363700_rep2_fold0_hebo_roc_auc_cv,LGBM_363700_20260405_160514::363700_rep2_fold0_hebo_roc_auc_cv,0.512275052694456,0.16841624828845198,0.0928116469517727
217,0.19968616594107957,0.2730175688509021,0.2717948717948717,363700,2,0,hebo,roc_auc,binary,LGBM,,False,cv,0.0,78,3,3,LGBM_363700_20260405_160514,363700_rep2_fold0_hebo_roc_auc_cv,LGBM_363700_20260405_160514::363700_rep2_fold0_hebo_roc_auc_cv,0.512275052694456,0.16841624828845198,0.0928116469517727
218,0.19968616594107957,0.2730175688509021,0.2717948717948717,363700,2,0,hebo,roc_auc,binary,LGBM,,False,cv,0.0,78,3,3,LGBM_363700_20260405_160514,363700_rep2_fold0_hebo_roc_auc_cv,LGBM_363700_20260405_160514::363700_rep2_fold0_hebo_roc_auc_cv,0.512275052694456,0.16841624828845198,0.0928116469517727
219,0.19968616594107957,0.2730175688509021,0.2717948717948717,363700,2,0,hebo,roc_auc,binary,LGBM,,False,cv,0.0,78,3,3,LGBM_363700_20260405_160514,363700_rep2_fold0_hebo_roc_auc_cv,LGBM_363700_20260405_160514::363700_rep2_fold0_hebo_roc_auc_cv,0.512275052694456,0.16841624828845198,0.0928116469517727
220,0.19968616594107957,0.2730175688509021,0.2717948717948717,363700,2,0,hebo,roc_auc,binary,LGBM,,False,cv,0.0,78,3,3,LGBM_363700_20260405_160514,363700_rep2_fold0_hebo_roc_auc_cv,LGBM_363700_20260405_160514::363700_rep2_fold0_hebo_roc_auc_cv,0.512275052694456,0.16841624828845198,0.0928116469517727
221,0.19968616594107957,0.2730175688509021,0.2717948717948717,363700,2,0,hebo,roc_auc,binary,LGBM,,False,cv,0.0,78,3,3,LGBM_363700_20260405_160514,363700_rep2_fold0_hebo_roc_auc_cv,LGBM_363700_20260405_160514::363700_rep2_fold0_hebo_roc_auc_cv,0.512275052694456,0.16841624828845198,0.0928116469517727
222,0.19968616594107957,0.2730175688509021,0.2717948717948717,363700,2,0,hebo,roc_auc,binary,LGBM,,False,cv,0.0,78,3,3,LGBM_363700_20260405_160514,363700_rep2_fold0_hebo_roc_auc_cv,LGBM_363700_20260405_160514::363700_rep2_fold0_hebo_roc_auc_cv,0.512275052694456,0.16841624828845198,0.0928116469517727
223,0.19968616594107957,0.2730175688509021,0.2717948717948717,363700,2,0,hebo,roc_auc,binary,LGBM,,False,cv,0.0,78,3,3,LGBM_363700_20260405_160514,363700_rep2_fold0_hebo_roc_auc_cv,LGBM_363700_20260405_160514::363700_rep2_fold0_hebo_roc_auc_cv,0.512275052694456,0.16841624828845198,0.0928116469517727
224,0.19968616594107957,0.2730175688509021,0.2717948717948717,363700,2,0,hebo,roc_auc,binary,LGBM,,False,cv,0.0,78,3,3,LGBM_363700_20260405_160514,363700_rep2_fold0_hebo_roc_auc_cv,LGBM_363700_20260405_160514::363700_rep2_fold0_hebo_roc_auc_cv,0.512275052694456,0.16841624828845198,0.0928116469517727
225,0.19962012342026303,0.272269705603039,0.2715811965811965,363700,2,0,hebo,roc_auc,binary,LGBM,,False,cv,0.0,78,3,3,LGBM_363700_20260405_160514,363700_rep2_fold0_hebo_roc_auc_cv,LGBM_363700_20260405_160514::363700_rep2_fold0_hebo_roc_auc_cv,0.5115070654033305,0.15883158375171222,0.08871701546860619
226,0.19949596348112775,0.2727564102564103,0.27181861348528014,363700,2,0,hebo,roc_auc,binary,LGBM,,False,cv,0.0,78,3,3,LGBM_363700_20260405_160514,363700_rep2_fold0_hebo_roc_auc_cv,LGBM_363700_20260405_160514::363700_rep2_fold0_hebo_roc_auc_cv,0.5100632492960124,0.16506922257721027,0.09326660600545905
227,0.19949596348112775,0.2727564102564103,0.27181861348528014,363700,2,0,hebo,roc_auc,binary,LGBM,,False,cv,0.0,78,3,3,LGBM_363700_20260405_160514,363700_rep2_fold0_hebo_roc_auc_cv,LGBM_363700_20260405_160514::363700_rep2_fold0_hebo_roc_auc_cv,0.5100632492960124,0.16506922257721027,0.09326660600545905
228,0.19949596348112775,0.2727564102564103,0.27181861348528014,363700,2,0,hebo,roc_auc,binary,LGBM,,False,cv,0.0,78,3,3,LGBM_363700_20260405_160514,363700_rep2_fold0_hebo_roc_auc_cv,LGBM_363700_20260405_160514::363700_rep2_fold0_hebo_roc_auc_cv,0.5100632492960124,0.16506922257721027,0.09326660600545905
229,0.19949596348112775,0.2727564102564103,0.27181861348528014,363700,2,0,hebo,roc_auc,binary,LGBM,,False,cv,0.0,78,3,3,LGBM_363700_20260405_160514,363700_rep2_fold0_hebo_roc_auc_cv,LGBM_363700_20260405_160514::363700_rep2_fold0_hebo_roc_auc_cv,0.5100632492960124,0.16506922257721027,0.09326660600545905
230,0.19949596348112775,0.2727564102564103,0.27181861348528014,363700,2,0,hebo,roc_auc,binary,LGBM,,False,cv,0.0,78,3,3,LGBM_363700_20260405_160514,363700_rep2_fold0_hebo_roc_auc_cv,LGBM_363700_20260405_160514::363700_rep2_fold0_hebo_roc_auc_cv,0.5100632492960124,0.16506922257721027,0.09326660600545905
231,0.19949596348112775,0.2727564102564103,0.27181861348528014,363700,2,0,hebo,roc_auc,binary,LGBM,,False,cv,0.0,78,3,3,LGBM_363700_20260405_160514,363700_rep2_fold0_hebo_roc_auc_cv,LGBM_363700_20260405_160514::363700_rep2_fold0_hebo_roc_auc_cv,0.5100632492960124,0.16506922257721027,0.09326660600545905
232,0.19949596348112775,0.2727564102564103,0.27181861348528014,363700,2,0,hebo,roc_auc,binary,LGBM,,False,cv,0.0,78,3,3,LGBM_363700_20260405_160514,363700_rep2_fold0_hebo_roc_auc_cv,LGBM_363700_20260405_160514::363700_rep2_fold0_hebo_roc_auc_cv,0.5100632492960124,0.16506922257721027,0.09326660600545905
233,0.19949596348112775,0.2727564102564103,0.27181861348528014,363700,2,0,hebo,roc_auc,binary,LGBM,,False,cv,0.0,78,3,3,LGBM_363700_20260405_160514,363700_rep2_fold0_hebo_roc_auc_cv,LGBM_363700_20260405_160514::363700_rep2_fold0_hebo_roc_auc_cv,0.5100632492960124,0.16506922257721027,0.09326660600545905
234,0.19949596348112775,0.2727564102564103,0.27181861348528014,363700,2,0,hebo,roc_auc,binary,LGBM,,False,cv,0.0,78,3,3,LGBM_363700_20260405_160514,363700_rep2_fold0_hebo_roc_auc_cv,LGBM_363700_20260405_160514::363700_rep2_fold0_hebo_roc_auc_cv,0.5100632492960124,0.16506922257721027,0.09326660600545905
235,0.19949596348112775,0.2727564102564103,0.27181861348528014,363700,2,0,hebo,roc_auc,binary,LGBM,,False,cv,0.0,78,3,3,LGBM_363700_20260405_160514,363700_rep2_fold0_hebo_roc_auc_cv,LGBM_363700_20260405_160514::363700_rep2_fold0_hebo_roc_auc_cv,0.5100632492960124,0.16506922257721027,0.09326660600545905
236,0.19949596348112775,0.2727564102564103,0.27181861348528014,363700,2,0,hebo,roc_auc,binary,LGBM,,False,cv,0.0,78,3,3,LGBM_363700_20260405_160514,363700_rep2_fold0_hebo_roc_auc_cv,LGBM_363700_20260405_160514::363700_rep2_fold0_hebo_roc_auc_cv,0.5100632492960124,0.16506922257721027,0.09326660600545905
237,0.19949596348112775,0.2727564102564103,0.27181861348528014,363700,2,0,hebo,roc_auc,binary,LGBM,,False,cv,0.0,78,3,3,LGBM_363700_20260405_160514,363700_rep2_fold0_hebo_roc_auc_cv,LGBM_363700_20260405_160514::363700_rep2_fold0_hebo_roc_auc_cv,0.5100632492960124,0.16506922257721027,0.09326660600545905
238,0.19949596348112775,0.2727564102564103,0.27181861348528014,363700,2,0,hebo,roc_auc,binary,LGBM,,False,cv,0.0,78,3,3,LGBM_363700_20260405_160514,363700_rep2_fold0_hebo_roc_auc_cv,LGBM_363700_20260405_160514::363700_rep2_fold0_hebo_roc_auc_cv,0.5100632492960124,0.16506922257721027,0.09326660600545905
239,0.19949596348112775,0.2727564102564103,0.27181861348528014,363700,2,0,hebo,roc_auc,binary,LGBM,,False,cv,0.0,78,3,3,LGBM_363700_20260405_160514,363700_rep2_fold0_hebo_roc_auc_cv,LGBM_363700_20260405_160514::363700_rep2_fold0_hebo_roc_auc_cv,0.5100632492960124,0.16506922257721027,0.09326660600545905
240,0.19949596348112775,0.2727564102564103,0.27181861348528014,363700,2,0,hebo,roc_auc,binary,LGBM,,False,cv,0.0,78,3,3,LGBM_363700_20260405_160514,363700_rep2_fold0_hebo_roc_auc_cv,LGBM_363700_20260405_160514::363700_rep2_fold0_hebo_roc_auc_cv,0.5100632492960124,0.16506922257721027,0.09326660600545905
241,0.19949596348112775,0.2727564102564103,0.27181861348528014,363700,2,0,hebo,roc_auc,binary,LGBM,,False,cv,0.0,78,3,3,LGBM_363700_20260405_160514,363700_rep2_fold0_hebo_roc_auc_cv,LGBM_363700_20260405_160514::363700_rep2_fold0_hebo_roc_auc_cv,0.5100632492960124,0.16506922257721027,0.09326660600545905
242,0.19949596348112775,0.2727564102564103,0.27181861348528014,363700,2,0,hebo,roc_auc,binary,LGBM,,False,cv,0.0,78,3,3,LGBM_363700_20260405_160514,363700_rep2_fold0_hebo_roc_auc_cv,LGBM_363700_20260405_160514::363700_rep2_fold0_hebo_roc_auc_cv,0.5100632492960124,0.16506922257721027,0.09326660600545905
243,0.19949596348112775,0.2727564102564103,0.27181861348528014,363700,2,0,hebo,roc_auc,binary,LGBM,,False,cv,0.0,78,3,3,LGBM_363700_20260405_160514,363700_rep2_fold0_hebo_roc_auc_cv,LGBM_363700_20260405_160514::363700_rep2_fold0_hebo_roc_auc_cv,0.5100632492960124,0.16506922257721027,0.09326660600545905
244,0.19949596348112775,0.2727564102564103,0.27181861348528014,363700,2,0,hebo,roc_auc,binary,LGBM,,False,cv,0.0,78,3,3,LGBM_363700_20260405_160514,363700_rep2_fold0_hebo_roc_auc_cv,LGBM_363700_20260405_160514::363700_rep2_fold0_hebo_roc_auc_cv,0.5100632492960124,0.16506922257721027,0.09326660600545905
245,0.19949596348112775,0.2727564102564103,0.27181861348528014,363700,2,0,hebo,roc_auc,binary,LGBM,,False,cv,0.0,78,3,3,LGBM_363700_20260405_160514,363700_rep2_fold0_hebo_roc_auc_cv,LGBM_363700_20260405_160514::363700_rep2_fold0_hebo_roc_auc_cv,0.5100632492960124,0.16506922257721027,0.09326660600545905
246,0.19949596348112775,0.2727564102564103,0.27181861348528014,363700,2,0,hebo,roc_auc,binary,LGBM,,False,cv,0.0,78,3,3,LGBM_363700_20260405_160514,363700_rep2_fold0_hebo_roc_auc_cv,LGBM_363700_20260405_160514::363700_rep2_fold0_hebo_roc_auc_cv,0.5100632492960124,0.16506922257721027,0.09326660600545905
247,0.19949596348112775,0.2727564102564103,0.27181861348528014,363700,2,0,hebo,roc_auc,binary,LGBM,,False,cv,0.0,78,3,3,LGBM_363700_20260405_160514,363700_rep2_fold0_hebo_roc_auc_cv,LGBM_363700_20260405_160514::363700_rep2_fold0_hebo_roc_auc_cv,0.5100632492960124,0.16506922257721027,0.09326660600545905
248,0.19949596348112775,0.2727564102564103,0.27181861348528014,363700,2,0,hebo,roc_auc,binary,LGBM,,False,cv,0.0,78,3,3,LGBM_363700_20260405_160514,363700_rep2_fold0_hebo_roc_auc_cv,LGBM_363700_20260405_160514::363700_rep2_fold0_hebo_roc_auc_cv,0.5100632492960124,0.16506922257721027,0.09326660600545905
249,0.19949596348112775,0.2727564102564103,0.27181861348528014,363700,2,0,hebo,roc_auc,binary,LGBM,,False,cv,0.0,78,3,3,LGBM_363700_20260405_160514,363700_rep2_fold0_hebo_roc_auc_cv,LGBM_363700_20260405_160514::363700_rep2_fold0_hebo_roc_auc_cv,0.5100632492960124,0.16506922257721027,0.09326660600545905
