iteration,avg_val_score,retrained_test_score,cv_ensembled_test_score,post_hoc_surrogate_incumbent_iteration,post_hoc_surrogate_incumbent_mean,dataset_id,repetition,outer_fold,optimizer,metric,problem_type,model,mitigation,reshuffling,inner_split,selection_set_size,random_state,outer_n_folds,outer_n_repeats,experiment_source,raw_experiment_id,experiment_id,normalized_avg_val_score,normalized_retrained_test_score,normalized_cv_ensembled_test_score
0,0.2389690177497361,0.214273460284783,0.21709341224909928,0,-0.7610309822502639,363700,1,0,smac,roc_auc,binary,LGBM,,False,cv,0.0,78,3,3,LGBM_363700_20260405_160514,363700_rep1_fold0_smac_roc_auc_cv,LGBM_363700_20260405_160514::363700_rep1_fold0_smac_roc_auc_cv,0.261037192530668,0.03483538958896925,0.03264682301062344
1,0.3204441116539415,0.271959169668897,0.26664093326471083,0,-0.7610309822502639,363700,1,0,smac,roc_auc,binary,LGBM,,False,cv,0.0,78,3,3,LGBM_363700_20260405_160514,363700_rep1_fold0_smac_roc_auc_cv,LGBM_363700_20260405_160514::363700_rep1_fold0_smac_roc_auc_cv,0.4813076647674149,0.21231114336610207,0.1484265383844457
2,0.2781012937912749,0.21819780408303313,0.22885572139303467,0,-0.7610309822502639,363700,1,0,smac,roc_auc,binary,LGBM,,False,cv,0.0,78,3,3,LGBM_363700_20260405_160514,363700_rep1_fold0_smac_roc_auc_cv,LGBM_363700_20260405_160514::363700_rep1_fold0_smac_roc_auc_cv,0.36683252838512076,0.04690901893514593,0.06013229104028845
3,0.2524580806716912,0.277759907359753,0.2665980442614514,0,-0.7610309822502639,363700,1,0,smac,roc_auc,binary,LGBM,,False,cv,0.0,78,3,3,LGBM_363700_20260405_160514,363700_rep1_fold0_smac_roc_auc_cv,LGBM_363700_20260405_160514::363700_rep1_fold0_smac_roc_auc_cv,0.2975052972909237,0.23015768291878375,0.14832631789937886
4,0.24228021505904296,0.21465946131411895,0.21442357179619154,0,-0.7610309822502639,363700,1,0,smac,roc_auc,binary,LGBM,,False,cv,0.0,78,3,3,LGBM_363700_20260405_160514,363700_rep1_fold0_smac_roc_auc_cv,LGBM_363700_20260405_160514::363700_rep1_fold0_smac_roc_auc_cv,0.2699891183283554,0.03602295968859278,0.026408097815193796
5,0.280666781233889,0.22460971007033803,0.22513510036026751,0,-0.7610309822502639,363700,1,0,smac,roc_auc,binary,LGBM,,False,cv,0.0,78,3,3,LGBM_363700_20260405_160514,363700_rep1_fold0_smac_roc_auc_cv,LGBM_363700_20260405_160514::363700_rep1_fold0_smac_roc_auc_cv,0.3737684041653496,0.06663587781223256,0.05143816396071348
6,0.5,0.5,0.5,0,-0.7610309822502639,363700,1,0,smac,roc_auc,binary,LGBM,,False,cv,0.0,78,3,3,LGBM_363700_20260405_160514,363700_rep1_fold0_smac_roc_auc_cv,LGBM_363700_20260405_160514::363700_rep1_fold0_smac_roc_auc_cv,0.9667426415638452,0.9139011677772645,0.6937261976347965
7,0.32722608204649783,0.29280322525304514,0.26278092297135014,0,-0.7610309822502639,363700,1,0,smac,roc_auc,binary,LGBM,,False,cv,0.0,78,3,3,LGBM_363700_20260405_160514,363700_rep1_fold0_smac_roc_auc_cv,LGBM_363700_20260405_160514::363700_rep1_fold0_smac_roc_auc_cv,0.49964293447352215,0.27643992874579437,0.1394066947284026
8,0.30137848918567245,0.24369531652084409,0.25015011151140865,0,-0.7610309822502639,363700,1,0,smac,roc_auc,binary,LGBM,,False,cv,0.0,78,3,3,LGBM_363700_20260405_160514,363700_rep1_fold0_smac_roc_auc_cv,LGBM_363700_20260405_160514::363700_rep1_fold0_smac_roc_auc_cv,0.4297631563375033,0.12535462162697147,0.10989176187612804
9,0.28927650799106375,0.2156030193858295,0.22148953508320468,0,-0.7610309822502639,363700,1,0,smac,roc_auc,binary,LGBM,,False,cv,0.0,78,3,3,LGBM_363700_20260405_160514,363700_rep1_fold0_smac_roc_auc_cv,LGBM_363700_20260405_160514::363700_rep1_fold0_smac_roc_auc_cv,0.39704507053976357,0.03892590882100723,0.04291942273000623
10,0.4884528514963298,0.5032166752444672,0.4129996568879739,0,-0.7610309822502639,363700,1,0,smac,roc_auc,binary,LGBM,,False,cv,0.0,78,3,3,LGBM_363700_20260405_160514,363700_rep1_fold0_smac_roc_auc_cv,LGBM_363700_20260405_160514::363700_rep1_fold0_smac_roc_auc_cv,0.9355245633511117,0.9237975852741304,0.4904289436760874
11,0.2715488670120051,0.21666452221650367,0.22365542974781272,0,-0.7610309822502639,363700,1,0,smac,roc_auc,binary,LGBM,,False,cv,0.0,78,3,3,LGBM_363700_20260405_160514,363700_rep1_fold0_smac_roc_auc_cv,LGBM_363700_20260405_160514::363700_rep1_fold0_smac_roc_auc_cv,0.34911783703829713,0.042191726594972966,0.04798055722589728
12,0.3099354331868509,0.2993437982501287,0.3006411905987304,0,-0.7610309822502639,363700,1,0,smac,roc_auc,binary,LGBM,,False,cv,0.0,78,3,3,LGBM_363700_20260405_160514,363700_rep1_fold0_smac_roc_auc_cv,LGBM_363700_20260405_160514::363700_rep1_fold0_smac_roc_auc_cv,0.4528971228752907,0.2965626443227555,0.22787632792142706
13,0.24253553629735114,0.21219334362669418,0.21018828272430956,0,-0.7610309822502639,363700,1,0,smac,roc_auc,binary,LGBM,,False,cv,0.0,78,3,3,LGBM_363700_20260405_160514,363700_rep1_fold0_smac_roc_auc_cv,LGBM_363700_20260405_160514::363700_rep1_fold0_smac_roc_auc_cv,0.270679387305527,0.028435706274329276,0.01651132491481295
14,0.3242033486362409,0.2597572482415509,0.2547606793618117,0,-0.7610309822502639,363700,1,0,smac,roc_auc,binary,LGBM,,False,cv,0.0,78,3,3,LGBM_363700_20260405_160514,363700_rep1_fold0_smac_roc_auc_cv,LGBM_363700_20260405_160514::363700_rep1_fold0_smac_roc_auc_cv,0.49147087987600396,0.1747707329946563,0.12066546402084613
15,0.243194706994329,0.22983144621718998,0.23228684165379998,0,-0.7610309822502639,363700,1,0,smac,roc_auc,binary,LGBM,,False,cv,0.0,78,3,3,LGBM_363700_20260405_160514,363700_rep1_fold0_smac_roc_auc_cv,LGBM_363700_20260405_160514::363700_rep1_fold0_smac_roc_auc_cv,0.272461475962935,0.08270106221547859,0.06814992984566066
16,0.3453317948592052,0.23552496139989698,0.23593240693086281,0,-0.7610309822502639,363700,1,0,smac,roc_auc,binary,LGBM,,False,cv,0.0,78,3,3,LGBM_363700_20260405_160514,363700_rep1_fold0_smac_roc_auc_cv,LGBM_363700_20260405_160514::363700_rep1_fold0_smac_roc_auc_cv,0.5485922970373389,0.10021772118493115,0.07666867107636792
17,0.24508322490364076,0.21995625321667522,0.2164715217018356,0,-0.7610309822502639,363700,1,0,smac,roc_auc,binary,LGBM,,False,cv,0.0,78,3,3,LGBM_363700_20260405_160514,363700_rep1_fold0_smac_roc_auc_cv,LGBM_363700_20260405_160514::363700_rep1_fold0_smac_roc_auc_cv,0.2775671433734047,0.05231906050009929,0.031193625977149773
18,0.31620798860874477,0.24944244295762563,0.25883513467147024,0,-0.7610309822502639,363700,1,0,smac,roc_auc,binary,LGBM,,False,cv,0.0,78,3,3,LGBM_363700_20260405_160514,363700_rep1_fold0_smac_roc_auc_cv,LGBM_363700_20260405_160514::363700_rep1_fold0_smac_roc_auc_cv,0.46985517322790793,0.14303622088803877,0.13018641010222504
19,0.2347893599783959,0.2130511236918854,0.21458440555841474,19,-0.7652106400216041,363700,1,0,smac,roc_auc,binary,LGBM,,False,cv,0.0,78,3,3,LGBM_363700_20260405_160514,363700_rep1_fold0_smac_roc_auc_cv,LGBM_363700_20260405_160514::363700_rep1_fold0_smac_roc_auc_cv,0.24973735663034285,0.03107475094016003,0.026783924634195214
20,0.30528932315321733,0.24562532166752438,0.24589337793789667,19,-0.7652106400216041,363700,1,0,smac,roc_auc,binary,LGBM,,False,cv,0.0,78,3,3,LGBM_363700_20260405_160514,363700_rep1_fold0_smac_roc_auc_cv,LGBM_363700_20260405_160514::363700_rep1_fold0_smac_roc_auc_cv,0.44033621865128797,0.13129247212509085,0.09994487873321312
21,0.2724185549799917,0.251576170869789,0.22013853148052842,19,-0.7652106400216041,363700,1,0,smac,roc_auc,binary,LGBM,,False,cv,0.0,78,3,3,LGBM_363700_20260405_160514,363700_rep1_fold0_smac_roc_auc_cv,LGBM_363700_20260405_160514::363700_rep1_fold0_smac_roc_auc_cv,0.35146906574178605,0.14960084449429345,0.039762477450391104
22,0.3273832028085336,0.2511580030880084,0.25109366958311896,19,-0.7652106400216041,363700,1,0,smac,roc_auc,binary,LGBM,,False,cv,0.0,78,3,3,LGBM_363700_20260405_160514,363700_rep1_fold0_smac_roc_auc_cv,LGBM_363700_20260405_160514::363700_rep1_fold0_smac_roc_auc_cv,0.5000677153825508,0.1483143102197013,0.11209661254760506
23,0.26916505045049477,0.2243738205524104,0.21950591868244973,19,-0.7652106400216041,363700,1,0,smac,roc_auc,binary,LGBM,,False,cv,0.0,78,3,3,LGBM_363700_20260405_160514,363700_rep1_fold0_smac_roc_auc_cv,LGBM_363700_20260405_160514::363700_rep1_fold0_smac_roc_auc_cv,0.3426731141841323,0.06591014052912894,0.0382842252956504
24,0.2707012741511796,0.23528907188196946,0.23484945959855885,19,-0.7652106400216041,363700,1,0,smac,roc_auc,binary,LGBM,,False,cv,0.0,78,3,3,LGBM_363700_20260405_160514,363700_rep1_fold0_smac_roc_auc_cv,LGBM_363700_20260405_160514::363700_rep1_fold0_smac_roc_auc_cv,0.34682634315013994,0.09949198390182788,0.07413810382842252
25,0.30735644317874944,0.279336078229542,0.28350703379653464,19,-0.7652106396794757,363700,1,0,smac,roc_auc,binary,LGBM,,False,cv,0.0,78,3,3,LGBM_363700_20260405_160514,363700_rep1_fold0_smac_roc_auc_cv,LGBM_363700_20260405_160514::363700_rep1_fold0_smac_roc_auc_cv,0.4459247424856924,0.23500692749224822,0.1878382441371019
26,0.2248336729433139,0.21964530794304338,0.21432707153885744,26,-0.7751663270562327,363700,1,0,smac,roc_auc,binary,LGBM,,False,cv,0.0,78,3,3,LGBM_363700_20260405_160514,363700_rep1_fold0_smac_roc_auc_cv,LGBM_363700_20260405_160514::363700_rep1_fold0_smac_roc_auc_cv,0.22282184442194788,0.05136240680873554,0.026182601723792533
27,0.2412196499153021,0.21152856407617082,0.2196238634414136,26,-0.7751663270561817,363700,1,0,smac,roc_auc,binary,LGBM,,False,cv,0.0,78,3,3,LGBM_363700_20260405_160514,363700_rep1_fold0_smac_roc_auc_cv,LGBM_363700_20260405_160514::363700_rep1_fold0_smac_roc_auc_cv,0.26712184719241416,0.026390446658309946,0.03855983162958522
28,0.5,0.5,0.5,26,-0.7751663270560826,363700,1,0,smac,roc_auc,binary,LGBM,,False,cv,0.0,78,3,3,LGBM_363700_20260405_160514,363700_rep1_fold0_smac_roc_auc_cv,LGBM_363700_20260405_160514::363700_rep1_fold0_smac_roc_auc_cv,0.9667426415638452,0.9139011677772645,0.6937261976347965
29,0.24094714359364633,0.2136730142391492,0.2189269171384457,26,-0.7751663270560104,363700,1,0,smac,roc_auc,binary,LGBM,,False,cv,0.0,78,3,3,LGBM_363700_20260405_160514,363700_rep1_fold0_smac_roc_auc_cv,LGBM_363700_20260405_160514::363700_rep1_fold0_smac_roc_auc_cv,0.2663851178033178,0.032988058322887856,0.03693124874724411
30,0.27557140402130964,0.2404357522731172,0.23356278950077203,26,-0.7751663270555837,363700,1,0,smac,roc_auc,binary,LGBM,,False,cv,0.0,78,3,3,LGBM_363700_20260405_160514,363700_rep1_fold0_smac_roc_auc_cv,LGBM_363700_20260405_160514::363700_rep1_fold0_smac_roc_auc_cv,0.35999289202959395,0.11532625189681378,0.07113148927640833
31,0.24060957945646044,0.21928075141533698,0.2191091954022989,26,-0.775166327055453,363700,1,0,smac,roc_auc,binary,LGBM,,False,cv,0.0,78,3,3,LGBM_363700_20260405_160514,363700_rep1_fold0_smac_roc_auc_cv,LGBM_363700_20260405_160514::363700_rep1_fold0_smac_roc_auc_cv,0.2654725025690776,0.05024081282575708,0.0373571858087796
32,0.2302224240787567,0.21806913707325437,0.21893763938926059,26,-0.7751663270555695,363700,1,0,smac,roc_auc,binary,LGBM,,False,cv,0.0,78,3,3,LGBM_363700_20260405_160514,363700_rep1_fold0_smac_roc_auc_cv,LGBM_363700_20260405_160514::363700_rep1_fold0_smac_roc_auc_cv,0.23739050216127972,0.04651316223527108,0.036956303868510884
33,0.3236982299364153,0.23966375021444497,0.24045719677474686,26,-0.7751663270555768,363700,1,0,smac,roc_auc,binary,LGBM,,False,cv,0.0,78,3,3,LGBM_363700_20260405_160514,363700_rep1_fold0_smac_roc_auc_cv,LGBM_363700_20260405_160514::363700_rep1_fold0_smac_roc_auc_cv,0.490105275625495,0.11295111169756569,0.08724193225095205
34,0.23529325117226807,0.21939869617430086,0.21885186138274149,26,-0.7751663270555516,363700,1,0,smac,roc_auc,binary,LGBM,,False,cv,0.0,78,3,3,LGBM_363700_20260405_160514,363700_rep1_fold0_smac_roc_auc_cv,LGBM_363700_20260405_160514::363700_rep1_fold0_smac_roc_auc_cv,0.2510996422799999,0.05060368146730906,0.03675586289837666
35,0.2594297007340486,0.2075184422714016,0.21573168639560825,26,-0.7751663270555624,363700,1,0,smac,roc_auc,binary,LGBM,,False,cv,0.0,78,3,3,LGBM_363700_20260405_160514,363700_rep1_fold0_smac_roc_auc_cv,LGBM_363700_20260405_160514::363700_rep1_fold0_smac_roc_auc_cv,0.31635329082863206,0.014052912845550259,0.029464822609741804
36,0.23672575061989054,0.2163750214445016,0.2179619145651055,26,-0.7751663270555538,363700,1,0,smac,roc_auc,binary,LGBM,,False,cv,0.0,78,3,3,LGBM_363700_20260405_160514,363700_rep1_fold0_smac_roc_auc_cv,LGBM_363700_20260405_160514::363700_rep1_fold0_smac_roc_auc_cv,0.25497244947403247,0.04130104902025498,0.034676287833233274
37,0.24294981955662487,0.2187446388745925,0.21818708183221824,26,-0.7751663270554907,363700,1,0,smac,roc_auc,binary,LGBM,,False,cv,0.0,78,3,3,LGBM_363700_20260405_160514,363700_rep1_fold0_smac_roc_auc_cv,LGBM_363700_20260405_160514::363700_rep1_fold0_smac_roc_auc_cv,0.2717994150930039,0.04859140990961294,0.03520244537983588
38,0.29107050794196343,0.228834276891405,0.2332411219763253,26,-0.775166327055641,363700,1,0,smac,roc_auc,binary,LGBM,,False,cv,0.0,78,3,3,LGBM_363700_20260405_160514,363700_rep1_fold0_smac_roc_auc_cv,LGBM_363700_20260405_160514::363700_rep1_fold0_smac_roc_auc_cv,0.40189520568464593,0.07963317279144976,0.07037983563840472
39,0.23573331205656345,0.21649296620346536,0.21977397495282214,26,-0.7751663270554828,363700,1,0,smac,roc_auc,binary,LGBM,,False,cv,0.0,78,3,3,LGBM_363700_20260405_160514,363700_rep1_fold0_smac_roc_auc_cv,LGBM_363700_20260405_160514::363700_rep1_fold0_smac_roc_auc_cv,0.2522893606853648,0.04166391766180661,0.03891060332732038
40,0.23612427270272263,0.21895908389089036,0.21898052839252002,26,-0.7751663270553124,363700,1,0,smac,roc_auc,binary,LGBM,,False,cv,0.0,78,3,3,LGBM_363700_20260405_160514,363700_rep1_fold0_smac_roc_auc_cv,LGBM_363700_20260405_160514::363700_rep1_fold0_smac_roc_auc_cv,0.25334633505665816,0.049251171076070806,0.03705652435357774
41,0.24231028895490136,0.2252316006176016,0.2206853662720878,26,-0.7751663270552527,363700,1,0,smac,roc_auc,binary,LGBM,,False,cv,0.0,78,3,3,LGBM_363700_20260405_160514,363700_rep1_fold0_smac_roc_auc_cv,LGBM_363700_20260405_160514::363700_rep1_fold0_smac_roc_auc_cv,0.27007042404922416,0.0685491851949597,0.04104028863499706
42,0.251937618147448,0.22585349116486542,0.22248670440898954,26,-0.7751663270551569,363700,1,0,smac,roc_auc,binary,LGBM,,False,cv,0.0,78,3,3,LGBM_363700_20260405_160514,363700_rep1_fold0_smac_roc_auc_cv,LGBM_363700_20260405_160514::363700_rep1_fold0_smac_roc_auc_cv,0.2960982105297673,0.07046249257768752,0.0452495490078174
43,0.2345364937519947,0.22393420826899968,0.22100703379653464,26,-0.7751663270551743,363700,1,0,smac,roc_auc,binary,LGBM,,False,cv,0.0,78,3,3,LGBM_363700_20260405_160514,363700_rep1_fold0_smac_roc_auc_cv,LGBM_363700_20260405_160514::363700_rep1_fold0_smac_roc_auc_cv,0.24905372485487534,0.06455763013789001,0.04179194227300094
44,0.23800174305845379,0.22145736833076002,0.21915208440555844,26,-0.775166327055155,363700,1,0,smac,roc_auc,binary,LGBM,,False,cv,0.0,78,3,3,LGBM_363700_20260405_160514,363700_rep1_fold0_smac_roc_auc_cv,LGBM_363700_20260405_160514::363700_rep1_fold0_smac_roc_auc_cv,0.2584221350594619,0.05693738866530362,0.037457406293846716
45,0.2432738811283235,0.22067464402127301,0.22002058672156455,26,-0.7751663270551008,363700,1,0,smac,roc_auc,binary,LGBM,,False,cv,0.0,78,3,3,LGBM_363700_20260405_160514,363700_rep1_fold0_smac_roc_auc_cv,LGBM_363700_20260405_160514::363700_rep1_fold0_smac_roc_auc_cv,0.27267552571787496,0.054529260407732996,0.03948687111645628
46,0.23261176441705733,0.2273546062789501,0.22346242923314463,26,-0.7751663270550196,363700,1,0,smac,roc_auc,binary,LGBM,,False,cv,0.0,78,3,3,LGBM_363700_20260405_160514,363700_rep1_fold0_smac_roc_auc_cv,LGBM_363700_20260405_160514::363700_rep1_fold0_smac_roc_auc_cv,0.24385015871927754,0.07508082074289152,0.04752956504309501
47,0.23954594554783593,0.23702607651398178,0.23444201406759313,26,-0.7751663270549995,363700,1,0,smac,roc_auc,binary,LGBM,,False,cv,0.0,78,3,3,LGBM_363700_20260405_160514,363700_rep1_fold0_smac_roc_auc_cv,LGBM_363700_20260405_160514::363700_rep1_fold0_smac_roc_auc_cv,0.2625969349310065,0.10483604935013549,0.07318600922028494
48,0.27141200009820055,0.24927088694458743,0.2593283582089554,26,-0.7751663270550807,363700,1,0,smac,roc_auc,binary,LGBM,,False,cv,0.0,78,3,3,LGBM_363700_20260405_160514,363700_rep1_fold0_smac_roc_auc_cv,LGBM_363700_20260405_160514::363700_rep1_fold0_smac_roc_auc_cv,0.3487478130433232,0.14250841195487274,0.13133894568049764
49,0.23537488031816944,0.22807299708354778,0.22628238119746102,26,-0.7751663270550146,363700,1,0,smac,roc_auc,binary,LGBM,,False,cv,0.0,78,3,3,LGBM_363700_20260405_160514,363700_rep1_fold0_smac_roc_auc_cv,LGBM_363700_20260405_160514::363700_rep1_fold0_smac_roc_auc_cv,0.25132032923664366,0.07729102065052489,0.05411906193626007
50,0.24280067758328627,0.21105678504031566,0.21929147366615198,26,-0.7751663270548622,363700,1,0,smac,roc_auc,binary,LGBM,,False,cv,0.0,78,3,3,LGBM_363700_20260405_160514,363700_rep1_fold0_smac_roc_auc_cv,LGBM_363700_20260405_160514::363700_rep1_fold0_smac_roc_auc_cv,0.2713962050895121,0.024938972092103065,0.03778312287031483
51,0.28207657182137336,0.21842297135014577,0.22978855721393043,26,-0.7751663270548834,363700,1,0,smac,roc_auc,binary,LGBM,,False,cv,0.0,78,3,3,LGBM_363700_20260405_160514,363700_rep1_fold0_smac_roc_auc_cv,LGBM_363700_20260405_160514::363700_rep1_fold0_smac_roc_auc_cv,0.3775798172436237,0.047601768159926325,0.06231208659049947
52,0.24813541845677956,0.21814419282895858,0.21791902556184595,26,-0.7751663270548552,363700,1,0,smac,roc_auc,binary,LGBM,,False,cv,0.0,78,3,3,LGBM_363700_20260405_160514,363700_rep1_fold0_smac_roc_auc_cv,LGBM_363700_20260405_160514::363700_rep1_fold0_smac_roc_auc_cv,0.2858188443913661,0.04674407864353121,0.03457606734816616
53,0.5,0.5,0.5,26,-0.7751663270548756,363700,1,0,smac,roc_auc,binary,LGBM,,False,cv,0.0,78,3,3,LGBM_363700_20260405_160514,363700_rep1_fold0_smac_roc_auc_cv,LGBM_363700_20260405_160514::363700_rep1_fold0_smac_roc_auc_cv,0.9667426415638452,0.9139011677772645,0.6937261976347965
54,0.23719895416492776,0.22390204151655513,0.2201385314805283,26,-0.775166327054644,363700,1,0,smac,roc_auc,binary,LGBM,,False,cv,0.0,78,3,3,LGBM_363700_20260405_160514,363700_rep1_fold0_smac_roc_auc_cv,LGBM_363700_20260405_160514::363700_rep1_fold0_smac_roc_auc_cv,0.2562517701023953,0.06445866596292171,0.03976247745039085
55,0.2235527704809368,0.21012394921942001,0.2081296105678504,55,-0.77644722951895,363700,1,0,smac,roc_auc,binary,LGBM,,False,cv,0.0,78,3,3,LGBM_363700_20260405_160514,363700_rep1_fold0_smac_roc_auc_cv,LGBM_363700_20260405_160514::363700_rep1_fold0_smac_roc_auc_cv,0.21935888443311066,0.022069011018011495,0.011700741631589674
56,0.2606295878035009,0.21880897237948194,0.23048550351689823,55,-0.7764472295189438,363700,1,0,smac,roc_auc,binary,LGBM,,False,cv,0.0,78,3,3,LGBM_363700_20260405_160514,363700_rep1_fold0_smac_roc_auc_cv,LGBM_363700_20260405_160514::363700_rep1_fold0_smac_roc_auc_cv,0.31959722316125105,0.04878933825955054,0.06394066947284033
57,0.23200353521714567,0.21596757591353566,0.21670741121976322,55,-0.7764472295190464,363700,1,0,smac,roc_auc,binary,LGBM,,False,cv,0.0,78,3,3,LGBM_363700_20260405_160514,363700_rep1_fold0_smac_roc_auc_cv,LGBM_363700_20260405_160514::363700_rep1_fold0_smac_roc_auc_cv,0.2422057919972184,0.04004750280398501,0.03174483864501916
58,0.2293171384381213,0.20722894149939952,0.21017756047349456,55,-0.7764472295191418,363700,1,0,smac,roc_auc,binary,LGBM,,False,cv,0.0,78,3,3,LGBM_363700_20260405_160514,363700_rep1_fold0_smac_roc_auc_cv,LGBM_363700_20260405_160514::363700_rep1_fold0_smac_roc_auc_cv,0.23494303403308878,0.013162235270832268,0.01648626979354591
59,0.24335551027422486,0.21907702864985423,0.21490607308286158,55,-0.7764472295191457,363700,1,0,smac,roc_auc,binary,LGBM,,False,cv,0.0,78,3,3,LGBM_363700_20260405_160514,363700_rep1_fold0_smac_roc_auc_cv,LGBM_363700_20260405_160514::363700_rep1_fold0_smac_roc_auc_cv,0.27289621267451863,0.04961403971762278,0.027535578272199084
60,0.23954287678295239,0.21846586035340532,0.21845513810259054,55,-0.776447229519156,363700,1,0,smac,roc_auc,binary,LGBM,,False,cv,0.0,78,3,3,LGBM_363700_20260405_160514,363700_rep1_fold0_smac_roc_auc_cv,LGBM_363700_20260405_160514::363700_rep1_fold0_smac_roc_auc_cv,0.262588638428877,0.04773372039321783,0.035828823411505596
61,0.25381877102103956,0.2132226797049237,0.22325870646766166,55,-0.7764472295189873,363700,1,0,smac,roc_auc,binary,LGBM,,False,cv,0.0,78,3,3,LGBM_363700_20260405_160514,363700_rep1_fold0_smac_roc_auc_cv,LGBM_363700_20260405_160514::363700_rep1_fold0_smac_roc_auc_cv,0.30118396633512695,0.031602559873326386,0.04705351773902596
62,0.23696327302187414,0.22495282209641454,0.21847658260422032,55,-0.776447229518875,363700,1,0,smac,roc_auc,binary,LGBM,,False,cv,0.0,78,3,3,LGBM_363700_20260405_160514,363700_rep1_fold0_smac_roc_auc_cv,LGBM_363700_20260405_160514::363700_rep1_fold0_smac_roc_auc_cv,0.25561459873885256,0.06769149567856492,0.03587893365403915
63,0.23739105884663547,0.21765096929147365,0.22117858980957283,55,-0.7764472295187004,363700,1,0,smac,roc_auc,binary,LGBM,,False,cv,0.0,78,3,3,LGBM_363700_20260405_160514,363700_rep1_fold0_smac_roc_auc_cv,LGBM_363700_20260405_160514::363700_rep1_fold0_smac_roc_auc_cv,0.25677113113569955,0.04522662796067858,0.04219282421326939
64,0.2402407139174625,0.20563132612798074,0.21524918510893798,55,-0.7764472295187782,363700,1,0,smac,roc_auc,binary,LGBM,,False,cv,0.0,78,3,3,LGBM_363700_20260405_160514,363700_rep1_fold0_smac_roc_auc_cv,LGBM_363700_20260405_160514::363700_rep1_fold0_smac_roc_auc_cv,0.26447526301311625,0.00824701458072205,0.028337342152735995
65,0.3361261139616527,0.24429576256647811,0.25354906501972896,55,-0.7764472295187375,363700,1,0,smac,roc_auc,binary,LGBM,,False,cv,0.0,78,3,3,LGBM_363700_20260405_160514,363700_rep1_fold0_smac_roc_auc_cv,LGBM_363700_20260405_160514::363700_rep1_fold0_smac_roc_auc_cv,0.5237044499493834,0.12720195289305355,0.11783423531769914
66,0.23383251908771752,0.22009564247726876,0.223119317207068,55,-0.7764472295187077,363700,1,0,smac,roc_auc,binary,LGBM,,False,cv,0.0,78,3,3,LGBM_363700_20260405_160514,363700_rep1_fold0_smac_roc_auc_cv,LGBM_363700_20260405_160514::363700_rep1_fold0_smac_roc_auc_cv,0.24715050726637697,0.05274790525829667,0.046727801162557585
67,0.5,0.5,0.5,55,-0.7764472295186695,363700,1,0,smac,roc_auc,binary,LGBM,,False,cv,0.0,78,3,3,LGBM_363700_20260405_160514,363700_rep1_fold0_smac_roc_auc_cv,LGBM_363700_20260405_160514::363700_rep1_fold0_smac_roc_auc_cv,0.9667426415638452,0.9139011677772645,0.6937261976347965
68,0.23834421721945342,0.21378023674729796,0.21476668382226805,55,-0.7764472295186604,363700,1,0,smac,roc_auc,binary,LGBM,,False,cv,0.0,78,3,3,LGBM_363700_20260405_160514,363700_rep1_fold0_smac_roc_auc_cv,LGBM_363700_20260405_160514::363700_rep1_fold0_smac_roc_auc_cv,0.25934802469710955,0.03331793890611628,0.027209861695730964
69,0.2506696044975818,0.2317292846114256,0.2312896723280149,55,-0.776447229518734,363700,1,0,smac,roc_auc,binary,LGBM,,False,cv,0.0,78,3,3,LGBM_363700_20260405_160514,363700_rep1_fold0_smac_roc_auc_cv,LGBM_363700_20260405_160514::363700_rep1_fold0_smac_roc_auc_cv,0.29267009584987436,0.08853994853862933,0.06581980356784897
70,0.2647128863574988,0.21501329559101046,0.22355892949047862,55,-0.7764472295186122,363700,1,0,smac,roc_auc,binary,LGBM,,False,cv,0.0,78,3,3,LGBM_363700_20260405_160514,363700_rep1_fold0_smac_roc_auc_cv,LGBM_363700_20260405_160514::363700_rep1_fold0_smac_roc_auc_cv,0.3306365488947109,0.03711156561324837,0.04775506113449602
71,0.24615729261286923,0.2323618974095043,0.23048550351689823,55,-0.7764472295185915,363700,1,0,smac,roc_auc,binary,LGBM,,False,cv,0.0,78,3,3,LGBM_363700_20260405_160514,363700_rep1_fold0_smac_roc_auc_cv,LGBM_363700_20260405_160514::363700_rep1_fold0_smac_roc_auc_cv,0.280470919118716,0.09048624397968003,0.06394066947284033
72,0.2530884049787643,0.20771144278606957,0.21203250986447075,55,-0.7764472295184769,363700,1,0,smac,roc_auc,binary,LGBM,,False,cv,0.0,78,3,3,LGBM_363700_20260405_160514,363700_rep1_fold0_smac_roc_auc_cv,LGBM_363700_20260405_160514::363700_rep1_fold0_smac_roc_auc_cv,0.29920939882831543,0.014646697895362024,0.020820805772700134
73,0.3352754523359438,0.2473623262995367,0.24398481729284605,55,-0.7764472295175525,363700,1,0,smac,roc_auc,binary,LGBM,,False,cv,0.0,78,3,3,LGBM_363700_20260405_160514,363700_rep1_fold0_smac_roc_auc_cv,LGBM_363700_20260405_160514::363700_rep1_fold0_smac_roc_auc_cv,0.5214046595590969,0.13663653757339844,0.09548506714772499
74,0.23543502810988637,0.21626779893635262,0.2182192485846629,55,-0.7764472295175454,363700,1,0,smac,roc_auc,binary,LGBM,,False,cv,0.0,78,3,3,LGBM_363700_20260405_160514,363700_rep1_fold0_smac_roc_auc_cv,LGBM_363700_20260405_160514::363700_rep1_fold0_smac_roc_auc_cv,0.25148294067838145,0.040971168437025876,0.03527761074363621
75,0.24937090319888056,0.2597358037399211,0.23149339509349798,55,-0.7764472295175704,363700,1,0,smac,roc_auc,binary,LGBM,,False,cv,0.0,78,3,3,LGBM_363700_20260405_160514,363700_rep1_fold0_smac_roc_auc_cv,LGBM_363700_20260405_160514::363700_rep1_fold0_smac_roc_auc_cv,0.2891590161486869,0.17470475687801057,0.06629585087191828
76,0.238810669481747,0.2261215474352376,0.2275261622919883,55,-0.7764472295180799,363700,1,0,smac,roc_auc,binary,LGBM,,False,cv,0.0,78,3,3,LGBM_363700_20260405_160514,363700_rep1_fold0_smac_roc_auc_cv,LGBM_363700_20260405_160514::363700_rep1_fold0_smac_roc_auc_cv,0.2606090930207878,0.07128719403575942,0.057025456003207145
77,0.2434150443129649,0.2326299536798765,0.23189011837364892,55,-0.7764472295180784,363700,1,0,smac,roc_auc,binary,LGBM,,False,cv,0.0,78,3,3,LGBM_363700_20260405_160514,363700_rep1_fold0_smac_roc_auc_cv,LGBM_363700_20260405_160514::363700_rep1_fold0_smac_roc_auc_cv,0.27305716481583003,0.09131094543775192,0.06722289035878934
78,0.24367097930424964,0.2185838051123692,0.22166109109624288,55,-0.7764472295180418,363700,1,0,smac,roc_auc,binary,LGBM,,False,cv,0.0,78,3,3,LGBM_363700_20260405_160514,363700_rep1_fold0_smac_roc_auc_cv,LGBM_363700_20260405_160514::363700_rep1_fold0_smac_roc_auc_cv,0.2737490930934271,0.04809658903476981,0.04332030467027468
79,0.23854368693688177,0.21774746954880764,0.2213930348258707,55,-0.7764472295180151,363700,1,0,smac,roc_auc,binary,LGBM,,False,cv,0.0,78,3,3,LGBM_363700_20260405_160514,363700_rep1_fold0_smac_roc_auc_cv,LGBM_363700_20260405_160514::363700_rep1_fold0_smac_roc_auc_cv,0.259887297335525,0.04552352048558446,0.04269392663860522
80,0.2269836496207006,0.211903842854692,0.21183950934980267,55,-0.7764472295180374,363700,1,0,smac,roc_auc,binary,LGBM,,False,cv,0.0,78,3,3,LGBM_363700_20260405_160514,363700_rep1_fold0_smac_roc_auc_cv,LGBM_363700_20260405_160514::363700_rep1_fold0_smac_roc_auc_cv,0.22863437381384732,0.027545028699610945,0.020369813589897864
81,0.23051457049566682,0.21767241379310343,0.20937339166237767,55,-0.7764472295178776,363700,1,0,smac,roc_auc,binary,LGBM,,False,cv,0.0,78,3,3,LGBM_363700_20260405_160514,363700_rep1_fold0_smac_roc_auc_cv,LGBM_363700_20260405_160514::363700_rep1_fold0_smac_roc_auc_cv,0.23818032916400433,0.04529260407732433,0.01460713569853675
82,0.22976088184027676,0.21923786241207754,0.2192807514153371,55,-0.7764472295180065,363700,1,0,smac,roc_auc,binary,LGBM,,False,cv,0.0,78,3,3,LGBM_363700_20260405_160514,363700_rep1_fold0_smac_roc_auc_cv,LGBM_363700_20260405_160514::363700_rep1_fold0_smac_roc_auc_cv,0.23614270824100866,0.050108860592465915,0.03775806774904805
83,0.23820857781160232,0.22984216846800487,0.2287592211357008,55,-0.7764472295177437,363700,1,0,smac,roc_auc,binary,LGBM,,False,cv,0.0,78,3,3,LGBM_363700_20260405_160514,363700_rep1_fold0_smac_roc_auc_cv,LGBM_363700_20260405_160514::363700_rep1_fold0_smac_roc_auc_cv,0.25898131930298746,0.08273405027380146,0.059906794948887704
84,0.2510881840276925,0.26331703551209473,0.24176531137416368,55,-0.776447229517728,363700,1,0,smac,roc_auc,binary,LGBM,,False,cv,0.0,78,3,3,LGBM_363700_20260405_160514,363700_rep1_fold0_smac_roc_auc_cv,LGBM_363700_20260405_160514::363700_rep1_fold0_smac_roc_auc_cv,0.2938017387403327,0.18572276835785487,0.0902986570455003
85,0.2417174035794074,0.22262609366958308,0.22125364556527705,55,-0.7764472295178954,363700,1,0,smac,roc_auc,binary,LGBM,,False,cv,0.0,78,3,3,LGBM_363700_20260405_160514,363700_rep1_fold0_smac_roc_auc_cv,LGBM_363700_20260405_160514::363700_rep1_fold0_smac_roc_auc_cv,0.26846753983781274,0.06053308702249812,0.04236821006213684
86,0.2917413399454988,0.2216289243437981,0.23502101561159716,55,-0.7764472295179914,363700,1,0,smac,roc_auc,binary,LGBM,,False,cv,0.0,78,3,3,LGBM_363700_20260405_160514,363700_rep1_fold0_smac_roc_auc_cv,LGBM_363700_20260405_160514::363700_rep1_fold0_smac_roc_auc_cv,0.4037088210501463,0.05746519759846929,0.07453898576869124
87,0.5,0.22760121804769262,0.5,55,-0.7764472295184712,363700,1,0,smac,roc_auc,binary,LGBM,,False,cv,0.0,78,3,3,LGBM_363700_20260405_160514,363700_rep1_fold0_smac_roc_auc_cv,LGBM_363700_20260405_160514::363700_rep1_fold0_smac_roc_auc_cv,0.9667426415638452,0.075839546084318,0.6937261976347965
88,0.23894753639555155,0.22417009778692742,0.2180476925716246,55,-0.7764472295184435,363700,1,0,smac,roc_auc,binary,LGBM,,False,cv,0.0,78,3,3,LGBM_363700_20260405_160514,363700_rep1_fold0_smac_roc_auc_cv,LGBM_363700_20260405_160514::363700_rep1_fold0_smac_roc_auc_cv,0.26097911701576176,0.06528336742099396,0.0348767288033675
89,0.23055139567426897,0.21205395436610042,0.21448790530108086,55,-0.7764472295184304,363700,1,0,smac,roc_auc,binary,LGBM,,False,cv,0.0,78,3,3,LGBM_363700_20260405_160514,363700_rep1_fold0_smac_roc_auc_cv,LGBM_363700_20260405_160514::363700_rep1_fold0_smac_roc_auc_cv,0.23827988718955795,0.028006861516131205,0.026558428542794468
90,0.24674465421157288,0.2599073597529593,0.23101089380682793,55,-0.7764472295184651,363700,1,0,smac,roc_auc,binary,LGBM,,False,cv,0.0,78,3,3,LGBM_363700_20260405_160514,363700_rep1_fold0_smac_roc_auc_cv,LGBM_363700_20260405_160514::363700_rep1_fold0_smac_roc_auc_cv,0.28205886962629445,0.17523256581117658,0.06516837041491298
91,0.2422059509488621,0.2177903585520673,0.22279764968262128,55,-0.7764472295184601,363700,1,0,smac,roc_auc,binary,LGBM,,False,cv,0.0,78,3,3,LGBM_363700_20260405_160514,363700_rep1_fold0_smac_roc_auc_cv,LGBM_363700_20260405_160514::363700_rep1_fold0_smac_roc_auc_cv,0.2697883429768227,0.0456554727188763,0.04597614752455397
92,0.26684506419856135,0.23303739921084232,0.23970663921770452,55,-0.7764472295184606,363700,1,0,smac,roc_auc,binary,LGBM,,False,cv,0.0,78,3,3,LGBM_363700_20260405_160514,363700_rep1_fold0_smac_roc_auc_cv,LGBM_363700_20260405_160514::363700_rep1_fold0_smac_roc_auc_cv,0.33640095857426006,0.09256449165402156,0.08548807376227703
93,0.22707939508506614,0.2083762223365928,0.20893377937896718,55,-0.7764472295184897,363700,1,0,smac,roc_auc,binary,LGBM,,False,cv,0.0,78,3,3,LGBM_363700_20260405_160514,363700_rep1_fold0_smac_roc_auc_cv,LGBM_363700_20260405_160514::363700_rep1_fold0_smac_roc_auc_cv,0.22889322468028656,0.016691957511381014,0.013579875726598575
94,0.23756352343308862,0.2328872876994339,0.23486018184937374,55,-0.7764472295185427,363700,1,0,smac,roc_auc,binary,LGBM,,False,cv,0.0,78,3,3,LGBM_363700_20260405_160514,363700_rep1_fold0_smac_roc_auc_cv,LGBM_363700_20260405_160514::363700_rep1_fold0_smac_roc_auc_cv,0.257237394555375,0.0921026588375013,0.07416315894968929
95,0.2292735619767755,0.21499185108938057,0.21521701835649332,55,-0.7764472295185297,363700,1,0,smac,roc_auc,binary,LGBM,,False,cv,0.0,78,3,3,LGBM_363700_20260405_160514,363700_rep1_fold0_smac_roc_auc_cv,LGBM_363700_20260405_160514::363700_rep1_fold0_smac_roc_auc_cv,0.23482522370285058,0.03704558949660228,0.02826217678893566
96,0.2427816512410086,0.22218648138617247,0.22043875450334527,55,-0.7764472295185477,363700,1,0,smac,roc_auc,binary,LGBM,,False,cv,0.0,78,3,3,LGBM_363700_20260405_160514,363700_rep1_fold0_smac_roc_auc_cv,LGBM_363700_20260405_160514::363700_rep1_fold0_smac_roc_auc_cv,0.27134476677630964,0.05918057663125952,0.040464020845860905
97,0.2552930056710775,0.2157745753988678,0.22534954537656537,55,-0.7764472295193021,363700,1,0,smac,roc_auc,binary,LGBM,,False,cv,0.0,78,3,3,LGBM_363700_20260405_160514,363700_rep1_fold0_smac_roc_auc_cv,LGBM_363700_20260405_160514::363700_rep1_fold0_smac_roc_auc_cv,0.30516960595811937,0.039453717754173584,0.05193926638604931
98,0.2587864876144649,0.215152684851604,0.2290379996568881,55,-0.7764472295193074,363700,1,0,smac,roc_auc,binary,LGBM,,False,cv,0.0,78,3,3,LGBM_363700_20260405_160514,363700_rep1_fold0_smac_roc_auc_cv,LGBM_363700_20260405_160514::363700_rep1_fold0_smac_roc_auc_cv,0.314614343982297,0.03754041037144576,0.060558228101824464
99,0.2461388800235681,0.2167288557213929,0.228930777148739,55,-0.7764472295193087,363700,1,0,smac,roc_auc,binary,LGBM,,False,cv,0.0,78,3,3,LGBM_363700_20260405_160514,363700_rep1_fold0_smac_roc_auc_cv,LGBM_363700_20260405_160514::363700_rep1_fold0_smac_roc_auc_cv,0.28042114010593905,0.042389654944909885,0.060307676889156156
100,0.2406500871529227,0.21536712986790185,0.21710413449991428,55,-0.7764472295192852,363700,1,0,smac,roc_auc,binary,LGBM,,False,cv,0.0,78,3,3,LGBM_363700_20260405_160514,363700_rep1_fold0_smac_roc_auc_cv,LGBM_363700_20260405_160514::363700_rep1_fold0_smac_roc_auc_cv,0.26558201639718626,0.038200171537903616,0.03267187813189048
101,0.24612292244617384,0.22083547778349633,0.21764024704065876,55,-0.776447229519289,363700,1,0,smac,roc_auc,binary,LGBM,,False,cv,0.0,78,3,3,LGBM_363700_20260405_160514,363700_rep1_fold0_smac_roc_auc_cv,LGBM_363700_20260405_160514::363700_rep1_fold0_smac_roc_auc_cv,0.28037799829486587,0.05502408128257613,0.03392463419522966
102,0.23311320059902285,0.2243630983015955,0.21830502659118212,55,-0.7764472295186118,363700,1,0,smac,roc_auc,binary,LGBM,,False,cv,0.0,78,3,3,LGBM_363700_20260405_160514,363700_rep1_fold0_smac_roc_auc_cv,LGBM_363700_20260405_160514::363700_rep1_fold0_smac_roc_auc_cv,0.24520580716723148,0.06587715247080607,0.0354780517137707
103,0.23772678172489148,0.21996697546749,0.2186695831188883,55,-0.7764472295186675,363700,1,0,smac,roc_auc,binary,LGBM,,False,cv,0.0,78,3,3,LGBM_363700_20260405_160514,363700_rep1_fold0_smac_roc_auc_cv,LGBM_363700_20260405_160514::363700_rep1_fold0_smac_roc_auc_cv,0.25767876846866267,0.05235204855842182,0.036329925836841165
104,0.23841909508261128,0.21577457539886769,0.2170826899982845,55,-0.7764472295186762,363700,1,0,smac,roc_auc,binary,LGBM,,False,cv,0.0,78,3,3,LGBM_363700_20260405_160514,363700_rep1_fold0_smac_roc_auc_cv,LGBM_363700_20260405_160514::363700_rep1_fold0_smac_roc_auc_cv,0.25955045934906895,0.039453717754173244,0.032621767889356924
105,0.5,0.5,0.5,55,-0.776447229519034,363700,1,0,smac,roc_auc,binary,LGBM,,False,cv,0.0,78,3,3,LGBM_363700_20260405_160514,363700_rep1_fold0_smac_roc_auc_cv,LGBM_363700_20260405_160514::363700_rep1_fold0_smac_roc_auc_cv,0.9667426415638452,0.9139011677772645,0.6937261976347965
106,0.24913829082071037,0.2568622405215303,0.23091439354949383,55,-0.7764472295190322,363700,1,0,smac,roc_auc,binary,LGBM,,False,cv,0.0,78,3,3,LGBM_363700_20260405_160514,363700_rep1_fold0_smac_roc_auc_cv,LGBM_363700_20260405_160514::363700_rep1_fold0_smac_roc_auc_cv,0.2885301412872734,0.16586395724747674,0.06494287432351173
107,0.23629121351238547,0.21905558414822424,0.2179511923142906,55,-0.77644722951941,363700,1,0,smac,roc_auc,binary,LGBM,,False,cv,0.0,78,3,3,LGBM_363700_20260405_160514,363700_rep1_fold0_smac_roc_auc_cv,LGBM_363700_20260405_160514::363700_rep1_fold0_smac_roc_auc_cv,0.2537976647725006,0.04954806360097634,0.03465123271196649
108,0.23742665651928418,0.2407681420483787,0.23031394750386003,55,-0.7764472295193875,363700,1,0,smac,roc_auc,binary,LGBM,,False,cv,0.0,78,3,3,LGBM_363700_20260405_160514,363700_rep1_fold0_smac_roc_auc_cv,LGBM_363700_20260405_160514::363700_rep1_fold0_smac_roc_auc_cv,0.2568673705604013,0.11634888170482294,0.06353978753257188
109,0.3415081138143521,0.3309315491507977,0.2898438840281352,55,-0.7764472295193977,363700,1,0,smac,roc_auc,binary,LGBM,,False,cv,0.0,78,3,3,LGBM_363700_20260405_160514,363700_rep1_fold0_smac_roc_auc_cv,LGBM_363700_20260405_160514::363700_rep1_fold0_smac_roc_auc_cv,0.5382548553840312,0.3937454641419807,0.2026458208057729
110,0.24591486018707187,0.22311931720706812,0.21968819694630304,55,-0.7764472295193943,363700,1,0,smac,roc_auc,binary,LGBM,,False,cv,0.0,78,3,3,LGBM_363700_20260405_160514,363700_rep1_fold0_smac_roc_auc_cv,LGBM_363700_20260405_160514::363700_rep1_fold0_smac_roc_auc_cv,0.2798154954504884,0.06205053770535109,0.038710162357186155
111,0.23329548523310328,0.20822611082518439,0.2113891748155774,55,-0.7764472295193903,363700,1,0,smac,roc_auc,binary,LGBM,,False,cv,0.0,78,3,3,LGBM_363700_20260405_160514,363700_rep1_fold0_smac_roc_auc_cv,LGBM_363700_20260405_160514::363700_rep1_fold0_smac_roc_auc_cv,0.24569861939372128,0.01623012469486075,0.019317498496693168
112,0.2347703336361182,0.21705052324583973,0.21885186138274149,55,-0.7764472295193792,363700,1,0,smac,roc_auc,binary,LGBM,,False,cv,0.0,78,3,3,LGBM_363700_20260405_160514,363700_rep1_fold0_smac_roc_auc_cv,LGBM_363700_20260405_160514::363700_rep1_fold0_smac_roc_auc_cv,0.24968591831714043,0.04337929669459684,0.03675586289837666
113,0.3030945425085312,0.23063561502830676,0.24681549150797732,55,-0.7764472295190213,363700,1,0,smac,roc_auc,binary,LGBM,,False,cv,0.0,78,3,3,LGBM_363700_20260405_160514,363700_rep1_fold0_smac_roc_auc_cv,LGBM_363700_20260405_160514::363700_rep1_fold0_smac_roc_auc_cv,0.4344025603282978,0.08517516658969496,0.10209961916215683
114,0.2984459774629906,0.2324369531652084,0.2466761022473838,55,-0.7764472295190601,363700,1,0,smac,roc_auc,binary,LGBM,,False,cv,0.0,78,3,3,LGBM_363700_20260405_160514,363700_rep1_fold0_smac_roc_auc_cv,LGBM_363700_20260405_160514::363700_rep1_fold0_smac_roc_auc_cv,0.421835018902591,0.09071716038793982,0.10177390258568872
115,0.23783848476665115,0.22895222165036877,0.22168253559787277,55,-0.7764472295190891,363700,1,0,smac,roc_auc,binary,LGBM,,False,cv,0.0,78,3,3,LGBM_363700_20260405_160514,363700_rep1_fold0_smac_roc_auc_cv,LGBM_363700_20260405_160514::363700_rep1_fold0_smac_roc_auc_cv,0.2579807611461748,0.07999604143300139,0.0433704149128085
116,0.2611255002086761,0.21853019385829464,0.23047478126608345,55,-0.7764472295192261,363700,1,0,smac,roc_auc,binary,LGBM,,False,cv,0.0,78,3,3,LGBM_363700_20260405_160514,363700_rep1_fold0_smac_roc_auc_cv,LGBM_363700_20260405_160514::363700_rep1_fold0_smac_roc_auc_cv,0.320937937905372,0.047931648743155086,0.06391561435157381
117,0.23860567598752846,0.22062103276719847,0.2234731514839594,55,-0.7764472295190515,363700,1,0,smac,roc_auc,binary,LGBM,,False,cv,0.0,78,3,3,LGBM_363700_20260405_160514,363700_rep1_fold0_smac_roc_auc_cv,LGBM_363700_20260405_160514::363700_rep1_fold0_smac_roc_auc_cv,0.2600548866785396,0.054364320116118275,0.04755462016436153
118,0.24420617189993377,0.22923100017155595,0.22797649682621368,55,-0.7764472295191058,363700,1,0,smac,roc_auc,binary,LGBM,,False,cv,0.0,78,3,3,LGBM_363700_20260405_160514,363700_rep1_fold0_smac_roc_auc_cv,LGBM_363700_20260405_160514::363700_rep1_fold0_smac_roc_auc_cv,0.27519600306480513,0.0808537309493965,0.0580777710964121
119,0.23540740922593473,0.22835177560473507,0.22641104820723967,55,-0.7764472295191376,363700,1,0,smac,roc_auc,binary,LGBM,,False,cv,0.0,78,3,3,LGBM_363700_20260405_160514,363700_rep1_fold0_smac_roc_auc_cv,LGBM_363700_20260405_160514::363700_rep1_fold0_smac_roc_auc_cv,0.25140827215921613,0.07814871016692033,0.054419723391461415
120,0.5,0.5,0.5,55,-0.7764472295189655,363700,1,0,smac,roc_auc,binary,LGBM,,False,cv,0.0,78,3,3,LGBM_363700_20260405_160514,363700_rep1_fold0_smac_roc_auc_cv,LGBM_363700_20260405_160514::363700_rep1_fold0_smac_roc_auc_cv,0.9667426415638452,0.9139011677772645,0.6937261976347965
121,0.33412589301058104,0.26805627037227653,0.26372448104306057,55,-0.776447229518963,363700,1,0,smac,roc_auc,binary,LGBM,,False,cv,0.0,78,3,3,LGBM_363700_20260405_160514,363700_rep1_fold0_smac_roc_auc_cv,LGBM_363700_20260405_160514::363700_rep1_fold0_smac_roc_auc_cv,0.5182967898614009,0.2003034901365708,0.1416115453998799
122,0.26213757886725764,0.20674644021272948,0.21413407102418935,55,-0.7764472295190081,363700,1,0,smac,roc_auc,binary,LGBM,,False,cv,0.0,78,3,3,LGBM_363700_20260405_160514,363700_rep1_fold0_smac_roc_auc_cv,LGBM_363700_20260405_160514::363700_rep1_fold0_smac_roc_auc_cv,0.3236741243076682,0.011677772646302511,0.025731609540990262
123,0.2435396361672355,0.21474523932063816,0.22186481386172585,55,-0.7764472295190239,363700,1,0,smac,roc_auc,binary,LGBM,,False,cv,0.0,78,3,3,LGBM_363700_20260405_160514,363700_rep1_fold0_smac_roc_auc_cv,LGBM_363700_20260405_160514::363700_rep1_fold0_smac_roc_auc_cv,0.27339400280228643,0.03628686415517613,0.04379635197434373
124,0.2627341467606118,0.22579987991079087,0.23541773889174822,55,-0.7764472295190269,363700,1,0,smac,roc_auc,binary,LGBM,,False,cv,0.0,78,3,3,LGBM_363700_20260405_160514,363700_rep1_fold0_smac_roc_auc_cv,LGBM_363700_20260405_160514::363700_rep1_fold0_smac_roc_auc_cv,0.32528696432163495,0.0702975522860728,0.07546602525556255
125,0.2294227039501141,0.2091053353920055,0.21272945616743866,55,-0.7764472295189145,363700,1,0,smac,roc_auc,binary,LGBM,,False,cv,0.0,78,3,3,LGBM_363700_20260405_160514,363700_rep1_fold0_smac_roc_auc_cv,LGBM_363700_20260405_160514::363700_rep1_fold0_smac_roc_auc_cv,0.23522843370634242,0.0189351454773376,0.02244938865504125
126,0.23094235632042825,0.21457368330759985,0.21592468691027622,55,-0.776447229518785,363700,1,0,smac,roc_auc,binary,LGBM,,False,cv,0.0,78,3,3,LGBM_363700_20260405_160514,363700_rep1_fold0_smac_roc_auc_cv,LGBM_363700_20260405_160514::363700_rep1_fold0_smac_roc_auc_cv,0.2393368615608516,0.03575905522200978,0.029915814792543814
127,0.2366263226376648,0.22596071367301418,0.22038514324927083,55,-0.7764472295189245,363700,1,0,smac,roc_auc,binary,LGBM,,False,cv,0.0,78,3,3,LGBM_363700_20260405_160514,363700_rep1_fold0_smac_roc_auc_cv,LGBM_363700_20260405_160514::363700_rep1_fold0_smac_roc_auc_cv,0.2547036428050379,0.07079237316091594,0.04033874523952701
128,0.24769351631355407,0.25619746097100704,0.2307642820380854,55,-0.7764472295189238,363700,1,0,smac,roc_auc,binary,LGBM,,False,cv,0.0,78,3,3,LGBM_363700_20260405_160514,363700_rep1_fold0_smac_roc_auc_cv,LGBM_363700_20260405_160514::363700_rep1_fold0_smac_roc_auc_cv,0.28462414808472364,0.16381869763145776,0.06459210262577683
129,0.2337539587066998,0.22414865328529765,0.2143485160404871,55,-0.7764472295189435,363700,1,0,smac,roc_auc,binary,LGBM,,False,cv,0.0,78,3,3,LGBM_363700_20260405_160514,363700_rep1_fold0_smac_roc_auc_cv,LGBM_363700_20260405_160514::363700_rep1_fold0_smac_roc_auc_cv,0.24693811681186312,0.0652173913043482,0.02623271196632583
130,0.30688262588073545,0.25030022302281696,0.25977869274318066,55,-0.7764472295189339,363700,1,0,smac,roc_auc,binary,LGBM,,False,cv,0.0,78,3,3,LGBM_363700_20260405_160514,363700_rep1_fold0_smac_roc_auc_cv,LGBM_363700_20260405_160514::363700_rep1_fold0_smac_roc_auc_cv,0.44464376255690347,0.14567526555386986,0.13239126077370234
131,0.23368644587926246,0.22475982158174634,0.22192914736661518,55,-0.7764472295189295,363700,1,0,smac,roc_auc,binary,LGBM,,False,cv,0.0,78,3,3,LGBM_363700_20260405_160514,363700_rep1_fold0_smac_roc_auc_cv,LGBM_363700_20260405_160514::363700_rep1_fold0_smac_roc_auc_cv,0.24675559376501466,0.06709771062875247,0.0439466827019444
132,0.24114293079321425,0.21325484645736825,0.21167867558757925,55,-0.7764472295189314,363700,1,0,smac,roc_auc,binary,LGBM,,False,cv,0.0,78,3,3,LGBM_363700_20260405_160514,363700_rep1_fold0_smac_roc_auc_cv,LGBM_363700_20260405_160514::363700_rep1_fold0_smac_roc_auc_cv,0.26691443463917736,0.031701524048294676,0.019993986770895925
133,0.2484570250165714,0.24370603877165886,0.23162206210327674,55,-0.7764472295189326,363700,1,0,smac,roc_auc,binary,LGBM,,False,cv,0.0,78,3,3,LGBM_363700_20260405_160514,363700_rep1_fold0_smac_roc_auc_cv,LGBM_363700_20260405_160514::363700_rep1_fold0_smac_roc_auc_cv,0.2866883178145337,0.125387609685294,0.06659651232711988
134,0.2513165001350257,0.22000986447074966,0.21539929662034651,55,-0.7764472295189505,363700,1,0,smac,roc_auc,binary,LGBM,,False,cv,0.0,78,3,3,LGBM_363700_20260405_160514,363700_rep1_fold0_smac_roc_auc_cv,LGBM_363700_20260405_160514::363700_rep1_fold0_smac_roc_auc_cv,0.2944189984987648,0.05248400079171366,0.028688113850471153
135,0.2406230820219477,0.2170076342425803,0.2271830502659118,55,-0.7764472295189849,363700,1,0,smac,roc_auc,binary,LGBM,,False,cv,0.0,78,3,3,LGBM_363700_20260405_160514,363700_rep1_fold0_smac_roc_auc_cv,LGBM_363700_20260405_160514::363700_rep1_fold0_smac_roc_auc_cv,0.2655090071784468,0.04324734446130568,0.05622369212266998
136,0.2438489676674932,0.21833719334362667,0.2263896037056099,55,-0.7764472295189996,363700,1,0,smac,roc_auc,binary,LGBM,,False,cv,0.0,78,3,3,LGBM_363700_20260405_160514,363700_rep1_fold0_smac_roc_auc_cv,LGBM_363700_20260405_160514::363700_rep1_fold0_smac_roc_auc_cv,0.27423029021693585,0.047337863693343314,0.05436961314892785
137,0.23943424250607614,0.21666452221650367,0.21893763938926059,55,-0.7764472295190075,363700,1,0,smac,roc_auc,binary,LGBM,,False,cv,0.0,78,3,3,LGBM_363700_20260405_160514,363700_rep1_fold0_smac_roc_auc_cv,LGBM_363700_20260405_160514::363700_rep1_fold0_smac_roc_auc_cv,0.2622949422534941,0.042191726594972966,0.036956303868510884
138,0.34042054353963613,0.27382484131068796,0.2767627380339681,55,-0.7764472295190177,363700,1,0,smac,roc_auc,binary,LGBM,,False,cv,0.0,78,3,3,LGBM_363700_20260405_160514,363700_rep1_fold0_smac_roc_auc_cv,LGBM_363700_20260405_160514::363700_rep1_fold0_smac_roc_auc_cv,0.5353145750293501,0.2180510655142842,0.17207857286029285
139,0.24559816365109366,0.2223473151483959,0.22827671984903075,55,-0.7764472295190181,363700,1,0,smac,roc_auc,binary,LGBM,,False,cv,0.0,78,3,3,LGBM_363700_20260405_160514,363700_rep1_fold0_smac_roc_auc_cv,LGBM_363700_20260405_160514::363700_rep1_fold0_smac_roc_auc_cv,0.2789592964307281,0.059675397506103005,0.058779314491882416
140,0.3675091449193528,0.3224931377594784,0.2922992794647452,55,-0.7764472295184207,363700,1,0,smac,roc_auc,binary,LGBM,,False,cv,0.0,78,3,3,LGBM_363700_20260405_160514,363700_rep1_fold0_smac_roc_auc_cv,LGBM_363700_20260405_160514::363700_rep1_fold0_smac_roc_auc_cv,0.6085494586265228,0.3677838622418685,0.20838344357586697
141,0.22791655414528766,0.2073361640075484,0.21052067249957118,55,-0.7764472295183676,363700,1,0,smac,roc_auc,binary,LGBM,,False,cv,0.0,78,3,3,LGBM_363700_20260405_160514,363700_rep1_fold0_smac_roc_auc_cv,LGBM_363700_20260405_160514::363700_rep1_fold0_smac_roc_auc_cv,0.23115651046120358,0.013492115854061026,0.01728803367408334
142,0.2624512066383522,0.25699090753130904,0.24062875278778517,55,-0.7764472295183815,363700,1,0,smac,roc_auc,binary,LGBM,,False,cv,0.0,78,3,3,LGBM_363700_20260405_160514,363700_rep1_fold0_smac_roc_auc_cv,LGBM_363700_20260405_160514::363700_rep1_fold0_smac_roc_auc_cv,0.3245220268252987,0.1662598139473516,0.08764281419122076
143,0.24242997078535844,0.21345856922285122,0.21408045977011492,55,-0.7764472295183807,363700,1,0,smac,roc_auc,binary,LGBM,,False,cv,0.0,78,3,3,LGBM_363700_20260405_160514,363700_rep1_fold0_smac_roc_auc_cv,LGBM_363700_20260405_160514::363700_rep1_fold0_smac_roc_auc_cv,0.2703939876322737,0.03232829715642966,0.025606333934656368
144,0.23479304249625632,0.22388059701492535,0.21838008234688622,55,-0.776447229518314,363700,1,0,smac,roc_auc,binary,LGBM,,False,cv,0.0,78,3,3,LGBM_363700_20260405_160514,363700_rep1_fold0_smac_roc_auc_cv,LGBM_363700_20260405_160514::363700_rep1_fold0_smac_roc_auc_cv,0.2497473124328988,0.06439268984627597,0.03565343756263789
145,0.23348452114992768,0.22642177045805456,0.2231514839595129,55,-0.776447229518325,363700,1,0,smac,roc_auc,binary,LGBM,,False,cv,0.0,78,3,3,LGBM_363700_20260405_160514,363700_rep1_fold0_smac_roc_auc_cv,LGBM_363700_20260405_160514::363700_rep1_fold0_smac_roc_auc_cv,0.2462096839248966,0.07221085966880028,0.04680296652635844
146,0.24912724326712987,0.259060301938583,0.22956338994681746,55,-0.7764472295182937,363700,1,0,smac,roc_auc,binary,LGBM,,False,cv,0.0,78,3,3,LGBM_363700_20260405_160514,363700_rep1_fold0_smac_roc_auc_cv,LGBM_363700_20260405_160514::363700_rep1_fold0_smac_roc_auc_cv,0.2885002738796077,0.1726265092036687,0.06178592904389634
147,0.23946861267277142,0.21429490478641267,0.21683607822954198,55,-0.7764472295183001,363700,1,0,smac,roc_auc,binary,LGBM,,False,cv,0.0,78,3,3,LGBM_363700_20260405_160514,363700_rep1_fold0_smac_roc_auc_cv,LGBM_363700_20260405_160514::363700_rep1_fold0_smac_roc_auc_cv,0.2623878630773439,0.03490136570561466,0.03204550010022076
148,0.23161257457098672,0.21805841482243948,0.2208462000343112,55,-0.7764472295183094,363700,1,0,smac,roc_auc,binary,LGBM,,False,cv,0.0,78,3,3,LGBM_363700_20260405_160514,363700_rep1_fold0_smac_roc_auc_cv,LGBM_363700_20260405_160514::363700_rep1_fold0_smac_roc_auc_cv,0.2411488176259256,0.046480174176948205,0.041416115453999
149,0.29422826700709503,0.24320209298335915,0.24320209298335893,55,-0.7764472295183058,363700,1,0,smac,roc_auc,binary,LGBM,,False,cv,0.0,78,3,3,LGBM_363700_20260405_160514,363700_rep1_fold0_smac_roc_auc_cv,LGBM_363700_20260405_160514::363700_rep1_fold0_smac_roc_auc_cv,0.41043230637586103,0.12383717094411884,0.09365604329524939
150,0.23820857781160232,0.22984216846800487,0.22863055412592204,55,-0.7764472295182777,363700,1,0,smac,roc_auc,binary,LGBM,,False,cv,0.0,78,3,3,LGBM_363700_20260405_160514,363700_rep1_fold0_smac_roc_auc_cv,LGBM_363700_20260405_160514::363700_rep1_fold0_smac_roc_auc_cv,0.25898131930298746,0.08273405027380146,0.059606133493686105
151,0.23181020302948463,0.21131411905987307,0.21483101732715726,55,-0.7764472295182624,363700,1,0,smac,roc_auc,binary,LGBM,,False,cv,0.0,78,3,3,LGBM_363700_20260405_160514,363700_rep1_fold0_smac_roc_auc_cv,LGBM_363700_20260405_160514::363700_rep1_fold0_smac_roc_auc_cv,0.24168311236306256,0.025730685491852427,0.027360192423331375
152,0.24442037168880282,0.23037828100874935,0.23528907188196946,55,-0.7764472295182446,363700,1,0,smac,roc_auc,binary,LGBM,,False,cv,0.0,78,3,3,LGBM_363700_20260405_160514,363700_rep1_fold0_smac_roc_auc_cv,LGBM_363700_20260405_160514::363700_rep1_fold0_smac_roc_auc_cv,0.27577509891344165,0.0843834531899456,0.07516536380036096
153,0.2542361230451968,0.239460027448962,0.23455995882655678,55,-0.7764472295182571,363700,1,0,smac,roc_auc,binary,LGBM,,False,cv,0.0,78,3,3,LGBM_363700_20260405_160514,363700_rep1_fold0_smac_roc_auc_cv,LGBM_363700_20260405_160514::363700_rep1_fold0_smac_roc_auc_cv,0.3023122906247334,0.11232433858943071,0.07346161555421923
154,0.24537966759138785,0.23143978383942354,0.23119317207068102,55,-0.7764472295182616,363700,1,0,smac,roc_auc,binary,LGBM,,False,cv,0.0,78,3,3,LGBM_363700_20260405_160514,363700_rep1_fold0_smac_roc_auc_cv,LGBM_363700_20260405_160514::363700_rep1_fold0_smac_roc_auc_cv,0.2783685854791107,0.08764927096391133,0.06559430747644822
155,0.31181167603662874,0.24487476411048203,0.25523245839766684,55,-0.7764472295182662,363700,1,0,smac,roc_auc,binary,LGBM,,False,cv,0.0,78,3,3,LGBM_363700_20260405_160514,363700_rep1_fold0_smac_roc_auc_cv,LGBM_363700_20260405_160514::363700_rep1_fold0_smac_roc_auc_cv,0.4579696042772428,0.12898330804248884,0.12176788935658464
156,0.2527410207939509,0.2268292159890204,0.23103233830845782,55,-0.7764472295182632,363700,1,0,smac,roc_auc,binary,LGBM,,False,cv,0.0,78,3,3,LGBM_363700_20260405_160514,363700_rep1_fold0_smac_roc_auc_cv,LGBM_363700_20260405_160514::363700_rep1_fold0_smac_roc_auc_cv,0.2982702347872603,0.07346440588506992,0.0652184806574468
157,0.23341516706356025,0.2212000343112026,0.2220899811288386,55,-0.7764472295182225,363700,1,0,smac,roc_auc,binary,LGBM,,False,cv,0.0,78,3,3,LGBM_363700_20260405_160514,363700_rep1_fold0_smac_roc_auc_cv,LGBM_363700_20260405_160514::363700_rep1_fold0_smac_roc_auc_cv,0.24602218297677048,0.05614567526555426,0.04432250952094634
158,0.2808380183143888,0.3169711785898096,0.3004589123348773,55,-0.7764472295182786,363700,1,0,smac,roc_auc,binary,LGBM,,False,cv,0.0,78,3,3,LGBM_363700_20260405_160514,363700_rep1_fold0_smac_roc_auc_cv,LGBM_363700_20260405_160514::363700_rep1_fold0_smac_roc_auc_cv,0.37423134898417343,0.3507950122055819,0.22745039085989183
159,0.2415381877102103,0.228148052839252,0.21978469720363691,55,-0.7764472295182436,363700,1,0,smac,roc_auc,binary,LGBM,,False,cv,0.0,78,3,3,LGBM_363700_20260405_160514,363700_rep1_fold0_smac_roc_auc_cv,LGBM_363700_20260405_160514::363700_rep1_fold0_smac_roc_auc_cv,0.2679830241134519,0.07752193705878502,0.0389356584485869
160,0.2348967667493188,0.24030708526333844,0.23424901355292505,55,-0.7764472295182495,363700,1,0,smac,roc_auc,binary,LGBM,,False,cv,0.0,78,3,3,LGBM_363700_20260405_160514,363700_rep1_fold0_smac_roc_auc_cv,LGBM_363700_20260405_160514::363700_rep1_fold0_smac_roc_auc_cv,0.2500277342048742,0.11493039519693893,0.07273501703748267
161,0.26521555004541764,0.27513295591010467,0.2791752444673187,55,-0.7764472295182616,363700,1,0,smac,roc_auc,binary,LGBM,,False,cv,0.0,78,3,3,LGBM_363700_20260405_160514,363700_rep1_fold0_smac_roc_auc_cv,LGBM_363700_20260405_160514::363700_rep1_fold0_smac_roc_auc_cv,0.3319955159435164,0.2220756086296764,0.17771597514532006
162,0.5,0.22477054383256134,0.5,55,-0.7764472295187542,363700,1,0,smac,roc_auc,binary,LGBM,,False,cv,0.0,78,3,3,LGBM_363700_20260405_160514,363700_rep1_fold0_smac_roc_auc_cv,LGBM_363700_20260405_160514::363700_rep1_fold0_smac_roc_auc_cv,0.9667426415638452,0.06713069868707569,0.6937261976347965
163,0.23645385805121166,0.2194523074283753,0.21798335906673527,55,-0.776447229518219,363700,1,0,smac,roc_auc,binary,LGBM,,False,cv,0.0,78,3,3,LGBM_363700_20260405_160514,363700_rep1_fold0_smac_roc_auc_cv,LGBM_363700_20260405_160514::363700_rep1_fold0_smac_roc_auc_cv,0.2542373793853625,0.05076862175892344,0.03472639807576683
164,0.23901013919917513,0.2141019042717447,0.22089981128838565,55,-0.7764472295181594,363700,1,0,smac,roc_auc,binary,LGBM,,False,cv,0.0,78,3,3,LGBM_363700_20260405_160514,363700_rep1_fold0_smac_roc_auc_cv,LGBM_363700_20260405_160514::363700_rep1_fold0_smac_roc_auc_cv,0.2611483656592027,0.034307580655802895,0.041541391060332895
165,0.23636179510470634,0.2302496139989707,0.22797649682621368,55,-0.7764472295188941,363700,1,0,smac,roc_auc,binary,LGBM,,False,cv,0.0,78,3,3,LGBM_363700_20260405_160514,363700_rep1_fold0_smac_roc_auc_cv,LGBM_363700_20260405_160514::363700_rep1_fold0_smac_roc_auc_cv,0.2539884843214786,0.08398759649007108,0.0580777710964121
166,0.2624284977782143,0.21731857951621214,0.21505618459427,55,-0.7764472295182014,363700,1,0,smac,roc_auc,binary,LGBM,,False,cv,0.0,78,3,3,LGBM_363700_20260405_160514,363700_rep1_fold0_smac_roc_auc_cv,LGBM_363700_20260405_160514::363700_rep1_fold0_smac_roc_auc_cv,0.3244606327095409,0.04420399815266942,0.027886349969933985
167,0.2402180050573246,0.2148739063304168,0.21948447418082007,55,-0.7764472295181886,363700,1,0,smac,roc_auc,binary,LGBM,,False,cv,0.0,78,3,3,LGBM_363700_20260405_160514,363700_rep1_fold0_smac_roc_auc_cv,LGBM_363700_20260405_160514::363700_rep1_fold0_smac_roc_auc_cv,0.26441386889735846,0.03668272085505064,0.03823411505311711
168,0.266419733385707,0.2169969119917653,0.2294668896894836,55,-0.7764472295186421,363700,1,0,smac,roc_auc,binary,LGBM,,False,cv,0.0,78,3,3,LGBM_363700_20260405_160514,363700_rep1_fold0_smac_roc_auc_cv,LGBM_363700_20260405_160514::363700_rep1_fold0_smac_roc_auc_cv,0.3352510633791171,0.04321435640298246,0.0615604329524956
169,0.2893771634792429,0.23829130211013894,0.23854863612969623,55,-0.7764472295185926,363700,1,0,smac,roc_auc,binary,LGBM,,False,cv,0.0,78,3,3,LGBM_363700_20260405_160514,363700_rep1_fold0_smac_roc_auc_cv,LGBM_363700_20260405_160514::363700_rep1_fold0_smac_roc_auc_cv,0.39731719580961,0.1087286402322362,0.08278212066546392
170,0.24482851741830947,0.2335091782466976,0.23041044776119401,55,-0.7764472295185777,363700,1,0,smac,roc_auc,binary,LGBM,,False,cv,0.0,78,3,3,LGBM_363700_20260405_160514,363700_rep1_fold0_smac_roc_auc_cv,LGBM_363700_20260405_160514::363700_rep1_fold0_smac_roc_auc_cv,0.2768785336966595,0.09401596622022877,0.06376528362397288
171,0.2381318586895147,0.2196238634414136,0.21948447418081996,55,-0.7764472295174255,363700,1,0,smac,roc_auc,binary,LGBM,,False,cv,0.0,78,3,3,LGBM_363700_20260405_160514,363700_rep1_fold0_smac_roc_auc_cv,LGBM_363700_20260405_160514::363700_rep1_fold0_smac_roc_auc_cv,0.25877390674975126,0.05129643069208979,0.03823411505311684
172,0.24800284781381188,0.2139303482587065,0.21574240864642302,55,-0.7764472295189385,363700,1,0,smac,roc_auc,binary,LGBM,,False,cv,0.0,78,3,3,LGBM_363700_20260405_160514,363700_rep1_fold0_smac_roc_auc_cv,LGBM_363700_20260405_160514::363700_rep1_fold0_smac_roc_auc_cv,0.2854604354993733,0.03377977172263688,0.02948987773100832
173,0.2388744997913239,0.21864813861725862,0.2182299708354778,55,-0.7764472295185321,363700,1,0,smac,roc_auc,binary,LGBM,,False,cv,0.0,78,3,3,LGBM_363700_20260405_160514,363700_rep1_fold0_smac_roc_auc_cv,LGBM_363700_20260405_160514::363700_rep1_fold0_smac_roc_auc_cv,0.2607816602650803,0.0482945173847074,0.03530266586490299
174,0.2449788868976015,0.22021358723623263,0.21740435752273124,55,-0.7764472295184572,363700,1,0,smac,roc_auc,binary,LGBM,,False,cv,0.0,78,3,3,LGBM_363700_20260405_160514,363700_rep1_fold0_smac_roc_auc_cv,LGBM_363700_20260405_160514::363700_rep1_fold0_smac_roc_auc_cv,0.27728506230100325,0.05311077389984865,0.03337342152736053
175,0.23860997225836544,0.21843369360096065,0.2185730828615543,55,-0.7764472295188243,363700,1,0,smac,roc_auc,binary,LGBM,,False,cv,0.0,78,3,3,LGBM_363700_20260405_160514,363700_rep1_fold0_smac_roc_auc_cv,LGBM_363700_20260405_160514::363700_rep1_fold0_smac_roc_auc_cv,0.260066501781521,0.0476347562182492,0.03610442974544016
176,0.26241622271868015,0.22738677303139476,0.23839852461828792,55,-0.7764472295188204,363700,1,0,smac,roc_auc,binary,LGBM,,False,cv,0.0,78,3,3,LGBM_363700_20260405_160514,363700_rep1_fold0_smac_roc_auc_cv,LGBM_363700_20260405_160514::363700_rep1_fold0_smac_roc_auc_cv,0.32442744670102275,0.07517978491786015,0.08243134896772929
177,0.2377918395404217,0.24989277749185113,0.24616143420826908,55,-0.7764472295188292,363700,1,0,smac,roc_auc,binary,LGBM,,False,cv,0.0,78,3,3,LGBM_363700_20260405_160514,363700_rep1_fold0_smac_roc_auc_cv,LGBM_363700_20260405_160514::363700_rep1_fold0_smac_roc_auc_cv,0.2578546543138067,0.14442171933760023,0.1005712567648831
178,0.25711216949402216,0.2248992108423401,0.22798721907702868,55,-0.7764472295184259,363700,1,0,smac,roc_auc,binary,LGBM,,False,cv,0.0,78,3,3,LGBM_363700_20260405_160514,363700_rep1_fold0_smac_roc_auc_cv,LGBM_363700_20260405_160514::363700_rep1_fold0_smac_roc_auc_cv,0.3100877724204638,0.06752655538695054,0.058102826217679135
179,0.23554857241057614,0.21113184079601988,0.213480013724481,55,-0.7764472295184072,363700,1,0,smac,roc_auc,binary,LGBM,,False,cv,0.0,78,3,3,LGBM_363700_20260405_160514,363700_rep1_fold0_smac_roc_auc_cv,LGBM_363700_20260405_160514::363700_rep1_fold0_smac_roc_auc_cv,0.2517899112571712,0.025169888500363197,0.02420324714371626
180,0.24782670070949853,0.21662163321324412,0.23109667181334703,55,-0.77644722951843,363700,1,0,smac,roc_auc,binary,LGBM,,False,cv,0.0,78,3,3,LGBM_363700_20260405_160514,363700_rep1_fold0_smac_roc_auc_cv,LGBM_363700_20260405_160514::363700_rep1_fold0_smac_roc_auc_cv,0.28498421627714254,0.042059774361681464,0.06536881138504722
181,0.22553396508973067,0.21907702864985412,0.21327629095899814,55,-0.7764472295185109,363700,1,0,smac,roc_auc,binary,LGBM,,False,cv,0.0,78,3,3,LGBM_363700_20260405_160514,363700_rep1_fold0_smac_roc_auc_cv,LGBM_363700_20260405_160514::363700_rep1_fold0_smac_roc_auc_cv,0.22471510620789034,0.04961403971762244,0.023727199839647467
182,0.24282891022021458,0.21509907359752944,0.22273331617773195,55,-0.7764472295185367,363700,1,0,smac,roc_auc,binary,LGBM,,False,cv,0.0,78,3,3,LGBM_363700_20260405_160514,363700_rep1_fold0_smac_roc_auc_cv,LGBM_363700_20260405_160514::363700_rep1_fold0_smac_roc_auc_cv,0.27147253290910317,0.03737547007983104,0.0458258167969533
183,0.2449997544988094,0.2223473151483959,0.22510293360782285,55,-0.7764472295185372,363700,1,0,smac,roc_auc,binary,LGBM,,False,cv,0.0,78,3,3,LGBM_363700_20260405_160514,363700_rep1_fold0_smac_roc_auc_cv,LGBM_363700_20260405_160514::363700_rep1_fold0_smac_roc_auc_cv,0.27734147851548363,0.059675397506103005,0.05136299859691315
184,0.23862838484766646,0.22115714530794306,0.21588179790701667,55,-0.7764472295185475,363700,1,0,smac,roc_auc,binary,LGBM,,False,cv,0.0,78,3,3,LGBM_363700_20260405_160514,363700_rep1_fold0_smac_roc_auc_cv,LGBM_363700_20260405_160514::363700_rep1_fold0_smac_roc_auc_cv,0.26011628079429766,0.056013723032262756,0.0298155943074767
185,0.24194449218078717,0.26066863956081665,0.2338522902727741,55,-0.7764472295185889,363700,1,0,smac,roc_auc,binary,LGBM,,False,cv,0.0,78,3,3,LGBM_363700_20260405_160514,363700_rep1_fold0_smac_roc_auc_cv,LGBM_363700_20260405_160514::363700_rep1_fold0_smac_roc_auc_cv,0.2690814809953929,0.17757471795210178,0.0718079775506116
186,0.2354528269462106,0.22114642305712828,0.21846586035340554,55,-0.7764472295185996,363700,1,0,smac,roc_auc,binary,LGBM,,False,cv,0.0,78,3,3,LGBM_363700_20260405_160514,363700_rep1_fold0_smac_roc_auc_cv,LGBM_363700_20260405_160514::363700_rep1_fold0_smac_roc_auc_cv,0.251531060390732,0.05598073497394022,0.03585387853277264
187,0.2345383350109248,0.2238269857608508,0.22257248241550864,55,-0.7764472295185976,363700,1,0,smac,roc_auc,binary,LGBM,,False,cv,0.0,78,3,3,LGBM_363700_20260405_160514,363700_rep1_fold0_smac_roc_auc_cv,LGBM_363700_20260405_160514::363700_rep1_fold0_smac_roc_auc_cv,0.24905870275615302,0.06422774955466125,0.045449989977951626
188,0.2360420298038447,0.21880897237948194,0.21771530279636298,55,-0.7764472295186352,363700,1,0,smac,roc_auc,binary,LGBM,,False,cv,0.0,78,3,3,LGBM_363700_20260405_160514,363700_rep1_fold0_smac_roc_auc_cv,LGBM_363700_20260405_160514::363700_rep1_fold0_smac_roc_auc_cv,0.253123988799589,0.04878933825955054,0.03410002004409711
189,0.23727444578106194,0.21870174987133306,0.216632355464059,55,-0.7764472295186566,363700,1,0,smac,roc_auc,binary,LGBM,,False,cv,0.0,78,3,3,LGBM_363700_20260405_160514,363700_rep1_fold0_smac_roc_auc_cv,LGBM_363700_20260405_160514::363700_rep1_fold0_smac_roc_auc_cv,0.2564558640547796,0.04845945767632178,0.03156945279615171
190,0.24904500036825183,0.21077800651912848,0.2165465774575399,55,-0.7764472295186964,363700,1,0,smac,roc_auc,binary,LGBM,,False,cv,0.0,78,3,3,LGBM_363700_20260405_160514,363700_rep1_fold0_smac_roc_auc_cv,LGBM_363700_20260405_160514::363700_rep1_fold0_smac_roc_auc_cv,0.28827792762253823,0.02408128257570795,0.03136901182601748
191,0.23829818574620076,0.2116357865843198,0.21457368330759985,55,-0.776447229518579,363700,1,0,smac,roc_auc,binary,LGBM,,False,cv,0.0,78,3,3,LGBM_363700_20260405_160514,363700_rep1_fold0_smac_roc_auc_cv,LGBM_363700_20260405_160514::363700_rep1_fold0_smac_roc_auc_cv,0.2592235771651676,0.026720327241539044,0.026758869512928437
192,0.23138609972258362,0.22528521187167616,0.22071753302453245,55,-0.7764472295188141,363700,1,0,smac,roc_auc,binary,LGBM,,False,cv,0.0,78,3,3,LGBM_363700_20260405_160514,363700_rep1_fold0_smac_roc_auc_cv,LGBM_363700_20260405_160514::363700_rep1_fold0_smac_roc_auc_cv,0.2405365357687712,0.06871412548657442,0.0411154539987974
193,0.2475854957896546,0.2222508148910619,0.22803010808028823,55,-0.7764472295187895,363700,1,0,smac,roc_auc,binary,LGBM,,False,cv,0.0,78,3,3,LGBM_363700_20260405_160514,363700_rep1_fold0_smac_roc_auc_cv,LGBM_363700_20260405_160514::363700_rep1_fold0_smac_roc_auc_cv,0.2843321112097668,0.05937850498119712,0.05820304670274625
194,0.5123014509120369,0.4792846114256304,0.6310687939612284,55,-0.776447229517974,363700,1,0,smac,roc_auc,binary,LGBM,,False,cv,0.0,78,3,3,LGBM_363700_20260405_160514,363700_rep1_fold0_smac_roc_auc_cv,LGBM_363700_20260405_160514::363700_rep1_fold0_smac_roc_auc_cv,1.0,0.8501682390974464,1.0
195,0.2643016718631086,0.2951835649339509,0.2875814891061932,55,-0.776447229518017,363700,1,0,smac,roc_auc,binary,LGBM,,False,cv,0.0,78,3,3,LGBM_363700_20260405_160514,363700_rep1_fold0_smac_roc_auc_cv,LGBM_363700_20260405_160514::363700_rep1_fold0_smac_roc_auc_cv,0.3295248176093635,0.2837632776934752,0.19735919021848083
196,0.24183524415093416,0.22856622062103282,0.22694716074798427,55,-0.7764472295184394,363700,1,0,smac,roc_auc,binary,LGBM,,False,cv,0.0,78,3,3,LGBM_363700_20260405_160514,363700_rep1_fold0_smac_roc_auc_cv,LGBM_363700_20260405_160514::363700_rep1_fold0_smac_roc_auc_cv,0.268786125519584,0.07880847133337786,0.055672479454800854
197,0.23433518277563647,0.21221478812832384,0.21070295076342438,55,-0.776447229518213,363700,1,0,smac,roc_auc,binary,LGBM,,False,cv,0.0,78,3,3,LGBM_363700_20260405_160514,363700_rep1_fold0_smac_roc_auc_cv,LGBM_363700_20260405_160514::363700_rep1_fold0_smac_roc_auc_cv,0.24850947431518278,0.028501682390974687,0.017713970735618832
198,0.23884012962462875,0.21969891919711793,0.2174150797735459,55,-0.7764472295183776,363700,1,0,smac,roc_auc,binary,LGBM,,False,cv,0.0,78,3,3,LGBM_363700_20260405_160514,363700_rep1_fold0_smac_roc_auc_cv,LGBM_363700_20260405_160514::363700_rep1_fold0_smac_roc_auc_cv,0.2606887394412308,0.051527347100350264,0.033398476648626794
199,0.24788316598335514,0.2219077028649854,0.2211035340538685,55,-0.7764472295181754,363700,1,0,smac,roc_auc,binary,LGBM,,False,cv,0.0,78,3,3,LGBM_363700_20260405_160514,363700_rep1_fold0_smac_roc_auc_cv,LGBM_363700_20260405_160514::363700_rep1_fold0_smac_roc_auc_cv,0.2851368719163247,0.058322887114864747,0.04201743836440169
200,0.2315751356394078,0.23870946989191966,0.23290873220106356,55,-0.7764472295154821,363700,1,0,smac,roc_auc,binary,LGBM,,False,cv,0.0,78,3,3,LGBM_363700_20260405_160514,363700_rep1_fold0_smac_roc_auc_cv,LGBM_363700_20260405_160514::363700_rep1_fold0_smac_roc_auc_cv,0.2410476002999459,0.11001517450682871,0.06960312687913407
201,0.24331377507180907,0.20573854863612973,0.20861211185452044,55,-0.7764472295181419,363700,1,0,smac,roc_auc,binary,LGBM,,False,cv,0.0,78,3,3,LGBM_363700_20260405_160514,363700_rep1_fold0_smac_roc_auc_cv,LGBM_363700_20260405_160514::363700_rep1_fold0_smac_roc_auc_cv,0.2727833802455578,0.00857689516395115,0.012828222088594963
202,0.2463874499791323,0.22943472293703882,0.22425587579344652,55,-0.7764472295182839,363700,1,0,smac,roc_auc,binary,LGBM,,False,cv,0.0,78,3,3,LGBM_363700_20260405_160514,363700_rep1_fold0_smac_roc_auc_cv,LGBM_363700_20260405_160514::363700_rep1_fold0_smac_roc_auc_cv,0.28109315677842517,0.08148050405753116,0.04938364401683713
203,0.23905494316647435,0.21687896723280153,0.21951664093326473,55,-0.7764472295183066,363700,1,0,smac,roc_auc,binary,LGBM,,False,cv,0.0,78,3,3,LGBM_363700_20260405_160514,363700_rep1_fold0_smac_roc_auc_cv,LGBM_363700_20260405_160514::363700_rep1_fold0_smac_roc_auc_cv,0.2612694945902928,0.04285148776143083,0.03830928041691744
204,0.2405702992659513,0.21101389603705611,0.2109388402813519,55,-0.7764472295184945,363700,1,0,smac,roc_auc,binary,LGBM,,False,cv,0.0,78,3,3,LGBM_363700_20260405_160514,363700_rep1_fold0_smac_roc_auc_cv,LGBM_363700_20260405_160514::363700_rep1_fold0_smac_roc_auc_cv,0.26536630734181993,0.02480701985881156,0.018265183403487956
205,0.2356492278987552,0.22099631154571975,0.21999914221993488,55,-0.7764472295181918,363700,1,0,smac,roc_auc,binary,LGBM,,False,cv,0.0,78,3,3,LGBM_363700_20260405_160514,363700_rep1_fold0_smac_roc_auc_cv,LGBM_363700_20260405_160514::363700_rep1_fold0_smac_roc_auc_cv,0.25206203652701736,0.055518902157419614,0.039436760873922984
206,0.23820857781160232,0.22984216846800487,0.22864127637673703,55,-0.776447229518213,363700,1,0,smac,roc_auc,binary,LGBM,,False,cv,0.0,78,3,3,LGBM_363700_20260405_160514,363700_rep1_fold0_smac_roc_auc_cv,LGBM_363700_20260405_160514::363700_rep1_fold0_smac_roc_auc_cv,0.25898131930298746,0.08273405027380146,0.05963118861495314
207,0.46184052242653384,0.5279850746268657,0.39935023160061756,55,-0.7764472295180734,363700,1,0,smac,roc_auc,binary,LGBM,,False,cv,0.0,78,3,3,LGBM_363700_20260405_160514,363700_rep1_fold0_smac_roc_auc_cv,LGBM_363700_20260405_160514::363700_rep1_fold0_smac_roc_auc_cv,0.8635772968844314,1.0,0.4585337743034676
208,0.24903149780276423,0.23229756390461487,0.2308500600446045,55,-0.7764472295185623,363700,1,0,smac,roc_auc,binary,LGBM,,False,cv,0.0,78,3,3,LGBM_363700_20260405_160514,363700_rep1_fold0_smac_roc_auc_cv,LGBM_363700_20260405_160514::363700_rep1_fold0_smac_roc_auc_cv,0.2882414230131682,0.09028831562974243,0.06479254359591105
209,0.5,0.5,0.5,55,-0.7764472295185383,363700,1,0,smac,roc_auc,binary,LGBM,,False,cv,0.0,78,3,3,LGBM_363700_20260405_160514,363700_rep1_fold0_smac_roc_auc_cv,LGBM_363700_20260405_160514::363700_rep1_fold0_smac_roc_auc_cv,0.9667426415638452,0.9139011677772645,0.6937261976347965
210,0.5,0.22363398524618294,0.5,55,-0.7764472295187483,363700,1,0,smac,roc_auc,binary,LGBM,,False,cv,0.0,78,3,3,LGBM_363700_20260405_160514,363700_rep1_fold0_smac_roc_auc_cv,LGBM_363700_20260405_160514::363700_rep1_fold0_smac_roc_auc_cv,0.9667426415638452,0.06363396450484982,0.6937261976347965
211,0.23381656151032326,0.2233015954709211,0.2209319780408303,55,-0.7764472295187597,363700,1,0,smac,roc_auc,binary,LGBM,,False,cv,0.0,78,3,3,LGBM_363700_20260405_160514,363700_rep1_fold0_smac_roc_auc_cv,LGBM_363700_20260405_160514::363700_rep1_fold0_smac_roc_auc_cv,0.24710736545530376,0.06261133469683965,0.04161655642413323
212,0.28132963444872705,0.31392605935838047,0.3104842168468005,55,-0.77644722951878,363700,1,0,smac,roc_auc,binary,LGBM,,False,cv,0.0,78,3,3,LGBM_363700_20260405_160514,363700_rep1_fold0_smac_roc_auc_cv,LGBM_363700_20260405_160514::363700_rep1_fold0_smac_roc_auc_cv,0.37556044862531296,0.34142640364188176,0.2508769292443377
213,0.5,0.2388488591525133,0.5,55,-0.7764472295185925,363700,1,0,smac,roc_auc,binary,LGBM,,False,cv,0.0,78,3,3,LGBM_363700_20260405_160514,363700_rep1_fold0_smac_roc_auc_cv,LGBM_363700_20260405_160514::363700_rep1_fold0_smac_roc_auc_cv,0.9667426415638452,0.11044401926502644,0.6937261976347965
214,0.2541231924974836,0.22511365585863774,0.22915594441585174,55,-0.776447229518517,363700,1,0,smac,roc_auc,binary,LGBM,,False,cv,0.0,78,3,3,LGBM_363700_20260405_160514,363700_rep1_fold0_smac_roc_auc_cv,LGBM_363700_20260405_160514::363700_rep1_fold0_smac_roc_auc_cv,0.3020069793463691,0.06818631655340772,0.060833834435758766
215,0.24893759359732892,0.215838908903757,0.22907016640933253,55,-0.7764472295184874,363700,1,0,smac,roc_auc,binary,LGBM,,False,cv,0.0,78,3,3,LGBM_363700_20260405_160514,363700_rep1_fold0_smac_roc_auc_cv,LGBM_363700_20260405_160514::363700_rep1_fold0_smac_roc_auc_cv,0.2879875500480069,0.0396516461041105,0.060633393465624276
216,0.25818930596813394,0.2213715903242408,0.22803010808028823,55,-0.7764472295183735,363700,1,0,smac,roc_auc,binary,LGBM,,False,cv,0.0,78,3,3,LGBM_363700_20260405_160514,363700_rep1_fold0_smac_roc_auc_cv,LGBM_363700_20260405_160514::363700_rep1_fold0_smac_roc_auc_cv,0.3129998446679041,0.05667348419872027,0.05820304670274625
217,0.23643176294405022,0.2193772516726712,0.21789758106021617,55,-0.7764472295184206,363700,1,0,smac,roc_auc,binary,LGBM,,False,cv,0.0,78,3,3,LGBM_363700_20260405_160514,363700_rep1_fold0_smac_roc_auc_cv,LGBM_363700_20260405_160514::363700_rep1_fold0_smac_roc_auc_cv,0.2541776445700299,0.050537705350663646,0.0345259571056326
218,0.5,0.5,0.5,55,-0.7764472295183961,363700,1,0,smac,roc_auc,binary,LGBM,,False,cv,0.0,78,3,3,LGBM_363700_20260405_160514,363700_rep1_fold0_smac_roc_auc_cv,LGBM_363700_20260405_160514::363700_rep1_fold0_smac_roc_auc_cv,0.9667426415638452,0.9139011677772645,0.6937261976347965
219,0.24089006456681306,0.22088908903757065,0.22307642820380857,55,-0.7764472295183248,363700,1,0,smac,roc_auc,binary,LGBM,,False,cv,0.0,78,3,3,LGBM_363700_20260405_160514,363700_rep1_fold0_smac_roc_auc_cv,LGBM_363700_20260405_160514::363700_rep1_fold0_smac_roc_auc_cv,0.2662308028637098,0.05518902157419017,0.04662758067749073
220,0.23172673262465326,0.22965989020415167,0.2297135014582261,55,-0.7764472295183715,363700,1,0,smac,roc_auc,binary,LGBM,,False,cv,0.0,78,3,3,LGBM_363700_20260405_160514,363700_rep1_fold0_smac_roc_auc_cv,LGBM_363700_20260405_160514::363700_rep1_fold0_smac_roc_auc_cv,0.2414574475051415,0.08217325328231223,0.06213670074163176
221,0.5,0.5,0.5,55,-0.776447229519231,363700,1,0,smac,roc_auc,binary,LGBM,,False,cv,0.0,78,3,3,LGBM_363700_20260405_160514,363700_rep1_fold0_smac_roc_auc_cv,LGBM_363700_20260405_160514::363700_rep1_fold0_smac_roc_auc_cv,0.9667426415638452,0.9139011677772645,0.6937261976347965
222,0.23785751110892883,0.21450934980271052,0.21601046491679532,55,-0.7764472295192846,363700,1,0,smac,roc_auc,binary,LGBM,,False,cv,0.0,78,3,3,LGBM_363700_20260405_160514,363700_rep1_fold0_smac_roc_auc_cv,LGBM_363700_20260405_160514::363700_rep1_fold0_smac_roc_auc_cv,0.2580321994593772,0.035561126872072524,0.03011625576267804
223,0.5,0.23256562017498705,0.5,55,-0.7764472295192726,363700,1,0,smac,roc_auc,binary,LGBM,,False,cv,0.0,78,3,3,LGBM_363700_20260405_160514,363700_rep1_fold0_smac_roc_auc_cv,LGBM_363700_20260405_160514::363700_rep1_fold0_smac_roc_auc_cv,0.9667426415638452,0.09111301708781433,0.6937261976347965
224,0.23874683917217,0.218401526848516,0.22112497855549829,55,-0.7764472295192392,363700,1,0,smac,roc_auc,binary,LGBM,,False,cv,0.0,78,3,3,LGBM_363700_20260405_160514,363700_rep1_fold0_smac_roc_auc_cv,LGBM_363700_20260405_160514::363700_rep1_fold0_smac_roc_auc_cv,0.26043652577649495,0.047535792043280574,0.04206754860693524
225,0.3121289863255837,0.2588565791731001,0.24145436610053173,55,-0.7764472295191265,363700,1,0,smac,roc_auc,binary,LGBM,,False,cv,0.0,78,3,3,LGBM_363700_20260405_160514,363700_rep1_fold0_smac_roc_auc_cv,LGBM_363700_20260405_160514::363700_rep1_fold0_smac_roc_auc_cv,0.45882746259742924,0.17199973609553404,0.08957205852876321
226,0.24128716274273931,0.22197203636987473,0.22644321495968422,55,-0.7764472295191118,363700,1,0,smac,roc_auc,binary,LGBM,,False,cv,0.0,78,3,3,LGBM_363700_20260405_160514,363700_rep1_fold0_smac_roc_auc_cv,LGBM_363700_20260405_160514::363700_rep1_fold0_smac_roc_auc_cv,0.2673043702392623,0.058520815464802006,0.05449488875526149
227,0.2582052635455282,0.21738291302110135,0.22651827071538855,55,-0.7764472295191566,363700,1,0,smac,roc_auc,binary,LGBM,,False,cv,0.0,78,3,3,LGBM_363700_20260405_160514,363700_rep1_fold0_smac_roc_auc_cv,LGBM_363700_20260405_160514::363700_rep1_fold0_smac_roc_auc_cv,0.3130429864789773,0.04440192650260634,0.054670274604129196
228,0.2523715415019764,0.21943086292674552,0.21806913707325437,55,-0.7764472295191651,363700,1,0,smac,roc_auc,binary,LGBM,,False,cv,0.0,78,3,3,LGBM_363700_20260405_160514,363700_rep1_fold0_smac_roc_auc_cv,LGBM_363700_20260405_160514::363700_rep1_fold0_smac_roc_auc_cv,0.2972713359308734,0.05070264564227769,0.034926839045901055
229,0.2448598188201213,0.2249957110996742,0.2275261622919884,55,-0.7764472295191577,363700,1,0,smac,roc_auc,binary,LGBM,,False,cv,0.0,78,3,3,LGBM_363700_20260405_160514,363700_rep1_fold0_smac_roc_auc_cv,LGBM_363700_20260405_160514::363700_rep1_fold0_smac_roc_auc_cv,0.2769631580183801,0.06782344791185677,0.05702545600320741
230,0.2440208185009698,0.25696946302967916,0.23056055927260244,55,-0.7764472295193963,363700,1,0,smac,roc_auc,binary,LGBM,,False,cv,0.0,78,3,3,LGBM_363700_20260405_160514,363700_rep1_fold0_smac_roc_auc_cv,LGBM_363700_20260405_160514::363700_rep1_fold0_smac_roc_auc_cv,0.27469489433618577,0.16619383783070552,0.06411605532170778
231,0.2591504431296492,0.22260464916795342,0.2267327157316863,55,-0.7764472295193954,363700,1,0,smac,roc_auc,binary,LGBM,,False,cv,0.0,78,3,3,LGBM_363700_20260405_160514,363700_rep1_fold0_smac_roc_auc_cv,LGBM_363700_20260405_160514::363700_rep1_fold0_smac_roc_auc_cv,0.31559830913485115,0.06046711090585271,0.055171377029464765
232,0.23717133528097611,0.2233123177217361,0.22101775604734952,55,-0.7764472295194226,363700,1,0,smac,roc_auc,binary,LGBM,,False,cv,0.0,78,3,3,LGBM_363700_20260405_160514,363700_rep1_fold0_smac_roc_auc_cv,LGBM_363700_20260405_160514::363700_rep1_fold0_smac_roc_auc_cv,0.25617710158323004,0.06264432275516287,0.04181699739426772
233,0.5,0.5,0.5,55,-0.7764472295160146,363700,1,0,smac,roc_auc,binary,LGBM,,False,cv,0.0,78,3,3,LGBM_363700_20260405_160514,363700_rep1_fold0_smac_roc_auc_cv,LGBM_363700_20260405_160514::363700_rep1_fold0_smac_roc_auc_cv,0.9667426415638452,0.9139011677772645,0.6937261976347965
234,0.2353589227407753,0.21869102762051817,0.21718991250643338,55,-0.7764472295160159,363700,1,0,smac,roc_auc,binary,LGBM,,False,cv,0.0,78,3,3,LGBM_363700_20260405_160514,363700_rep1_fold0_smac_roc_auc_cv,LGBM_363700_20260405_160514::363700_rep1_fold0_smac_roc_auc_cv,0.25127718742557076,0.0484264696179989,0.032872319102024705
235,0.2295626396288022,0.21011322696860524,0.20895522388059695,55,-0.7764472295160255,363700,1,0,smac,roc_auc,binary,LGBM,,False,cv,0.0,78,3,3,LGBM_363700_20260405_160514,363700_rep1_fold0_smac_roc_auc_cv,LGBM_363700_20260405_160514::363700_rep1_fold0_smac_roc_auc_cv,0.23560675420344593,0.02203602295968896,0.013629985969132131
236,0.24099624383178253,0.22710799451020747,0.2248027105850059,55,-0.7764472295158551,363700,1,0,smac,roc_auc,binary,LGBM,,False,cv,0.0,78,3,3,LGBM_363700_20260405_160514,363700_rep1_fold0_smac_roc_auc_cv,LGBM_363700_20260405_160514::363700_rep1_fold0_smac_roc_auc_cv,0.2665178618373893,0.07432209540146469,0.05066145520144309
237,0.2618570937569047,0.21507762909589978,0.23222250814891066,55,-0.7764472295158106,363700,1,0,smac,roc_auc,binary,LGBM,,False,cv,0.0,78,3,3,LGBM_363700_20260405_160514,363700_rep1_fold0_smac_roc_auc_cv,LGBM_363700_20260405_160514::363700_rep1_fold0_smac_roc_auc_cv,0.3229158240130351,0.03730949396318563,0.06799959911805999
238,0.2611420715390469,0.21939869617430086,0.2154957968776806,55,-0.7764472295159358,363700,1,0,smac,roc_auc,binary,LGBM,,False,cv,0.0,78,3,3,LGBM_363700_20260405_160514,363700_rep1_fold0_smac_roc_auc_cv,LGBM_363700_20260405_160514::363700_rep1_fold0_smac_roc_auc_cv,0.3209827390168707,0.05060368146730906,0.028913609941872417
239,0.2332764588908256,0.22066392177045813,0.21683607822954198,55,-0.7764472295160176,363700,1,0,smac,roc_auc,binary,LGBM,,False,cv,0.0,78,3,3,LGBM_363700_20260405_160514,363700_rep1_fold0_smac_roc_auc_cv,LGBM_363700_20260405_160514::363700_rep1_fold0_smac_roc_auc_cv,0.24564718108051883,0.05449627234941012,0.03204550010022076
240,0.23959872830383233,0.22017069823297297,0.21686824498198654,55,-0.7764472295160177,363700,1,0,smac,roc_auc,binary,LGBM,,False,cv,0.0,78,3,3,LGBM_363700_20260405_160514,363700_rep1_fold0_smac_roc_auc_cv,LGBM_363700_20260405_160514::363700_rep1_fold0_smac_roc_auc_cv,0.26273963476763335,0.052978821666556805,0.032120665464020835
241,0.23937532222031277,0.22151097958483446,0.22065319951964324,55,-0.7764472295160662,363700,1,0,smac,roc_auc,binary,LGBM,,False,cv,0.0,78,3,3,LGBM_363700_20260405_160514,363700_rep1_fold0_smac_roc_auc_cv,LGBM_363700_20260405_160514::363700_rep1_fold0_smac_roc_auc_cv,0.2621356494126085,0.057102328956918,0.04096512327119699
242,0.23485932781773977,0.23363784525647624,0.23054983702178755,55,-0.7764472295164017,363700,1,0,smac,roc_auc,binary,LGBM,,False,cv,0.0,78,3,3,LGBM_363700_20260405_160514,363700_rep1_fold0_smac_roc_auc_cv,LGBM_363700_20260405_160514::363700_rep1_fold0_smac_roc_auc_cv,0.24992651687889417,0.09441182292010329,0.06409100020044099
243,0.27049873566886795,0.22900583290444332,0.24129353233830841,55,-0.7764472295164747,363700,1,0,smac,roc_auc,binary,LGBM,,False,cv,0.0,78,3,3,LGBM_363700_20260405_160514,363700_rep1_fold0_smac_roc_auc_cv,LGBM_363700_20260405_160514::363700_rep1_fold0_smac_roc_auc_cv,0.34627877400959545,0.08016098172461611,0.08919623170976154
244,0.24413681781356644,0.21827285983873734,0.22121075656201739,55,-0.7764472295164592,363700,1,0,smac,roc_auc,binary,LGBM,,False,cv,0.0,78,3,3,LGBM_363700_20260405_160514,363700_rep1_fold0_smac_roc_auc_cv,LGBM_363700_20260405_160514::363700_rep1_fold0_smac_roc_auc_cv,0.2750085021166793,0.04713993534340606,0.04226798957706947
245,0.23467090565389237,0.21797263681592038,0.21747941327843545,55,-0.7764472295165318,363700,1,0,smac,roc_auc,binary,LGBM,,False,cv,0.0,78,3,3,LGBM_363700_20260405_160514,363700_rep1_fold0_smac_roc_auc_cv,LGBM_363700_20260405_160514::363700_rep1_fold0_smac_roc_auc_cv,0.24941711164814556,0.046216269710365195,0.03354880737622798
246,0.24342916063142916,0.215045462343455,0.2185730828615543,55,-0.7764472295160884,363700,1,0,smac,roc_auc,binary,LGBM,,False,cv,0.0,78,3,3,LGBM_363700_20260405_160514,363700_rep1_fold0_smac_roc_auc_cv,LGBM_363700_20260405_160514::363700_rep1_fold0_smac_roc_auc_cv,0.27309532872562586,0.03721052978821666,0.03610442974544016
247,0.2445560110966538,0.23281223194372958,0.23189011837364903,55,-0.7764472295161199,363700,1,0,smac,roc_auc,binary,LGBM,,False,cv,0.0,78,3,3,LGBM_363700_20260405_160514,363700_rep1_fold0_smac_roc_auc_cv,LGBM_363700_20260405_160514::363700_rep1_fold0_smac_roc_auc_cv,0.27614180430756347,0.09187174242924082,0.0672228903587896
248,0.23919794761004587,0.2120861211185452,0.21391962600789172,55,-0.776447229515858,363700,1,0,smac,roc_auc,binary,LGBM,,False,cv,0.0,78,3,3,LGBM_363700_20260405_160514,363700_rep1_fold0_smac_roc_auc_cv,LGBM_363700_20260405_160514::363700_rep1_fold0_smac_roc_auc_cv,0.2616561115895255,0.028105825691100175,0.02523050711565495
249,0.2493438980679057,0.20931978040830335,0.21096028478298157,55,-0.776447229515937,363700,1,0,smac,roc_auc,binary,LGBM,,False,cv,0.0,78,3,3,LGBM_363700_20260405_160514,363700_rep1_fold0_smac_roc_auc_cv,LGBM_363700_20260405_160514::363700_rep1_fold0_smac_roc_auc_cv,0.2890860069299477,0.01959490664379546,0.018315293646021254
0,0.2410638896707008,0.23395951278092297,0.2593926917138444,0,-0.7589361103292992,363700,1,0,hebo,roc_auc,binary,LGBM,,False,holdout,0.0,78,3,3,LGBM_363700_20260405_160514,363700_rep1_fold0_hebo_roc_auc_holdout,LGBM_363700_20260405_160514::363700_rep1_fold0_hebo_roc_auc_holdout,0.266700744484949,0.09540146466978991,0.13148927640809752
1,0.16985645933014348,0.22062103276719847,0.22807299708354778,1,-0.8301435406698565,363700,1,0,hebo,roc_auc,binary,LGBM,,False,holdout,0.0,78,3,3,LGBM_363700_20260405_160514,363700_rep1_fold0_hebo_roc_auc_holdout,LGBM_363700_20260405_160514::363700_rep1_fold0_hebo_roc_auc_holdout,0.07418922278825248,0.054364320116118275,0.05830326718781337
2,0.2669575007036308,0.22855549837021794,0.25154400411734434,1,-0.8301435406698565,363700,1,0,hebo,roc_auc,binary,LGBM,,False,holdout,0.0,78,3,3,LGBM_363700_20260405_160514,363700_rep1_fold0_hebo_roc_auc_holdout,LGBM_363700_20260405_160514::363700_rep1_fold0_hebo_roc_auc_holdout,0.33670493419283876,0.07877548327505499,0.11314892764081001
3,0.18519560934421608,0.22701149425287348,0.25943558071710415,1,-0.8301435406698565,363700,1,0,hebo,roc_auc,binary,LGBM,,False,holdout,0.0,78,3,3,LGBM_363700_20260405_160514,363700_rep1_fold0_hebo_roc_auc_holdout,LGBM_363700_20260405_160514::363700_rep1_fold0_hebo_roc_auc_holdout,0.11565909603912182,0.07402520287655881,0.13158949689316515
4,0.2637911623979734,0.2507720020586721,0.3216246354434722,1,-0.8301435406698565,363700,1,0,hebo,roc_auc,binary,LGBM,,False,holdout,0.0,78,3,3,LGBM_363700_20260405_160514,363700_rep1_fold0_hebo_roc_auc_holdout,LGBM_363700_20260405_160514::363700_rep1_fold0_hebo_roc_auc_holdout,0.3281446392557322,0.14712674012007673,0.27690920024052906
5,0.21362229102167185,0.2381411905987305,0.25180133813690164,1,-0.8301435406698565,363700,1,0,hebo,roc_auc,binary,LGBM,,False,holdout,0.0,78,3,3,LGBM_363700_20260405_160514,363700_rep1_fold0_hebo_roc_auc_holdout,LGBM_363700_20260405_160514::363700_rep1_fold0_hebo_roc_auc_holdout,0.19251152169669652,0.10826680741571594,0.1137502505512127
6,0.3540669856459331,0.25205867215645916,0.33895179276033627,1,-0.8301435406698565,363700,1,0,hebo,roc_auc,binary,LGBM,,False,holdout,0.0,78,3,3,LGBM_363700_20260405_160514,363700_rep1_fold0_hebo_roc_auc_holdout,LGBM_363700_20260405_160514::363700_rep1_fold0_hebo_roc_auc_holdout,0.5722081593514458,0.15108530711882356,0.317398276207657
7,0.16169434280889394,0.21906630639903923,0.22385915251329558,7,-0.8383056571911061,363700,1,0,hebo,roc_auc,binary,LGBM,,False,holdout,0.0,78,3,3,LGBM_363700_20260405_160514,363700_rep1_fold0_hebo_roc_auc_holdout,LGBM_363700_20260405_160514::363700_rep1_fold0_hebo_roc_auc_holdout,0.05212268472815713,0.04958105165929956,0.04845660452996607
8,0.2188291584576414,0.23383084577114432,0.27603362497855544,7,-0.8383056571911061,363700,1,0,hebo,roc_auc,binary,LGBM,,False,holdout,0.0,78,3,3,LGBM_363700_20260405_160514,363700_rep1_fold0_hebo_roc_auc_holdout,LGBM_363700_20260405_160514::363700_rep1_fold0_hebo_roc_auc_holdout,0.20658845114882635,0.09500560796991539,0.17037482461415113
9,0.5,0.5,0.5,7,-0.8383056571911061,363700,1,0,hebo,roc_auc,binary,LGBM,,False,holdout,0.0,78,3,3,LGBM_363700_20260405_160514,363700_rep1_fold0_hebo_roc_auc_holdout,LGBM_363700_20260405_160514::363700_rep1_fold0_hebo_roc_auc_holdout,0.9667426415638452,0.9139011677772645,0.6937261976347965
10,0.24331550802139035,0.26436781609195403,0.2793789672328014,7,-0.8383056571911061,363700,1,0,hebo,roc_auc,binary,LGBM,,False,holdout,0.0,78,3,3,LGBM_363700_20260405_160514,363700_rep1_fold0_hebo_roc_auc_holdout,LGBM_363700_20260405_160514::363700_rep1_fold0_hebo_roc_auc_holdout,0.27278806532911326,0.18895559807349774,0.1781920224493886
11,0.1925133689839572,0.2172542460113227,0.22932750042889005,7,-0.8383056571911061,363700,1,0,hebo,roc_auc,binary,LGBM,,False,holdout,0.0,78,3,3,LGBM_363700_20260405_160514,363700_rep1_fold0_hebo_roc_auc_holdout,LGBM_363700_20260405_160514::363700_rep1_fold0_hebo_roc_auc_holdout,0.135442888782656,0.04400606980273183,0.06123471637602748
12,0.3480157613284548,0.2634242580202437,0.2963415680219592,7,-0.8383056571911061,363700,1,0,hebo,roc_auc,binary,LGBM,,False,holdout,0.0,78,3,3,LGBM_363700_20260405_160514,363700_rep1_fold0_hebo_roc_auc_holdout,LGBM_363700_20260405_160514::363700_rep1_fold0_hebo_roc_auc_holdout,0.5558484845827538,0.18605264894108398,0.2178292242934458
13,0.1717562623135379,0.218305026591182,0.2267434379825013,7,-0.8383056571911061,363700,1,0,hebo,roc_auc,binary,LGBM,,False,holdout,0.0,78,3,3,LGBM_363700_20260405_160514,363700_rep1_fold0_hebo_roc_auc_holdout,LGBM_363700_20260405_160514::363700_rep1_fold0_hebo_roc_auc_holdout,0.07932539975051642,0.04723889951837469,0.055196432150731806
14,0.2935547424711511,0.2405215302796363,0.2653757076685538,7,-0.8383056571911061,363700,1,0,hebo,roc_auc,binary,LGBM,,False,holdout,0.0,78,3,3,LGBM_363700_20260405_160514,363700_rep1_fold0_hebo_roc_auc_holdout,LGBM_363700_20260405_160514::363700_rep1_fold0_hebo_roc_auc_holdout,0.40861141166452947,0.11559015636339678,0.14547003407496506
15,0.19096538136785823,0.23642563046834797,0.24013552925030013,7,-0.8383056571911061,363700,1,0,hebo,roc_auc,binary,LGBM,,False,holdout,0.0,78,3,3,LGBM_363700_20260405_160514,363700_rep1_fold0_hebo_roc_auc_holdout,LGBM_363700_20260405_160514::363700_rep1_fold0_hebo_roc_auc_holdout,0.13125785570229329,0.10298871808405409,0.08649027861294843
16,0.2652687869406135,0.26936438497169324,0.30138102590495797,7,-0.8383056571911061,363700,1,0,hebo,roc_auc,binary,LGBM,,False,holdout,0.0,78,3,3,LGBM_363700_20260405_160514,363700_rep1_fold0_hebo_roc_auc_holdout,LGBM_363700_20260405_160514::363700_rep1_fold0_hebo_roc_auc_holdout,0.33213944355971525,0.20432803325196303,0.22960513128883556
17,0.17745567126372086,0.21493823983530624,0.22967061245496645,7,-0.8383056571911061,363700,1,0,hebo,roc_auc,binary,LGBM,,False,holdout,0.0,78,3,3,LGBM_363700_20260405_160514,363700_rep1_fold0_hebo_roc_auc_holdout,LGBM_363700_20260405_160514::363700_rep1_fold0_hebo_roc_auc_holdout,0.09473393063730735,0.03688064920498824,0.062036480256564386
18,0.29369546861806917,0.298024961399897,0.35529250300223025,7,-0.8383056571911061,363700,1,0,hebo,roc_auc,binary,LGBM,,False,holdout,0.0,78,3,3,LGBM_363700_20260405_160514,363700_rep1_fold0_hebo_roc_auc_holdout,LGBM_363700_20260405_160514::363700_rep1_fold0_hebo_roc_auc_holdout,0.4089918692172897,0.29250511314904004,0.35558228101824024
19,0.17696312974950734,0.21920569565963288,0.23008878023674728,7,-0.8383056571911061,363700,1,0,hebo,roc_auc,binary,LGBM,,False,holdout,0.0,78,3,3,LGBM_363700_20260405_160514,363700_rep1_fold0_hebo_roc_auc_holdout,LGBM_363700_20260405_160514::363700_rep1_fold0_hebo_roc_auc_holdout,0.09340232920264593,0.05000989641749729,0.06301362998596927
20,0.2931325640303968,0.25145822611082513,0.3309529936524276,7,-0.8383056571911061,363700,1,0,hebo,roc_auc,binary,LGBM,,False,holdout,0.0,78,3,3,LGBM_363700_20260405_160514,363700_rep1_fold0_hebo_roc_auc_holdout,LGBM_363700_20260405_160514::363700_rep1_fold0_hebo_roc_auc_holdout,0.4074700390062486,0.14923797585274148,0.29870715574263407
21,0.17450042217844075,0.20612454966546578,0.22388059701492535,7,-0.8383056571911061,363700,1,0,hebo,roc_auc,binary,LGBM,,False,holdout,0.0,78,3,3,LGBM_363700_20260405_160514,363700_rep1_fold0_hebo_roc_auc_holdout,LGBM_363700_20260405_160514::363700_rep1_fold0_hebo_roc_auc_holdout,0.08674432202934151,0.009764465263575025,0.04850671477249963
22,0.20813397129186617,0.2265611597186482,0.27278478298164344,7,-0.8383056571911061,363700,1,0,hebo,roc_auc,binary,LGBM,,False,holdout,0.0,78,3,3,LGBM_363700_20260405_160514,363700_rep1_fold0_hebo_roc_auc_holdout,LGBM_363700_20260405_160514::363700_rep1_fold0_hebo_roc_auc_holdout,0.17767367713904633,0.07263970442699802,0.16278312287031468
23,0.2070081621165213,0.2105850060044604,0.2327800651912849,7,-0.8383056571911061,363700,1,0,hebo,roc_auc,binary,LGBM,,False,holdout,0.0,78,3,3,LGBM_363700_20260405_160514,363700_rep1_fold0_hebo_roc_auc_holdout,LGBM_363700_20260405_160514::363700_rep1_fold0_hebo_roc_auc_holdout,0.1746300167169639,0.02348749752589584,0.06930246542393273
24,0.39375175907683646,0.32906587750900673,0.48211528564076167,7,-0.8383056571911061,363700,1,0,hebo,roc_auc,binary,LGBM,,False,holdout,0.0,78,3,3,LGBM_363700_20260405_160514,363700_rep1_fold0_hebo_roc_auc_holdout,LGBM_363700_20260405_160514::363700_rep1_fold0_hebo_roc_auc_holdout,0.6794971892298415,0.38800554199379855,0.6519342553617958
25,0.18801013228257812,0.21609624292331453,0.2347315148395952,7,-0.8380440473556519,363700,1,0,hebo,roc_auc,binary,LGBM,,False,holdout,0.0,78,3,3,LGBM_363700_20260405_160514,363700_rep1_fold0_hebo_roc_auc_holdout,LGBM_363700_20260405_160514::363700_rep1_fold0_hebo_roc_auc_holdout,0.12326824709432746,0.0404433595038602,0.07386249749448821
26,0.16591612721643678,0.2200741979756391,0.2238591525132957,7,-0.8379777073860168,363700,1,0,hebo,roc_auc,binary,LGBM,,False,holdout,0.0,78,3,3,LGBM_363700_20260405_160514,363700_rep1_fold0_hebo_roc_auc_holdout,LGBM_363700_20260405_160514::363700_rep1_fold0_hebo_roc_auc_holdout,0.06353641131096499,0.05268192914165126,0.048456604529966335
27,0.16134252744159872,0.21983830845771135,0.22343026248069997,27,-0.8383244872093201,363700,1,0,hebo,roc_auc,binary,LGBM,,False,holdout,0.0,78,3,3,LGBM_363700_20260405_160514,363700_rep1_fold0_hebo_roc_auc_holdout,LGBM_363700_20260405_160514::363700_rep1_fold0_hebo_roc_auc_holdout,0.0511715408462565,0.05195619185854731,0.04745439967929468
28,0.16134252744159872,0.22031008749356662,0.22377337450677648,28,-0.8385894298553467,363700,1,0,hebo,roc_auc,binary,LGBM,,False,holdout,0.0,78,3,3,LGBM_363700_20260405_160514,363700_rep1_fold0_hebo_roc_auc_holdout,LGBM_363700_20260405_160514::363700_rep1_fold0_hebo_roc_auc_holdout,0.0511715408462565,0.05340766642475453,0.048256163559831845
29,0.16661975795102724,0.21886258363355637,0.22438454280322517,28,-0.8386724591255188,363700,1,0,hebo,roc_auc,binary,LGBM,,False,holdout,0.0,78,3,3,LGBM_363700_20260405_160514,363700_rep1_fold0_hebo_roc_auc_holdout,LGBM_363700_20260405_160514::363700_rep1_fold0_hebo_roc_auc_holdout,0.06543869907476625,0.048954278551164916,0.049684305472038476
30,0.5,0.5,0.5,27,-0.8386502861976624,363700,1,0,hebo,roc_auc,binary,LGBM,,False,holdout,0.0,78,3,3,LGBM_363700_20260405_160514,363700_rep1_fold0_hebo_roc_auc_holdout,LGBM_363700_20260405_160514::363700_rep1_fold0_hebo_roc_auc_holdout,0.9667426415638452,0.9139011677772645,0.6937261976347965
31,0.16521249648184633,0.21714702350317394,0.22631454794990558,27,-0.838665246963501,363700,1,0,hebo,roc_auc,binary,LGBM,,False,holdout,0.0,78,3,3,LGBM_363700_20260405_160514,363700_rep1_fold0_hebo_roc_auc_holdout,LGBM_363700_20260405_160514::363700_rep1_fold0_hebo_roc_auc_holdout,0.06163412354716373,0.043676189219503406,0.05419422730006015
32,0.16654939487756826,0.2157638531480528,0.22592854692056963,28,-0.8386278748512268,363700,1,0,hebo,roc_auc,binary,LGBM,,False,holdout,0.0,78,3,3,LGBM_363700_20260405_160514,363700_rep1_fold0_hebo_roc_auc_holdout,LGBM_363700_20260405_160514::363700_rep1_fold0_hebo_roc_auc_holdout,0.0652484702983863,0.039420729695850365,0.05329224293445613
33,0.19532789192231914,0.22044947675416027,0.23123606107394068,27,-0.8386362195014954,363700,1,0,hebo,roc_auc,binary,LGBM,,False,holdout,0.0,78,3,3,LGBM_363700_20260405_160514,363700_rep1_fold0_hebo_roc_auc_holdout,LGBM_363700_20260405_160514::363700_rep1_fold0_hebo_roc_auc_holdout,0.14305203983786136,0.05383651118295226,0.06569452796151559
34,0.17154517309316075,0.21755446903413966,0.23959941670955565,27,-0.8386516571044922,363700,1,0,hebo,roc_auc,binary,LGBM,,False,holdout,0.0,78,3,3,LGBM_363700_20260405_160514,363700_rep1_fold0_hebo_roc_auc_holdout,LGBM_363700_20260405_160514::363700_rep1_fold0_hebo_roc_auc_holdout,0.07875471342137598,0.044929735435772694,0.08523752254960926
35,0.20714888826343936,0.21843369360096077,0.24204408989535087,27,-0.8386414647102356,363700,1,0,hebo,roc_auc,binary,LGBM,,False,holdout,0.0,78,3,3,LGBM_363700_20260405_160514,363700_rep1_fold0_hebo_roc_auc_holdout,LGBM_363700_20260405_160514::363700_rep1_fold0_hebo_roc_auc_holdout,0.1750104742697241,0.047634756218249544,0.0909500901984368
36,0.16802701942020826,0.21991336421341556,0.23124678332475568,27,-0.8386824131011963,363700,1,0,hebo,roc_auc,binary,LGBM,,False,holdout,0.0,78,3,3,LGBM_363700_20260405_160514,363700_rep1_fold0_hebo_roc_auc_holdout,LGBM_363700_20260405_160514::363700_rep1_fold0_hebo_roc_auc_holdout,0.06924327460236908,0.05218710826680744,0.06571958308278263
37,0.16253869969040247,0.22302281694973414,0.2252423228684165,28,-0.8386445641517639,363700,1,0,hebo,roc_auc,binary,LGBM,,False,holdout,0.0,78,3,3,LGBM_363700_20260405_160514,363700_rep1_fold0_hebo_roc_auc_holdout,LGBM_363700_20260405_160514::363700_rep1_fold0_hebo_roc_auc_holdout,0.05440543004471858,0.06175364518044521,0.05168871517338153
38,0.16711229946524064,0.21902341739577968,0.22747255103791386,28,-0.8386400938034058,363700,1,0,hebo,roc_auc,binary,LGBM,,False,holdout,0.0,78,3,3,LGBM_363700_20260405_160514,363700_rep1_fold0_hebo_roc_auc_holdout,LGBM_363700_20260405_160514::363700_rep1_fold0_hebo_roc_auc_holdout,0.06677030050942738,0.04944909942600806,0.05690018039687326
39,0.17351533915001405,0.22394493051981468,0.22218648138617247,28,-0.8386045098304749,363700,1,0,hebo,roc_auc,binary,LGBM,,False,holdout,0.0,78,3,3,LGBM_363700_20260405_160514,363700_rep1_fold0_hebo_roc_auc_holdout,LGBM_363700_20260405_160514::363700_rep1_fold0_hebo_roc_auc_holdout,0.08408111916001956,0.06459061819621321,0.044548005612347084
40,0.17253025612158734,0.21124978555498375,0.22109281180305362,28,-0.8387713432312012,363700,1,0,hebo,roc_auc,binary,LGBM,,False,holdout,0.0,78,3,3,LGBM_363700_20260405_160514,363700_rep1_fold0_hebo_roc_auc_holdout,LGBM_363700_20260405_160514::363700_rep1_fold0_hebo_roc_auc_holdout,0.08141791629069763,0.02553275714191517,0.0419923832431349
41,0.16704193639178155,0.2190126951449647,0.22808371933436267,28,-0.8385587930679321,363700,1,0,hebo,roc_auc,binary,LGBM,,False,holdout,0.0,78,3,3,LGBM_363700_20260405_160514,363700_rep1_fold0_hebo_roc_auc_holdout,LGBM_363700_20260405_160514::363700_rep1_fold0_hebo_roc_auc_holdout,0.06658007173304713,0.04941611136768484,0.058328322309080145
42,0.18786940613565994,0.21311545719677472,0.2312146165723109,28,-0.8386938571929932,363700,1,0,hebo,roc_auc,binary,LGBM,,False,holdout,0.0,78,3,3,LGBM_363700_20260405_160514,363700_rep1_fold0_hebo_roc_auc_holdout,LGBM_363700_20260405_160514::363700_rep1_fold0_hebo_roc_auc_holdout,0.12288778954156697,0.031272679290097284,0.06564441771898204
43,0.16049817056009008,0.21995625321667522,0.22273331617773207,43,-0.8395184278488159,363700,1,0,hebo,roc_auc,binary,LGBM,,False,holdout,0.0,78,3,3,LGBM_363700_20260405_160514,363700_rep1_fold0_hebo_roc_auc_holdout,LGBM_363700_20260405_160514::363700_rep1_fold0_hebo_roc_auc_holdout,0.048888795529694745,0.05231906050009929,0.04582581679695356
44,0.18688432310723324,0.2219077028649854,0.24418854005832902,43,-0.839591383934021,363700,1,0,hebo,roc_auc,binary,LGBM,,False,holdout,0.0,78,3,3,LGBM_363700_20260405_160514,363700_rep1_fold0_hebo_roc_auc_holdout,LGBM_363700_20260405_160514::363700_rep1_fold0_hebo_roc_auc_holdout,0.12022458667224503,0.058322887114864747,0.09596111445179405
45,0.18062200956937802,0.2169861897409504,0.2396315834620002,43,-0.8397344946861267,363700,1,0,hebo,roc_auc,binary,LGBM,,False,holdout,0.0,78,3,3,LGBM_363700_20260405_160514,363700_rep1_fold0_hebo_roc_auc_holdout,LGBM_363700_20260405_160514::363700_rep1_fold0_hebo_roc_auc_holdout,0.10329422557441333,0.04318136834465958,0.08531268791340933
46,0.16155361666197576,0.21817635958140336,0.22675416023331618,43,-0.839587926864624,363700,1,0,hebo,roc_auc,binary,LGBM,,False,holdout,0.0,78,3,3,LGBM_363700_20260405_160514,363700_rep1_fold0_hebo_roc_auc_holdout,LGBM_363700_20260405_160514::363700_rep1_fold0_hebo_roc_auc_holdout,0.051742227175396636,0.04684304281850018,0.05522148727199858
47,0.1718266253869969,0.2154100188711614,0.22404143077714878,43,-0.8396422266960144,363700,1,0,hebo,roc_auc,binary,LGBM,,False,holdout,0.0,78,3,3,LGBM_363700_20260405_160514,363700_rep1_fold0_hebo_roc_auc_holdout,LGBM_363700_20260405_160514::363700_rep1_fold0_hebo_roc_auc_holdout,0.07951562852689636,0.038332123771195124,0.048882541591501565
48,0.16352378271882917,0.21710413449991417,0.22364470749699783,43,-0.8396490216255188,363700,1,0,hebo,roc_auc,binary,LGBM,,False,holdout,0.0,78,3,3,LGBM_363700_20260405_160514,363700_rep1_fold0_hebo_roc_auc_holdout,LGBM_363700_20260405_160514::363700_rep1_fold0_hebo_roc_auc_holdout,0.057068632914040525,0.043544236986211224,0.0479555021046305
49,0.16612721643681394,0.21754374678332478,0.22378409675759137,43,-0.8396410346031189,363700,1,0,hebo,roc_auc,binary,LGBM,,False,holdout,0.0,78,3,3,LGBM_363700_20260405_160514,363700_rep1_fold0_hebo_roc_auc_holdout,LGBM_363700_20260405_160514::363700_rep1_fold0_hebo_roc_auc_holdout,0.06410709764010543,0.044896747377449815,0.04828121868109862
50,0.1728117084154236,0.2242880425458912,0.23230828615542976,43,-0.8396959900856018,363700,1,0,hebo,roc_auc,binary,LGBM,,False,holdout,0.0,78,3,3,LGBM_363700_20260405_160514,363700_rep1_fold0_hebo_roc_auc_holdout,LGBM_363700_20260405_160514::363700_rep1_fold0_hebo_roc_auc_holdout,0.0821788313962183,0.06564623606254559,0.06820004008819422
51,0.1643681396003378,0.2206746440212729,0.22739749528220965,43,-0.8396418690681458,363700,1,0,hebo,roc_auc,binary,LGBM,,False,holdout,0.0,78,3,3,LGBM_363700_20260405_160514,363700_rep1_fold0_hebo_roc_auc_holdout,LGBM_363700_20260405_160514::363700_rep1_fold0_hebo_roc_auc_holdout,0.05935137823060228,0.054529260407732656,0.05672479454800581
52,0.161835068955812,0.21864813861725851,0.22460971007033803,43,-0.8396278619766235,363700,1,0,hebo,roc_auc,binary,LGBM,,False,holdout,0.0,78,3,3,LGBM_363700_20260405_160514,363700_rep1_fold0_hebo_roc_auc_holdout,LGBM_363700_20260405_160514::363700_rep1_fold0_hebo_roc_auc_holdout,0.05250314228091732,0.04829451738470706,0.05021046301864134
53,0.16528285955530542,0.2168039114770972,0.22332303997255099,43,-0.8397509455680847,363700,1,0,hebo,roc_auc,binary,LGBM,,False,holdout,0.0,78,3,3,LGBM_363700_20260405_160514,363700_rep1_fold0_hebo_roc_auc_holdout,LGBM_363700_20260405_160514::363700_rep1_fold0_hebo_roc_auc_holdout,0.061824352323543975,0.04262057135317036,0.04720384846662663
54,0.20630453138193072,0.21722207925887793,0.24503559787270535,43,-0.839570164680481,363700,1,0,hebo,roc_auc,binary,LGBM,,False,holdout,0.0,78,3,3,LGBM_363700_20260405_160514,363700_rep1_fold0_hebo_roc_auc_holdout,LGBM_363700_20260405_160514::363700_rep1_fold0_hebo_roc_auc_holdout,0.17272772895316235,0.04390710562776286,0.09794046903187006
55,0.1703490008443569,0.2148846285812318,0.2235696517412935,43,-0.8397618532180786,363700,1,0,hebo,roc_auc,binary,LGBM,,False,holdout,0.0,78,3,3,LGBM_363700_20260405_160514,363700_rep1_fold0_hebo_roc_auc_holdout,LGBM_363700_20260405_160514::363700_rep1_fold0_hebo_roc_auc_holdout,0.07552082422291359,0.03671570891337386,0.0477801162557628
56,0.16457922882071485,0.22057814376393892,0.2258642134156803,43,-0.8397425413131714,363700,1,0,hebo,roc_auc,binary,LGBM,,False,holdout,0.0,78,3,3,LGBM_363700_20260405_160514,363700_rep1_fold0_hebo_roc_auc_holdout,LGBM_363700_20260405_160514::363700_rep1_fold0_hebo_roc_auc_holdout,0.059922064559742416,0.054232367882826774,0.053141912206855456
57,0.18188854489164086,0.22197203636987473,0.23471007033796532,43,-0.8397049307823181,363700,1,0,hebo,roc_auc,binary,LGBM,,False,holdout,0.0,78,3,3,LGBM_363700_20260405_160514,363700_rep1_fold0_hebo_roc_auc_holdout,LGBM_363700_20260405_160514::363700_rep1_fold0_hebo_roc_auc_holdout,0.10671834354925565,0.058520815464802006,0.0738123872519544
58,0.1623276104700253,0.21947375193000507,0.2254138788814547,43,-0.8394913077354431,363700,1,0,hebo,roc_auc,binary,LGBM,,False,holdout,0.0,78,3,3,LGBM_363700_20260405_160514,363700_rep1_fold0_hebo_roc_auc_holdout,LGBM_363700_20260405_160514::363700_rep1_fold0_hebo_roc_auc_holdout,0.05383474371557814,0.05083459787556919,0.05208959711364998
59,0.16113143822122156,0.21914136215474356,0.2234945959855893,43,-0.8399041295051575,363700,1,0,hebo,roc_auc,binary,LGBM,,False,holdout,0.0,78,3,3,LGBM_363700_20260405_160514,363700_rep1_fold0_hebo_roc_auc_holdout,LGBM_363700_20260405_160514::363700_rep1_fold0_hebo_roc_auc_holdout,0.05060085451711606,0.04981196806756003,0.04760473040689535
60,0.16267942583732053,0.2207604220277921,0.2229692056956596,43,-0.8390653133392334,363700,1,0,hebo,roc_auc,binary,LGBM,,False,holdout,0.0,78,3,3,LGBM_363700_20260405_160514,363700_rep1_fold0_hebo_roc_auc_holdout,LGBM_363700_20260405_160514::363700_rep1_fold0_hebo_roc_auc_holdout,0.05478588759747877,0.05479316487431601,0.04637702946482269
61,0.1614128905150577,0.21706124549665473,0.22662549322353742,43,-0.8397663831710815,363700,1,0,hebo,roc_auc,binary,LGBM,,False,holdout,0.0,78,3,3,LGBM_363700_20260405_160514,363700_rep1_fold0_hebo_roc_auc_holdout,LGBM_363700_20260405_160514::363700_rep1_fold0_hebo_roc_auc_holdout,0.051361769622636444,0.04341228475292006,0.054920825816796984
62,0.16218688432310724,0.22019214273460275,0.2244595985589295,43,-0.8396806120872498,363700,1,0,hebo,roc_auc,binary,LGBM,,False,holdout,0.0,78,3,3,LGBM_363700_20260405_160514,363700_rep1_fold0_hebo_roc_auc_holdout,LGBM_363700_20260405_160514::363700_rep1_fold0_hebo_roc_auc_holdout,0.05345428616281795,0.053044797783202556,0.04985969132090618
63,0.16450886574725576,0.213480013724481,0.2254246011322696,43,-0.8396087288856506,363700,1,0,hebo,roc_auc,binary,LGBM,,False,holdout,0.0,78,3,3,LGBM_363700_20260405_160514,363700_rep1_fold0_hebo_roc_auc_holdout,LGBM_363700_20260405_160514::363700_rep1_fold0_hebo_roc_auc_holdout,0.05973183578336217,0.03239427327307541,0.05211465223491676
64,0.16155361666197576,0.22023503173786252,0.22413793103448276,43,-0.8395737409591675,363700,1,0,hebo,roc_auc,binary,LGBM,,False,holdout,0.0,78,3,3,LGBM_363700_20260405_160514,363700_rep1_fold0_hebo_roc_auc_holdout,LGBM_363700_20260405_160514::363700_rep1_fold0_hebo_roc_auc_holdout,0.051742227175396636,0.053176750016494745,0.04910803768290257
65,0.16211652124964815,0.2168253559787271,0.22947761194029848,43,-0.8395711779594421,363700,1,0,hebo,roc_auc,binary,LGBM,,False,holdout,0.0,78,3,3,LGBM_363700_20260405_160514,363700_rep1_fold0_hebo_roc_auc_holdout,LGBM_363700_20260405_160514::363700_rep1_fold0_hebo_roc_auc_holdout,0.053264057386437705,0.04268654746981645,0.06158548807376238
66,0.1623979735434844,0.2174258020243609,0.22965989020415167,43,-0.8393621444702148,363700,1,0,hebo,roc_auc,binary,LGBM,,False,holdout,0.0,78,3,3,LGBM_363700_20260405_160514,363700_rep1_fold0_hebo_roc_auc_holdout,LGBM_363700_20260405_160514::363700_rep1_fold0_hebo_roc_auc_holdout,0.05402497249195839,0.04453387873589784,0.06201142513529787
67,0.16127216436813951,0.21879825012866705,0.22547821238634413,43,-0.8393639326095581,363700,1,0,hebo,roc_auc,binary,LGBM,,False,holdout,0.0,78,3,3,LGBM_363700_20260405_160514,363700_rep1_fold0_hebo_roc_auc_holdout,LGBM_363700_20260405_160514::363700_rep1_fold0_hebo_roc_auc_holdout,0.05098131206987595,0.04875635020122766,0.052239927841250915
68,0.1633830565719111,0.21907702864985412,0.22457754331789326,43,-0.8389309644699097,363700,1,0,hebo,roc_auc,binary,LGBM,,False,holdout,0.0,78,3,3,LGBM_363700_20260405_160514,363700_rep1_fold0_hebo_roc_auc_holdout,LGBM_363700_20260405_160514::363700_rep1_fold0_hebo_roc_auc_holdout,0.05668817536128033,0.04961403971762244,0.050135297654840746
69,0.16197579510273008,0.21858380511236908,0.2262073254417567,59,-0.8387799859046936,363700,1,0,hebo,roc_auc,binary,LGBM,,False,holdout,0.0,78,3,3,LGBM_363700_20260405_160514,363700_rep1_fold0_hebo_roc_auc_holdout,LGBM_363700_20260405_160514::363700_rep1_fold0_hebo_roc_auc_holdout,0.05288359983367751,0.04809658903476946,0.05394367608739236
70,0.17351533915001405,0.21829430434036712,0.23734774403842862,43,-0.8387390971183777,363700,1,0,hebo,roc_auc,binary,LGBM,,False,holdout,0.0,78,3,3,LGBM_363700_20260405_160514,363700_rep1_fold0_hebo_roc_auc_holdout,LGBM_363700_20260405_160514::363700_rep1_fold0_hebo_roc_auc_holdout,0.08408111916001956,0.04720591146005181,0.07997594708358423
71,0.16197579510273008,0.2184980271058501,0.22403070852633378,59,-0.8387717008590698,363700,1,0,hebo,roc_auc,binary,LGBM,,False,holdout,0.0,78,3,3,LGBM_363700_20260405_160514,363700_rep1_fold0_hebo_roc_auc_holdout,LGBM_363700_20260405_160514::363700_rep1_fold0_hebo_roc_auc_holdout,0.05288359983367751,0.0478326845681868,0.04885748647023453
72,0.16619757951027303,0.21881969463029693,0.22786927431806492,43,-0.8389221429824829,363700,1,0,hebo,roc_auc,binary,LGBM,,False,holdout,0.0,78,3,3,LGBM_363700_20260405_160514,363700_rep1_fold0_hebo_roc_auc_holdout,LGBM_363700_20260405_160514::363700_rep1_fold0_hebo_roc_auc_holdout,0.06429732641648568,0.048822326317873754,0.05782721988374458
73,0.160427807486631,0.22184336936009608,0.22852333161777338,73,-0.8389365673065186,363700,1,0,hebo,roc_auc,binary,LGBM,,False,holdout,0.0,78,3,3,LGBM_363700_20260405_160514,363700_rep1_fold0_hebo_roc_auc_holdout,LGBM_363700_20260405_160514::363700_rep1_fold0_hebo_roc_auc_holdout,0.0486985667533145,0.058124958764927494,0.05935558228101884
74,0.16197579510273008,0.21963458569222838,0.22855549837021782,73,-0.8394896388053894,363700,1,0,hebo,roc_auc,binary,LGBM,,False,holdout,0.0,78,3,3,LGBM_363700_20260405_160514,363700_rep1_fold0_hebo_roc_auc_holdout,LGBM_363700_20260405_160514::363700_rep1_fold0_hebo_roc_auc_holdout,0.05288359983367751,0.051329418750412324,0.059430747644818656
75,0.1639459611595835,0.22089981128838565,0.2268184937382055,73,-0.8395394086837769,363700,1,0,hebo,roc_auc,binary,LGBM,,False,holdout,0.0,78,3,3,LGBM_363700_20260405_160514,363700_rep1_fold0_hebo_roc_auc_holdout,LGBM_363700_20260405_160514::363700_rep1_fold0_hebo_roc_auc_holdout,0.0582100055723214,0.05522200963251339,0.055371817999599254
76,0.5,0.22000986447074966,0.5,73,-0.8395697474479675,363700,1,0,hebo,roc_auc,binary,LGBM,,False,holdout,0.0,78,3,3,LGBM_363700_20260405_160514,363700_rep1_fold0_hebo_roc_auc_holdout,LGBM_363700_20260405_160514::363700_rep1_fold0_hebo_roc_auc_holdout,0.9667426415638452,0.05248400079171366,0.6937261976347965
77,0.16563467492260053,0.22074969977697723,0.22926316692400073,73,-0.8395563364028931,363700,1,0,hebo,roc_auc,binary,LGBM,,False,holdout,0.0,78,3,3,LGBM_363700_20260405_160514,363700_rep1_fold0_hebo_roc_auc_holdout,LGBM_363700_20260405_160514::363700_rep1_fold0_hebo_roc_auc_holdout,0.06277549620544431,0.05476017681599313,0.06108438564842681
78,0.16352378271882906,0.22132870132098126,0.2269042717447246,73,-0.8394820690155029,363700,1,0,hebo,roc_auc,binary,LGBM,,False,holdout,0.0,78,3,3,LGBM_363700_20260405_160514,363700_rep1_fold0_hebo_roc_auc_holdout,LGBM_363700_20260405_160514::363700_rep1_fold0_hebo_roc_auc_holdout,0.05706863291404023,0.05654153196542877,0.05557225896973348
79,0.17414860681114552,0.21601046491679532,0.22294776119402981,73,-0.8395192623138428,363700,1,0,hebo,roc_auc,binary,LGBM,,False,holdout,0.0,78,3,3,LGBM_363700_20260405_160514,363700_rep1_fold0_hebo_roc_auc_holdout,LGBM_363700_20260405_160514::363700_rep1_fold0_hebo_roc_auc_holdout,0.08579317814744089,0.04017945503727686,0.046326919222289126
80,0.5,0.5,0.5,73,-0.8395902514457703,363700,1,0,hebo,roc_auc,binary,LGBM,,False,holdout,0.0,78,3,3,LGBM_363700_20260405_160514,363700_rep1_fold0_hebo_roc_auc_holdout,LGBM_363700_20260405_160514::363700_rep1_fold0_hebo_roc_auc_holdout,0.9667426415638452,0.9139011677772645,0.6937261976347965
81,0.16366450886574724,0.2217361468519471,0.2272581060216161,73,-0.8396278619766235,363700,1,0,hebo,roc_auc,binary,LGBM,,False,holdout,0.0,78,3,3,LGBM_363700_20260405_160514,363700_rep1_fold0_hebo_roc_auc_holdout,LGBM_363700_20260405_160514::363700_rep1_fold0_hebo_roc_auc_holdout,0.05744909046680072,0.05779507818169839,0.05639907797153769
82,0.15972417675204043,0.21858380511236897,0.22670054897924163,82,-0.8427815437316895,363700,1,0,hebo,roc_auc,binary,LGBM,,False,holdout,0.0,78,3,3,LGBM_363700_20260405_160514,363700_rep1_fold0_hebo_roc_auc_holdout,LGBM_363700_20260405_160514::363700_rep1_fold0_hebo_roc_auc_holdout,0.046796278989512934,0.04809658903476912,0.05509621166566443
83,0.16704193639178155,0.21879825012866705,0.22707582775776292,82,-0.8418501019477844,363700,1,0,hebo,roc_auc,binary,LGBM,,False,holdout,0.0,78,3,3,LGBM_363700_20260405_160514,363700_rep1_fold0_hebo_roc_auc_holdout,LGBM_363700_20260405_160514::363700_rep1_fold0_hebo_roc_auc_holdout,0.06658007173304713,0.04875635020122766,0.055973140910002196
84,0.16549394877568258,0.21658946646079946,0.22337665122662542,82,-0.8425925970077515,363700,1,0,hebo,roc_auc,binary,LGBM,,False,holdout,0.0,78,3,3,LGBM_363700_20260405_160514,363700_rep1_fold0_hebo_roc_auc_holdout,LGBM_363700_20260405_160514::363700_rep1_fold0_hebo_roc_auc_holdout,0.06239503865268441,0.041960810186712834,0.04732912407296053
85,0.1623979735434844,0.2160319094184252,0.22763338480013728,82,-0.8418033123016357,363700,1,0,hebo,roc_auc,binary,LGBM,,False,holdout,0.0,78,3,3,LGBM_363700_20260405_160514,363700_rep1_fold0_hebo_roc_auc_holdout,LGBM_363700_20260405_160514::363700_rep1_fold0_hebo_roc_auc_holdout,0.05402497249195839,0.04024543115392295,0.05727600721587519
86,0.16056853363354917,0.2141876822782638,0.22343026248069997,82,-0.8416889905929565,363700,1,0,hebo,roc_auc,binary,LGBM,,False,holdout,0.0,78,3,3,LGBM_363700_20260405_160514,363700_rep1_fold0_hebo_roc_auc_holdout,LGBM_363700_20260405_160514::363700_rep1_fold0_hebo_roc_auc_holdout,0.04907902430607499,0.0345714851223859,0.04745439967929468
87,0.17245989304812837,0.22168253559787277,0.23476368159203975,82,-0.8408889770507812,363700,1,0,hebo,roc_auc,binary,LGBM,,False,holdout,0.0,78,3,3,LGBM_363700_20260405_160514,363700_rep1_fold0_hebo_roc_auc_holdout,LGBM_363700_20260405_160514::363700_rep1_fold0_hebo_roc_auc_holdout,0.08122768751431768,0.05763013789008436,0.07393766285828829
88,0.1643681396003378,0.2183264710928119,0.2278692743180648,82,-0.8421695828437805,363700,1,0,hebo,roc_auc,binary,LGBM,,False,holdout,0.0,78,3,3,LGBM_363700_20260405_160514,363700_rep1_fold0_hebo_roc_auc_holdout,LGBM_363700_20260405_160514::363700_rep1_fold0_hebo_roc_auc_holdout,0.05935137823060228,0.04730487563502078,0.05782721988374431
89,0.16253869969040247,0.2177045805455481,0.22518871161434206,82,-0.8419021964073181,363700,1,0,hebo,roc_auc,binary,LGBM,,False,holdout,0.0,78,3,3,LGBM_363700_20260405_160514,363700_rep1_fold0_hebo_roc_auc_holdout,LGBM_363700_20260405_160514::363700_rep1_fold0_hebo_roc_auc_holdout,0.05440543004471858,0.04539156825229296,0.051563439567047634
90,0.16844919786096257,0.21300823468862584,0.22615371418768226,82,-0.8421468734741211,363700,1,0,hebo,roc_auc,binary,LGBM,,False,holdout,0.0,78,3,3,LGBM_363700_20260405_160514,363700_rep1_fold0_hebo_roc_auc_holdout,LGBM_363700_20260405_160514::363700_rep1_fold0_hebo_roc_auc_holdout,0.07038464726064995,0.030942798706868526,0.05381840048105847
91,0.16957500703630735,0.21688968948361653,0.2276977183050265,82,-0.8424302339553833,363700,1,0,hebo,roc_auc,binary,LGBM,,False,holdout,0.0,78,3,3,LGBM_363700_20260405_160514,363700_rep1_fold0_hebo_roc_auc_holdout,LGBM_363700_20260405_160514::363700_rep1_fold0_hebo_roc_auc_holdout,0.07342830768273209,0.04288447581975405,0.057426337943475604
92,0.16267942583732053,0.21860524961399896,0.22748327328872875,82,-0.8412116169929504,363700,1,0,hebo,roc_auc,binary,LGBM,,False,holdout,0.0,78,3,3,LGBM_363700_20260405_160514,363700_rep1_fold0_hebo_roc_auc_holdout,LGBM_363700_20260405_160514::363700_rep1_fold0_hebo_roc_auc_holdout,0.05478588759747877,0.04816256515141556,0.056925235518140035
93,0.15958345060512247,0.21862669411562863,0.22492065534396977,82,-0.8413147330284119,363700,1,0,hebo,roc_auc,binary,LGBM,,False,holdout,0.0,78,3,3,LGBM_363700_20260405_160514,363700_rep1_fold0_hebo_roc_auc_holdout,LGBM_363700_20260405_160514::363700_rep1_fold0_hebo_roc_auc_holdout,0.046415821436753046,0.04822854126806097,0.050937061535377914
94,0.18603996622572472,0.21448790530108086,0.2291237776634072,82,-0.841199517250061,363700,1,0,hebo,roc_auc,binary,LGBM,,False,holdout,0.0,78,3,3,LGBM_363700_20260405_160514,363700_rep1_fold0_hebo_roc_auc_holdout,LGBM_363700_20260405_160514::363700_rep1_fold0_hebo_roc_auc_holdout,0.11794184135568357,0.03549515075542711,0.06075866907195869
95,0.1728117084154236,0.20972722593926918,0.2211142563046835,82,-0.8412768244743347,363700,1,0,hebo,roc_auc,binary,LGBM,,False,holdout,0.0,78,3,3,LGBM_363700_20260405_160514,363700_rep1_fold0_hebo_roc_auc_holdout,LGBM_363700_20260405_160514::363700_rep1_fold0_hebo_roc_auc_holdout,0.0821788313962183,0.020848452860065085,0.04204249348566872
96,0.16028708133971292,0.21890547263681592,0.22449176531137427,82,-0.8409762382507324,363700,1,0,hebo,roc_auc,binary,LGBM,,False,holdout,0.0,78,3,3,LGBM_363700_20260405_160514,363700_rep1_fold0_hebo_roc_auc_holdout,LGBM_363700_20260405_160514::363700_rep1_fold0_hebo_roc_auc_holdout,0.04831810920055431,0.049086230784456425,0.04993485668470678
97,0.16070925978046724,0.2184765826042202,0.22239020415165556,82,-0.840909481048584,363700,1,0,hebo,roc_auc,binary,LGBM,,False,holdout,0.0,78,3,3,LGBM_363700_20260405_160514,363700_rep1_fold0_hebo_roc_auc_holdout,LGBM_363700_20260405_160514::363700_rep1_fold0_hebo_roc_auc_holdout,0.04945948185883518,0.047766708451540706,0.04502405291641639
98,0.16605685336335496,0.21635357694287194,0.22607865843197805,82,-0.8409217596054077,363700,1,0,hebo,roc_auc,binary,LGBM,,False,holdout,0.0,78,3,3,LGBM_363700_20260405_160514,363700_rep1_fold0_hebo_roc_auc_holdout,LGBM_363700_20260405_160514::363700_rep1_fold0_hebo_roc_auc_holdout,0.06391686886372548,0.04123507290360957,0.053643014632191025
99,0.18097382493667324,0.21143206381883684,0.22538171212901015,82,-0.8410641551017761,363700,1,0,hebo,roc_auc,binary,LGBM,,False,holdout,0.0,78,3,3,LGBM_363700_20260405_160514,363700_rep1_fold0_hebo_roc_auc_holdout,LGBM_363700_20260405_160514::363700_rep1_fold0_hebo_roc_auc_holdout,0.10424536945631395,0.026093554133404064,0.052014431749849904
100,0.16056853363354917,0.21959169668896894,0.22503860010293364,82,-0.8410499691963196,363700,1,0,hebo,roc_auc,binary,LGBM,,False,holdout,0.0,78,3,3,LGBM_363700_20260405_160514,363700_rep1_fold0_hebo_roc_auc_holdout,LGBM_363700_20260405_160514::363700_rep1_fold0_hebo_roc_auc_holdout,0.04907902430607499,0.05119746651712116,0.051212667869312736
101,0.16169434280889394,0.22070681077371757,0.22538171212901004,82,-0.840802013874054,363700,1,0,hebo,roc_auc,binary,LGBM,,False,holdout,0.0,78,3,3,LGBM_363700_20260405_160514,363700_rep1_fold0_hebo_roc_auc_holdout,LGBM_363700_20260405_160514::363700_rep1_fold0_hebo_roc_auc_holdout,0.05212268472815713,0.05462822458270128,0.05201443174984965
102,0.16028708133971292,0.22025647623949218,0.22452393206381882,82,-0.8409669995307922,363700,1,0,hebo,roc_auc,binary,LGBM,,False,holdout,0.0,78,3,3,LGBM_363700_20260405_160514,363700_rep1_fold0_hebo_roc_auc_holdout,LGBM_363700_20260405_160514::363700_rep1_fold0_hebo_roc_auc_holdout,0.04831810920055431,0.053242726133140156,0.05001002204850685
103,0.23923444976076558,0.24461743009092474,0.23448490307085268,82,-0.840813934803009,363700,1,0,hebo,roc_auc,binary,LGBM,,False,holdout,0.0,78,3,3,LGBM_363700_20260405_160514,363700_rep1_fold0_hebo_roc_auc_holdout,LGBM_363700_20260405_160514::363700_rep1_fold0_hebo_roc_auc_holdout,0.2617547962990656,0.12819159464273983,0.07328622970535205
104,0.16014635519279485,0.21731857951621203,0.22488848859152522,82,-0.8410295844078064,363700,1,0,hebo,roc_auc,binary,LGBM,,False,holdout,0.0,78,3,3,LGBM_363700_20260405_160514,363700_rep1_fold0_hebo_roc_auc_holdout,LGBM_363700_20260405_160514::363700_rep1_fold0_hebo_roc_auc_holdout,0.047937651647794115,0.04420399815266908,0.05086189617157784
105,0.16225724739656633,0.21519557385486365,0.22373048550351693,82,-0.8409031629562378,363700,1,0,hebo,roc_auc,binary,LGBM,,False,holdout,0.0,78,3,3,LGBM_363700_20260405_160514,363700_rep1_fold0_hebo_roc_auc_holdout,LGBM_363700_20260405_160514::363700_rep1_fold0_hebo_roc_auc_holdout,0.053644514939198196,0.0376723626047376,0.04815594307476473
106,0.5,0.5,0.5,93,-0.8407698273658752,363700,1,0,hebo,roc_auc,binary,LGBM,,False,holdout,0.0,78,3,3,LGBM_363700_20260405_160514,363700_rep1_fold0_hebo_roc_auc_holdout,LGBM_363700_20260405_160514::363700_rep1_fold0_hebo_roc_auc_holdout,0.9667426415638452,0.9139011677772645,0.6937261976347965
107,0.160427807486631,0.2196131411905986,0.2245560988162636,93,-0.84075927734375,363700,1,0,hebo,roc_auc,binary,LGBM,,False,holdout,0.0,78,3,3,LGBM_363700_20260405_160514,363700_rep1_fold0_hebo_roc_auc_holdout,LGBM_363700_20260405_160514::363700_rep1_fold0_hebo_roc_auc_holdout,0.0486985667533145,0.05126344263376657,0.05008518741230745
108,0.15831691528285952,0.21798335906673527,0.22301209469891914,108,-0.8415929675102234,363700,1,0,hebo,roc_auc,binary,LGBM,,False,holdout,0.0,78,3,3,LGBM_363700_20260405_160514,363700_rep1_fold0_hebo_roc_auc_holdout,LGBM_363700_20260405_160514::363700_rep1_fold0_hebo_roc_auc_holdout,0.04299170346191041,0.046249257768688073,0.0464772499498898
109,0.16422741345341962,0.21794047006347583,0.22449176531137416,108,-0.8415705561637878,363700,1,0,hebo,roc_auc,binary,LGBM,,False,holdout,0.0,78,3,3,LGBM_363700_20260405_160514,363700_rep1_fold0_hebo_roc_auc_holdout,LGBM_363700_20260405_160514::363700_rep1_fold0_hebo_roc_auc_holdout,0.058970920677841786,0.04611730553539691,0.04993485668470652
110,0.1623979735434844,0.2161176874249442,0.22382698576085092,108,-0.841576099395752,363700,1,0,hebo,roc_auc,binary,LGBM,,False,holdout,0.0,78,3,3,LGBM_363700_20260405_160514,363700_rep1_fold0_hebo_roc_auc_holdout,LGBM_363700_20260405_160514::363700_rep1_fold0_hebo_roc_auc_holdout,0.05402497249195839,0.04050933562050561,0.04838143916616574
111,0.16310160427807485,0.21802624806999482,0.22553182364041857,108,-0.841569185256958,363700,1,0,hebo,roc_auc,binary,LGBM,,False,holdout,0.0,78,3,3,LGBM_363700_20260405_160514,363700_rep1_fold0_hebo_roc_auc_holdout,LGBM_363700_20260405_160514::363700_rep1_fold0_hebo_roc_auc_holdout,0.05592726025575965,0.046381210001979575,0.0523652034475848
112,0.1678159301998311,0.2184980271058501,0.22583204666323553,108,-0.8415530920028687,363700,1,0,hebo,roc_auc,binary,LGBM,,False,holdout,0.0,78,3,3,LGBM_363700_20260405_160514,363700_rep1_fold0_hebo_roc_auc_holdout,LGBM_363700_20260405_160514::363700_rep1_fold0_hebo_roc_auc_holdout,0.06867258827322864,0.0478326845681868,0.05306674684305486
113,0.16296087813115667,0.21856236061073941,0.2273546062789501,108,-0.841340959072113,363700,1,0,hebo,roc_auc,binary,LGBM,,False,holdout,0.0,78,3,3,LGBM_363700_20260405_160514,363700_rep1_fold0_hebo_roc_auc_holdout,LGBM_363700_20260405_160514::363700_rep1_fold0_hebo_roc_auc_holdout,0.05554680270299916,0.04803061291812405,0.05662457406293869
114,0.17513368983957223,0.21735074626865658,0.23115028306742147,108,-0.8413591980934143,363700,1,0,hebo,roc_auc,binary,LGBM,,False,holdout,0.0,78,3,3,LGBM_363700_20260405_160514,363700_rep1_fold0_hebo_roc_auc_holdout,LGBM_363700_20260405_160514::363700_rep1_fold0_hebo_roc_auc_holdout,0.08845638101676283,0.04430296232763737,0.06549408699138111
115,0.16971573318322541,0.22186481386172585,0.2308500600446045,108,-0.8413822650909424,363700,1,0,hebo,roc_auc,binary,LGBM,,False,holdout,0.0,78,3,3,LGBM_363700_20260405_160514,363700_rep1_fold0_hebo_roc_auc_holdout,LGBM_363700_20260405_160514::363700_rep1_fold0_hebo_roc_auc_holdout,0.07380876523549228,0.058190934881573245,0.06479254359591105
116,0.16056853363354917,0.21802624806999482,0.22512437810945263,108,-0.8411550521850586,363700,1,0,hebo,roc_auc,binary,LGBM,,False,holdout,0.0,78,3,3,LGBM_363700_20260405_160514,363700_rep1_fold0_hebo_roc_auc_holdout,LGBM_363700_20260405_160514::363700_rep1_fold0_hebo_roc_auc_holdout,0.04907902430607499,0.046381210001979575,0.051413108839446706
117,0.16422741345341962,0.21633213244124194,0.2223473151483959,93,-0.8406800031661987,363700,1,0,hebo,roc_auc,binary,LGBM,,False,holdout,0.0,78,3,3,LGBM_363700_20260405_160514,363700_rep1_fold0_hebo_roc_auc_holdout,LGBM_363700_20260405_160514::363700_rep1_fold0_hebo_roc_auc_holdout,0.058970920677841786,0.04116909678696313,0.044923832431349016
118,0.16000562904587667,0.2163750214445016,0.22332303997255099,93,-0.8407274484634399,363700,1,0,hebo,roc_auc,binary,LGBM,,False,holdout,0.0,78,3,3,LGBM_363700_20260405_160514,363700_rep1_fold0_hebo_roc_auc_holdout,LGBM_363700_20260405_160514::363700_rep1_fold0_hebo_roc_auc_holdout,0.047557194095033624,0.04130104902025498,0.04720384846662663
119,0.15859836757669576,0.21734002401784192,0.22337665122662553,119,-0.8412580490112305,363700,1,0,hebo,roc_auc,binary,LGBM,,False,holdout,0.0,78,3,3,LGBM_363700_20260405_160514,363700_rep1_fold0_hebo_roc_auc_holdout,LGBM_363700_20260405_160514::363700_rep1_fold0_hebo_roc_auc_holdout,0.0437526185674311,0.04426997426931518,0.04732912407296078
120,0.1638052350126653,0.21547435237605073,0.22666838222679697,119,-0.8412839770317078,363700,1,0,hebo,roc_auc,binary,LGBM,,False,holdout,0.0,78,3,3,LGBM_363700_20260405_160514,363700_rep1_fold0_hebo_roc_auc_holdout,LGBM_363700_20260405_160514::363700_rep1_fold0_hebo_roc_auc_holdout,0.05782954801956091,0.03853005212113238,0.05502104630186409
121,0.16169434280889383,0.2184980271058501,0.22456682106707837,119,-0.8410844802856445,363700,1,0,hebo,roc_auc,binary,LGBM,,False,holdout,0.0,78,3,3,LGBM_363700_20260405_160514,363700_rep1_fold0_hebo_roc_auc_holdout,LGBM_363700_20260405_160514::363700_rep1_fold0_hebo_roc_auc_holdout,0.05212268472815683,0.0478326845681868,0.05011024253357397
122,0.1708415423585702,0.21474523932063816,0.2262180476925716,119,-0.8411359786987305,363700,1,0,hebo,roc_auc,binary,LGBM,,False,holdout,0.0,78,3,3,LGBM_363700_20260405_160514,363700_rep1_fold0_hebo_roc_auc_holdout,LGBM_363700_20260405_160514::363700_rep1_fold0_hebo_roc_auc_holdout,0.07685242565757441,0.03628686415517613,0.053968731208659144
123,0.15662820151984236,0.21850874935666487,0.22183264710928108,123,-0.8430395722389221,363700,1,0,hebo,roc_auc,binary,LGBM,,False,holdout,0.0,78,3,3,LGBM_363700_20260405_160514,363700_rep1_fold0_hebo_roc_auc_holdout,LGBM_363700_20260405_160514::363700_rep1_fold0_hebo_roc_auc_holdout,0.03842621282878721,0.04786567262650933,0.04372118661054313
124,0.18125527723050938,0.2177689140504373,0.23058200377423232,123,-0.8426843285560608,363700,1,0,hebo,roc_auc,binary,LGBM,,False,holdout,0.0,78,3,3,LGBM_363700_20260405_160514,363700_rep1_fold0_hebo_roc_auc_holdout,LGBM_363700_20260405_160514::363700_rep1_fold0_hebo_roc_auc_holdout,0.10500628456183433,0.04558949660222987,0.0641661655642416
125,0.1832254432873628,0.2174472465259908,0.23496740435752272,123,-0.8426516056060791,363700,1,0,hebo,roc_auc,binary,LGBM,,False,holdout,0.0,78,3,3,LGBM_363700_20260405_160514,363700_rep1_fold0_hebo_roc_auc_holdout,LGBM_363700_20260405_160514::363700_rep1_fold0_hebo_roc_auc_holdout,0.11033269030047822,0.04459985485254393,0.07441371016235734
126,0.16359414579228815,0.2197096414479327,0.22588565791730997,119,-0.8410651683807373,363700,1,0,hebo,roc_auc,binary,LGBM,,False,holdout,0.0,78,3,3,LGBM_363700_20260405_160514,363700_rep1_fold0_hebo_roc_auc_holdout,LGBM_363700_20260405_160514::363700_rep1_fold0_hebo_roc_auc_holdout,0.05725886169042047,0.051560335158672796,0.053192022449388754
127,0.16415705037996065,0.2222508148910618,0.22589638016812486,123,-0.8411686420440674,363700,1,0,hebo,roc_auc,binary,LGBM,,False,holdout,0.0,78,3,3,LGBM_363700_20260405_160514,363700_rep1_fold0_hebo_roc_auc_holdout,LGBM_363700_20260405_160514::363700_rep1_fold0_hebo_roc_auc_holdout,0.05878069190146184,0.05937850498119678,0.05321707757065553
128,0.19237264283703903,0.21432707153885755,0.22403070852633378,123,-0.841225802898407,363700,1,0,hebo,roc_auc,binary,LGBM,,False,holdout,0.0,78,3,3,LGBM_363700_20260405_160514,363700_rep1_fold0_hebo_roc_auc_holdout,LGBM_363700_20260405_160514::363700_rep1_fold0_hebo_roc_auc_holdout,0.13506243122989553,0.03500032988058397,0.04885748647023453
129,0.16028708133971292,0.21911991765311378,0.22237948190084067,123,-0.841184139251709,363700,1,0,hebo,roc_auc,binary,LGBM,,False,holdout,0.0,78,3,3,LGBM_363700_20260405_160514,363700_rep1_fold0_hebo_roc_auc_holdout,LGBM_363700_20260405_160514::363700_rep1_fold0_hebo_roc_auc_holdout,0.04831810920055431,0.04974599195091428,0.04499899779514961
130,0.16647903180410917,0.2219827586206896,0.22494209984559954,123,-0.8412356972694397,363700,1,0,hebo,roc_auc,binary,LGBM,,False,holdout,0.0,78,3,3,LGBM_363700_20260405_160514,363700_rep1_fold0_hebo_roc_auc_holdout,LGBM_363700_20260405_160514::363700_rep1_fold0_hebo_roc_auc_holdout,0.06505824152200607,0.05855380352312488,0.05098717177791147
131,0.16661975795102724,0.21764024704065887,0.22782638531480526,123,-0.8410919904708862,363700,1,0,hebo,roc_auc,binary,LGBM,,False,holdout,0.0,78,3,3,LGBM_363700_20260405_160514,363700_rep1_fold0_hebo_roc_auc_holdout,LGBM_363700_20260405_160514::363700_rep1_fold0_hebo_roc_auc_holdout,0.06543869907476625,0.045193639902356045,0.0577269993986772
132,0.16253869969040247,0.218305026591182,0.22502787785211864,123,-0.8411674499511719,363700,1,0,hebo,roc_auc,binary,LGBM,,False,holdout,0.0,78,3,3,LGBM_363700_20260405_160514,363700_rep1_fold0_hebo_roc_auc_holdout,LGBM_363700_20260405_160514::363700_rep1_fold0_hebo_roc_auc_holdout,0.05440543004471858,0.04723889951837469,0.0511876127480457
133,0.16056853363354906,0.21729713501458225,0.2253173786241207,123,-0.8412052392959595,363700,1,0,hebo,roc_auc,binary,LGBM,,False,holdout,0.0,78,3,3,LGBM_363700_20260405_160514,363700_rep1_fold0_hebo_roc_auc_holdout,LGBM_363700_20260405_160514::363700_rep1_fold0_hebo_roc_auc_holdout,0.04907902430607469,0.04413802203602333,0.051864101022248976
134,0.16310160427807485,0.2183157488419969,0.2233123177217361,123,-0.8411202430725098,363700,1,0,hebo,roc_auc,binary,LGBM,,False,holdout,0.0,78,3,3,LGBM_363700_20260405_160514,363700_rep1_fold0_hebo_roc_auc_holdout,LGBM_363700_20260405_160514::363700_rep1_fold0_hebo_roc_auc_holdout,0.05592726025575965,0.04727188757669756,0.047178793345359855
135,0.1628201519842386,0.22034225424601128,0.2270972722593927,123,-0.8410976529121399,363700,1,0,hebo,roc_auc,binary,LGBM,,False,holdout,0.0,78,3,3,LGBM_363700_20260405_160514,363700_rep1_fold0_hebo_roc_auc_holdout,LGBM_363700_20260405_160514::363700_rep1_fold0_hebo_roc_auc_holdout,0.055166345150238966,0.05350663059972316,0.05602325115253575
136,0.16619757951027303,0.2211142563046835,0.2329623434551381,123,-0.841280996799469,363700,1,0,hebo,roc_auc,binary,LGBM,,False,holdout,0.0,78,3,3,LGBM_363700_20260405_160514,363700_rep1_fold0_hebo_roc_auc_holdout,LGBM_363700_20260405_160514::363700_rep1_fold0_hebo_roc_auc_holdout,0.06429732641648568,0.05588177079897125,0.06972840248546822
137,0.1609907120743035,0.21957025218733928,0.22584276891405042,123,-0.8413520455360413,363700,1,0,hebo,roc_auc,binary,LGBM,,False,holdout,0.0,78,3,3,LGBM_363700_20260405_160514,363700_rep1_fold0_hebo_roc_auc_holdout,LGBM_363700_20260405_160514::363700_rep1_fold0_hebo_roc_auc_holdout,0.050220396964355866,0.05113149040047575,0.05309180196432164
138,0.16296087813115678,0.2175330245325099,0.2286627208783668,123,-0.8413859009742737,363700,1,0,hebo,roc_auc,binary,LGBM,,False,holdout,0.0,78,3,3,LGBM_363700_20260405_160514,363700_rep1_fold0_hebo_roc_auc_holdout,LGBM_363700_20260405_160514::363700_rep1_fold0_hebo_roc_auc_holdout,0.05554680270299946,0.04486375931912694,0.0596812988574867
139,0.16457922882071485,0.22167181334705788,0.22493137759478465,123,-0.8412872552871704,363700,1,0,hebo,roc_auc,binary,LGBM,,False,holdout,0.0,78,3,3,LGBM_363700_20260405_160514,363700_rep1_fold0_hebo_roc_auc_holdout,LGBM_363700_20260405_160514::363700_rep1_fold0_hebo_roc_auc_holdout,0.059922064559742416,0.05759714983176148,0.05096211665664469
140,0.16204615817618917,0.2215645908389089,0.22478126608337623,123,-0.8413549065589905,363700,1,0,hebo,roc_auc,binary,LGBM,,False,holdout,0.0,78,3,3,LGBM_363700_20260405_160514,363700_rep1_fold0_hebo_roc_auc_holdout,LGBM_363700_20260405_160514::363700_rep1_fold0_hebo_roc_auc_holdout,0.05307382861005776,0.05726726924853238,0.050611344958909794
141,0.160427807486631,0.2177903585520673,0.22729027277406078,123,-0.8413270115852356,363700,1,0,hebo,roc_auc,binary,LGBM,,False,holdout,0.0,78,3,3,LGBM_363700_20260405_160514,363700_rep1_fold0_hebo_roc_auc_holdout,LGBM_363700_20260405_160514::363700_rep1_fold0_hebo_roc_auc_holdout,0.0486985667533145,0.0456554727188763,0.05647424333533802
142,0.158879819870532,0.21772602504717797,0.22377337450677648,123,-0.8413543105125427,363700,1,0,hebo,roc_auc,binary,LGBM,,False,holdout,0.0,78,3,3,LGBM_363700_20260405_160514,363700_rep1_fold0_hebo_roc_auc_holdout,LGBM_363700_20260405_160514::363700_rep1_fold0_hebo_roc_auc_holdout,0.044513533672951786,0.04545754436893905,0.048256163559831845
143,0.16310160427807496,0.22038514324927083,0.22385915251329558,123,-0.841381847858429,363700,1,0,hebo,roc_auc,binary,LGBM,,False,holdout,0.0,78,3,3,LGBM_363700_20260405_160514,363700_rep1_fold0_hebo_roc_auc_holdout,LGBM_363700_20260405_160514::363700_rep1_fold0_hebo_roc_auc_holdout,0.05592726025575995,0.05363858283301466,0.04845660452996607
144,0.1623979735434844,0.21984903070852646,0.227268828272431,123,-0.8414239883422852,363700,1,0,hebo,roc_auc,binary,LGBM,,False,holdout,0.0,78,3,3,LGBM_363700_20260405_160514,363700_rep1_fold0_hebo_roc_auc_holdout,LGBM_363700_20260405_160514::363700_rep1_fold0_hebo_roc_auc_holdout,0.05402497249195839,0.05198917991687087,0.05642413309280447
145,0.17056009006473394,0.21661091096242924,0.23460284782981655,123,-0.8414358496665955,363700,1,0,hebo,roc_auc,binary,LGBM,,False,holdout,0.0,78,3,3,LGBM_363700_20260405_160514,363700_rep1_fold0_hebo_roc_auc_holdout,LGBM_363700_20260405_160514::363700_rep1_fold0_hebo_roc_auc_holdout,0.07609151055205374,0.04202678630335859,0.07356183603928687
146,0.1529693216999719,0.21167867558757925,0.21920569565963288,146,-0.8464688062667847,363700,1,0,hebo,roc_auc,binary,LGBM,,False,holdout,0.0,78,3,3,LGBM_363700_20260405_160514,363700_rep1_fold0_hebo_roc_auc_holdout,LGBM_363700_20260405_160514::363700_rep1_fold0_hebo_roc_auc_holdout,0.02853431645702041,0.026852279474830206,0.0375826819001806
147,0.1702786377708978,0.20921255790015447,0.22433093154915085,146,-0.846551775932312,363700,1,0,hebo,roc_auc,binary,LGBM,,False,holdout,0.0,78,3,3,LGBM_363700_20260405_160514,363700_rep1_fold0_hebo_roc_auc_holdout,LGBM_363700_20260405_160514::363700_rep1_fold0_hebo_roc_auc_holdout,0.07533059544653335,0.019265026060566702,0.049559029865704846
148,0.1614128905150577,0.21468090581574895,0.2268184937382055,146,-0.8462148904800415,363700,1,0,hebo,roc_auc,binary,LGBM,,False,holdout,0.0,78,3,3,LGBM_363700_20260405_160514,363700_rep1_fold0_hebo_roc_auc_holdout,LGBM_363700_20260405_160514::363700_rep1_fold0_hebo_roc_auc_holdout,0.051361769622636444,0.03608893580523922,0.055371817999599254
149,0.1614128905150577,0.21088522902727735,0.22430948704752107,146,-0.8462640047073364,363700,1,0,hebo,roc_auc,binary,LGBM,,False,holdout,0.0,78,3,3,LGBM_363700_20260405_160514,363700_rep1_fold0_hebo_roc_auc_holdout,LGBM_363700_20260405_160514::363700_rep1_fold0_hebo_roc_auc_holdout,0.051361769622636444,0.024411163158936707,0.049508919623171284
150,0.1633830565719111,0.21221478812832395,0.22362326299536794,146,-0.8462113738059998,363700,1,0,hebo,roc_auc,binary,LGBM,,False,holdout,0.0,78,3,3,LGBM_363700_20260405_160514,363700_rep1_fold0_hebo_roc_auc_holdout,LGBM_363700_20260405_160514::363700_rep1_fold0_hebo_roc_auc_holdout,0.05668817536128033,0.028501682390975027,0.04790539186209669
151,0.17034900084435678,0.2177045805455482,0.22495282209641443,146,-0.8463188409805298,363700,1,0,hebo,roc_auc,binary,LGBM,,False,holdout,0.0,78,3,3,LGBM_363700_20260405_160514,363700_rep1_fold0_hebo_roc_auc_holdout,LGBM_363700_20260405_160514::363700_rep1_fold0_hebo_roc_auc_holdout,0.0755208242229133,0.0453915682522933,0.051012226899178253
152,0.15522094005066145,0.211914565105507,0.21950591868244984,146,-0.846281886100769,363700,1,0,hebo,roc_auc,binary,LGBM,,False,holdout,0.0,78,3,3,LGBM_363700_20260405_160514,363700_rep1_fold0_hebo_roc_auc_holdout,LGBM_363700_20260405_160514::363700_rep1_fold0_hebo_roc_auc_holdout,0.034621637301184685,0.02757801675793416,0.03828422529565066
153,0.16591612721643667,0.22131797907016637,0.2266362154743523,146,-0.8463013172149658,363700,1,0,hebo,roc_auc,binary,LGBM,,False,holdout,0.0,78,3,3,LGBM_363700_20260405_160514,363700_rep1_fold0_hebo_roc_auc_holdout,LGBM_363700_20260405_160514::363700_rep1_fold0_hebo_roc_auc_holdout,0.06353641131096469,0.05650854390710589,0.05494588093806376
154,0.16169434280889394,0.21609624292331453,0.2252316006176015,146,-0.8462939262390137,363700,1,0,hebo,roc_auc,binary,LGBM,,False,holdout,0.0,78,3,3,LGBM_363700_20260405_160514,363700_rep1_fold0_hebo_roc_auc_holdout,LGBM_363700_20260405_160514::363700_rep1_fold0_hebo_roc_auc_holdout,0.05212268472815713,0.0404433595038602,0.051663660052114486
155,0.1555023923444976,0.21516340710241888,0.21622490993309318,146,-0.846268892288208,363700,1,0,hebo,roc_auc,binary,LGBM,,False,holdout,0.0,78,3,3,LGBM_363700_20260405_160514,363700_rep1_fold0_hebo_roc_auc_holdout,LGBM_363700_20260405_160514::363700_rep1_fold0_hebo_roc_auc_holdout,0.03538255240670507,0.03757339842976863,0.03061735818801387
156,0.16324233042499292,0.21227912163321327,0.2230442614513639,146,-0.8461798429489136,363700,1,0,hebo,roc_auc,binary,LGBM,,False,holdout,0.0,78,3,3,LGBM_363700_20260405_160514,363700_rep1_fold0_hebo_roc_auc_holdout,LGBM_363700_20260405_160514::363700_rep1_fold0_hebo_roc_auc_holdout,0.05630771780851984,0.028699610740912283,0.04655241531369039
157,0.16690121024486348,0.21624635443472295,0.22816949734088188,146,-0.8461253046989441,363700,1,0,hebo,roc_auc,binary,LGBM,,False,holdout,0.0,78,3,3,LGBM_363700_20260405_160514,363700_rep1_fold0_hebo_roc_auc_holdout,LGBM_363700_20260405_160514::363700_rep1_fold0_hebo_roc_auc_holdout,0.06619961418028694,0.040905192320380465,0.05852876327921463
158,0.16000562904587678,0.21817635958140325,0.22673271573168652,146,-0.8461636304855347,363700,1,0,hebo,roc_auc,binary,LGBM,,False,holdout,0.0,78,3,3,LGBM_363700_20260405_160514,363700_rep1_fold0_hebo_roc_auc_holdout,LGBM_363700_20260405_160514::363700_rep1_fold0_hebo_roc_auc_holdout,0.04755719409503392,0.04684304281849984,0.055171377029465285
159,0.16070925978046724,0.21491679533367647,0.22439526505404017,152,-0.8441094756126404,363700,1,0,hebo,roc_auc,binary,LGBM,,False,holdout,0.0,78,3,3,LGBM_363700_20260405_160514,363700_rep1_fold0_hebo_roc_auc_holdout,LGBM_363700_20260405_160514::363700_rep1_fold0_hebo_roc_auc_holdout,0.04945948185883518,0.036814673088342485,0.04970936059330551
160,0.16253869969040258,0.21952736318407962,0.2247276548293018,152,-0.8441737294197083,363700,1,0,hebo,roc_auc,binary,LGBM,,False,holdout,0.0,78,3,3,LGBM_363700_20260405_160514,363700_rep1_fold0_hebo_roc_auc_holdout,LGBM_363700_20260405_160514::363700_rep1_fold0_hebo_roc_auc_holdout,0.05440543004471888,0.05099953816718391,0.0504860693525759
161,0.16113143822122145,0.21375879224566818,0.22608938068279294,152,-0.844154953956604,363700,1,0,hebo,roc_auc,binary,LGBM,,False,holdout,0.0,78,3,3,LGBM_363700_20260405_160514,363700_rep1_fold0_hebo_roc_auc_holdout,LGBM_363700_20260405_160514::363700_rep1_fold0_hebo_roc_auc_holdout,0.05060085451711576,0.03325196278947053,0.0536680697534578
162,0.16514213340838724,0.21677174472465266,0.22213287013209815,152,-0.8441184759140015,363700,1,0,hebo,roc_auc,binary,LGBM,,False,holdout,0.0,78,3,3,LGBM_363700_20260405_160514,363700_rep1_fold0_hebo_roc_auc_holdout,LGBM_363700_20260405_160514::363700_rep1_fold0_hebo_roc_auc_holdout,0.061443894770783485,0.04252160717820207,0.04442273000601345
163,0.17703349282296654,0.2127723451706982,0.22623949219420136,146,-0.8444018959999084,363700,1,0,hebo,roc_auc,binary,LGBM,,False,holdout,0.0,78,3,3,LGBM_363700_20260405_160514,363700_rep1_fold0_hebo_roc_auc_holdout,LGBM_363700_20260405_160514::363700_rep1_fold0_hebo_roc_auc_holdout,0.09359255797902648,0.030217061423764915,0.0540188414511927
164,0.15508021390374327,0.21300823468862584,0.22132870132098126,164,-0.8444353342056274,363700,1,0,hebo,roc_auc,binary,LGBM,,False,holdout,0.0,78,3,3,LGBM_363700_20260405_160514,363700_rep1_fold0_hebo_roc_auc_holdout,LGBM_363700_20260405_160514::363700_rep1_fold0_hebo_roc_auc_holdout,0.034241179748424194,0.030942798706868526,0.04254359591100429
165,0.16296087813115678,0.2154100188711614,0.2260250471779035,164,-0.8446333408355713,363700,1,0,hebo,roc_auc,binary,LGBM,,False,holdout,0.0,78,3,3,LGBM_363700_20260405_160514,363700_rep1_fold0_hebo_roc_auc_holdout,LGBM_363700_20260405_160514::363700_rep1_fold0_hebo_roc_auc_holdout,0.05554680270299946,0.038332123771195124,0.053517739025856874
166,0.15733183225443292,0.21634285469205694,0.21685752273117176,164,-0.8441558480262756,363700,1,0,hebo,roc_auc,binary,LGBM,,False,holdout,0.0,78,3,3,LGBM_363700_20260405_160514,363700_rep1_fold0_hebo_roc_auc_holdout,LGBM_363700_20260405_160514::363700_rep1_fold0_hebo_roc_auc_holdout,0.04032850059258877,0.04120208484528635,0.032095610342754315
167,0.1712637207993245,0.22285126093669583,0.22676488248413118,164,-0.8440662622451782,363700,1,0,hebo,roc_auc,binary,LGBM,,False,holdout,0.0,78,3,3,LGBM_363700_20260405_160514,363700_rep1_fold0_hebo_roc_auc_holdout,LGBM_363700_20260405_160514::363700_rep1_fold0_hebo_roc_auc_holdout,0.07799379831585529,0.061225836247278856,0.05524654239326562
168,0.16324233042499292,0.21736146851947158,0.2257677131583462,164,-0.844078779220581,363700,1,0,hebo,roc_auc,binary,LGBM,,False,holdout,0.0,78,3,3,LGBM_363700_20260405_160514,363700_rep1_fold0_hebo_roc_auc_holdout,LGBM_363700_20260405_160514::363700_rep1_fold0_hebo_roc_auc_holdout,0.05630771780851984,0.04433595038596058,0.05291641611545419
169,0.16028708133971292,0.21993480871504534,0.22645393721049933,164,-0.8441278338432312,363700,1,0,hebo,roc_auc,binary,LGBM,,False,holdout,0.0,78,3,3,LGBM_363700_20260405_160514,363700_rep1_fold0_hebo_roc_auc_holdout,LGBM_363700_20260405_160514::363700_rep1_fold0_hebo_roc_auc_holdout,0.04831810920055431,0.05225308438345319,0.05451994387652879
170,0.16450886574725587,0.21907702864985423,0.22872705438325613,164,-0.8440151810646057,363700,1,0,hebo,roc_auc,binary,LGBM,,False,holdout,0.0,78,3,3,LGBM_363700_20260405_160514,363700_rep1_fold0_hebo_roc_auc_holdout,LGBM_363700_20260405_160514::363700_rep1_fold0_hebo_roc_auc_holdout,0.05973183578336247,0.04961403971762278,0.05983162958508737
171,0.16507177033492826,0.22004203122319432,0.22459898781952314,164,-0.8439900875091553,363700,1,0,hebo,roc_auc,binary,LGBM,,False,holdout,0.0,78,3,3,LGBM_363700_20260405_160514,363700_rep1_fold0_hebo_roc_auc_holdout,LGBM_363700_20260405_160514::363700_rep1_fold0_hebo_roc_auc_holdout,0.06125366599440354,0.05258296496668229,0.050185407897374565
172,0.16422741345341962,0.21863741636644363,0.2269149939955395,164,-0.8441285490989685,363700,1,0,hebo,roc_auc,binary,LGBM,,False,holdout,0.0,78,3,3,LGBM_363700_20260405_160514,363700_rep1_fold0_hebo_roc_auc_holdout,LGBM_363700_20260405_160514::363700_rep1_fold0_hebo_roc_auc_holdout,0.058970920677841786,0.04826152932638418,0.05559731409100026
173,0.16310160427807485,0.2205138102590496,0.22435237605078062,164,-0.8439362645149231,363700,1,0,hebo,roc_auc,binary,LGBM,,False,holdout,0.0,78,3,3,LGBM_363700_20260405_160514,363700_rep1_fold0_hebo_roc_auc_holdout,LGBM_363700_20260405_160514::363700_rep1_fold0_hebo_roc_auc_holdout,0.05592726025575965,0.054034439532889514,0.0496091401082384
174,0.16422741345341962,0.215152684851604,0.2261215474352376,164,-0.8440116047859192,363700,1,0,hebo,roc_auc,binary,LGBM,,False,holdout,0.0,78,3,3,LGBM_363700_20260405_160514,363700_rep1_fold0_hebo_roc_auc_holdout,LGBM_363700_20260405_160514::363700_rep1_fold0_hebo_roc_auc_holdout,0.058970920677841786,0.03754041037144576,0.053743235117258134
175,0.1657754010695187,0.22049236575741982,0.22539243437982492,164,-0.843945324420929,363700,1,0,hebo,roc_auc,binary,LGBM,,False,holdout,0.0,78,3,3,LGBM_363700_20260405_160514,363700_rep1_fold0_hebo_roc_auc_holdout,LGBM_363700_20260405_160514::363700_rep1_fold0_hebo_roc_auc_holdout,0.0631559537582048,0.05396846341624376,0.052039486871116425
176,0.16352378271882917,0.215152684851604,0.22621804769257148,164,-0.844120979309082,363700,1,0,hebo,roc_auc,binary,LGBM,,False,holdout,0.0,78,3,3,LGBM_363700_20260405_160514,363700_rep1_fold0_hebo_roc_auc_holdout,LGBM_363700_20260405_160514::363700_rep1_fold0_hebo_roc_auc_holdout,0.057068632914040525,0.03754041037144576,0.05396873120865888
177,0.1609907120743035,0.21871247212214795,0.22351604048721918,164,-0.8441725373268127,363700,1,0,hebo,roc_auc,binary,LGBM,,False,holdout,0.0,78,3,3,LGBM_363700_20260405_160514,363700_rep1_fold0_hebo_roc_auc_holdout,LGBM_363700_20260405_160514::363700_rep1_fold0_hebo_roc_auc_holdout,0.050220396964355866,0.04849244573464466,0.04765484064942916
178,0.16099071207430338,0.2203208097443815,0.2282338308457712,155,-0.8436540365219116,363700,1,0,hebo,roc_auc,binary,LGBM,,False,holdout,0.0,78,3,3,LGBM_363700_20260405_160514,363700_rep1_fold0_hebo_roc_auc_holdout,LGBM_363700_20260405_160514::363700_rep1_fold0_hebo_roc_auc_holdout,0.05022039696435557,0.05344065448307741,0.0586790940068153
179,0.16352378271882917,0.22012780922971342,0.22643249270886945,155,-0.8436838984489441,363700,1,0,hebo,roc_auc,binary,LGBM,,False,holdout,0.0,78,3,3,LGBM_363700_20260405_160514,363700_rep1_fold0_hebo_roc_auc_holdout,LGBM_363700_20260405_160514::363700_rep1_fold0_hebo_roc_auc_holdout,0.057068632914040525,0.0528468694332653,0.05446983363399497
180,0.1623979735434844,0.21961314119059872,0.22666838222679708,155,-0.8437073230743408,363700,1,0,hebo,roc_auc,binary,LGBM,,False,holdout,0.0,78,3,3,LGBM_363700_20260405_160514,363700_rep1_fold0_hebo_roc_auc_holdout,LGBM_363700_20260405_160514::363700_rep1_fold0_hebo_roc_auc_holdout,0.05402497249195839,0.05126344263376691,0.05502104630186436
181,0.16070925978046724,0.21605335392005487,0.2263896037056098,155,-0.8436935544013977,363700,1,0,hebo,roc_auc,binary,LGBM,,False,holdout,0.0,78,3,3,LGBM_363700_20260405_160514,363700_rep1_fold0_hebo_roc_auc_holdout,LGBM_363700_20260405_160514::363700_rep1_fold0_hebo_roc_auc_holdout,0.04945948185883518,0.04031140727056836,0.0543696131489276
182,0.16310160427807485,0.21718991250643338,0.22724738377080123,155,-0.8436828851699829,363700,1,0,hebo,roc_auc,binary,LGBM,,False,holdout,0.0,78,3,3,LGBM_363700_20260405_160514,363700_rep1_fold0_hebo_roc_auc_holdout,LGBM_363700_20260405_160514::363700_rep1_fold0_hebo_roc_auc_holdout,0.05592726025575965,0.04380814145279457,0.056374022850270905
183,0.1647903180410919,0.21513124034997422,0.2231514839595129,164,-0.843475878238678,363700,1,0,hebo,roc_auc,binary,LGBM,,False,holdout,0.0,78,3,3,LGBM_363700_20260405_160514,363700_rep1_fold0_hebo_roc_auc_holdout,LGBM_363700_20260405_160514::363700_rep1_fold0_hebo_roc_auc_holdout,0.060492750888882556,0.03747443425480001,0.04680296652635844
184,0.16640866873065008,0.21552796363012516,0.22047092125579004,164,-0.8434720635414124,363700,1,0,hebo,roc_auc,binary,LGBM,,False,holdout,0.0,78,3,3,LGBM_363700_20260405_160514,363700_rep1_fold0_hebo_roc_auc_holdout,LGBM_363700_20260405_160514::363700_rep1_fold0_hebo_roc_auc_holdout,0.06486801274562581,0.03869499241274676,0.040539186209661494
185,0.16253869969040247,0.21320123520329382,0.22510293360782285,164,-0.8434766530990601,363700,1,0,hebo,roc_auc,binary,LGBM,,False,holdout,0.0,78,3,3,LGBM_363700_20260405_160514,363700_rep1_fold0_hebo_roc_auc_holdout,LGBM_363700_20260405_160514::363700_rep1_fold0_hebo_roc_auc_holdout,0.05440543004471858,0.031536583756680295,0.05136299859691315
186,0.16296087813115678,0.21686824498198654,0.22407359752959344,164,-0.8435843586921692,363700,1,0,hebo,roc_auc,binary,LGBM,,False,holdout,0.0,78,3,3,LGBM_363700_20260405_160514,363700_rep1_fold0_hebo_roc_auc_holdout,LGBM_363700_20260405_160514::363700_rep1_fold0_hebo_roc_auc_holdout,0.05554680270299946,0.04281849970310761,0.048957706955301904
187,0.16253869969040258,0.21438068279293188,0.2238377080116658,164,-0.8433405160903931,363700,1,0,hebo,roc_auc,binary,LGBM,,False,holdout,0.0,78,3,3,LGBM_363700_20260405_160514,363700_rep1_fold0_hebo_roc_auc_holdout,LGBM_363700_20260405_160514::363700_rep1_fold0_hebo_roc_auc_holdout,0.05440543004471888,0.03516527017219801,0.04840649428743252
188,0.1594427244582044,0.21931291816778187,0.2226904271744724,164,-0.8433800935745239,363700,1,0,hebo,roc_auc,binary,LGBM,,False,holdout,0.0,78,3,3,LGBM_363700_20260405_160514,363700_rep1_fold0_hebo_roc_auc_holdout,LGBM_363700_20260405_160514::363700_rep1_fold0_hebo_roc_auc_holdout,0.046035363883992854,0.05033977700072639,0.045725596311886184
189,0.1614128905150578,0.21622490993309318,0.22793360782295413,164,-0.8433477282524109,363700,1,0,hebo,roc_auc,binary,LGBM,,False,holdout,0.0,78,3,3,LGBM_363700_20260405_160514,363700_rep1_fold0_hebo_roc_auc_holdout,LGBM_363700_20260405_160514::363700_rep1_fold0_hebo_roc_auc_holdout,0.05136176962263674,0.040839216203734714,0.057977550611344984
190,0.160427807486631,0.2187553611254074,0.22660404872190765,164,-0.8433881998062134,363700,1,0,hebo,roc_auc,binary,LGBM,,False,holdout,0.0,78,3,3,LGBM_363700_20260405_160514,363700_rep1_fold0_hebo_roc_auc_holdout,LGBM_363700_20260405_160514::363700_rep1_fold0_hebo_roc_auc_holdout,0.0486985667533145,0.04862439796793582,0.05487071557426342
191,0.1653532226287644,0.21990264196260068,0.2274296620346543,164,-0.8434061408042908,363700,1,0,hebo,roc_auc,binary,LGBM,,False,holdout,0.0,78,3,3,LGBM_363700_20260405_160514,363700_rep1_fold0_hebo_roc_auc_holdout,LGBM_363700_20260405_160514::363700_rep1_fold0_hebo_roc_auc_holdout,0.06201458109992392,0.05215412020848457,0.05679995991180614
192,0.16324233042499292,0.2186695831188883,0.22519943386515706,164,-0.8434070944786072,363700,1,0,hebo,roc_auc,binary,LGBM,,False,holdout,0.0,78,3,3,LGBM_363700_20260405_160514,363700_rep1_fold0_hebo_roc_auc_holdout,LGBM_363700_20260405_160514::363700_rep1_fold0_hebo_roc_auc_holdout,0.05630771780851984,0.04836049350135281,0.051588494688314675
193,0.15845764142977758,0.2175330245325099,0.22350531823640418,164,-0.8433425426483154,363700,1,0,hebo,roc_auc,binary,LGBM,,False,holdout,0.0,78,3,3,LGBM_363700_20260405_160514,363700_rep1_fold0_hebo_roc_auc_holdout,LGBM_363700_20260405_160514::363700_rep1_fold0_hebo_roc_auc_holdout,0.043372161014670604,0.04486375931912694,0.047629785528162126
194,0.16647903180410917,0.21472379481900838,0.2240950420312232,164,-0.8434460759162903,363700,1,0,hebo,roc_auc,binary,LGBM,,False,holdout,0.0,78,3,3,LGBM_363700_20260405_160514,363700_rep1_fold0_hebo_roc_auc_holdout,LGBM_363700_20260405_160514::363700_rep1_fold0_hebo_roc_auc_holdout,0.06505824152200607,0.03622088803853038,0.04900781719783546
195,0.22586546580354627,0.2249957110996741,0.24170097786927436,164,-0.8433986902236938,363700,1,0,hebo,roc_auc,binary,LGBM,,False,holdout,0.0,78,3,3,LGBM_363700_20260405_160514,363700_rep1_fold0_hebo_roc_auc_holdout,LGBM_363700_20260405_160514::363700_rep1_fold0_hebo_roc_auc_holdout,0.22561132878683984,0.06782344791185643,0.09014832631789964
196,0.16619757951027303,0.21764024704065865,0.22683993823983528,164,-0.8434036374092102,363700,1,0,hebo,roc_auc,binary,LGBM,,False,holdout,0.0,78,3,3,LGBM_363700_20260405_160514,363700_rep1_fold0_hebo_roc_auc_holdout,LGBM_363700_20260405_160514::363700_rep1_fold0_hebo_roc_auc_holdout,0.06429732641648568,0.04519363990235536,0.05542192824213281
197,0.16267942583732053,0.21836936009607133,0.22554254589123346,164,-0.8433646559715271,363700,1,0,hebo,roc_auc,binary,LGBM,,False,holdout,0.0,78,3,3,LGBM_363700_20260405_160514,363700_rep1_fold0_hebo_roc_auc_holdout,LGBM_363700_20260405_160514::363700_rep1_fold0_hebo_roc_auc_holdout,0.05478588759747877,0.047436827868311944,0.052390258568851586
198,0.16296087813115678,0.2195380854348945,0.22358037399210828,164,-0.8434770107269287,363700,1,0,hebo,roc_auc,binary,LGBM,,False,holdout,0.0,78,3,3,LGBM_363700_20260405_160514,363700_rep1_fold0_hebo_roc_auc_holdout,LGBM_363700_20260405_160514::363700_rep1_fold0_hebo_roc_auc_holdout,0.05554680270299946,0.05103252622550678,0.04780517137702932
199,0.16056853363354906,0.2185838051123692,0.2230442614513639,164,-0.8434705138206482,363700,1,0,hebo,roc_auc,binary,LGBM,,False,holdout,0.0,78,3,3,LGBM_363700_20260405_160514,363700_rep1_fold0_hebo_roc_auc_holdout,LGBM_363700_20260405_160514::363700_rep1_fold0_hebo_roc_auc_holdout,0.04907902430607469,0.04809658903476981,0.04655241531369039
200,0.1836476217281171,0.21751158003088011,0.22732243952650544,164,-0.8435067534446716,363700,1,0,hebo,roc_auc,binary,LGBM,,False,holdout,0.0,78,3,3,LGBM_363700_20260405_160514,363700_rep1_fold0_hebo_roc_auc_holdout,LGBM_363700_20260405_160514::363700_rep1_fold0_hebo_roc_auc_holdout,0.1114740629587591,0.04479778320248119,0.05654940869913836
201,0.15958345060512247,0.21710413449991417,0.2232158174644021,164,-0.8434739708900452,363700,1,0,hebo,roc_auc,binary,LGBM,,False,holdout,0.0,78,3,3,LGBM_363700_20260405_160514,363700_rep1_fold0_hebo_roc_auc_holdout,LGBM_363700_20260405_160514::363700_rep1_fold0_hebo_roc_auc_holdout,0.046415821436753046,0.043544236986211224,0.04695329725395885
202,0.1633830565719111,0.21337279121633212,0.2268399382398354,164,-0.8435325622558594,363700,1,0,hebo,roc_auc,binary,LGBM,,False,holdout,0.0,78,3,3,LGBM_363700_20260405_160514,363700_rep1_fold0_hebo_roc_auc_holdout,LGBM_363700_20260405_160514::363700_rep1_fold0_hebo_roc_auc_holdout,0.05668817536128033,0.03206439268984665,0.055421928242133066
203,0.16507177033492826,0.22167181334705766,0.22753688454280319,164,-0.8434022665023804,363700,1,0,hebo,roc_auc,binary,LGBM,,False,holdout,0.0,78,3,3,LGBM_363700_20260405_160514,363700_rep1_fold0_hebo_roc_auc_holdout,LGBM_363700_20260405_160514::363700_rep1_fold0_hebo_roc_auc_holdout,0.06125366599440354,0.0575971498317608,0.05705051112447392
204,0.16422741345341962,0.21888402813518615,0.2278907188196947,164,-0.8433599472045898,363700,1,0,hebo,roc_auc,binary,LGBM,,False,holdout,0.0,78,3,3,LGBM_363700_20260405_160514,363700_rep1_fold0_hebo_roc_auc_holdout,LGBM_363700_20260405_160514::363700_rep1_fold0_hebo_roc_auc_holdout,0.058970920677841786,0.049020254667810674,0.05787733012627813
205,0.1598649028989586,0.2187339166237776,0.22379481900840614,164,-0.8433849811553955,363700,1,0,hebo,roc_auc,binary,LGBM,,False,holdout,0.0,78,3,3,LGBM_363700_20260405_160514,363700_rep1_fold0_hebo_roc_auc_holdout,LGBM_363700_20260405_160514::363700_rep1_fold0_hebo_roc_auc_holdout,0.04717673654227343,0.048558421851290064,0.04830627380236514
206,0.16169434280889394,0.21772602504717786,0.2233123177217362,164,-0.8435076475143433,363700,1,0,hebo,roc_auc,binary,LGBM,,False,holdout,0.0,78,3,3,LGBM_363700_20260405_160514,363700_rep1_fold0_hebo_roc_auc_holdout,LGBM_363700_20260405_160514::363700_rep1_fold0_hebo_roc_auc_holdout,0.05212268472815713,0.04545754436893871,0.04717879334536011
207,0.16310160427807485,0.21283667867558753,0.2242665980442614,164,-0.843512237071991,363700,1,0,hebo,roc_auc,binary,LGBM,,False,holdout,0.0,78,3,3,LGBM_363700_20260405_160514,363700_rep1_fold0_hebo_roc_auc_holdout,LGBM_363700_20260405_160514::363700_rep1_fold0_hebo_roc_auc_holdout,0.05592726025575965,0.03041498977370217,0.04940869913810391
208,0.16310160427807474,0.2195273631840795,0.22449176531137416,164,-0.8434664011001587,363700,1,0,hebo,roc_auc,binary,LGBM,,False,holdout,0.0,78,3,3,LGBM_363700_20260405_160514,363700_rep1_fold0_hebo_roc_auc_holdout,LGBM_363700_20260405_160514::363700_rep1_fold0_hebo_roc_auc_holdout,0.05592726025575935,0.05099953816718357,0.04993485668470652
209,0.16267942583732053,0.2200634757248241,0.22729027277406066,164,-0.8434289693832397,363700,1,0,hebo,roc_auc,binary,LGBM,,False,holdout,0.0,78,3,3,LGBM_363700_20260405_160514,363700_rep1_fold0_hebo_roc_auc_holdout,LGBM_363700_20260405_160514::363700_rep1_fold0_hebo_roc_auc_holdout,0.05478588759747877,0.052648941083328044,0.056474243335337765
210,0.16507177033492826,0.21247212214788136,0.2255961571453079,164,-0.8434748649597168,363700,1,0,hebo,roc_auc,binary,LGBM,,False,holdout,0.0,78,3,3,LGBM_363700_20260405_160514,363700_rep1_fold0_hebo_roc_auc_holdout,LGBM_363700_20260405_160514::363700_rep1_fold0_hebo_roc_auc_holdout,0.06125366599440354,0.029293395790724392,0.05251553417518547
211,0.16352378271882917,0.2181334705781437,0.22478126608337623,164,-0.8435694575309753,363700,1,0,hebo,roc_auc,binary,LGBM,,False,holdout,0.0,78,3,3,LGBM_363700_20260405_160514,363700_rep1_fold0_hebo_roc_auc_holdout,LGBM_363700_20260405_160514::363700_rep1_fold0_hebo_roc_auc_holdout,0.057068632914040525,0.04671109058520833,0.050611344958909794
212,0.16127216436813963,0.22074969977697723,0.22351604048721907,164,-0.8434606790542603,363700,1,0,hebo,roc_auc,binary,LGBM,,False,holdout,0.0,78,3,3,LGBM_363700_20260405_160514,363700_rep1_fold0_hebo_roc_auc_holdout,LGBM_363700_20260405_160514::363700_rep1_fold0_hebo_roc_auc_holdout,0.05098131206987625,0.05476017681599313,0.0476548406494289
213,0.16296087813115667,0.21916280665637333,0.22706510550694814,164,-0.8435307741165161,363700,1,0,hebo,roc_auc,binary,LGBM,,False,holdout,0.0,78,3,3,LGBM_363700_20260405_160514,363700_rep1_fold0_hebo_roc_auc_holdout,LGBM_363700_20260405_160514::363700_rep1_fold0_hebo_roc_auc_holdout,0.05554680270299916,0.04987794418420578,0.055948085788735676
214,0.16647903180410928,0.22114642305712828,0.22469548807685702,164,-0.8434851169586182,363700,1,0,hebo,roc_auc,binary,LGBM,,False,holdout,0.0,78,3,3,LGBM_363700_20260405_160514,363700_rep1_fold0_hebo_roc_auc_holdout,LGBM_363700_20260405_160514::363700_rep1_fold0_hebo_roc_auc_holdout,0.06505824152200636,0.05598073497394022,0.05041090398877531
215,0.16169434280889394,0.21714702350317383,0.22763338480013717,164,-0.8435218930244446,363700,1,0,hebo,roc_auc,binary,LGBM,,False,holdout,0.0,78,3,3,LGBM_363700_20260405_160514,363700_rep1_fold0_hebo_roc_auc_holdout,LGBM_363700_20260405_160514::363700_rep1_fold0_hebo_roc_auc_holdout,0.05212268472815713,0.043676189219503066,0.05727600721587493
216,0.1614128905150577,0.21783324755532685,0.22510293360782285,164,-0.8434591889381409,363700,1,0,hebo,roc_auc,binary,LGBM,,False,holdout,0.0,78,3,3,LGBM_363700_20260405_160514,363700_rep1_fold0_hebo_roc_auc_holdout,LGBM_363700_20260405_160514::363700_rep1_fold0_hebo_roc_auc_holdout,0.051361769622636444,0.04578742495216781,0.05136299859691315
217,0.160427807486631,0.2177903585520673,0.22343026248070008,164,-0.8434987664222717,363700,1,0,hebo,roc_auc,binary,LGBM,,False,holdout,0.0,78,3,3,LGBM_363700_20260405_160514,363700_rep1_fold0_hebo_roc_auc_holdout,LGBM_363700_20260405_160514::363700_rep1_fold0_hebo_roc_auc_holdout,0.0486985667533145,0.0456554727188763,0.047454399679294934
218,0.16099071207430338,0.2175973580373992,0.22377337450677648,164,-0.8435499668121338,363700,1,0,hebo,roc_auc,binary,LGBM,,False,holdout,0.0,78,3,3,LGBM_363700_20260405_160514,363700_rep1_fold0_hebo_roc_auc_holdout,LGBM_363700_20260405_160514::363700_rep1_fold0_hebo_roc_auc_holdout,0.05022039696435557,0.045061687669064196,0.048256163559831845
219,0.16310160427807485,0.2191842511580031,0.22485632183908044,164,-0.8435041308403015,363700,1,0,hebo,roc_auc,binary,LGBM,,False,holdout,0.0,78,3,3,LGBM_363700_20260405_160514,363700_rep1_fold0_hebo_roc_auc_holdout,LGBM_363700_20260405_160514::363700_rep1_fold0_hebo_roc_auc_holdout,0.05592726025575965,0.04994392030085154,0.05078673080777724
220,0.16225724739656622,0.2197203636987477,0.22650754846457366,164,-0.843481719493866,363700,1,0,hebo,roc_auc,binary,LGBM,,False,holdout,0.0,78,3,3,LGBM_363700_20260405_160514,363700_rep1_fold0_hebo_roc_auc_holdout,LGBM_363700_20260405_160514::363700_rep1_fold0_hebo_roc_auc_holdout,0.0536445149391979,0.051593323216996015,0.05464521948286242
221,0.1643681396003378,0.21543146337279118,0.22561760164693778,164,-0.8435198664665222,363700,1,0,hebo,roc_auc,binary,LGBM,,False,holdout,0.0,78,3,3,LGBM_363700_20260405_160514,363700_rep1_fold0_hebo_roc_auc_holdout,LGBM_363700_20260405_160514::363700_rep1_fold0_hebo_roc_auc_holdout,0.05935137823060228,0.038398099887840875,0.05256564441771929
222,0.16415705037996065,0.2201599759821582,0.2271937725167268,164,-0.8434178829193115,363700,1,0,hebo,roc_auc,binary,LGBM,,False,holdout,0.0,78,3,3,LGBM_363700_20260405_160514,363700_rep1_fold0_hebo_roc_auc_holdout,LGBM_363700_20260405_160514::363700_rep1_fold0_hebo_roc_auc_holdout,0.05878069190146184,0.05294583360823427,0.05624874724393702
223,0.16169434280889394,0.2179619145651055,0.22423443129181675,164,-0.8434874415397644,363700,1,0,hebo,roc_auc,binary,LGBM,,False,holdout,0.0,78,3,3,LGBM_363700_20260405_160514,363700_rep1_fold0_hebo_roc_auc_holdout,LGBM_363700_20260405_160514::363700_rep1_fold0_hebo_roc_auc_holdout,0.05212268472815713,0.046183281652042316,0.04933353377430358
224,0.15606529693216997,0.21197889861039632,0.22132870132098137,164,-0.8436141014099121,363700,1,0,hebo,roc_auc,binary,LGBM,,False,holdout,0.0,78,3,3,LGBM_363700_20260405_160514,363700_rep1_fold0_hebo_roc_auc_holdout,LGBM_363700_20260405_160514::363700_rep1_fold0_hebo_roc_auc_holdout,0.03690438261774614,0.027775945107871416,0.042543595911004546
225,0.1594427244582043,0.22036369874764117,0.22347315148395952,164,-0.843593955039978,363700,1,0,hebo,roc_auc,binary,LGBM,,False,holdout,0.0,78,3,3,LGBM_363700_20260405_160514,363700_rep1_fold0_hebo_roc_auc_holdout,LGBM_363700_20260405_160514::363700_rep1_fold0_hebo_roc_auc_holdout,0.046035363883992556,0.05357260671636925,0.04755462016436179
226,0.16324233042499303,0.219098473151484,0.22496354434722932,164,-0.8437055945396423,363700,1,0,hebo,roc_auc,binary,LGBM,,False,holdout,0.0,78,3,3,LGBM_363700_20260405_160514,363700_rep1_fold0_hebo_roc_auc_holdout,LGBM_363700_20260405_160514::363700_rep1_fold0_hebo_roc_auc_holdout,0.05630771780852014,0.04968001583426853,0.05103728202044503
227,0.16774556712637212,0.20814033281866529,0.22057814376393903,164,-0.843575656414032,363700,1,0,hebo,roc_auc,binary,LGBM,,False,holdout,0.0,78,3,3,LGBM_363700_20260405_160514,363700_rep1_fold0_hebo_roc_auc_holdout,LGBM_363700_20260405_160514::363700_rep1_fold0_hebo_roc_auc_holdout,0.0684823594968487,0.015966220228277744,0.04078973742232954
228,0.1639459611595835,0.22165036884542788,0.22735460627895,164,-0.8436525464057922,363700,1,0,hebo,roc_auc,binary,LGBM,,False,holdout,0.0,78,3,3,LGBM_363700_20260405_160514,363700_rep1_fold0_hebo_roc_auc_holdout,LGBM_363700_20260405_160514::363700_rep1_fold0_hebo_roc_auc_holdout,0.0582100055723214,0.05753117371511505,0.056624574062938436
229,0.15522094005066134,0.2129653456853663,0.22214359238291304,229,-0.8444104790687561,363700,1,0,hebo,roc_auc,binary,LGBM,,False,holdout,0.0,78,3,3,LGBM_363700_20260405_160514,363700_rep1_fold0_hebo_roc_auc_holdout,LGBM_363700_20260405_160514::363700_rep1_fold0_hebo_roc_auc_holdout,0.03462163730118439,0.030810846473577024,0.04444778512728023
230,0.16296087813115667,0.21766169154228865,0.2228727054383257,229,-0.8444007635116577,363700,1,0,hebo,roc_auc,binary,LGBM,,False,holdout,0.0,78,3,3,LGBM_363700_20260405_160514,363700_rep1_fold0_hebo_roc_auc_holdout,LGBM_363700_20260405_160514::363700_rep1_fold0_hebo_roc_auc_holdout,0.05554680270299916,0.045259616019001796,0.04615153337342194
231,0.16211652124964826,0.21854091610910964,0.22536026762738037,229,-0.8444234132766724,363700,1,0,hebo,roc_auc,binary,LGBM,,False,holdout,0.0,78,3,3,LGBM_363700_20260405_160514,363700_rep1_fold0_hebo_roc_auc_holdout,LGBM_363700_20260405_160514::363700_rep1_fold0_hebo_roc_auc_holdout,0.053264057386438,0.0479646368014783,0.05196432150731635
232,0.1608499859273853,0.21811202607651392,0.22526376737004639,229,-0.8444174528121948,363700,1,0,hebo,roc_auc,binary,LGBM,,False,holdout,0.0,78,3,3,LGBM_363700_20260405_160514,363700_rep1_fold0_hebo_roc_auc_holdout,LGBM_363700_20260405_160514::363700_rep1_fold0_hebo_roc_auc_holdout,0.049839939411595376,0.04664511446856258,0.051738825415915346
233,0.16070925978046724,0.21854091610910953,0.2269257162463545,229,-0.8443922996520996,363700,1,0,hebo,roc_auc,binary,LGBM,,False,holdout,0.0,78,3,3,LGBM_363700_20260405_160514,363700_rep1_fold0_hebo_roc_auc_holdout,LGBM_363700_20260405_160514::363700_rep1_fold0_hebo_roc_auc_holdout,0.04945948185883518,0.04796463680147796,0.0556223692122673
234,0.1609907120743035,0.21877680562703716,0.22500643335048898,229,-0.8444101214408875,363700,1,0,hebo,roc_auc,binary,LGBM,,False,holdout,0.0,78,3,3,LGBM_363700_20260405_160514,363700_rep1_fold0_hebo_roc_auc_holdout,LGBM_363700_20260405_160514::363700_rep1_fold0_hebo_roc_auc_holdout,0.050220396964355866,0.04869037408458157,0.051137502505512404
235,0.16450886574725587,0.21982758620689657,0.22711871676102258,229,-0.8442987203598022,363700,1,0,hebo,roc_auc,binary,LGBM,,False,holdout,0.0,78,3,3,LGBM_363700_20260405_160514,363700_rep1_fold0_hebo_roc_auc_holdout,LGBM_363700_20260405_160514::363700_rep1_fold0_hebo_roc_auc_holdout,0.05973183578336247,0.051923203800224776,0.05607336139506957
236,0.16197579510273008,0.2152384628581232,0.22619660319094181,229,-0.8440184593200684,363700,1,0,hebo,roc_auc,binary,LGBM,,False,holdout,0.0,78,3,3,LGBM_363700_20260405_160514,363700_rep1_fold0_hebo_roc_auc_holdout,LGBM_363700_20260405_160514::363700_rep1_fold0_hebo_roc_auc_holdout,0.05288359983367751,0.03780431483802911,0.05391862096612558
237,0.16211652124964815,0.21877680562703727,0.22381626351003603,229,-0.8440093994140625,363700,1,0,hebo,roc_auc,binary,LGBM,,False,holdout,0.0,78,3,3,LGBM_363700_20260405_160514,363700_rep1_fold0_hebo_roc_auc_holdout,LGBM_363700_20260405_160514::363700_rep1_fold0_hebo_roc_auc_holdout,0.053264057386437705,0.04869037408458191,0.04835638404489896
238,0.16422741345341962,0.21633213244124205,0.22756905129524774,229,-0.8439880013465881,363700,1,0,hebo,roc_auc,binary,LGBM,,False,holdout,0.0,78,3,3,LGBM_363700_20260405_160514,363700_rep1_fold0_hebo_roc_auc_holdout,LGBM_363700_20260405_160514::363700_rep1_fold0_hebo_roc_auc_holdout,0.058970920677841786,0.041169096786963476,0.057125676488274005
239,0.17998874190824654,0.22467404357522736,0.22887716589466467,229,-0.8440684676170349,363700,1,0,hebo,roc_auc,binary,LGBM,,False,holdout,0.0,78,3,3,LGBM_363700_20260405_160514,363700_rep1_fold0_hebo_roc_auc_holdout,LGBM_363700_20260405_160514::363700_rep1_fold0_hebo_roc_auc_holdout,0.10158216658699201,0.0668338061621698,0.060182401282822526
240,0.16352378271882917,0.21903413964659457,0.2252316006176016,229,-0.8440455794334412,363700,1,0,hebo,roc_auc,binary,LGBM,,False,holdout,0.0,78,3,3,LGBM_363700_20260405_160514,363700_rep1_fold0_hebo_roc_auc_holdout,LGBM_363700_20260405_160514::363700_rep1_fold0_hebo_roc_auc_holdout,0.057068632914040525,0.04948208748433093,0.05166366005211475
241,0.16169434280889394,0.21781180305369696,0.2274403842854692,229,-0.8440715074539185,363700,1,0,hebo,roc_auc,binary,LGBM,,False,holdout,0.0,78,3,3,LGBM_363700_20260405_160514,363700_rep1_fold0_hebo_roc_auc_holdout,LGBM_363700_20260405_160514::363700_rep1_fold0_hebo_roc_auc_holdout,0.05212268472815713,0.04572144883552171,0.05682501503307292
242,0.1614128905150577,0.21938797392348608,0.22386987476411047,229,-0.8439685702323914,363700,1,0,hebo,roc_auc,binary,LGBM,,False,holdout,0.0,78,3,3,LGBM_363700_20260405_160514,363700_rep1_fold0_hebo_roc_auc_holdout,LGBM_363700_20260405_160514::363700_rep1_fold0_hebo_roc_auc_holdout,0.051361769622636444,0.050570693408986525,0.04848165965123285
243,0.164790318041092,0.21982758620689646,0.22546749013552936,229,-0.844040036201477,363700,1,0,hebo,roc_auc,binary,LGBM,,False,holdout,0.0,78,3,3,LGBM_363700_20260405_160514,363700_rep1_fold0_hebo_roc_auc_holdout,LGBM_363700_20260405_160514::363700_rep1_fold0_hebo_roc_auc_holdout,0.060492750888882854,0.051923203800224436,0.052214872719984394
244,0.16296087813115678,0.2176831360439183,0.22161820209298333,229,-0.8439204096794128,363700,1,0,hebo,roc_auc,binary,LGBM,,False,holdout,0.0,78,3,3,LGBM_363700_20260405_160514,363700_rep1_fold0_hebo_roc_auc_holdout,LGBM_363700_20260405_160514::363700_rep1_fold0_hebo_roc_auc_holdout,0.05554680270299946,0.04532559213564721,0.04322008418520756
245,0.16056853363354906,0.2191842511580031,0.22526376737004628,229,-0.844016432762146,363700,1,0,hebo,roc_auc,binary,LGBM,,False,holdout,0.0,78,3,3,LGBM_363700_20260405_160514,363700_rep1_fold0_hebo_roc_auc_holdout,LGBM_363700_20260405_160514::363700_rep1_fold0_hebo_roc_auc_holdout,0.04907902430607469,0.04994392030085154,0.05173882541591508
246,0.16113143822122145,0.21933436266941153,0.22645393721049922,229,-0.8440031409263611,363700,1,0,hebo,roc_auc,binary,LGBM,,False,holdout,0.0,78,3,3,LGBM_363700_20260405_160514,363700_rep1_fold0_hebo_roc_auc_holdout,LGBM_363700_20260405_160514::363700_rep1_fold0_hebo_roc_auc_holdout,0.05060085451711576,0.0504057531173718,0.054519943876528525
247,0.16366450886574724,0.2204280322525305,0.2245346543146337,229,-0.8440484404563904,363700,1,0,hebo,roc_auc,binary,LGBM,,False,holdout,0.0,78,3,3,LGBM_363700_20260405_160514,363700_rep1_fold0_hebo_roc_auc_holdout,LGBM_363700_20260405_160514::363700_rep1_fold0_hebo_roc_auc_holdout,0.05744909046680072,0.05377053506630651,0.05003507716977363
248,0.16169434280889383,0.21571024189397836,0.225681935151827,229,-0.8439508676528931,363700,1,0,hebo,roc_auc,binary,LGBM,,False,holdout,0.0,78,3,3,LGBM_363700_20260405_160514,363700_rep1_fold0_hebo_roc_auc_holdout,LGBM_363700_20260405_160514::363700_rep1_fold0_hebo_roc_auc_holdout,0.05212268472815683,0.03925578940423599,0.0527159751453197
249,0.5,0.5,0.5,229,-0.8440343141555786,363700,1,0,hebo,roc_auc,binary,LGBM,,False,holdout,0.0,78,3,3,LGBM_363700_20260405_160514,363700_rep1_fold0_hebo_roc_auc_holdout,LGBM_363700_20260405_160514::363700_rep1_fold0_hebo_roc_auc_holdout,0.9667426415638452,0.9139011677772645,0.6937261976347965
0,0.2401674758958494,0.23069210798488726,0.23246512020600707,0,-0.7598325241041506,363700,0,0,hebo,roc_auc,binary,LGBM,,False,cv,0.0,78,3,3,LGBM_363700_20260405_160514,363700_rep0_fold0_hebo_roc_auc_cv,LGBM_363700_20260405_160514::363700_rep0_fold0_hebo_roc_auc_cv,0.16035625910553905,0.02355769230769285,0.028930817610062425
1,0.2828498948715257,0.26035840175612646,0.2493403972391668,0,-0.7598325241041506,363700,0,0,hebo,roc_auc,binary,LGBM,,False,cv,0.0,78,3,3,LGBM_363700_20260405_160514,363700_rep0_fold0_hebo_roc_auc_cv,LGBM_363700_20260405_160514::363700_rep0_fold0_hebo_roc_auc_cv,0.29052847766397494,0.12751479289940873,0.08186031115524668
2,0.2599846626361402,0.273054435696646,0.2669016611435929,0,-0.7598325241041506,363700,0,0,hebo,roc_auc,binary,LGBM,,False,cv,0.0,78,3,3,LGBM_363700_20260405_160514,363700_rep0_fold0_hebo_roc_auc_cv,LGBM_363700_20260405_160514::363700_rep0_fold0_hebo_roc_auc_cv,0.22079442604824556,0.1720044378698225,0.13694141012909622
3,0.5,0.5,0.5,0,-0.7598325241041506,363700,0,0,hebo,roc_auc,binary,LGBM,,False,cv,0.0,78,3,3,LGBM_363700_20260405_160514,363700_rep0_fold0_hebo_roc_auc_cv,LGBM_363700_20260405_160514::363700_rep0_fold0_hebo_roc_auc_cv,0.9527896995708156,0.9672707100591715,0.8680569347898045
4,0.3211838664066129,0.2583848702957132,0.3038921839711253,0,-0.7598325241041506,363700,0,0,hebo,roc_auc,binary,LGBM,,False,cv,0.0,78,3,3,LGBM_363700_20260405_160514,363700_rep0_fold0_hebo_roc_auc_cv,LGBM_363700_20260405_160514::363700_rep0_fold0_hebo_roc_auc_cv,0.4074388646718418,0.1205991124260361,0.2529625951671631
5,0.2620214598443279,0.28518057285180565,0.2872596407539523,0,-0.7598325241041506,363700,0,0,hebo,roc_auc,binary,LGBM,,False,cv,0.0,78,3,3,LGBM_363700_20260405_160514,363700_rep0_fold0_hebo_roc_auc_cv,LGBM_363700_20260405_160514::363700_rep0_fold0_hebo_roc_auc_cv,0.22700622045227217,0.21449704142011825,0.20079443892750698
6,0.2832094553073443,0.2571817548599531,0.2604533845536863,0,-0.7598325241041506,363700,0,0,hebo,roc_auc,binary,LGBM,,False,cv,0.0,78,3,3,LGBM_363700_20260405_160514,363700_rep0_fold0_hebo_roc_auc_cv,LGBM_363700_20260405_160514::363700_rep0_fold0_hebo_roc_auc_cv,0.29162505983432996,0.1163831360946746,0.11671631909963527
7,0.2353819584291238,0.237752495936847,0.23599003735990032,7,-0.7646180415708762,363700,0,0,hebo,roc_auc,binary,LGBM,,False,cv,0.0,78,3,3,LGBM_363700_20260405_160514,363700_rep0_fold0_hebo_roc_auc_cv,LGBM_363700_20260405_160514::363700_rep0_fold0_hebo_roc_auc_cv,0.1457614577671046,0.048298816568047596,0.03998675935120777
8,0.23954556741519706,0.23977879561812698,0.23728813559322037,7,-0.7646180415708762,363700,0,0,hebo,roc_auc,binary,LGBM,,False,cv,0.0,78,3,3,LGBM_363700_20260405_160514,363700_rep0_fold0_hebo_roc_auc_cv,LGBM_363700_20260405_160514::363700_rep0_fold0_hebo_roc_auc_cv,0.15845957169630487,0.055399408284024065,0.04405825885468372
9,0.31325527054193203,0.3209785338877513,0.2978766067923254,7,-0.7646180415708762,363700,0,0,hebo,roc_auc,binary,LGBM,,False,cv,0.0,78,3,3,LGBM_363700_20260405_160514,363700_rep0_fold0_hebo_roc_auc_cv,LGBM_363700_20260405_160514::363700_rep0_fold0_hebo_roc_auc_cv,0.38325834869998676,0.3399408284023666,0.23409467063886114
10,0.5,0.5,0.5,7,-0.7646180415708762,363700,0,0,hebo,roc_auc,binary,LGBM,,False,cv,0.0,78,3,3,LGBM_363700_20260405_160514,363700_rep0_fold0_hebo_roc_auc_cv,LGBM_363700_20260405_160514::363700_rep0_fold0_hebo_roc_auc_cv,0.9527896995708156,0.9672707100591715,0.8680569347898045
11,0.2622655777156061,0.29147054477911216,0.28221499883909906,7,-0.7646180415708762,363700,0,0,hebo,roc_auc,binary,LGBM,,False,cv,0.0,78,3,3,LGBM_363700_20260405_160514,363700_rep0_fold0_hebo_roc_auc_cv,LGBM_363700_20260405_160514::363700_rep0_fold0_hebo_roc_auc_cv,0.2277507275738614,0.23653846153846148,0.18497186362131696
12,0.2945314267746335,0.29321189606771225,0.28922261857019216,7,-0.7646180415708762,363700,0,0,hebo,roc_auc,binary,LGBM,,False,cv,0.0,78,3,3,LGBM_363700_20260405_160514,363700_rep0_fold0_hebo_roc_auc_cv,LGBM_363700_20260405_160514::363700_rep0_fold0_hebo_roc_auc_cv,0.326154643201951,0.24264053254437912,0.2069513406156895
13,0.23678459679925734,0.24660700339827335,0.23852291196150022,7,-0.7646180415708762,363700,0,0,hebo,roc_auc,binary,LGBM,,False,cv,0.0,78,3,3,LGBM_363700_20260405_160514,363700_rep0_fold0_hebo_roc_auc_cv,LGBM_363700_20260405_160514::363700_rep0_fold0_hebo_roc_auc_cv,0.15003920380065353,0.07932692307692306,0.047931148626282144
14,0.29011663890780404,0.30068387614243197,0.2896025497604322,7,-0.7646180415708762,363700,0,0,hebo,roc_auc,binary,LGBM,,False,cv,0.0,78,3,3,LGBM_363700_20260405_160514,363700_rep0_fold0_hebo_roc_auc_cv,LGBM_363700_20260405_160514::363700_rep0_fold0_hebo_roc_auc_cv,0.3126904875874917,0.26882396449704155,0.20814299900695085
15,0.25884978207778986,0.2444329526985669,0.24785233341072666,7,-0.7646180415708762,363700,0,0,hebo,roc_auc,binary,LGBM,,False,cv,0.0,78,3,3,LGBM_363700_20260405_160514,363700_rep0_fold0_hebo_roc_auc_cv,LGBM_363700_20260405_160514::363700_rep0_fold0_hebo_roc_auc_cv,0.21733328388187761,0.07170857988165737,0.07719298245613987
16,0.26524986890768454,0.260062899719273,0.2463115013614201,7,-0.7646180415708762,363700,0,0,hebo,roc_auc,binary,LGBM,,False,cv,0.0,78,3,3,LGBM_363700_20260405_160514,363700_rep0_fold0_hebo_roc_auc_cv,LGBM_363700_20260405_160514::363700_rep0_fold0_hebo_roc_auc_cv,0.23685217530386543,0.12647928994082835,0.07236014564713647
17,0.23408166099265026,0.2414884859742069,0.23823796356882032,17,-0.7659183390073497,363700,0,0,hebo,roc_auc,binary,LGBM,,False,cv,0.0,78,3,3,LGBM_363700_20260405_160514,363700_rep0_fold0_hebo_roc_auc_cv,LGBM_363700_20260405_160514::363700_rep0_fold0_hebo_roc_auc_cv,0.141795829619645,0.061390532544379005,0.04703740483283657
18,0.3132554415566934,0.28904320661924554,0.3183928910652849,17,-0.7659183390073497,363700,0,0,hebo,roc_auc,binary,LGBM,,False,cv,0.0,78,3,3,LGBM_363700_20260405_160514,363700_rep0_fold0_hebo_roc_auc_cv,LGBM_363700_20260405_160514::363700_rep0_fold0_hebo_roc_auc_cv,0.38325887025831046,0.2280325443786981,0.2984442237669645
19,0.2442006823260956,0.2425755113240602,0.24327205183950007,17,-0.7659183390073497,363700,0,0,hebo,roc_auc,binary,LGBM,,False,cv,0.0,78,3,3,LGBM_363700_20260405_160514,363700_rep0_fold0_hebo_roc_auc_cv,LGBM_363700_20260405_160514::363700_rep0_fold0_hebo_roc_auc_cv,0.1726566732228478,0.06519970414201204,0.06282687851704673
20,0.2507168102721955,0.24973088207357996,0.24482343753298008,17,-0.7659183390073497,363700,0,0,hebo,roc_auc,binary,LGBM,,False,cv,0.0,78,3,3,LGBM_363700_20260405_160514,363700_rep0_fold0_hebo_roc_auc_cv,LGBM_363700_20260405_160514::363700_rep0_fold0_hebo_roc_auc_cv,0.19252946514773447,0.09027366863905333,0.06769281694803002
21,0.3129209518848829,0.3161238575680183,0.29639909660805885,17,-0.7659183390073497,363700,0,0,hebo,roc_auc,binary,LGBM,,False,cv,0.0,78,3,3,LGBM_363700_20260405_160514,363700_rep0_fold0_hebo_roc_auc_cv,LGBM_363700_20260405_160514::363700_rep0_fold0_hebo_roc_auc_cv,0.38223874853818796,0.32292899408284065,0.22946044356173456
22,0.23906386443652283,0.23712983093062034,0.23750976212086028,17,-0.7659183390073497,363700,0,0,hebo,roc_auc,binary,LGBM,,False,cv,0.0,78,3,3,LGBM_363700_20260405_160514,363700_rep0_fold0_hebo_roc_auc_cv,LGBM_363700_20260405_160514::363700_rep0_fold0_hebo_roc_auc_cv,0.1569904809810864,0.0461168639053257,0.044753392916252466
23,0.2704386619835477,0.3045992781307386,0.28906431390759235,17,-0.7659183390073497,363700,0,0,hebo,roc_auc,binary,LGBM,,False,cv,0.0,78,3,3,LGBM_363700_20260405_160514,363700_rep0_fold0_hebo_roc_auc_cv,LGBM_363700_20260405_160514::363700_rep0_fold0_hebo_roc_auc_cv,0.2526768807103391,0.28254437869822524,0.20645481628599796
24,0.2961461177482996,0.2689490681132195,0.2503746543681532,17,-0.7659183390073497,363700,0,0,hebo,roc_auc,binary,LGBM,,False,cv,0.0,78,3,3,LGBM_363700_20260405_160514,363700_rep0_fold0_hebo_roc_auc_cv,LGBM_363700_20260405_160514::363700_rep0_fold0_hebo_roc_auc_cv,0.33107910417142355,0.1576183431952665,0.08510427010923471
25,0.23801376729633794,0.23202186715072715,0.23023830128543388,17,-0.7658611536026001,363700,0,0,hebo,roc_auc,binary,LGBM,,False,cv,0.0,78,3,3,LGBM_363700_20260405_160514,363700_rep0_fold0_hebo_roc_auc_cv,LGBM_363700_20260405_160514::363700_rep0_fold0_hebo_roc_auc_cv,0.15378791004625644,0.02821745562130203,0.021946375372393037
26,0.2299964356723414,0.23447031259894047,0.23401650589948697,26,-0.7697758674621582,363700,0,0,hebo,roc_auc,binary,LGBM,,False,cv,0.0,78,3,3,LGBM_363700_20260405_160514,363700_rep0_fold0_hebo_roc_auc_cv,LGBM_363700_20260405_160514::363700_rep0_fold0_hebo_roc_auc_cv,0.12933676905049704,0.03679733727810695,0.033796756041045366
27,0.5,0.5,0.5,26,-0.7695901393890381,363700,0,0,hebo,roc_auc,binary,LGBM,,False,cv,0.0,78,3,3,LGBM_363700_20260405_160514,363700_rep0_fold0_hebo_roc_auc_cv,LGBM_363700_20260405_160514::363700_rep0_fold0_hebo_roc_auc_cv,0.9527896995708156,0.9672707100591715,0.8680569347898045
28,0.24882525780095222,0.22685058150579385,0.22566857335838064,26,-0.7682721018791199,363700,0,0,hebo,roc_auc,binary,LGBM,,False,cv,0.0,78,3,3,LGBM_363700_20260405_160514,363700_rep0_fold0_hebo_roc_auc_cv,LGBM_363700_20260405_160514::363700_rep0_fold0_hebo_roc_auc_cv,0.18676063602298992,0.010096153846153744,0.007613373055279421
29,0.24061436406944892,0.23116702197268701,0.2348924583658738,26,-0.7683989405632019,363700,0,0,hebo,roc_auc,binary,LGBM,,False,cv,0.0,78,3,3,LGBM_363700_20260405_160514,363700_rep0_fold0_hebo_roc_auc_cv,LGBM_363700_20260405_160514::363700_rep0_fold0_hebo_roc_auc_cv,0.16171917213626785,0.025221893491123977,0.03654419066534254
30,0.26274212364914484,0.24832724739852674,0.24564662177850005,26,-0.7680827975273132,363700,0,0,hebo,roc_auc,binary,LGBM,,False,cv,0.0,78,3,3,LGBM_363700_20260405_160514,363700_rep0_fold0_hebo_roc_auc_cv,LGBM_363700_20260405_160514::363700_rep0_fold0_hebo_roc_auc_cv,0.22920409040807868,0.08535502958579914,0.07027474346242919
31,0.24364121893545365,0.23439643708972713,0.24331426641619358,26,-0.7682743072509766,363700,0,0,hebo,roc_auc,binary,LGBM,,False,cv,0.0,78,3,3,LGBM_363700_20260405_160514,363700_rep0_fold0_hebo_roc_auc_cv,LGBM_363700_20260405_160514::363700_rep0_fold0_hebo_roc_auc_cv,0.17095042993791146,0.03653846153846195,0.0629592850049652
32,0.2355850251570314,0.23686598982628704,0.23475526099162047,26,-0.7682141065597534,363700,0,0,hebo,roc_auc,binary,LGBM,,False,cv,0.0,78,3,3,LGBM_363700_20260405_160514,363700_rep0_fold0_hebo_roc_auc_cv,LGBM_363700_20260405_160514::363700_rep0_fold0_hebo_roc_auc_cv,0.14638076771067174,0.04519230769230801,0.036113869579609346
33,0.23818409609843882,0.23520906769107375,0.23455474175232705,26,-0.7680686116218567,363700,0,0,hebo,roc_auc,binary,LGBM,,False,cv,0.0,78,3,3,LGBM_363700_20260405_160514,363700_rep0_fold0_hebo_roc_auc_cv,LGBM_363700_20260405_160514::363700_rep0_fold0_hebo_roc_auc_cv,0.15430737634141903,0.03938609467455653,0.03548493876199897
34,0.23622663833851487,0.23815353441543363,0.23489245836587358,26,-0.7692139744758606,363700,0,0,hebo,roc_auc,binary,LGBM,,False,cv,0.0,78,3,3,LGBM_363700_20260405_160514,363700_rep0_fold0_hebo_roc_auc_cv,LGBM_363700_20260405_160514::363700_rep0_fold0_hebo_roc_auc_cv,0.14833755022896428,0.049704142011834505,0.03654419066534185
35,0.2396067222938415,0.236359414905967,0.24001097578994024,26,-0.7676167488098145,363700,0,0,hebo,roc_auc,binary,LGBM,,False,cv,0.0,78,3,3,LGBM_363700_20260405_160514,363700_rep0_fold0_hebo_roc_auc_cv,LGBM_363700_20260405_160514::363700_rep0_fold0_hebo_roc_auc_cv,0.1586460809528059,0.0434171597633138,0.052598477325388596
36,0.23236053613203678,0.2330139097030205,0.2311142537518205,26,-0.7680590152740479,363700,0,0,hebo,roc_auc,binary,LGBM,,False,cv,0.0,78,3,3,LGBM_363700_20260405_160514,363700_rep0_fold0_hebo_roc_auc_cv,LGBM_363700_20260405_160514::363700_rep0_fold0_hebo_roc_auc_cv,0.1365467681348727,0.031693786982248916,0.02469380999668952
37,0.2314137376081753,0.24311374717690015,0.2385123583173271,26,-0.7688741087913513,363700,0,0,hebo,roc_auc,binary,LGBM,,False,cv,0.0,78,3,3,LGBM_363700_20260405_160514,363700_rep0_fold0_hebo_roc_auc_cv,LGBM_363700_20260405_160514::363700_rep0_fold0_hebo_roc_auc_cv,0.13365923581274408,0.06708579881656818,0.047898047004303314
38,0.23655913663843808,0.23949384722544698,0.237689174071807,26,-0.7685920596122742,363700,0,0,hebo,roc_auc,binary,LGBM,,False,cv,0.0,78,3,3,LGBM_363700_20260405_160514,363700_rep0_fold0_hebo_roc_auc_cv,LGBM_363700_20260405_160514::363700_rep0_fold0_hebo_roc_auc_cv,0.14935159869216355,0.05440088757396484,0.045316120489903786
39,0.24968249209398752,0.23335162631656714,0.2515883234480867,26,-0.7683399319648743,363700,0,0,hebo,roc_auc,binary,LGBM,,False,cv,0.0,78,3,3,LGBM_363700_20260405_160514,363700_rep0_fold0_hebo_roc_auc_cv,LGBM_363700_20260405_160514::363700_rep0_fold0_hebo_roc_auc_cv,0.1893750166608907,0.0328772189349116,0.08891095663687512
40,0.24363817487270234,0.2432087299744603,0.244274648035967,37,-0.7682934999465942,363700,0,0,hebo,roc_auc,binary,LGBM,,False,cv,0.0,78,3,3,LGBM_363700_20260405_160514,363700_rep0_fold0_hebo_roc_auc_cv,LGBM_363700_20260405_160514::363700_rep0_fold0_hebo_roc_auc_cv,0.17094114619975231,0.0674186390532551,0.06597153260509793
41,0.24144453052609705,0.22793760685564723,0.23090318086835393,37,-0.7682039141654968,363700,0,0,hebo,roc_auc,binary,LGBM,,False,cv,0.0,78,3,3,LGBM_363700_20260405_160514,363700_rep0_fold0_hebo_roc_auc_cv,LGBM_363700_20260405_160514::363700_rep0_fold0_hebo_roc_auc_cv,0.16425100168173634,0.013905325443787172,0.024031777557100308
42,0.2385810973660002,0.2327078540219938,0.2330139097030206,26,-0.7688235640525818,363700,0,0,hebo,roc_auc,binary,LGBM,,False,cv,0.0,78,3,3,LGBM_363700_20260405_160514,363700_rep0_fold0_hebo_roc_auc_cv,LGBM_363700_20260405_160514::363700_rep0_fold0_hebo_roc_auc_cv,0.15551814501407615,0.030621301775148158,0.03065210195299591
43,0.2337402053195623,0.24435907718935357,0.2394094180720603,37,-0.7683561444282532,363700,0,0,hebo,roc_auc,binary,LGBM,,False,cv,0.0,78,3,3,LGBM_363700_20260405_160514,363700_rep0_fold0_hebo_roc_auc_cv,LGBM_363700_20260405_160514::363700_rep0_fold0_hebo_roc_auc_cv,0.1407544630904763,0.07144970414201236,0.050711684872558505
44,0.25556736085231946,0.23855457289402016,0.24429575532431347,37,-0.7683859467506409,363700,0,0,hebo,roc_auc,binary,LGBM,,False,cv,0.0,78,3,3,LGBM_363700_20260405_160514,363700_rep0_fold0_hebo_roc_auc_cv,LGBM_363700_20260405_160514::363700_rep0_fold0_hebo_roc_auc_cv,0.20732260352643012,0.051109467455621026,0.06603773584905628
45,0.23457227764071686,0.23209574265994037,0.22885577389872724,37,-0.7684332728385925,363700,0,0,hebo,roc_auc,binary,LGBM,,False,cv,0.0,78,3,3,LGBM_363700_20260405_160514,363700_rep0_fold0_hebo_roc_auc_cv,LGBM_363700_20260405_160514::363700_rep0_fold0_hebo_roc_auc_cv,0.14329210511370563,0.028476331360946638,0.01761006289308154
46,0.23674947796794021,0.2425332967473669,0.23775249593684689,37,-0.7684145569801331,363700,0,0,hebo,roc_auc,binary,LGBM,,False,cv,0.0,78,3,3,LGBM_363700_20260405_160514,363700_rep0_fold0_hebo_roc_auc_cv,LGBM_363700_20260405_160514::363700_rep0_fold0_hebo_roc_auc_cv,0.1499320989013662,0.06505177514792936,0.04551473022178027
47,0.23780085581867083,0.24008485129915358,0.23651771956856704,37,-0.7684094905853271,363700,0,0,hebo,roc_auc,binary,LGBM,,False,cv,0.0,78,3,3,LGBM_363700_20260405_160514,363700_rep0_fold0_hebo_roc_auc_cv,LGBM_363700_20260405_160514::363700_rep0_fold0_hebo_roc_auc_cv,0.15313857572853004,0.056471893491124435,0.04164184045018184
48,0.25222228361863286,0.23923000612111356,0.24763070688308675,37,-0.7683523893356323,363700,0,0,hebo,roc_auc,binary,LGBM,,False,cv,0.0,78,3,3,LGBM_363700_20260405_160514,363700_rep0_fold0_hebo_roc_auc_cv,LGBM_363700_20260405_160514::363700_rep0_fold0_hebo_roc_auc_cv,0.19712083579141854,0.053476331360946774,0.07649784839457113
49,0.2373658189680301,0.2463959305148068,0.23718259915148698,37,-0.7683991193771362,363700,0,0,hebo,roc_auc,binary,LGBM,,False,cv,0.0,78,3,3,LGBM_363700_20260405_160514,363700_rep0_fold0_hebo_roc_auc_cv,LGBM_363700_20260405_160514::363700_rep0_fold0_hebo_roc_auc_cv,0.15181180668962319,0.07858727810650921,0.043727242634888766
50,0.23632559888039295,0.23941997171623353,0.23462861726154038,37,-0.7683051824569702,363700,0,0,hebo,roc_auc,binary,LGBM,,False,cv,0.0,78,3,3,LGBM_363700_20260405_160514,363700_rep0_fold0_hebo_roc_auc_cv,LGBM_363700_20260405_160514::363700_rep0_fold0_hebo_roc_auc_cv,0.14863935864552463,0.05414201183431946,0.035716650115855335
51,0.24614577381861302,0.23632775397344696,0.2488654832513666,37,-0.7683197855949402,363700,0,0,hebo,roc_auc,binary,LGBM,,False,cv,0.0,78,3,3,LGBM_363700_20260405_160514,363700_rep0_fold0_hebo_roc_auc_cv,LGBM_363700_20260405_160514::363700_rep0_fold0_hebo_roc_auc_cv,0.17858878487341812,0.04330621301775149,0.08037073816616956
52,0.2560265981918496,0.23825907085716702,0.23559955252548703,37,-0.7683533430099487,363700,0,0,hebo,roc_auc,binary,LGBM,,False,cv,0.0,78,3,3,LGBM_363700_20260405_160514,363700_rep0_fold0_hebo_roc_auc_cv,LGBM_363700_20260405_160514::363700_rep0_fold0_hebo_roc_auc_cv,0.2087231788632117,0.05007396449704181,0.03876199933796724
53,0.24420715048440123,0.23630664668510026,0.24264938683327353,37,-0.768298864364624,363700,0,0,hebo,roc_auc,binary,LGBM,,False,cv,0.0,78,3,3,LGBM_363700_20260405_160514,363700_rep0_fold0_hebo_roc_auc_cv,LGBM_363700_20260405_160514::363700_rep0_fold0_hebo_roc_auc_cv,0.17267639971766316,0.04323224852070995,0.06087388282025793
54,0.23590599326171424,0.24213225826878015,0.24460181100534006,37,-0.7682170271873474,363700,0,0,hebo,roc_auc,binary,LGBM,,False,cv,0.0,78,3,3,LGBM_363700_20260405_160514,363700_rep0_fold0_hebo_roc_auc_cv,LGBM_363700_20260405_160514::363700_rep0_fold0_hebo_roc_auc_cv,0.14735965155267874,0.06364644970414206,0.06699768288646092
55,0.2564742692330231,0.24995250860121998,0.24679696899339354,37,-0.7682536244392395,363700,0,0,hebo,roc_auc,binary,LGBM,,False,cv,0.0,78,3,3,LGBM_363700_20260405_160514,363700_rep0_fold0_hebo_roc_auc_cv,LGBM_363700_20260405_160514::363700_rep0_fold0_hebo_roc_auc_cv,0.21008847947204382,0.09105029585798832,0.07388282025819277
56,0.23938283736899035,0.24225890199886024,0.24092914283302025,37,-0.7681969404220581,363700,0,0,hebo,roc_auc,binary,LGBM,,False,cv,0.0,78,3,3,LGBM_363700_20260405_160514,363700_rep0_fold0_hebo_roc_auc_cv,LGBM_363700_20260405_160514::363700_rep0_fold0_hebo_roc_auc_cv,0.1579632799759852,0.0640902366863909,0.0554783184376032
57,0.2379846092795347,0.24135128859995358,0.24213225826878015,37,-0.7682499885559082,363700,0,0,hebo,roc_auc,binary,LGBM,,False,cv,0.0,78,3,3,LGBM_363700_20260405_160514,363700_rep0_fold0_hebo_roc_auc_cv,LGBM_363700_20260405_160514::363700_rep0_fold0_hebo_roc_auc_cv,0.15369898435209164,0.060909763313609776,0.059251903343263385
58,0.23774918275845913,0.2412668594465669,0.24068640901703353,37,-0.7682862877845764,363700,0,0,hebo,roc_auc,binary,LGBM,,False,cv,0.0,78,3,3,LGBM_363700_20260405_160514,363700_rep0_fold0_hebo_roc_auc_cv,LGBM_363700_20260405_160514::363700_rep0_fold0_hebo_roc_auc_cv,0.1529809839835239,0.060613905325444015,0.05471698113207505
59,0.23433698413112225,0.23584228634147375,0.23577896447643376,26,-0.7684435248374939,363700,0,0,hebo,roc_auc,binary,LGBM,,False,cv,0.0,78,3,3,LGBM_363700_20260405_160514,363700_rep0_fold0_hebo_roc_auc_cv,LGBM_363700_20260405_160514::363700_rep0_fold0_hebo_roc_auc_cv,0.14257451040161148,0.0416050295857992,0.039324726911618556
60,0.2338763976751418,0.2453300124533001,0.24097135740971365,37,-0.7680020332336426,363700,0,0,hebo,roc_auc,binary,LGBM,,False,cv,0.0,78,3,3,LGBM_363700_20260405_160514,363700_rep0_fold0_hebo_roc_auc_cv,LGBM_363700_20260405_160514::363700_rep0_fold0_hebo_roc_auc_cv,0.14116982054916635,0.07485207100591733,0.055610724925521327
61,0.242577697136506,0.23208518901576713,0.2331933216539671,37,-0.7680277824401855,363700,0,0,hebo,roc_auc,binary,LGBM,,False,cv,0.0,78,3,3,LGBM_363700_20260405_160514,363700_rep0_fold0_hebo_roc_auc_cv,LGBM_363700_20260405_160514::363700_rep0_fold0_hebo_roc_auc_cv,0.16770691667468315,0.028439349112426255,0.03121482952664653
62,0.23802473314286599,0.24619541127551337,0.24430630896848693,37,-0.7681922912597656,363700,0,0,hebo,roc_auc,binary,LGBM,,False,cv,0.0,78,3,3,LGBM_363700_20260405_160514,363700_rep0_fold0_hebo_roc_auc_cv,LGBM_363700_20260405_160514::363700_rep0_fold0_hebo_roc_auc_cv,0.15382135352498102,0.07788461538461537,0.06607083747103616
63,0.25025910256469697,0.2367287924520337,0.25218988116596663,37,-0.7680853605270386,363700,0,0,hebo,roc_auc,binary,LGBM,,False,cv,0.0,78,3,3,LGBM_363700_20260405_160514,363700_rep0_fold0_hebo_roc_auc_cv,LGBM_363700_20260405_160514::363700_rep0_fold0_hebo_roc_auc_cv,0.19113355486040204,0.04471153846153879,0.09079774908970521
64,0.2403803474700721,0.24341980285792686,0.2437575194714735,37,-0.7681655883789062,363700,0,0,hebo,roc_auc,binary,LGBM,,False,cv,0.0,78,3,3,LGBM_363700_20260405_160514,363700_rep0_fold0_hebo_roc_auc_cv,LGBM_363700_20260405_160514::363700_rep0_fold0_hebo_roc_auc_cv,0.16100547172632287,0.06815828402366894,0.06434955312810303
65,0.2369807298286759,0.2423644384405934,0.24358866116470024,37,-0.7681377530097961,363700,0,0,hebo,roc_auc,binary,LGBM,,False,cv,0.0,78,3,3,LGBM_363700_20260405_160514,363700_rep0_fold0_hebo_roc_auc_cv,LGBM_363700_20260405_160514::363700_rep0_fold0_hebo_roc_auc_cv,0.15063736745174724,0.06446005917159743,0.06381992717643159
66,0.2369589634498891,0.23882896764252703,0.24583658737362013,37,-0.7681275010108948,363700,0,0,hebo,roc_auc,binary,LGBM,,False,cv,0.0,78,3,3,LGBM_363700_20260405_160514,363700_rep0_fold0_hebo_roc_auc_cv,LGBM_363700_20260405_160514::363700_rep0_fold0_hebo_roc_auc_cv,0.1505709846673442,0.052071005917160254,0.07087057265806004
67,0.23344149953647408,0.24678641534921997,0.24261772590075348,37,-0.7681701183319092,363700,0,0,hebo,roc_auc,binary,LGBM,,False,cv,0.0,78,3,3,LGBM_363700_20260405_160514,363700_rep0_fold0_hebo_roc_auc_cv,LGBM_363700_20260405_160514::363700_rep0_fold0_hebo_roc_auc_cv,0.13984347455201068,0.07995562130177497,0.060774577954319335
68,0.23428851284727503,0.24392637777824677,0.2447390083795934,37,-0.768151044845581,363700,0,0,hebo,roc_auc,binary,LGBM,,False,cv,0.0,78,3,3,LGBM_363700_20260405_160514,363700_rep0_fold0_hebo_roc_auc_cv,LGBM_363700_20260405_160514::363700_rep0_fold0_hebo_roc_auc_cv,0.14242668338744052,0.06993343195266276,0.06742800397219412
69,0.24070057071046147,0.23547290879540705,0.2384279291639403,37,-0.7681738138198853,363700,0,0,hebo,roc_auc,binary,LGBM,,False,cv,0.0,78,3,3,LGBM_363700_20260405_160514,363700_rep0_fold0_hebo_roc_auc_cv,LGBM_363700_20260405_160514::363700_rep0_fold0_hebo_roc_auc_cv,0.16198208389207694,0.04031065088757421,0.04763323402846707
70,0.23562025609802528,0.2502691179264199,0.24152014690672674,37,-0.7681434750556946,363700,0,0,hebo,roc_auc,binary,LGBM,,False,cv,0.0,78,3,3,LGBM_363700_20260405_160514,363700_rep0_fold0_hebo_roc_auc_cv,LGBM_363700_20260405_160514::363700_rep0_fold0_hebo_roc_auc_cv,0.14648821452041533,0.09215976331360946,0.057332009268453415
71,0.23259106213011882,0.2467019861958334,0.24010595858750028,37,-0.7681915760040283,363700,0,0,hebo,roc_auc,binary,LGBM,,False,cv,0.0,78,3,3,LGBM_363700_20260405_160514,363700_rep0_fold0_hebo_roc_auc_cv,LGBM_363700_20260405_160514::363700_rep0_fold0_hebo_roc_auc_cv,0.13724982295992463,0.07965976331360959,0.05289639192320402
72,0.23565733969893343,0.24824281824513994,0.2425755113240602,37,-0.7682278156280518,363700,0,0,hebo,roc_auc,binary,LGBM,,False,cv,0.0,78,3,3,LGBM_363700_20260405_160514,363700_rep0_fold0_hebo_roc_auc_cv,LGBM_363700_20260405_160514::363700_rep0_fold0_hebo_roc_auc_cv,0.14660131154533093,0.08505917159763299,0.060642171466401565
73,0.2339997202198506,0.24623762585220688,0.24052810435443361,37,-0.768028199672699,363700,0,0,hebo,roc_auc,binary,LGBM,,False,cv,0.0,78,3,3,LGBM_363700_20260405_160514,363700_rep0_fold0_hebo_roc_auc_cv,LGBM_363700_20260405_160514::363700_rep0_fold0_hebo_roc_auc_cv,0.14154592784646286,0.07803254437869885,0.05422045680238314
74,0.2331217855400407,0.23950440086962022,0.23615889566667359,37,-0.7680355906486511,363700,0,0,hebo,roc_auc,binary,LGBM,,False,cv,0.0,78,3,3,LGBM_363700_20260405_160514,363700_rep0_fold0_hebo_roc_auc_cv,LGBM_363700_20260405_160514::363700_rep0_fold0_hebo_roc_auc_cv,0.13886841547104262,0.054437869822485226,0.04051638530287921
75,0.23689857053701446,0.2514194651413132,0.23544124786288712,37,-0.7680869698524475,363700,0,0,hebo,roc_auc,binary,LGBM,,False,cv,0.0,78,3,3,LGBM_363700_20260405_160514,363700_rep0_fold0_hebo_roc_auc_cv,LGBM_363700_20260405_160514::363700_rep0_fold0_hebo_roc_auc_cv,0.1503867992429291,0.09619082840236673,0.03826547500827533
76,0.23064426429031637,0.24201616818287353,0.237119277286447,76,-0.7690411806106567,363700,0,0,hebo,roc_auc,binary,LGBM,,False,cv,0.0,78,3,3,LGBM_363700_20260405_160514,363700_rep0_fold0_hebo_roc_auc_cv,LGBM_363700_20260405_160514::363700_rep0_fold0_hebo_roc_auc_cv,0.13131250731630395,0.06323964497041437,0.043528632903011934
77,0.23647045028338654,0.24809506722671337,0.23567342803470037,76,-0.7692022323608398,363700,0,0,hebo,roc_auc,binary,LGBM,,False,cv,0.0,78,3,3,LGBM_363700_20260405_160514,363700_rep0_fold0_hebo_roc_auc_cv,LGBM_363700_20260405_160514::363700_rep0_fold0_hebo_roc_auc_cv,0.149081124340663,0.08454142011834338,0.038993710691823606
78,0.2280036367619107,0.2434936783671402,0.23791080059944703,78,-0.771690309047699,363700,0,0,hebo,roc_auc,binary,LGBM,,False,cv,0.0,78,3,3,LGBM_363700_20260405_160514,363700_rep0_fold0_hebo_roc_auc_cv,LGBM_363700_20260405_160514::363700_rep0_fold0_hebo_roc_auc_cv,0.12325916001293458,0.06841715976331393,0.046011254551472876
79,0.2344482824379469,0.2427971378517002,0.23810076619456688,78,-0.7714651823043823,363700,0,0,hebo,roc_auc,binary,LGBM,,False,cv,0.0,78,3,3,LGBM_363700_20260405_160514,363700_rep0_fold0_hebo_roc_auc_cv,LGBM_363700_20260405_160514::363700_rep0_fold0_hebo_roc_auc_cv,0.14291394635366989,0.06597633136094704,0.046607083747103026
80,0.23673418164762317,0.24464402558203346,0.2440002532874601,78,-0.771256685256958,363700,0,0,hebo,roc_auc,binary,LGBM,,False,cv,0.0,78,3,3,LGBM_363700_20260405_160514,363700_rep0_fold0_hebo_roc_auc_cv,LGBM_363700_20260405_160514::363700_rep0_fold0_hebo_roc_auc_cv,0.14988544840687137,0.0724482248520712,0.06511089043363083
81,0.2454111210063208,0.2376469594951136,0.2515250015830466,78,-0.7707454562187195,363700,0,0,hebo,roc_auc,binary,LGBM,,False,cv,0.0,78,3,3,LGBM_363700_20260405_160514,363700_rep0_fold0_hebo_roc_auc_cv,LGBM_363700_20260405_160514::363700_rep0_fold0_hebo_roc_auc_cv,0.1763482514467449,0.04792899408284029,0.08871234690499795
82,0.23323670365931304,0.24258606496823354,0.23888173586339367,78,-0.7707338929176331,363700,0,0,hebo,roc_auc,binary,LGBM,,False,cv,0.0,78,3,3,LGBM_363700_20260405_160514,363700_rep0_fold0_hebo_roc_auc_cv,LGBM_363700_20260405_160514::363700_rep0_fold0_hebo_roc_auc_cv,0.13921889107428262,0.06523668639053282,0.049056603773584784
83,0.2338032888646815,0.24787344069907336,0.24367309031808682,78,-0.7705386877059937,363700,0,0,hebo,roc_auc,binary,LGBM,,False,cv,0.0,78,3,3,LGBM_363700_20260405_160514,363700_rep0_fold0_hebo_roc_auc_cv,LGBM_363700_20260405_160514::363700_rep0_fold0_hebo_roc_auc_cv,0.1409468543658484,0.0837647928994084,0.06408474015226714
84,0.2347225939154164,0.2378158178018871,0.23556789159296698,78,-0.7705825567245483,363700,0,0,hebo,roc_auc,binary,LGBM,,False,cv,0.0,78,3,3,LGBM_363700_20260405_160514,363700_rep0_fold0_hebo_roc_auc_cv,LGBM_363700_20260405_160514::363700_rep0_fold0_hebo_roc_auc_cv,0.14375053749482786,0.04852071005917222,0.03866269447202865
85,0.23944307636857975,0.24368364396226005,0.23733035016991366,78,-0.7706363201141357,363700,0,0,hebo,roc_auc,binary,LGBM,,False,cv,0.0,78,3,3,LGBM_363700_20260405_160514,363700_rep0_fold0_hebo_roc_auc_cv,LGBM_363700_20260405_160514::363700_rep0_fold0_hebo_roc_auc_cv,0.15814699599790893,0.06908284023668623,0.04419066534260149
86,0.23677258586252137,0.24333537370454006,0.2404858897777401,78,-0.7704414129257202,363700,0,0,hebo,roc_auc,binary,LGBM,,False,cv,0.0,78,3,3,LGBM_363700_20260405_160514,363700_rep0_fold0_hebo_roc_auc_cv,LGBM_363700_20260405_160514::363700_rep0_fold0_hebo_roc_auc_cv,0.15000257302106304,0.06786242603550278,0.054088050314464675
87,0.24561214125758468,0.2460054456803935,0.24517170779070008,78,-0.7704934477806091,363700,0,0,hebo,roc_auc,binary,LGBM,,False,cv,0.0,78,3,3,LGBM_363700_20260405_160514,363700_rep0_fold0_hebo_roc_auc_cv,LGBM_363700_20260405_160514::363700_rep0_fold0_hebo_roc_auc_cv,0.17696132007570678,0.07721893491124308,0.06878517047335277
88,0.22749250594314296,0.24292378158178018,0.23804799797370024,88,-0.7718656659126282,363700,0,0,hebo,roc_auc,binary,LGBM,,False,cv,0.0,78,3,3,LGBM_363700_20260405_160514,363700_rep0_fold0_hebo_roc_auc_cv,LGBM_363700_20260405_160514::363700_rep0_fold0_hebo_roc_auc_cv,0.12170032070041802,0.06642011834319549,0.046441575637205725
89,0.25097255714724276,0.23812187348291358,0.25140891149714006,88,-0.7717476487159729,363700,0,0,hebo,roc_auc,binary,LGBM,,False,cv,0.0,78,3,3,LGBM_363700_20260405_160514,363700_rep0_fold0_hebo_roc_auc_cv,LGBM_363700_20260405_160514::363700_rep0_fold0_hebo_roc_auc_cv,0.19330943823532495,0.0495931952662722,0.08834822906322416
90,0.2305620650952107,0.24121409122570014,0.23853346560567368,88,-0.7717733979225159,363700,0,0,hebo,roc_auc,binary,LGBM,,False,cv,0.0,78,3,3,LGBM_363700_20260405_160514,363700_rep0_fold0_hebo_roc_auc_cv,LGBM_363700_20260405_160514::363700_rep0_fold0_hebo_roc_auc_cv,0.13106181741054393,0.060428994082840165,0.04796425024826202
91,0.22923880417662135,0.24479177660046014,0.23752031576503363,88,-0.7719215750694275,363700,0,0,hebo,roc_auc,binary,LGBM,,False,cv,0.0,78,3,3,LGBM_363700_20260405_160514,363700_rep0_fold0_hebo_roc_auc_cv,LGBM_363700_20260405_160514::363700_rep0_fold0_hebo_roc_auc_cv,0.12702615557041688,0.07296597633136119,0.044786494538232
92,0.22988929682454473,0.24465457922620681,0.23758363763007373,88,-0.7719129323959351,363700,0,0,hebo,roc_auc,binary,LGBM,,False,cv,0.0,78,3,3,LGBM_363700_20260405_160514,363700_rep0_fold0_hebo_roc_auc_cv,LGBM_363700_20260405_160514::363700_rep0_fold0_hebo_roc_auc_cv,0.12901001855588623,0.07248520710059198,0.044985104270109176
93,0.2417164896005164,0.2401376195200201,0.23914557696772698,88,-0.771946132183075,363700,0,0,hebo,roc_auc,binary,LGBM,,False,cv,0.0,78,3,3,LGBM_363700_20260405_160514,363700_rep0_fold0_hebo_roc_auc_cv,LGBM_363700_20260405_160514::363700_rep0_fold0_hebo_roc_auc_cv,0.16508041849839897,0.05665680473372751,0.049884144323071644
94,0.22684490344468577,0.2457838191527535,0.23793190788779373,94,-0.7728334069252014,363700,0,0,hebo,roc_auc,binary,LGBM,,False,cv,0.0,78,3,3,LGBM_363700_20260405_160514,363700_rep0_fold0_hebo_roc_auc_cv,LGBM_363700_20260405_160514::363700_rep0_fold0_hebo_roc_auc_cv,0.11972527205061681,0.07644230769230809,0.04607745779543193
95,0.23739583585896795,0.23643329041518035,0.23518796040272694,94,-0.7728487253189087,363700,0,0,hebo,roc_auc,binary,LGBM,,False,cv,0.0,78,3,3,LGBM_363700_20260405_160514,363700_rep0_fold0_hebo_roc_auc_cv,LGBM_363700_20260405_160514::363700_rep0_fold0_hebo_roc_auc_cv,0.1519033517655907,0.043676035502958795,0.0374710360807673
96,0.22661435274447161,0.24594212381535363,0.23739367203495365,94,-0.7731615304946899,363700,0,0,hebo,roc_auc,binary,LGBM,,False,cv,0.0,78,3,3,LGBM_363700_20260405_160514,363700_rep0_fold0_hebo_roc_auc_cv,LGBM_363700_20260405_160514::363700_rep0_fold0_hebo_roc_auc_cv,0.11902214188936282,0.07699704142011925,0.044389275074478325
97,0.22972872346449458,0.24602655296874,0.23673934609620706,94,-0.7730432152748108,363700,0,0,hebo,roc_auc,binary,LGBM,,False,cv,0.0,78,3,3,LGBM_363700_20260405_160514,363700_rep0_fold0_hebo_roc_auc_cv,LGBM_363700_20260405_160514::363700_rep0_fold0_hebo_roc_auc_cv,0.12852030426553585,0.07729289940828384,0.04233697451175093
98,0.2338204891493414,0.2383646072989003,0.2379741224644869,94,-0.7730259895324707,363700,0,0,hebo,roc_auc,binary,LGBM,,False,cv,0.0,78,3,3,LGBM_363700_20260405_160514,363700_rep0_fold0_hebo_roc_auc_cv,LGBM_363700_20260405_160514::363700_rep0_fold0_hebo_roc_auc_cv,0.14099931154301287,0.05044378698224873,0.04620986428334936
99,0.227411180823484,0.24490786668636666,0.23819574899212692,94,-0.7729617953300476,363700,0,0,hebo,roc_auc,binary,LGBM,,False,cv,0.0,78,3,3,LGBM_363700_20260405_160514,363700_rep0_fold0_hebo_roc_auc_cv,LGBM_363700_20260405_160514::363700_rep0_fold0_hebo_roc_auc_cv,0.12145229653720056,0.07337278106508849,0.04690499834491845
100,0.22661435274447161,0.24522447601156672,0.23739367203495365,100,-0.7731819748878479,363700,0,0,hebo,roc_auc,binary,LGBM,,False,cv,0.0,78,3,3,LGBM_363700_20260405_160514,363700_rep0_fold0_hebo_roc_auc_cv,LGBM_363700_20260405_160514::363700_rep0_fold0_hebo_roc_auc_cv,0.11902214188936282,0.07448224852071002,0.044389275074478325
101,0.22689225173160055,0.24432741625683363,0.23843848280811364,100,-0.7731677293777466,363700,0,0,hebo,roc_auc,binary,LGBM,,False,cv,0.0,78,3,3,LGBM_363700_20260405_160514,363700_rep0_fold0_hebo_roc_auc_cv,LGBM_363700_20260405_160514::363700_rep0_fold0_hebo_roc_auc_cv,0.11986967416513028,0.07133875739645044,0.0476663356504466
102,0.2335254981869015,0.24582603372944678,0.24322983726280678,100,-0.7731620669364929,363700,0,0,hebo,roc_auc,binary,LGBM,,False,cv,0.0,78,3,3,LGBM_363700_20260405_160514,363700_rep0_fold0_hebo_roc_auc_cv,LGBM_363700_20260405_160514::363700_rep0_fold0_hebo_roc_auc_cv,0.14009965241035283,0.07659023668639077,0.06269447202912895
103,0.23488102769078623,0.24097135740971365,0.23647550499187364,101,-0.7731967568397522,363700,0,0,hebo,roc_auc,binary,LGBM,,False,cv,0.0,78,3,3,LGBM_363700_20260405_160514,363700_rep0_fold0_hebo_roc_auc_cv,LGBM_363700_20260405_160514::363700_rep0_fold0_hebo_roc_auc_cv,0.14423372651104163,0.05957840236686441,0.041509433962263725
104,0.2302155530856801,0.24423243345927348,0.23854401924984692,94,-0.7730608582496643,363700,0,0,hebo,roc_auc,binary,LGBM,,False,cv,0.0,78,3,3,LGBM_363700_20260405_160514,363700_rep0_fold0_hebo_roc_auc_cv,LGBM_363700_20260405_160514::363700_rep0_fold0_hebo_roc_auc_cv,0.13000503014027587,0.07100591715976352,0.047997351870241206
105,0.23613882225858207,0.2453511197416467,0.23822740992464686,94,-0.7730572819709778,363700,0,0,hebo,roc_auc,binary,LGBM,,False,cv,0.0,78,3,3,LGBM_363700_20260405_160514,363700_rep0_fold0_hebo_roc_auc_cv,LGBM_363700_20260405_160514::363700_rep0_fold0_hebo_roc_auc_cv,0.14806973002982157,0.07492603550295848,0.04700430321085669
106,0.23600357618468204,0.24212170462460691,0.23580007176478035,94,-0.7730422019958496,363700,0,0,hebo,roc_auc,binary,LGBM,,False,cv,0.0,78,3,3,LGBM_363700_20260405_160514,363700_rep0_fold0_hebo_roc_auc_cv,LGBM_363700_20260405_160514::363700_rep0_fold0_hebo_roc_auc_cv,0.1476572585271891,0.06360946745562168,0.03939093015557727
107,0.23844349128839404,0.24229056293138018,0.24335648099288676,94,-0.7730497121810913,363700,0,0,hebo,roc_auc,binary,LGBM,,False,cv,0.0,78,3,3,LGBM_363700_20260405_160514,363700_rep0_fold0_hebo_roc_auc_cv,LGBM_363700_20260405_160514::363700_rep0_fold0_hebo_roc_auc_cv,0.15509847600657858,0.06420118343195282,0.06309169149288263
108,0.22931902530098802,0.24750406315300666,0.23636996855014047,100,-0.773075520992279,363700,0,0,hebo,roc_auc,binary,LGBM,,False,cv,0.0,78,3,3,LGBM_363700_20260405_160514,363700_rep0_fold0_hebo_roc_auc_cv,LGBM_363700_20260405_160514::363700_rep0_fold0_hebo_roc_auc_cv,0.12727081278490168,0.08247041420118341,0.04117841774246946
109,0.22733959024407147,0.24344091014627356,0.23794246153196696,100,-0.7731471061706543,363700,0,0,hebo,roc_auc,binary,LGBM,,False,cv,0.0,78,3,3,LGBM_363700_20260405_160514,363700_rep0_fold0_hebo_roc_auc_cv,LGBM_363700_20260405_160514::363700_rep0_fold0_hebo_roc_auc_cv,0.12123396063277764,0.06823224852071047,0.046110559417411115
110,0.23871219728202064,0.2389767186609536,0.24681807628174002,100,-0.7731490135192871,363700,0,0,hebo,roc_auc,binary,LGBM,,False,cv,0.0,78,3,3,LGBM_363700_20260405_160514,363700_rep0_fold0_hebo_roc_auc_cv,LGBM_363700_20260405_160514::363700_rep0_fold0_hebo_roc_auc_cv,0.15591797162490934,0.05258875739644986,0.07394902350215113
111,0.22693201266360497,0.24592101652700693,0.23752031576503363,100,-0.7731547951698303,363700,0,0,hebo,roc_auc,binary,LGBM,,False,cv,0.0,78,3,3,LGBM_363700_20260405_160514,363700_rep0_fold0_hebo_roc_auc_cv,LGBM_363700_20260405_160514::363700_rep0_fold0_hebo_roc_auc_cv,0.11999093647535491,0.0769230769230777,0.044786494538232
112,0.23586882985391766,0.24027481689427355,0.2398737784156869,94,-0.7731308341026306,363700,0,0,hebo,roc_auc,binary,LGBM,,False,cv,0.0,78,3,3,LGBM_363700_20260405_160514,363700_rep0_fold0_hebo_roc_auc_cv,LGBM_363700_20260405_160514::363700_rep0_fold0_hebo_roc_auc_cv,0.1472463111338794,0.057137573964497125,0.0521681562396554
113,0.22708360964885055,0.24699748823268675,0.23815353441543363,100,-0.7731364369392395,363700,0,0,hebo,roc_auc,binary,LGBM,,False,cv,0.0,78,3,3,LGBM_363700_20260405_160514,363700_rep0_fold0_hebo_roc_auc_cv,LGBM_363700_20260405_160514::363700_rep0_fold0_hebo_roc_auc_cv,0.12045327474881204,0.08069526627218958,0.046772591857000674
114,0.22788679947698365,0.2447601156679402,0.23876564577748693,100,-0.7731488943099976,363700,0,0,hebo,roc_auc,binary,LGBM,,False,cv,0.0,78,3,3,LGBM_363700_20260405_160514,363700_rep0_fold0_hebo_roc_auc_cv,LGBM_363700_20260405_160514::363700_rep0_fold0_hebo_roc_auc_cv,0.12290283136628578,0.07285502958579927,0.048692485931810296
115,0.22711596564169034,0.2440635751525,0.237815817801887,113,-0.7731187343597412,363700,0,0,hebo,roc_auc,binary,LGBM,,False,cv,0.0,78,3,3,LGBM_363700_20260405_160514,363700_rep0_fold0_hebo_roc_auc_cv,LGBM_363700_20260405_160514::363700_rep0_fold0_hebo_roc_auc_cv,0.12055195358362732,0.0704142011834316,0.04571333995365745
116,0.2267856335287436,0.24563606813432692,0.23765751313928696,100,-0.773146390914917,363700,0,0,hebo,roc_auc,binary,LGBM,,False,cv,0.0,78,3,3,LGBM_363700_20260405_160514,363700_rep0_fold0_hebo_roc_auc_cv,LGBM_363700_20260405_160514::363700_rep0_fold0_hebo_roc_auc_cv,0.11954451152585924,0.07592455621301848,0.04521681562396519
117,0.23236467468926048,0.24875994680963331,0.24793676256411334,100,-0.773147702217102,363700,0,0,hebo,roc_auc,binary,LGBM,,False,cv,0.0,78,3,3,LGBM_363700_20260405_160514,363700_rep0_fold0_hebo_roc_auc_cv,LGBM_363700_20260405_160514::363700_rep0_fold0_hebo_roc_auc_cv,0.1365593898463026,0.08687130177514797,0.07745779543197577
118,0.23161049389139077,0.24273381598666033,0.23835405365472695,100,-0.7731302380561829,363700,0,0,hebo,roc_auc,binary,LGBM,,False,cv,0.0,78,3,3,LGBM_363700_20260405_160514,363700_rep0_fold0_hebo_roc_auc_cv,LGBM_363700_20260405_160514::363700_rep0_fold0_hebo_roc_auc_cv,0.1342593002541729,0.0657544378698232,0.04740152267461071
119,0.22843365907971713,0.24491842033054012,0.23782637144606045,113,-0.77315354347229,363700,0,0,hebo,roc_auc,binary,LGBM,,False,cv,0.0,78,3,3,LGBM_363700_20260405_160514,363700_rep0_fold0_hebo_roc_auc_cv,LGBM_363700_20260405_160514::363700_rep0_fold0_hebo_roc_auc_cv,0.12457063580277683,0.07340976331360966,0.04574644157563733
120,0.2274097366988328,0.24432741625683352,0.23757308398590027,113,-0.7731550335884094,363700,0,0,hebo,roc_auc,binary,LGBM,,False,cv,0.0,78,3,3,LGBM_363700_20260405_160514,363700_rep0_fold0_hebo_roc_auc_cv,LGBM_363700_20260405_160514::363700_rep0_fold0_hebo_roc_auc_cv,0.12144789226691241,0.07133875739645006,0.0449520026481293
121,0.22664135787544626,0.24405302150832675,0.23788969331110033,94,-0.7732589840888977,363700,0,0,hebo,roc_auc,binary,LGBM,,False,cv,0.0,78,3,3,LGBM_363700_20260405_160514,363700_rep0_fold0_hebo_roc_auc_cv,LGBM_363700_20260405_160514::363700_rep0_fold0_hebo_roc_auc_cv,0.119104501743743,0.07037721893491122,0.045945051307513814
122,0.22708299589587366,0.24568883635519345,0.23800578339700706,94,-0.773301362991333,363700,0,0,hebo,roc_auc,binary,LGBM,,False,cv,0.0,78,3,3,LGBM_363700_20260405_160514,363700_rep0_fold0_hebo_roc_auc_cv,LGBM_363700_20260405_160514::363700_rep0_fold0_hebo_roc_auc_cv,0.12045140293393919,0.07610946745562155,0.046309169149288294
123,0.24853237412040463,0.23372100386263372,0.23565232074635378,94,-0.773316502571106,363700,0,0,hebo,roc_auc,binary,LGBM,,False,cv,0.0,78,3,3,LGBM_363700_20260405_160514,363700_rep0_fold0_hebo_roc_auc_cv,LGBM_363700_20260405_160514::363700_rep0_fold0_hebo_roc_auc_cv,0.18586740364789503,0.0341715976331362,0.03892750744786489
124,0.23712862339425678,0.2322751546108872,0.2332144289423137,94,-0.7732910513877869,363700,0,0,hebo,roc_auc,binary,LGBM,,False,cv,0.0,78,3,3,LGBM_363700_20260405_160514,363700_rep0_fold0_hebo_roc_auc_cv,LGBM_363700_20260405_160514::363700_rep0_fold0_hebo_roc_auc_cv,0.15108841108995225,0.02910502958579933,0.03128103277060525
125,0.231372838477926,0.2427760305633535,0.23829073178968718,94,-0.7732853889465332,363700,0,0,hebo,roc_auc,binary,LGBM,,False,cv,0.0,78,3,3,LGBM_363700_20260405_160514,363700_rep0_fold0_hebo_roc_auc_cv,LGBM_363700_20260405_160514::363700_rep0_fold0_hebo_roc_auc_cv,0.13353450224212113,0.06590236686390549,0.04720291294273457
126,0.2307293593353804,0.24221668742216684,0.2373197965257403,94,-0.7733010649681091,363700,0,0,hebo,roc_auc,binary,LGBM,,False,cv,0.0,78,3,3,LGBM_363700_20260405_160514,363700_rep0_fold0_hebo_roc_auc_cv,LGBM_363700_20260405_160514::363700_rep0_fold0_hebo_roc_auc_cv,0.13157202894300998,0.06394230769230783,0.04415756372062196
127,0.23920619432186907,0.23960993731135372,0.239652151888047,94,-0.7733200192451477,363700,0,0,hebo,roc_auc,binary,LGBM,,False,cv,0.0,78,3,3,LGBM_363700_20260405_160514,363700_rep0_fold0_hebo_roc_auc_cv,LGBM_363700_20260405_160514::363700_rep0_fold0_hebo_roc_auc_cv,0.15742455658849858,0.05480769230769292,0.05147302217808666
128,0.22751521290311694,0.24516115414652673,0.23868121662410036,94,-0.7732751965522766,363700,0,0,hebo,roc_auc,binary,LGBM,,False,cv,0.0,78,3,3,LGBM_363700_20260405_160514,363700_rep0_fold0_hebo_roc_auc_cv,LGBM_363700_20260405_160514::363700_rep0_fold0_hebo_roc_auc_cv,0.12176957205560043,0.07426035502958579,0.04842767295597475
129,0.22715253049782247,0.24546720982755332,0.23767862042763355,94,-0.7733517289161682,363700,0,0,hebo,roc_auc,binary,LGBM,,False,cv,0.0,78,3,3,LGBM_363700_20260405_160514,363700_rep0_fold0_hebo_roc_auc_cv,LGBM_363700_20260405_160514::363700_rep0_fold0_hebo_roc_auc_cv,0.12066346854829464,0.07533284023668617,0.0452830188679239
130,0.2277152108661411,0.2434514637904468,0.23816408805960698,94,-0.7733826041221619,363700,0,0,hebo,roc_auc,binary,LGBM,,False,cv,0.0,78,3,3,LGBM_363700_20260405_160514,363700_rep0_fold0_hebo_roc_auc_cv,LGBM_363700_20260405_160514::363700_rep0_fold0_hebo_roc_auc_cv,0.12237952292480633,0.06826923076923086,0.046805693478980205
131,0.22858402855900906,0.2423749920847671,0.23767862042763377,94,-0.7733328938484192,363700,0,0,hebo,roc_auc,binary,LGBM,,False,cv,0.0,78,3,3,LGBM_363700_20260405_160514,363700_rep0_fold0_hebo_roc_auc_cv,LGBM_363700_20260405_160514::363700_rep0_fold0_hebo_roc_auc_cv,0.1250292304464886,0.06449704142011936,0.0452830188679246
132,0.23350350758876104,0.2465542351774067,0.2398526711273401,94,-0.7733373045921326,363700,0,0,hebo,roc_auc,binary,LGBM,,False,cv,0.0,78,3,3,LGBM_363700_20260405_160514,363700_rep0_fold0_hebo_roc_auc_cv,LGBM_363700_20260405_160514::363700_rep0_fold0_hebo_roc_auc_cv,0.1400325858050369,0.0791420118343196,0.05210195299569599
133,0.23423930619995392,0.24593157017118017,0.24311374717690015,94,-0.7733044028282166,363700,0,0,hebo,roc_auc,binary,LGBM,,False,cv,0.0,78,3,3,LGBM_363700_20260405_160514,363700_rep0_fold0_hebo_roc_auc_cv,LGBM_363700_20260405_160514::363700_rep0_fold0_hebo_roc_auc_cv,0.14227661367247754,0.07696005917159808,0.062330354187354824
134,0.23946928343066864,0.23743588661164694,0.23839626823142024,94,-0.7733014822006226,363700,0,0,hebo,roc_auc,binary,LGBM,,False,cv,0.0,78,3,3,LGBM_363700_20260405_160514,363700_rep0_fold0_hebo_roc_auc_cv,LGBM_363700_20260405_160514::363700_rep0_fold0_hebo_roc_auc_cv,0.15822692191344698,0.04718934911242607,0.04753392916252848
135,0.2267566560275217,0.24672309348417998,0.237815817801887,94,-0.7732864022254944,363700,0,0,hebo,roc_auc,binary,LGBM,,False,cv,0.0,78,3,3,LGBM_363700_20260405_160514,363700_rep0_fold0_hebo_roc_auc_cv,LGBM_363700_20260405_160514::363700_rep0_fold0_hebo_roc_auc_cv,0.1194561363654804,0.07973372781065075,0.04571333995365745
136,0.23854803831247495,0.23726702830487367,0.24726132933702016,94,-0.7733508944511414,363700,0,0,hebo,roc_auc,binary,LGBM,,False,cv,0.0,78,3,3,LGBM_363700_20260405_160514,363700_rep0_fold0_hebo_roc_auc_cv,LGBM_363700_20260405_160514::363700_rep0_fold0_hebo_roc_auc_cv,0.15541732199504166,0.04659763313609492,0.07533929162528966
137,0.23251768729669675,0.2476201532389135,0.2373620111024335,94,-0.7733026742935181,363700,0,0,hebo,roc_auc,binary,LGBM,,False,cv,0.0,78,3,3,LGBM_363700_20260405_160514,363700_rep0_fold0_hebo_roc_auc_cv,LGBM_363700_20260405_160514::363700_rep0_fold0_hebo_roc_auc_cv,0.13702604546365973,0.08287721893491187,0.04428997020853939
138,0.2635091932595254,0.24801063807332668,0.24610042847795333,94,-0.7733361124992371,363700,0,0,hebo,roc_auc,binary,LGBM,,False,cv,0.0,78,3,3,LGBM_363700_20260405_160514,363700_rep0_fold0_hebo_roc_auc_cv,LGBM_363700_20260405_160514::363700_rep0_fold0_hebo_roc_auc_cv,0.23154348811252679,0.08424556213017761,0.07169811320754656
139,0.22831809300451578,0.24492897397471358,0.23866010933575355,94,-0.7732719779014587,363700,0,0,hebo,roc_auc,binary,LGBM,,False,cv,0.0,78,3,3,LGBM_363700_20260405_160514,363700_rep0_fold0_hebo_roc_auc_cv,LGBM_363700_20260405_160514::363700_rep0_fold0_hebo_roc_auc_cv,0.12421818407299964,0.07344674556213081,0.04836146971201534
140,0.23355605472441954,0.2396099373113536,0.2434092492137535,94,-0.7732865810394287,363700,0,0,hebo,roc_auc,binary,LGBM,,False,cv,0.0,78,3,3,LGBM_363700_20260405_160514,363700_rep0_fold0_hebo_roc_auc_cv,LGBM_363700_20260405_160514::363700_rep0_fold0_hebo_roc_auc_cv,0.14019284329258597,0.05480769230769253,0.06325719960278027
141,0.22603768526884171,0.24524558329991342,0.23735145745826036,141,-0.7738949060440063,363700,0,0,hebo,roc_auc,binary,LGBM,,False,cv,0.0,78,3,3,LGBM_363700_20260405_160514,363700_rep0_fold0_hebo_roc_auc_cv,LGBM_363700_20260405_160514::363700_rep0_fold0_hebo_roc_auc_cv,0.11726342983707695,0.07455621301775156,0.044256868586560555
142,0.2282032318901639,0.24471790109124691,0.23861789475906026,141,-0.7738772034645081,363700,0,0,hebo,roc_auc,binary,LGBM,,False,cv,0.0,78,3,3,LGBM_363700_20260405_160514,363700_rep0_fold0_hebo_roc_auc_cv,LGBM_363700_20260405_160514::363700_rep0_fold0_hebo_roc_auc_cv,0.1238678823225342,0.07270710059171659,0.04822906322409757
143,0.22703267005194827,0.24528779787660693,0.23786858602275363,141,-0.7737058997154236,363700,0,0,hebo,roc_auc,binary,LGBM,,False,cv,0.0,78,3,3,LGBM_363700_20260405_160514,363700_rep0_fold0_hebo_roc_auc_cv,LGBM_363700_20260405_160514::363700_rep0_fold0_hebo_roc_auc_cv,0.12029791990950407,0.07470414201183503,0.04587884806355475
144,0.22864355879742104,0.24401080693163346,0.23888173586339356,141,-0.7735263705253601,363700,0,0,hebo,roc_auc,binary,LGBM,,False,cv,0.0,78,3,3,LGBM_363700_20260405_160514,363700_rep0_fold0_hebo_roc_auc_cv,LGBM_363700_20260405_160514::363700_rep0_fold0_hebo_roc_auc_cv,0.12521078489891588,0.07022928994082853,0.04905660377358443
145,0.22600686650868962,0.2460265529687402,0.237119277286447,141,-0.7738384008407593,363700,0,0,hebo,roc_auc,binary,LGBM,,False,cv,0.0,78,3,3,LGBM_363700_20260405_160514,363700_rep0_fold0_hebo_roc_auc_cv,LGBM_363700_20260405_160514::363700_rep0_fold0_hebo_roc_auc_cv,0.1171694392320809,0.07729289940828461,0.043528632903011934
146,0.23246730824817874,0.2422061337779936,0.23705595542140712,141,-0.7736663222312927,363700,0,0,hebo,roc_auc,binary,LGBM,,False,cv,0.0,78,3,3,LGBM_363700_20260405_160514,363700_rep0_fold0_hebo_roc_auc_cv,LGBM_363700_20260405_160514::363700_rep0_fold0_hebo_roc_auc_cv,0.1368724001766344,0.06390532544378744,0.04333002317113545
147,0.22985287448071356,0.2418156489435801,0.2385229119615,145,-0.7736235857009888,363700,0,0,hebo,roc_auc,binary,LGBM,,False,cv,0.0,78,3,3,LGBM_363700_20260405_160514,363700_rep0_fold0_hebo_roc_auc_cv,LGBM_363700_20260405_160514::363700_rep0_fold0_hebo_roc_auc_cv,0.1288989382231548,0.06253698224852053,0.04793114862628145
148,0.23609776921504755,0.2326234248686071,0.23438588344555367,145,-0.7737008333206177,363700,0,0,hebo,roc_auc,binary,LGBM,,False,cv,0.0,78,3,3,LGBM_363700_20260405_160514,363700_rep0_fold0_hebo_roc_auc_cv,LGBM_363700_20260405_160514::363700_rep0_fold0_hebo_roc_auc_cv,0.14794452705670727,0.03032544378698239,0.03495531281032718
149,0.22956870305217258,0.24491842033054012,0.23818519534795368,145,-0.773606538772583,363700,0,0,hebo,roc_auc,binary,LGBM,,False,cv,0.0,78,3,3,LGBM_363700_20260405_160514,363700_rep0_fold0_hebo_roc_auc_cv,LGBM_363700_20260405_160514::363700_rep0_fold0_hebo_roc_auc_cv,0.12803227634709805,0.07340976331360966,0.04687189672293927
150,0.22623101745650276,0.24595267745952676,0.23680266796124694,145,-0.7736853361129761,363700,0,0,hebo,roc_auc,binary,LGBM,,False,cv,0.0,78,3,3,LGBM_363700_20260405_160514,363700_rep0_fold0_hebo_roc_auc_cv,LGBM_363700_20260405_160514::363700_rep0_fold0_hebo_roc_auc_cv,0.11785305152184922,0.07703402366863923,0.04253558424362742
151,0.23681129220349784,0.24114021571648692,0.23983156383899362,145,-0.7738386988639832,363700,0,0,hebo,roc_auc,binary,LGBM,,False,cv,0.0,78,3,3,LGBM_363700_20260405_160514,363700_rep0_fold0_hebo_roc_auc_cv,LGBM_363700_20260405_160514::363700_rep0_fold0_hebo_roc_auc_cv,0.15012061905495952,0.06017011834319556,0.05203574975173763
152,0.22912183768054106,0.2444329526985668,0.2367287924520336,94,-0.7732971906661987,363700,0,0,hebo,roc_auc,binary,LGBM,,False,cv,0.0,78,3,3,LGBM_363700_20260405_160514,363700_rep0_fold0_hebo_roc_auc_cv,LGBM_363700_20260405_160514::363700_rep0_fold0_hebo_roc_auc_cv,0.12666943285747848,0.07170857988165698,0.042303872889771055
153,0.23021044354464504,0.24517170779070008,0.23970492010891364,141,-0.7733650803565979,363700,0,0,hebo,roc_auc,binary,LGBM,,False,cv,0.0,78,3,3,LGBM_363700_20260405_160514,363700_rep0_fold0_hebo_roc_auc_cv,LGBM_363700_20260405_160514::363700_rep0_fold0_hebo_roc_auc_cv,0.129989447136587,0.07429733727810657,0.05163853028798396
154,0.2257554900108757,0.24618485763134001,0.23730924288156696,154,-0.7735514640808105,363700,0,0,hebo,roc_auc,binary,LGBM,,False,cv,0.0,78,3,3,LGBM_363700_20260405_160514,363700_rep0_fold0_hebo_roc_auc_cv,LGBM_363700_20260405_160514::363700_rep0_fold0_hebo_roc_auc_cv,0.11640279485720288,0.07784763313609461,0.04412446209864244
155,0.2372789757720728,0.24156236148342014,0.2395888300230069,154,-0.7736988067626953,363700,0,0,hebo,roc_auc,binary,LGBM,,False,cv,0.0,78,3,3,LGBM_363700_20260405_160514,363700_rep0_fold0_hebo_roc_auc_cv,LGBM_363700_20260405_160514::363700_rep0_fold0_hebo_roc_auc_cv,0.15154695357783235,0.06164940828402361,0.05127441244620948
156,0.22857561463275256,0.24101357198640683,0.23782637144606045,154,-0.7737184762954712,363700,0,0,hebo,roc_auc,binary,LGBM,,False,cv,0.0,78,3,3,LGBM_363700_20260405_160514,363700_rep0_fold0_hebo_roc_auc_cv,LGBM_363700_20260405_160514::363700_rep0_fold0_hebo_roc_auc_cv,0.12500356977696983,0.05972633136094671,0.04574644157563733
157,0.22836838084516098,0.24335648099288665,0.23792135424362026,154,-0.7737115025520325,363700,0,0,hebo,roc_auc,binary,LGBM,,False,cv,0.0,78,3,3,LGBM_363700_20260405_160514,363700_rep0_fold0_hebo_roc_auc_cv,LGBM_363700_20260405_160514::363700_rep0_fold0_hebo_roc_auc_cv,0.12437155119558539,0.06793639053254392,0.04604435617345205
158,0.22935699247816266,0.2467442007725268,0.2370137408447136,154,-0.7736948728561401,363700,0,0,hebo,roc_auc,binary,LGBM,,False,cv,0.0,78,3,3,LGBM_363700_20260405_160514,363700_rep0_fold0_hebo_roc_auc_cv,LGBM_363700_20260405_160514::363700_rep0_fold0_hebo_roc_auc_cv,0.1273866045278214,0.07980769230769266,0.043197616683216984
159,0.23588471902540742,0.23634886126179366,0.2358317326973004,154,-0.773638904094696,363700,0,0,hebo,roc_auc,binary,LGBM,,False,cv,0.0,78,3,3,LGBM_363700_20260405_160514,363700_rep0_fold0_hebo_roc_auc_cv,LGBM_363700_20260405_160514::363700_rep0_fold0_hebo_roc_auc_cv,0.14729476969722968,0.04338017751479303,0.039490235021515864
160,0.22958250204324637,0.2461848576313399,0.23651771956856704,143,-0.7732850909233093,363700,0,0,hebo,roc_auc,binary,LGBM,,False,cv,0.0,78,3,3,LGBM_363700_20260405_160514,363700_rep0_fold0_hebo_roc_auc_cv,LGBM_363700_20260405_160514::363700_rep0_fold0_hebo_roc_auc_cv,0.12807436030871622,0.07784763313609422,0.04164184045018184
161,0.23572069686767072,0.23595837642738038,0.2342170251387803,143,-0.7733383178710938,363700,0,0,hebo,roc_auc,binary,LGBM,,False,cv,0.0,78,3,3,LGBM_363700_20260405_160514,363700_rep0_fold0_hebo_roc_auc_cv,LGBM_363700_20260405_160514::363700_rep0_fold0_hebo_roc_auc_cv,0.1467945373140207,0.04201183431952689,0.034425686858655394
162,0.2356093092531376,0.23779471051354029,0.23544124786288712,141,-0.7732366919517517,363700,0,0,hebo,roc_auc,binary,LGBM,,False,cv,0.0,78,3,3,LGBM_363700_20260405_160514,363700_rep0_fold0_hebo_roc_auc_cv,LGBM_363700_20260405_160514::363700_rep0_fold0_hebo_roc_auc_cv,0.14645482899261628,0.048446745562130286,0.03826547500827533
163,0.22622251232237367,0.24638537687063344,0.23737256474660695,143,-0.773321807384491,363700,0,0,hebo,roc_auc,binary,LGBM,,False,cv,0.0,78,3,3,LGBM_363700_20260405_160514,363700_rep0_fold0_hebo_roc_auc_cv,LGBM_363700_20260405_160514::363700_rep0_fold0_hebo_roc_auc_cv,0.11782711268789157,0.07855029585798845,0.04432307183051927
164,0.2288883113234803,0.2453300124533,0.2374886548325137,163,-0.7733185887336731,363700,0,0,hebo,roc_auc,binary,LGBM,,False,cv,0.0,78,3,3,LGBM_363700_20260405_160514,363700_rep0_fold0_hebo_roc_auc_cv,LGBM_363700_20260405_160514::363700_rep0_fold0_hebo_roc_auc_cv,0.12595722758139533,0.07485207100591694,0.04468718967229375
165,0.22700338282399168,0.2462903940730734,0.23800578339700695,163,-0.7732962965965271,363700,0,0,hebo,roc_auc,binary,LGBM,,False,cv,0.0,78,3,3,LGBM_363700_20260405_160514,363700_rep0_fold0_hebo_roc_auc_cv,LGBM_363700_20260405_160514::363700_rep0_fold0_hebo_roc_auc_cv,0.12020860014904934,0.07821745562130192,0.04630916914928795
166,0.23437534464224818,0.23854401924984703,0.23907170145851375,163,-0.7733173966407776,363700,0,0,hebo,roc_auc,binary,LGBM,,False,cv,0.0,78,3,3,LGBM_363700_20260405_160514,363700_rep0_fold0_hebo_roc_auc_cv,LGBM_363700_20260405_160514::363700_rep0_fold0_hebo_roc_auc_cv,0.14269150172867626,0.05107248520710103,0.04965243296921563
167,0.23917704200555778,0.2405492116427802,0.24234333115224682,163,-0.7732966542243958,363700,0,0,hebo,roc_auc,binary,LGBM,,False,cv,0.0,78,3,3,LGBM_363700_20260405_160514,363700_rep0_fold0_hebo_roc_auc_cv,LGBM_363700_20260405_160514::363700_rep0_fold0_hebo_roc_auc_cv,0.15733564827961102,0.058099112426035576,0.059913935782852944
168,0.2480703074366567,0.2512611604787133,0.25005804504295326,143,-0.7733091711997986,363700,0,0,hebo,roc_auc,binary,LGBM,,False,cv,0.0,78,3,3,LGBM_363700_20260405_160514,363700_rep0_fold0_hebo_roc_auc_cv,LGBM_363700_20260405_160514::363700_rep0_fold0_hebo_roc_auc_cv,0.18445819941840455,0.09563609467455635,0.08411122144985056
169,0.2312715027310297,0.24677586170504673,0.2364649513477004,141,-0.7734001278877258,363700,0,0,hebo,roc_auc,binary,LGBM,,False,cv,0.0,78,3,3,LGBM_363700_20260405_160514,363700_rep0_fold0_hebo_roc_auc_cv,LGBM_363700_20260405_160514::363700_rep0_fold0_hebo_roc_auc_cv,0.13322544995995583,0.07991863905325458,0.04147633234028454
170,0.22741403106950586,0.2441057897291935,0.237689174071807,141,-0.7735158205032349,363700,0,0,hebo,roc_auc,binary,LGBM,,False,cv,0.0,78,3,3,LGBM_363700_20260405_160514,363700_rep0_fold0_hebo_roc_auc_cv,LGBM_363700_20260405_160514::363700_rep0_fold0_hebo_roc_auc_cv,0.12146098917592649,0.07056213017751507,0.045316120489903786
171,0.2254879716197583,0.24752517044135347,0.2374886548325137,171,-0.7744141817092896,363700,0,0,hebo,roc_auc,binary,LGBM,,False,cv,0.0,78,3,3,LGBM_363700_20260405_160514,363700_rep0_fold0_hebo_roc_auc_cv,LGBM_363700_20260405_160514::363700_rep0_fold0_hebo_roc_auc_cv,0.11558692117167493,0.08254437869822534,0.04468718967229375
172,0.2307527750565318,0.24272326234248687,0.23855457289402027,171,-0.7744803428649902,363700,0,0,hebo,roc_auc,binary,LGBM,,False,cv,0.0,78,3,3,LGBM_363700_20260405_160514,363700_rep0_fold0_hebo_roc_auc_cv,LGBM_363700_20260405_160514::363700_rep0_fold0_hebo_roc_auc_cv,0.13164344186768887,0.06571745562130203,0.04803045349222074
173,0.22714318359103491,0.24758849230639335,0.2380796589062203,171,-0.7744086980819702,363700,0,0,hebo,roc_auc,binary,LGBM,,False,cv,0.0,78,3,3,LGBM_363700_20260405_160514,363700_rep0_fold0_hebo_roc_auc_cv,LGBM_363700_20260405_160514::363700_rep0_fold0_hebo_roc_auc_cv,0.1206349624883666,0.08276627218934918,0.04654088050314431
174,0.23185925006302843,0.2450872786373135,0.23625387846423362,171,-0.7744044065475464,363700,0,0,hebo,roc_auc,binary,LGBM,,False,cv,0.0,78,3,3,LGBM_363700_20260405_160514,363700_rep0_fold0_hebo_roc_auc_cv,LGBM_363700_20260405_160514::363700_rep0_fold0_hebo_roc_auc_cv,0.13501795319651508,0.07400147928994119,0.040814299900694635
175,0.23027239269184763,0.24495008126306017,0.23981045655064692,171,-0.7744062542915344,363700,0,0,hebo,roc_auc,binary,LGBM,,False,cv,0.0,78,3,3,LGBM_363700_20260405_160514,363700_rep0_fold0_hebo_roc_auc_cv,LGBM_363700_20260405_160514::363700_rep0_fold0_hebo_roc_auc_cv,0.13017837874174648,0.07352071005917196,0.05196954650777857
176,0.22747448288746486,0.24579437279692684,0.2386706629799269,171,-0.7743404507637024,363700,0,0,hebo,roc_auc,binary,LGBM,,False,cv,0.0,78,3,3,LGBM_363700_20260405_160514,363700_rep0_fold0_hebo_roc_auc_cv,LGBM_363700_20260405_160514::363700_rep0_fold0_hebo_roc_auc_cv,0.1216453542482083,0.07647928994082885,0.04839457133399487
177,0.22925719966444613,0.24850665934947347,0.23636996855014036,171,-0.7741796374320984,363700,0,0,hebo,roc_auc,binary,LGBM,,False,cv,0.0,78,3,3,LGBM_363700_20260405_160514,363700_rep0_fold0_hebo_roc_auc_cv,LGBM_363700_20260405_160514::363700_rep0_fold0_hebo_roc_auc_cv,0.12708225786075292,0.08598372781065146,0.041178417742469116
178,0.23112810495350722,0.24665977161914,0.23627498575258032,171,-0.7739599943161011,363700,0,0,hebo,roc_auc,binary,LGBM,,False,cv,0.0,78,3,3,LGBM_363700_20260405_160514,363700_rep0_fold0_hebo_roc_auc_cv,LGBM_363700_20260405_160514::363700_rep0_fold0_hebo_roc_auc_cv,0.13278811751056754,0.0795118343195265,0.04088050314465369
179,0.22653359197352485,0.24719800747198006,0.23781581780188688,171,-0.7739496231079102,363700,0,0,hebo,roc_auc,binary,LGBM,,False,cv,0.0,78,3,3,LGBM_363700_20260405_160514,363700_rep0_fold0_hebo_roc_auc_cv,LGBM_363700_20260405_160514::363700_rep0_fold0_hebo_roc_auc_cv,0.11877583886861272,0.08139792899408303,0.0457133399536571
180,0.22577788344378735,0.2473774194229268,0.23756253034172692,180,-0.7740931510925293,363700,0,0,hebo,roc_auc,binary,LGBM,,False,cv,0.0,78,3,3,LGBM_363700_20260405_160514,363700_rep0_fold0_hebo_roc_auc_cv,LGBM_363700_20260405_160514::363700_rep0_fold0_hebo_roc_auc_cv,0.11647109002212575,0.08202662721893533,0.04491890102614977
181,0.22744773237846794,0.24699748823268675,0.2368765434704604,180,-0.7740767002105713,363700,0,0,hebo,roc_auc,binary,LGBM,,False,cv,0.0,78,3,3,LGBM_363700_20260405_160514,363700_rep0_fold0_hebo_roc_auc_cv,LGBM_363700_20260405_160514::363700_rep0_fold0_hebo_roc_auc_cv,0.12156377093622027,0.08069526627218958,0.042767295597484135
182,0.2365126624269701,0.23921945247694032,0.2390611478143403,180,-0.7740997076034546,363700,0,0,hebo,roc_auc,binary,LGBM,,False,cv,0.0,78,3,3,LGBM_363700_20260405_160514,363700_rep0_fold0_hebo_roc_auc_cv,LGBM_363700_20260405_160514::363700_rep0_fold0_hebo_roc_auc_cv,0.14920986232019298,0.05343934911242639,0.04961933134723575
183,0.2378039112824062,0.2418367562319269,0.23612723473415365,180,-0.7740595936775208,363700,0,0,hebo,roc_auc,binary,LGBM,,False,cv,0.0,78,3,3,LGBM_363700_20260405_160514,363700_rep0_fold0_hebo_roc_auc_cv,LGBM_363700_20260405_160514::363700_rep0_fold0_hebo_roc_auc_cv,0.15314789423724398,0.06261094674556246,0.040417080436940964
184,0.22815666267049506,0.24687084450260677,0.23790024695527368,180,-0.773986279964447,363700,0,0,hebo,roc_auc,binary,LGBM,,False,cv,0.0,78,3,3,LGBM_363700_20260405_160514,363700_rep0_fold0_hebo_roc_auc_cv,LGBM_363700_20260405_160514::363700_rep0_fold0_hebo_roc_auc_cv,0.12372585619593904,0.08025147928994113,0.045978152929493345
185,0.22752709082837186,0.2460898748337801,0.23797412246448713,180,-0.7740226984024048,363700,0,0,hebo,roc_auc,binary,LGBM,,False,cv,0.0,78,3,3,LGBM_363700_20260405_160514,363700_rep0_fold0_hebo_roc_auc_cv,LGBM_363700_20260405_160514::363700_rep0_fold0_hebo_roc_auc_cv,0.12180579717871695,0.07751479289940846,0.046209864283350055
186,0.22717885917040825,0.24738797306710003,0.23719315279566033,180,-0.7740362286567688,363700,0,0,hebo,roc_auc,binary,LGBM,,False,cv,0.0,78,3,3,LGBM_363700_20260405_160514,363700_rep0_fold0_hebo_roc_auc_cv,LGBM_363700_20260405_160514::363700_rep0_fold0_hebo_roc_auc_cv,0.12074376534975155,0.08206360946745572,0.0437603442568683
187,0.22571159812230357,0.24754627772969995,0.23754142305338033,180,-0.7740602493286133,363700,0,0,hebo,roc_auc,binary,LGBM,,False,cv,0.0,78,3,3,LGBM_363700_20260405_160514,363700_rep0_fold0_hebo_roc_auc_cv,LGBM_363700_20260405_160514::363700_rep0_fold0_hebo_roc_auc_cv,0.11626893401591812,0.08261834319526609,0.04485269778219106
188,0.5,0.5,0.5,180,-0.7741137146949768,363700,0,0,hebo,roc_auc,binary,LGBM,,False,cv,0.0,78,3,3,LGBM_363700_20260405_160514,363700_rep0_fold0_hebo_roc_auc_cv,LGBM_363700_20260405_160514::363700_rep0_fold0_hebo_roc_auc_cv,0.9527896995708156,0.9672707100591715,0.8680569347898045
189,0.2267015379699513,0.24743018764379343,0.23698207991219356,180,-0.7740343809127808,363700,0,0,hebo,roc_auc,binary,LGBM,,False,cv,0.0,78,3,3,LGBM_363700_20260405_160514,363700_rep0_fold0_hebo_roc_auc_cv,LGBM_363700_20260405_160514::363700_rep0_fold0_hebo_roc_auc_cv,0.11928803811779998,0.0822115384615388,0.04309831181727839
190,0.23774028999087093,0.25957743208729966,0.2492559680857801,180,-0.7740141749382019,363700,0,0,hebo,roc_auc,binary,LGBM,,False,cv,0.0,78,3,3,LGBM_363700_20260405_160514,363700_rep0_fold0_hebo_roc_auc_cv,LGBM_363700_20260405_160514::363700_rep0_fold0_hebo_roc_auc_cv,0.1529538629506991,0.12477810650887568,0.08159549817941078
191,0.23180576994683866,0.25096565844186003,0.23978934926230022,180,-0.7740210294723511,363700,0,0,hebo,roc_auc,binary,LGBM,,False,cv,0.0,78,3,3,LGBM_363700_20260405_160514,363700_rep0_fold0_hebo_roc_auc_cv,LGBM_363700_20260405_160514::363700_rep0_fold0_hebo_roc_auc_cv,0.13485485031855604,0.09460059171597675,0.051903343263819506
192,0.2271597986251781,0.2461109821221268,0.2386917702682736,180,-0.7738806009292603,363700,0,0,hebo,roc_auc,binary,LGBM,,False,cv,0.0,78,3,3,LGBM_363700_20260405_160514,363700_rep0_fold0_hebo_roc_auc_cv,LGBM_363700_20260405_160514::363700_rep0_fold0_hebo_roc_auc_cv,0.12068563477704534,0.07758875739644999,0.04846077457795393
193,0.23967553103313655,0.2333410726723938,0.23342550182578048,180,-0.7738977074623108,363700,0,0,hebo,roc_auc,binary,LGBM,,False,cv,0.0,78,3,3,LGBM_363700_20260405_160514,363700_rep0_fold0_hebo_roc_auc_cv,LGBM_363700_20260405_160514::363700_rep0_fold0_hebo_roc_auc_cv,0.15885593284183191,0.03284023668639083,0.03194306521019515
194,0.22839330529654,0.2469025054351267,0.23724592101652697,180,-0.7738425731658936,363700,0,0,hebo,roc_auc,binary,LGBM,,False,cv,0.0,78,3,3,LGBM_363700_20260405_160514,363700_rep0_fold0_hebo_roc_auc_cv,LGBM_363700_20260405_160514::363700_rep0_fold0_hebo_roc_auc_cv,0.12444756542369671,0.08036242603550305,0.0439258523667656
195,0.2269492300497411,0.24689195179095336,0.23779471051354029,187,-0.773796558380127,363700,0,0,hebo,roc_auc,binary,LGBM,,False,cv,0.0,78,3,3,LGBM_363700_20260405_160514,363700_rep0_fold0_hebo_roc_auc_cv,LGBM_363700_20260405_160514::363700_rep0_fold0_hebo_roc_auc_cv,0.12004344580835208,0.08032544378698227,0.04564713670969839
196,0.22730705183548627,0.24623762585220677,0.237689174071807,187,-0.7737703323364258,363700,0,0,hebo,roc_auc,binary,LGBM,,False,cv,0.0,78,3,3,LGBM_363700_20260405_160514,363700_rep0_fold0_hebo_roc_auc_cv,LGBM_363700_20260405_160514::363700_rep0_fold0_hebo_roc_auc_cv,0.12113472546908391,0.07803254437869846,0.045316120489903786
197,0.2356818423139011,0.2447812229562868,0.24250163581484685,187,-0.7737506628036499,363700,0,0,hebo,roc_auc,binary,LGBM,,False,cv,0.0,78,3,3,LGBM_363700_20260405_160514,363700_rep0_fold0_hebo_roc_auc_cv,LGBM_363700_20260405_160514::363700_rep0_fold0_hebo_roc_auc_cv,0.14667603926291042,0.07292899408284043,0.0604104601125452
198,0.23940658561884431,0.2389133967959136,0.24036979969183359,187,-0.7738064527511597,363700,0,0,hebo,roc_auc,binary,LGBM,,False,cv,0.0,78,3,3,LGBM_363700_20260405_160514,363700_rep0_fold0_hebo_roc_auc_cv,LGBM_363700_20260405_160514::363700_rep0_fold0_hebo_roc_auc_cv,0.15803570704184883,0.052366863905325634,0.05372393247269088
199,0.23112619718883654,0.24268104776579347,0.23786858602275363,187,-0.7737508416175842,363700,0,0,hebo,roc_auc,binary,LGBM,,False,cv,0.0,78,3,3,LGBM_363700_20260405_160514,363700_rep0_fold0_hebo_roc_auc_cv,LGBM_363700_20260405_160514::363700_rep0_fold0_hebo_roc_auc_cv,0.1327822992377135,0.06556952662721896,0.04587884806355475
200,0.22673025894903132,0.2473352048462335,0.23779471051354029,187,-0.7737707495689392,363700,0,0,hebo,roc_auc,binary,LGBM,,False,cv,0.0,78,3,3,LGBM_363700_20260405_160514,363700_rep0_fold0_hebo_roc_auc_cv,LGBM_363700_20260405_160514::363700_rep0_fold0_hebo_roc_auc_cv,0.11937563094069381,0.08187869822485265,0.04564713670969839
201,0.22559432759998121,0.24815838909175336,0.23745699389999364,180,-0.7738710641860962,363700,0,0,hebo,roc_auc,binary,LGBM,,False,cv,0.0,78,3,3,LGBM_363700_20260405_160514,363700_rep0_fold0_hebo_roc_auc_cv,LGBM_363700_20260405_160514::363700_rep0_fold0_hebo_roc_auc_cv,0.11591128408818308,0.08476331360946762,0.044587884806355164
202,0.23847390911393895,0.23745699389999364,0.2370770627097536,180,-0.7738776803016663,363700,0,0,hebo,roc_auc,binary,LGBM,,False,cv,0.0,78,3,3,LGBM_363700_20260405_160514,363700_rep0_fold0_hebo_roc_auc_cv,LGBM_363700_20260405_160514::363700_rep0_fold0_hebo_roc_auc_cv,0.1551912438470602,0.0472633136094676,0.043396226415093817
203,0.22531963038921665,0.2472507756928468,0.2367921143170737,203,-0.7741255760192871,363700,0,0,hebo,roc_auc,binary,LGBM,,False,cv,0.0,78,3,3,LGBM_363700_20260405_160514,363700_rep0_fold0_hebo_roc_auc_cv,LGBM_363700_20260405_160514::363700_rep0_fold0_hebo_roc_auc_cv,0.11507351654325047,0.08158284023668688,0.04250248262164824
204,0.23064480013656863,0.24610042847795344,0.23977879561812687,203,-0.7739906907081604,363700,0,0,hebo,roc_auc,binary,LGBM,,False,cv,0.0,78,3,3,LGBM_363700_20260405_160514,363700_rep0_fold0_hebo_roc_auc_cv,LGBM_363700_20260405_160514::363700_rep0_fold0_hebo_roc_auc_cv,0.13131414153238485,0.07755177514792923,0.051870241641839974
205,0.22910886526081387,0.24623762585220665,0.23730924288156696,203,-0.7739757299423218,363700,0,0,hebo,roc_auc,binary,LGBM,,False,cv,0.0,78,3,3,LGBM_363700_20260405_160514,363700_rep0_fold0_hebo_roc_auc_cv,LGBM_363700_20260405_160514::363700_rep0_fold0_hebo_roc_auc_cv,0.12662986976109158,0.07803254437869807,0.04412446209864244
206,0.23546505260148043,0.23925111340946026,0.23911391603520693,203,-0.7739848494529724,363700,0,0,hebo,roc_auc,binary,LGBM,,False,cv,0.0,78,3,3,LGBM_363700_20260405_160514,363700_rep0_fold0_hebo_roc_auc_cv,LGBM_363700_20260405_160514::363700_rep0_fold0_hebo_roc_auc_cv,0.1460148771614249,0.05355029585798831,0.04978483945713305
207,0.23234001816100758,0.24401080693163357,0.24041201426852687,203,-0.7739851474761963,363700,0,0,hebo,roc_auc,binary,LGBM,,False,cv,0.0,78,3,3,LGBM_363700_20260405_160514,363700_rep0_fold0_hebo_roc_auc_cv,LGBM_363700_20260405_160514::363700_rep0_fold0_hebo_roc_auc_cv,0.13648419272623172,0.07022928994082892,0.05385633896060866
208,0.23291881192016972,0.23861789475906026,0.23801633704118041,203,-0.773999035358429,363700,0,0,hebo,roc_auc,binary,LGBM,,False,cv,0.0,78,3,3,LGBM_363700_20260405_160514,363700_rep0_fold0_hebo_roc_auc_cv,LGBM_363700_20260405_160514::363700_rep0_fold0_hebo_roc_auc_cv,0.1382493894870069,0.05133136094674564,0.046342270771267825
209,0.2342246521350736,0.2450450640606202,0.2435781075205269,203,-0.7739601731300354,363700,0,0,hebo,roc_auc,binary,LGBM,,False,cv,0.0,78,3,3,LGBM_363700_20260405_160514,363700_rep0_fold0_hebo_roc_auc_cv,LGBM_363700_20260405_160514::363700_rep0_fold0_hebo_roc_auc_cv,0.14223192191924164,0.0738535502958585,0.06378682555445206
210,0.22631443085641378,0.24701859552103345,0.23688709711463363,203,-0.7739852666854858,363700,0,0,hebo,roc_auc,binary,LGBM,,False,cv,0.0,78,3,3,LGBM_363700_20260405_160514,363700_rep0_fold0_hebo_roc_auc_cv,LGBM_363700_20260405_160514::363700_rep0_fold0_hebo_roc_auc_cv,0.11810744449170661,0.08076923076923112,0.04280039721946331
211,0.2285227672711797,0.24595267745952687,0.23702429448888718,203,-0.7739802002906799,363700,0,0,hebo,roc_auc,binary,LGBM,,False,cv,0.0,78,3,3,LGBM_363700_20260405_160514,363700_rep0_fold0_hebo_roc_auc_cv,LGBM_363700_20260405_160514::363700_rep0_fold0_hebo_roc_auc_cv,0.12484239666480818,0.07703402366863962,0.04323071830519721
212,0.23695736921228083,0.24166789792515353,0.24021149502923356,203,-0.7739508152008057,363700,0,0,hebo,roc_auc,binary,LGBM,,False,cv,0.0,78,3,3,LGBM_363700_20260405_160514,363700_rep0_fold0_hebo_roc_auc_cv,LGBM_363700_20260405_160514::363700_rep0_fold0_hebo_roc_auc_cv,0.15056612258475008,0.06201923076923092,0.05322740814299863
213,0.22717067516399747,0.24615319669882008,0.2383646072989002,203,-0.7739601731300354,363700,0,0,hebo,roc_auc,binary,LGBM,,False,cv,0.0,78,3,3,LGBM_363700_20260405_160514,363700_rep0_fold0_hebo_roc_auc_cv,LGBM_363700_20260405_160514::363700_rep0_fold0_hebo_roc_auc_cv,0.12071880588642321,0.07773668639053269,0.047434624296589886
214,0.2277997244610166,0.24562551449015357,0.2367498997403803,203,-0.7740195989608765,363700,0,0,hebo,roc_auc,binary,LGBM,,False,cv,0.0,78,3,3,LGBM_363700_20260405_160514,363700_rep0_fold0_hebo_roc_auc_cv,LGBM_363700_20260405_160514::363700_rep0_fold0_hebo_roc_auc_cv,0.12263727125321201,0.0758875739644977,0.04237007613373012
215,0.22593303373573992,0.24717690018363347,0.2376680667834603,203,-0.773975670337677,363700,0,0,hebo,roc_auc,binary,LGBM,,False,cv,0.0,78,3,3,LGBM_363700_20260405_160514,363700_rep0_fold0_hebo_roc_auc_cv,LGBM_363700_20260405_160514::363700_rep0_fold0_hebo_roc_auc_cv,0.116944265118527,0.08132396449704188,0.045249917245944724
216,0.23629127811796202,0.2332777508073538,0.23129366570276721,203,-0.7739808559417725,363700,0,0,hebo,roc_auc,binary,LGBM,,False,cv,0.0,78,3,3,LGBM_363700_20260405_160514,363700_rep0_fold0_hebo_roc_auc_cv,LGBM_363700_20260405_160514::363700_rep0_fold0_hebo_roc_auc_cv,0.14853468768508077,0.0326183431952666,0.025256537570340836
217,0.23285357928954986,0.2426177259007536,0.23741477932330035,203,-0.7739974856376648,363700,0,0,hebo,roc_auc,binary,LGBM,,False,cv,0.0,78,3,3,LGBM_363700_20260405_160514,363700_rep0_fold0_hebo_roc_auc_cv,LGBM_363700_20260405_160514::363700_rep0_fold0_hebo_roc_auc_cv,0.13805044396203492,0.06534763313609512,0.04445547831843739
218,0.2502864763274907,0.2505962808957932,0.2510923021719398,203,-0.773963987827301,363700,0,0,hebo,roc_auc,binary,LGBM,,False,cv,0.0,78,3,3,LGBM_363700_20260405_160514,363700_rep0_fold0_hebo_roc_auc_cv,LGBM_363700_20260405_160514::363700_rep0_fold0_hebo_roc_auc_cv,0.19121703896272482,0.09330621301775137,0.08735518040383894
219,0.23958478490029333,0.23706650906558024,0.23320387529814046,203,-0.773965060710907,363700,0,0,hebo,roc_auc,binary,LGBM,,False,cv,0.0,78,3,3,LGBM_363700_20260405_160514,363700_rep0_fold0_hebo_roc_auc_cv,LGBM_363700_20260405_160514::363700_rep0_fold0_hebo_roc_auc_cv,0.1585791766100792,0.045894970414201076,0.031247931148626062
220,0.2297043652619919,0.2475568313738734,0.23649661228022034,203,-0.7740007042884827,363700,0,0,hebo,roc_auc,binary,LGBM,,False,cv,0.0,78,3,3,LGBM_363700_20260405_160514,363700_rep0_fold0_hebo_roc_auc_cv,LGBM_363700_20260405_160514::363700_rep0_fold0_hebo_roc_auc_cv,0.12844601697498476,0.08265532544378726,0.04157563720622279
221,0.23184271673593781,0.24378918040399344,0.23765751313928696,203,-0.7739840149879456,363700,0,0,hebo,roc_auc,binary,LGBM,,False,cv,0.0,78,3,3,LGBM_363700_20260405_160514,363700_rep0_fold0_hebo_roc_auc_cv,LGBM_363700_20260405_160514::363700_rep0_fold0_hebo_roc_auc_cv,0.13496753009681295,0.06945266272189354,0.04521681562396519
222,0.23634464232414687,0.24624817949638012,0.2437364121831268,203,-0.7739741802215576,363700,0,0,hebo,roc_auc,binary,LGBM,,False,cv,0.0,78,3,3,LGBM_363700_20260405_160514,363700_rep0_fold0_hebo_roc_auc_cv,LGBM_363700_20260405_160514::363700_rep0_fold0_hebo_roc_auc_cv,0.14869743706239816,0.07806952662721922,0.06428334988414397
223,0.23017660542387375,0.24785233341072677,0.23682377524959364,203,-0.7739853262901306,363700,0,0,hebo,roc_auc,binary,LGBM,,False,cv,0.0,78,3,3,LGBM_363700_20260405_160514,363700_rep0_fold0_hebo_roc_auc_cv,LGBM_363700_20260405_160514::363700_rep0_fold0_hebo_roc_auc_cv,0.12988624812963387,0.08369082840236725,0.04260178748758648
224,0.22719464383287702,0.24814783544758,0.2368132216054204,203,-0.7739653587341309,363700,0,0,hebo,roc_auc,binary,LGBM,,False,cv,0.0,78,3,3,LGBM_363700_20260405_160514,363700_rep0_fold0_hebo_roc_auc_cv,LGBM_363700_20260405_160514::363700_rep0_fold0_hebo_roc_auc_cv,0.12079190518301466,0.08472633136094684,0.042568685865607296
225,0.22479864151954132,0.24707136374190009,0.23698207991219356,225,-0.7743224501609802,363700,0,0,hebo,roc_auc,binary,LGBM,,False,cv,0.0,78,3,3,LGBM_363700_20260405_160514,363700_rep0_fold0_hebo_roc_auc_cv,LGBM_363700_20260405_160514::363700_rep0_fold0_hebo_roc_auc_cv,0.11348461229092734,0.08095414201183458,0.04309831181727839
226,0.22781365646357132,0.24736686577875333,0.23743588661164694,225,-0.7743560671806335,363700,0,0,hebo,roc_auc,binary,LGBM,,False,cv,0.0,78,3,3,LGBM_363700_20260405_160514,363700_rep0_fold0_hebo_roc_auc_cv,LGBM_363700_20260405_160514::363700_rep0_fold0_hebo_roc_auc_cv,0.12267976087130382,0.08198964497041418,0.0445216815623961
227,0.22762226434336907,0.24625873314055335,0.23845959009646034,225,-0.7742123007774353,363700,0,0,hebo,roc_auc,binary,LGBM,,False,cv,0.0,78,3,3,LGBM_363700_20260405_160514,363700_rep0_fold0_hebo_roc_auc_cv,LGBM_363700_20260405_160514::363700_rep0_fold0_hebo_roc_auc_cv,0.12209605597595738,0.0781065088757396,0.04773253889440566
228,0.23969021550064107,0.23824851721299367,0.24291322793760683,225,-0.7742354869842529,363700,0,0,hebo,roc_auc,binary,LGBM,,False,cv,0.0,78,3,3,LGBM_363700_20260405_160514,363700_rep0_fold0_hebo_roc_auc_cv,LGBM_363700_20260405_160514::363700_rep0_fold0_hebo_roc_auc_cv,0.15890071731654742,0.050036982248521045,0.06170142336974479
229,0.2276827085606722,0.24734575849040674,0.23722481372818038,225,-0.7742772698402405,363700,0,0,hebo,roc_auc,binary,LGBM,,False,cv,0.0,78,3,3,LGBM_363700_20260405_160514,363700_rep0_fold0_hebo_roc_auc_cv,LGBM_363700_20260405_160514::363700_rep0_fold0_hebo_roc_auc_cv,0.12228039786786979,0.08191568047337303,0.04385964912280689
230,0.5,0.5,0.5,225,-0.7741904854774475,363700,0,0,hebo,roc_auc,binary,LGBM,,False,cv,0.0,78,3,3,LGBM_363700_20260405_160514,363700_rep0_fold0_hebo_roc_auc_cv,LGBM_363700_20260405_160514::363700_rep0_fold0_hebo_roc_auc_cv,0.9527896995708156,0.9672707100591715,0.8680569347898045
231,0.22912550879741733,0.24627984042890017,0.23753086940920698,225,-0.7742263078689575,363700,0,0,hebo,roc_auc,binary,LGBM,,False,cv,0.0,78,3,3,LGBM_363700_20260405_160514,363700_rep0_fold0_hebo_roc_auc_cv,LGBM_363700_20260405_160514::363700_rep0_fold0_hebo_roc_auc_cv,0.12668062897615778,0.07818047337278153,0.04481959616021153
232,0.22744243092086736,0.24599489203622005,0.23780526415771375,225,-0.7742093205451965,363700,0,0,hebo,roc_auc,binary,LGBM,,False,cv,0.0,78,3,3,LGBM_363700_20260405_160514,363700_rep0_fold0_hebo_roc_auc_cv,LGBM_363700_20260405_160514::363700_rep0_fold0_hebo_roc_auc_cv,0.12154760262819034,0.07718195266272192,0.045680238331678266
233,0.237237255770969,0.233541591911687,0.23392152310192704,225,-0.7741743922233582,363700,0,0,hebo,roc_auc,binary,LGBM,,False,cv,0.0,78,3,3,LGBM_363700_20260405_160514,363700_rep0_fold0_hebo_roc_auc_cv,LGBM_363700_20260405_160514::363700_rep0_fold0_hebo_roc_auc_cv,0.15141971652725567,0.033542899408283894,0.03349884144323029
234,0.2368575839992204,0.23988433205986037,0.237689174071807,225,-0.7741702795028687,363700,0,0,hebo,roc_auc,binary,LGBM,,False,cv,0.0,78,3,3,LGBM_363700_20260405_160514,363700_rep0_fold0_hebo_roc_auc_cv,LGBM_363700_20260405_160514::363700_rep0_fold0_hebo_roc_auc_cv,0.15026179909805162,0.05576923076923137,0.045316120489903786
235,0.22950087479750902,0.24478122295628668,0.23658104143360692,171,-0.7738980054855347,363700,0,0,hebo,roc_auc,binary,LGBM,,False,cv,0.0,78,3,3,LGBM_363700_20260405_160514,363700_rep0_fold0_hebo_roc_auc_cv,LGBM_363700_20260405_160514::363700_rep0_fold0_hebo_roc_auc_cv,0.12782541472579365,0.07292899408284004,0.04184045018205833
236,0.22809722934044774,0.24520336872322002,0.23829073178968696,171,-0.7738828063011169,363700,0,0,hebo,roc_auc,binary,LGBM,,False,cv,0.0,78,3,3,LGBM_363700_20260405_160514,363700_rep0_fold0_hebo_roc_auc_cv,LGBM_363700_20260405_160514::363700_rep0_fold0_hebo_roc_auc_cv,0.1235445972932282,0.07440828402366849,0.04720291294273387
237,0.22646773988943614,0.24726132933702005,0.23747810118834034,203,-0.7738729119300842,363700,0,0,hebo,roc_auc,binary,LGBM,,False,cv,0.0,78,3,3,LGBM_363700_20260405_160514,363700_rep0_fold0_hebo_roc_auc_cv,LGBM_363700_20260405_160514::363700_rep0_fold0_hebo_roc_auc_cv,0.11857500414349066,0.08161982248520726,0.04465408805031422
238,0.22609164232619894,0.24682862992591337,0.23693986533550038,203,-0.7738888263702393,363700,0,0,hebo,roc_auc,binary,LGBM,,False,cv,0.0,78,3,3,LGBM_363700_20260405_160514,363700_rep0_fold0_hebo_roc_auc_cv,LGBM_363700_20260405_160514::363700_rep0_fold0_hebo_roc_auc_cv,0.11742798728324881,0.08010355029585804,0.04296590532936097
239,0.2301762975973034,0.24832724739852674,0.23749920847668704,171,-0.7739019393920898,363700,0,0,hebo,roc_auc,binary,LGBM,,False,cv,0.0,78,3,3,LGBM_363700_20260405_160514,363700_rep0_fold0_hebo_roc_auc_cv,LGBM_363700_20260405_160514::363700_rep0_fold0_hebo_roc_auc_cv,0.12988530932465153,0.08535502958579914,0.04472029129427328
240,0.23393883706466012,0.2409396964771936,0.237815817801887,203,-0.7738983631134033,363700,0,0,hebo,roc_auc,binary,LGBM,,False,cv,0.0,78,3,3,LGBM_363700_20260405_160514,363700_rep0_fold0_hebo_roc_auc_cv,LGBM_363700_20260405_160514::363700_rep0_fold0_hebo_roc_auc_cv,0.14136024728818664,0.0594674556213021,0.04571333995365745
241,0.2380175448223989,0.24701859552103334,0.2401059585875004,171,-0.7739102840423584,363700,0,0,hebo,roc_auc,binary,LGBM,,False,cv,0.0,78,3,3,LGBM_363700_20260405_160514,363700_rep0_fold0_hebo_roc_auc_cv,LGBM_363700_20260405_160514::363700_rep0_fold0_hebo_roc_auc_cv,0.15379943069011442,0.08076923076923073,0.05289639192320437
242,0.22942240372419986,0.24517170779070008,0.2380585516178736,203,-0.7738950252532959,363700,0,0,hebo,roc_auc,binary,LGBM,,False,cv,0.0,78,3,3,LGBM_363700_20260405_160514,363700_rep0_fold0_hebo_roc_auc_cv,LGBM_363700_20260405_160514::363700_rep0_fold0_hebo_roc_auc_cv,0.12758609479148683,0.07429733727810657,0.04647467725918525
243,0.2298485630085646,0.2465542351774067,0.23588450091816715,203,-0.7739037871360779,363700,0,0,hebo,roc_auc,binary,LGBM,,False,cv,0.0,78,3,3,LGBM_363700_20260405_160514,363700_rep0_fold0_hebo_roc_auc_cv,LGBM_363700_20260405_160514::363700_rep0_fold0_hebo_roc_auc_cv,0.12888578915830906,0.0791420118343196,0.03965574313141351
244,0.5,0.5,0.5,203,-0.7738201022148132,363700,0,0,hebo,roc_auc,binary,LGBM,,False,cv,0.0,78,3,3,LGBM_363700_20260405_160514,363700_rep0_fold0_hebo_roc_auc_cv,LGBM_363700_20260405_160514::363700_rep0_fold0_hebo_roc_auc_cv,0.9527896995708156,0.9672707100591715,0.8680569347898045
245,0.2324526142798542,0.24326149819532683,0.23881841399835357,171,-0.77382892370224,363700,0,0,hebo,roc_auc,binary,LGBM,,False,cv,0.0,78,3,3,LGBM_363700_20260405_160514,363700_rep0_fold0_hebo_roc_auc_cv,LGBM_363700_20260405_160514::363700_rep0_fold0_hebo_roc_auc_cv,0.13682758672645665,0.06760355029585817,0.0488579940417076
246,0.22650628091614355,0.24646980602402002,0.23759419127424697,171,-0.7738336324691772,363700,0,0,hebo,roc_auc,binary,LGBM,,False,cv,0.0,78,3,3,LGBM_363700_20260405_160514,363700_rep0_fold0_hebo_roc_auc_cv,LGBM_363700_20260405_160514::363700_rep0_fold0_hebo_roc_auc_cv,0.1186925460043417,0.07884615384615383,0.04501820589208836
247,0.2421409425375961,0.2453511197416468,0.23915613061190033,203,-0.7738342881202698,363700,0,0,hebo,roc_auc,binary,LGBM,,False,cv,0.0,78,3,3,LGBM_363700_20260405_160514,363700_rep0_fold0_hebo_roc_auc_cv,LGBM_363700_20260405_160514::363700_rep0_fold0_hebo_roc_auc_cv,0.16637490887217082,0.07492603550295887,0.049917245945051175
248,0.22759016487267114,0.2473774194229268,0.23729868923739383,203,-0.773814857006073,363700,0,0,hebo,roc_auc,binary,LGBM,,False,cv,0.0,78,3,3,LGBM_363700_20260405_160514,363700_rep0_fold0_hebo_roc_auc_cv,LGBM_363700_20260405_160514::363700_rep0_fold0_hebo_roc_auc_cv,0.12199815947862712,0.08202662721893533,0.0440913604766636
249,0.22891784747292243,0.24586824830614018,0.23787913966692686,203,-0.7738433480262756,363700,0,0,hebo,roc_auc,binary,LGBM,,False,cv,0.0,78,3,3,LGBM_363700_20260405_160514,363700_rep0_fold0_hebo_roc_auc_cv,LGBM_363700_20260405_160514::363700_rep0_fold0_hebo_roc_auc_cv,0.1260473064989643,0.07673816568047385,0.045911949685533936
0,0.20869687587953833,0.23955716909048697,0.24568883635519345,0,-0.7913031241204617,363700,0,0,hebo,roc_auc,binary,LGBM,,False,holdout,0.0,78,3,3,LGBM_363700_20260405_160514,363700_rep0_fold0_hebo_roc_auc_holdout,LGBM_363700_20260405_160514::363700_rep0_fold0_hebo_roc_auc_holdout,0.06437768240343324,0.054622781065089075,0.07040714995034732
1,0.2827188291584577,0.29729615636279205,0.29332798615361877,0,-0.7913031241204617,363700,0,0,hebo,roc_auc,binary,LGBM,,False,holdout,0.0,78,3,3,LGBM_363700_20260405_160514,363700_rep0_fold0_hebo_roc_auc_holdout,LGBM_363700_20260405_160514::363700_rep0_fold0_hebo_roc_auc_holdout,0.2901287553648071,0.2569526627218936,0.21982787156570624
2,0.2321981424148607,0.2721573759419128,0.2723578951812061,0,-0.7913031241204617,363700,0,0,hebo,roc_auc,binary,LGBM,,False,holdout,0.0,78,3,3,LGBM_363700_20260405_160514,363700_rep0_fold0_hebo_roc_auc_holdout,LGBM_363700_20260405_160514::363700_rep0_fold0_hebo_roc_auc_holdout,0.13605150214592282,0.16886094674556254,0.15405494869248584
3,0.3198705319448354,0.2514616797180066,0.2988580957004454,0,-0.7913031241204617,363700,0,0,hebo,roc_auc,binary,LGBM,,False,holdout,0.0,78,3,3,LGBM_363700_20260405_160514,363700_rep0_fold0_hebo_roc_auc_holdout,LGBM_363700_20260405_160514::363700_rep0_fold0_hebo_roc_auc_holdout,0.40343347639484994,0.0963387573964498,0.23717312148295258
4,0.32690683929074016,0.29786605314815207,0.298942524853832,0,-0.7913031241204617,363700,0,0,hebo,roc_auc,binary,LGBM,,False,holdout,0.0,78,3,3,LGBM_363700_20260405_160514,363700_rep0_fold0_hebo_roc_auc_holdout,LGBM_363700_20260405_160514::363700_rep0_fold0_hebo_roc_auc_holdout,0.4248927038626608,0.258949704142012,0.2374379344587881
5,0.2316352378271882,0.2488654832513667,0.2627329716951263,0,-0.7913031241204617,363700,0,0,hebo,roc_auc,binary,LGBM,,False,holdout,0.0,78,3,3,LGBM_363700_20260405_160514,363700_rep0_fold0_hebo_roc_auc_holdout,LGBM_363700_20260405_160514::363700_rep0_fold0_hebo_roc_auc_holdout,0.1343347639484976,0.08724112426035528,0.12386626944720265
6,0.24669293554742477,0.30174979420393855,0.2867636194778056,0,-0.7913031241204617,363700,0,0,hebo,roc_auc,binary,LGBM,,False,holdout,0.0,78,3,3,LGBM_363700_20260405_160514,363700_rep0_fold0_hebo_roc_auc_holdout,LGBM_363700_20260405_160514::363700_rep0_fold0_hebo_roc_auc_holdout,0.18025751072961396,0.27255917159763304,0.1992386626944715
7,0.26118772867998874,0.2339320767461004,0.25678071638136635,0,-0.7913031241204617,363700,0,0,hebo,roc_auc,binary,LGBM,,False,holdout,0.0,78,3,3,LGBM_363700_20260405_160514,363700_rep0_fold0_hebo_roc_auc_holdout,LGBM_363700_20260405_160514::363700_rep0_fold0_hebo_roc_auc_holdout,0.22446351931330474,0.03491124260355042,0.10519695465077719
8,0.2565437658316916,0.27631551174620594,0.26583574308208624,0,-0.7913031241204617,363700,0,0,hebo,roc_auc,binary,LGBM,,False,holdout,0.0,78,3,3,LGBM_363700_20260405_160514,363700_rep0_fold0_hebo_roc_auc_holdout,LGBM_363700_20260405_160514::363700_rep0_fold0_hebo_roc_auc_holdout,0.21030042918454955,0.18343195266272203,0.13359814630916889
9,0.22839853644807206,0.25302361905565995,0.26409439179348637,0,-0.7913031241204617,363700,0,0,hebo,roc_auc,binary,LGBM,,False,holdout,0.0,78,3,3,LGBM_363700_20260405_160514,363700_rep0_fold0_hebo_roc_auc_holdout,LGBM_363700_20260405_160514::363700_rep0_fold0_hebo_roc_auc_holdout,0.1244635193133048,0.10181213017751514,0.12813637868255545
10,0.5,0.5,0.5,0,-0.7913031241204617,363700,0,0,hebo,roc_auc,binary,LGBM,,False,holdout,0.0,78,3,3,LGBM_363700_20260405_160514,363700_rep0_fold0_hebo_roc_auc_holdout,LGBM_363700_20260405_160514::363700_rep0_fold0_hebo_roc_auc_holdout,0.9527896995708156,0.9672707100591715,0.8680569347898045
11,0.2119335772586547,0.23951495451379357,0.24112966207231357,0,-0.7913031241204617,363700,0,0,hebo,roc_auc,binary,LGBM,,False,holdout,0.0,78,3,3,LGBM_363700_20260405_160514,363700_rep0_fold0_hebo_roc_auc_holdout,LGBM_363700_20260405_160514::363700_rep0_fold0_hebo_roc_auc_holdout,0.07424892703862673,0.054474852071006,0.05610724925521323
12,0.21770334928229662,0.2441480043058868,0.26017898980517973,0,-0.7913031241204617,363700,0,0,hebo,roc_auc,binary,LGBM,,False,holdout,0.0,78,3,3,LGBM_363700_20260405_160514,363700_rep0_fold0_hebo_roc_auc_holdout,LGBM_363700_20260405_160514::363700_rep0_fold0_hebo_roc_auc_holdout,0.09184549356223169,0.07071005917159776,0.11585567692816923
13,0.2708274697438784,0.26393608713088623,0.26452709120459295,0,-0.7913031241204617,363700,0,0,hebo,roc_auc,binary,LGBM,,False,holdout,0.0,78,3,3,LGBM_363700_20260405_160514,363700_rep0_fold0_hebo_roc_auc_holdout,LGBM_363700_20260405_160514::363700_rep0_fold0_hebo_roc_auc_holdout,0.253862660944206,0.140051775147929,0.12949354518371375
14,0.2118632141851955,0.24461236464951341,0.24763070688308675,0,-0.7913031241204617,363700,0,0,hebo,roc_auc,binary,LGBM,,False,holdout,0.0,78,3,3,LGBM_363700_20260405_160514,363700_rep0_fold0_hebo_roc_auc_holdout,LGBM_363700_20260405_160514::363700_rep0_fold0_hebo_roc_auc_holdout,0.07403433476394816,0.07233727810650889,0.07649784839457113
15,0.27047565437658316,0.29856259366359195,0.30630896848681843,0,-0.7913031241204617,363700,0,0,hebo,roc_auc,binary,LGBM,,False,holdout,0.0,78,3,3,LGBM_363700_20260405_160514,363700_rep0_fold0_hebo_roc_auc_holdout,LGBM_363700_20260405_160514::363700_rep0_fold0_hebo_roc_auc_holdout,0.2527896995708155,0.26139053254437855,0.260542866600463
16,0.22459893048128343,0.2456360681343268,0.25326635287164656,0,-0.7913031241204617,363700,0,0,hebo,roc_auc,binary,LGBM,,False,holdout,0.0,78,3,3,LGBM_363700_20260405_160514,363700_rep0_fold0_hebo_roc_auc_holdout,LGBM_363700_20260405_160514::363700_rep0_fold0_hebo_roc_auc_holdout,0.11287553648068675,0.0759245562130181,0.09417411453161173
17,0.25175907683647614,0.27653713827384596,0.28131793908436586,0,-0.7913031241204617,363700,0,0,hebo,roc_auc,binary,LGBM,,False,holdout,0.0,78,3,3,LGBM_363700_20260405_160514,363700_rep0_fold0_hebo_roc_auc_holdout,LGBM_363700_20260405_160514::363700_rep0_fold0_hebo_roc_auc_holdout,0.19570815450643755,0.184208579881657,0.18215822575306176
18,0.2029271038558964,0.23619055659919364,0.25226375667517986,18,-0.7970728961441036,363700,0,0,hebo,roc_auc,binary,LGBM,,False,holdout,0.0,78,3,3,LGBM_363700_20260405_160514,363700_rep0_fold0_hebo_roc_auc_holdout,LGBM_363700_20260405_160514::363700_rep0_fold0_hebo_roc_auc_holdout,0.046781115879828285,0.04282544378698226,0.09102946044356124
19,0.3847452856740783,0.33014965067437796,0.3471937860143106,18,-0.7970728961441036,363700,0,0,hebo,roc_auc,binary,LGBM,,False,holdout,0.0,78,3,3,LGBM_363700_20260405_160514,363700_rep0_fold0_hebo_roc_auc_holdout,LGBM_363700_20260405_160514::363700_rep0_fold0_hebo_roc_auc_holdout,0.6012875536480689,0.37207840236686435,0.3887785501489567
20,0.28384463833380247,0.262817400848513,0.29102729172383224,18,-0.7970728961441036,363700,0,0,hebo,roc_auc,binary,LGBM,,False,holdout,0.0,78,3,3,LGBM_363700_20260405_160514,363700_rep0_fold0_hebo_roc_auc_holdout,LGBM_363700_20260405_160514::363700_rep0_fold0_hebo_roc_auc_holdout,0.29356223175965684,0.13613165680473402,0.2126117179741805
21,0.5,0.5,0.5,18,-0.7970728961441036,363700,0,0,hebo,roc_auc,binary,LGBM,,False,holdout,0.0,78,3,3,LGBM_363700_20260405_160514,363700_rep0_fold0_hebo_roc_auc_holdout,LGBM_363700_20260405_160514::363700_rep0_fold0_hebo_roc_auc_holdout,0.9527896995708156,0.9672707100591715,0.8680569347898045
22,0.2980579791725302,0.3020875108174853,0.3004094813939253,18,-0.7970728961441036,363700,0,0,hebo,roc_auc,binary,LGBM,,False,holdout,0.0,78,3,3,LGBM_363700_20260405_160514,363700_rep0_fold0_hebo_roc_auc_holdout,LGBM_363700_20260405_160514::363700_rep0_fold0_hebo_roc_auc_holdout,0.336909871244635,0.2737426035502961,0.2420390599139355
23,0.22495074584857866,0.24372585853895345,0.2455727462692867,18,-0.7970728961441036,363700,0,0,hebo,roc_auc,binary,LGBM,,False,holdout,0.0,78,3,3,LGBM_363700_20260405_160514,363700_rep0_fold0_hebo_roc_auc_holdout,LGBM_363700_20260405_160514::363700_rep0_fold0_hebo_roc_auc_holdout,0.11394849785407726,0.0692307692307693,0.07004303210857284
24,0.2678018575851393,0.30757540578761855,0.2932646642885789,18,-0.7970728961441036,363700,0,0,hebo,roc_auc,binary,LGBM,,False,holdout,0.0,78,3,3,LGBM_363700_20260405_160514,363700_rep0_fold0_hebo_roc_auc_holdout,LGBM_363700_20260405_160514::363700_rep0_fold0_hebo_roc_auc_holdout,0.2446351931330472,0.29297337278106556,0.21962926183382975
25,0.21320011258091753,0.23296114148215374,0.2476834751039534,18,-0.79616379737854,363700,0,0,hebo,roc_auc,binary,LGBM,,False,holdout,0.0,78,3,3,LGBM_363700_20260405_160514,363700_rep0_fold0_hebo_roc_auc_holdout,LGBM_363700_20260405_160514::363700_rep0_fold0_hebo_roc_auc_holdout,0.07811158798283263,0.03150887573964507,0.07666335650446844
26,0.2108781311567689,0.24875994680963343,0.24830614011018004,18,-0.7960153222084045,363700,0,0,hebo,roc_auc,binary,LGBM,,False,holdout,0.0,78,3,3,LGBM_363700_20260405_160514,363700_rep0_fold0_hebo_roc_auc_holdout,LGBM_363700_20260405_160514::363700_rep0_fold0_hebo_roc_auc_holdout,0.07103004291845487,0.08687130177514836,0.07861635220125758
27,0.22938361947649877,0.2518943791291133,0.2504590835215399,18,-0.7960303425788879,363700,0,0,hebo,roc_auc,binary,LGBM,,False,holdout,0.0,78,3,3,LGBM_363700_20260405_160514,363700_rep0_fold0_hebo_roc_auc_holdout,LGBM_363700_20260405_160514::363700_rep0_fold0_hebo_roc_auc_holdout,0.1274678111587984,0.09785502958579903,0.08536908308507062
28,0.21798480157613287,0.24548831711590002,0.2494564873250733,18,-0.7960669994354248,363700,0,0,hebo,roc_auc,binary,LGBM,,False,holdout,0.0,78,3,3,LGBM_363700_20260405_160514,363700_rep0_fold0_hebo_roc_auc_holdout,LGBM_363700_20260405_160514::363700_rep0_fold0_hebo_roc_auc_holdout,0.0927038626609443,0.07540680473372771,0.08222442899702047
29,0.21446664790318037,0.23527238955611374,0.2492348607974334,18,-0.7954355478286743,363700,0,0,hebo,roc_auc,binary,LGBM,,False,holdout,0.0,78,3,3,LGBM_363700_20260405_160514,363700_rep0_fold0_hebo_roc_auc_holdout,LGBM_363700_20260405_160514::363700_rep0_fold0_hebo_roc_auc_holdout,0.08197424892703854,0.039607988165680764,0.08152929493545172
30,0.1989867717421897,0.23727758194904702,0.25228486396352656,30,-0.8009201288223267,363700,0,0,hebo,roc_auc,binary,LGBM,,False,holdout,0.0,78,3,3,LGBM_363700_20260405_160514,363700_rep0_fold0_hebo_roc_auc_holdout,LGBM_363700_20260405_160514::363700_rep0_fold0_hebo_roc_auc_holdout,0.034763948497854115,0.04663461538461569,0.0910956636875203
31,0.21277793414016322,0.2392827743419803,0.2459421238153534,30,-0.800418496131897,363700,0,0,hebo,roc_auc,binary,LGBM,,False,holdout,0.0,78,3,3,LGBM_363700_20260405_160514,363700_rep0_fold0_hebo_roc_auc_holdout,LGBM_363700_20260405_160514::363700_rep0_fold0_hebo_roc_auc_holdout,0.0768240343347639,0.053661242603550624,0.07120158887785465
32,0.20883760202645651,0.23379487937184718,0.24996306224539322,30,-0.800286054611206,363700,0,0,hebo,roc_auc,binary,LGBM,,False,holdout,0.0,78,3,3,LGBM_363700_20260405_160514,363700_rep0_fold0_hebo_roc_auc_holdout,LGBM_363700_20260405_160514::363700_rep0_fold0_hebo_roc_auc_holdout,0.06480686695278971,0.034430473372781586,0.08381330685203513
33,0.21622572473965662,0.23708761635392694,0.23372100386263384,30,-0.7999807000160217,363700,0,0,hebo,roc_auc,binary,LGBM,,False,holdout,0.0,78,3,3,LGBM_363700_20260405_160514,363700_rep0_fold0_hebo_roc_auc_holdout,LGBM_363700_20260405_160514::363700_rep0_fold0_hebo_roc_auc_holdout,0.08733905579399141,0.04596893491124262,0.032869910625620606
34,0.21066704193639174,0.2372037064398338,0.24987863309200664,30,-0.8002529144287109,363700,0,0,hebo,roc_auc,binary,LGBM,,False,holdout,0.0,78,3,3,LGBM_363700_20260405_160514,363700_rep0_fold0_hebo_roc_auc_holdout,LGBM_363700_20260405_160514::363700_rep0_fold0_hebo_roc_auc_holdout,0.0703862660944205,0.04637573964497108,0.08354849387619959
35,0.22706163805235013,0.23243345927348713,0.23028051586212717,30,-0.7997605800628662,363700,0,0,hebo,roc_auc,binary,LGBM,,False,holdout,0.0,78,3,3,LGBM_363700_20260405_160514,363700_rep0_fold0_hebo_roc_auc_holdout,LGBM_363700_20260405_160514::363700_rep0_fold0_hebo_roc_auc_holdout,0.12038626609442066,0.029659763313609706,0.022078781860310807
36,0.2034900084435688,0.23692931169132692,0.24260717225658024,30,-0.8001675009727478,363700,0,0,hebo,roc_auc,binary,LGBM,,False,holdout,0.0,78,3,3,LGBM_363700_20260405_160514,363700_rep0_fold0_hebo_roc_auc_holdout,LGBM_363700_20260405_160514::363700_rep0_fold0_hebo_roc_auc_holdout,0.04849785407725317,0.045414201183431854,0.06074147633234015
37,0.2188291584576415,0.2521687738776198,0.26360892416151305,30,-0.8001134991645813,363700,0,0,hebo,roc_auc,binary,LGBM,,False,holdout,0.0,78,3,3,LGBM_363700_20260405_160514,363700_rep0_fold0_hebo_roc_auc_holdout,LGBM_363700_20260405_160514::363700_rep0_fold0_hebo_roc_auc_holdout,0.0952789699570818,0.09881656804733709,0.1266137040714995
38,0.2058823529411764,0.23347827004664712,0.24275492327500692,30,-0.8001737594604492,363700,0,0,hebo,roc_auc,binary,LGBM,,False,holdout,0.0,78,3,3,LGBM_363700_20260405_160514,363700_rep0_fold0_hebo_roc_auc_holdout,LGBM_363700_20260405_160514::363700_rep0_fold0_hebo_roc_auc_holdout,0.055793991416308836,0.03332100591716006,0.061204899040052885
39,0.20405291303124118,0.23962049095552695,0.24678641534922008,30,-0.7996635437011719,363700,0,0,hebo,roc_auc,binary,LGBM,,False,holdout,0.0,78,3,3,LGBM_363700_20260405_160514,363700_rep0_fold0_hebo_roc_auc_holdout,LGBM_363700_20260405_160514::363700_rep0_fold0_hebo_roc_auc_holdout,0.050214592274678053,0.0548446745562133,0.0738497186362129
40,0.20799324514494788,0.2486016421470334,0.26131878337589964,30,-0.7993113994598389,363700,0,0,hebo,roc_auc,binary,LGBM,,False,holdout,0.0,78,3,3,LGBM_363700_20260405_160514,363700_rep0_fold0_hebo_roc_auc_holdout,LGBM_363700_20260405_160514::363700_rep0_fold0_hebo_roc_auc_holdout,0.06223175965665222,0.0863165680473376,0.11943065210195257
41,0.21397410638896708,0.23799522975283371,0.2323806910526205,30,-0.7993791103363037,363700,0,0,hebo,roc_auc,binary,LGBM,,False,holdout,0.0,78,3,3,LGBM_363700_20260405_160514,363700_rep0_fold0_hebo_roc_auc_holdout,LGBM_363700_20260405_160514::363700_rep0_fold0_hebo_roc_auc_holdout,0.08047210300429189,0.04914940828402413,0.02866600463422688
42,0.20728961441035754,0.235156299470207,0.24248052852650015,30,-0.7996084690093994,363700,0,0,hebo,roc_auc,binary,LGBM,,False,holdout,0.0,78,3,3,LGBM_363700_20260405_160514,363700_rep0_fold0_hebo_roc_auc_holdout,LGBM_363700_20260405_160514::363700_rep0_fold0_hebo_roc_auc_holdout,0.06008583690987154,0.03920118343195268,0.06034425686858614
43,0.2119335772586547,0.2463748232264601,0.24757793866222,30,-0.7993595600128174,363700,0,0,hebo,roc_auc,binary,LGBM,,False,holdout,0.0,78,3,3,LGBM_363700_20260405_160514,363700_rep0_fold0_hebo_roc_auc_holdout,LGBM_363700_20260405_160514::363700_rep0_fold0_hebo_roc_auc_holdout,0.07424892703862673,0.07851331360946767,0.07633234028467348
44,0.1999718547706163,0.24368364396226017,0.25774109800113987,30,-0.7997457385063171,363700,0,0,hebo,roc_auc,binary,LGBM,,False,holdout,0.0,78,3,3,LGBM_363700_20260405_160514,363700_rep0_fold0_hebo_roc_auc_holdout,LGBM_363700_20260405_160514::363700_rep0_fold0_hebo_roc_auc_holdout,0.0377682403433474,0.06908284023668662,0.10820920225091027
45,0.20405291303124118,0.233889862169407,0.23985267112734032,44,-0.7998027801513672,363700,0,0,hebo,roc_auc,binary,LGBM,,False,holdout,0.0,78,3,3,LGBM_363700_20260405_160514,363700_rep0_fold0_hebo_roc_auc_holdout,LGBM_363700_20260405_160514::363700_rep0_fold0_hebo_roc_auc_holdout,0.050214592274678053,0.03476331360946734,0.05210195299569669
46,0.21320011258091764,0.2536673913502333,0.25704455748569977,30,-0.7998249530792236,363700,0,0,hebo,roc_auc,binary,LGBM,,False,holdout,0.0,78,3,3,LGBM_363700_20260405_160514,363700_rep0_fold0_hebo_roc_auc_holdout,LGBM_363700_20260405_160514::363700_rep0_fold0_hebo_roc_auc_holdout,0.07811158798283298,0.10406804733727858,0.10602449520026441
47,0.2064452575288488,0.23447031259894047,0.23896616501678025,44,-0.79989093542099,363700,0,0,hebo,roc_auc,binary,LGBM,,False,holdout,0.0,78,3,3,LGBM_363700_20260405_160514,363700_rep0_fold0_hebo_roc_auc_holdout,LGBM_363700_20260405_160514::363700_rep0_fold0_hebo_roc_auc_holdout,0.05751072961373371,0.03679733727810695,0.049321416749420324
48,0.20883760202645651,0.2400004221457669,0.24270215505414028,30,-0.800014078617096,363700,0,0,hebo,roc_auc,binary,LGBM,,False,holdout,0.0,78,3,3,LGBM_363700_20260405_160514,363700_rep0_fold0_hebo_roc_auc_holdout,LGBM_363700_20260405_160514::363700_rep0_fold0_hebo_roc_auc_holdout,0.06480686695278971,0.05617603550295867,0.061039390930155576
49,0.2198142414860681,0.23366823564176697,0.23658104143360692,44,-0.7999034523963928,363700,0,0,hebo,roc_auc,binary,LGBM,,False,holdout,0.0,78,3,3,LGBM_363700_20260405_160514,363700_rep0_fold0_hebo_roc_auc_holdout,LGBM_363700_20260405_160514::363700_rep0_fold0_hebo_roc_auc_holdout,0.09828326180257509,0.03398668639053235,0.04184045018205833
50,0.24613003095975228,0.28644701015260565,0.2758300441142326,30,-0.7999333739280701,363700,0,0,hebo,roc_auc,binary,LGBM,,False,holdout,0.0,78,3,3,LGBM_363700_20260405_160514,363700_rep0_fold0_hebo_roc_auc_holdout,LGBM_363700_20260405_160514::363700_rep0_fold0_hebo_roc_auc_holdout,0.17854077253218875,0.21893491124260359,0.16494538232373354
51,0.2025049254151421,0.23584228634147364,0.24703970280938004,30,-0.8000977635383606,363700,0,0,hebo,roc_auc,binary,LGBM,,False,holdout,0.0,78,3,3,LGBM_363700_20260405_160514,363700_rep0_fold0_hebo_roc_auc_holdout,LGBM_363700_20260405_160514::363700_rep0_fold0_hebo_roc_auc_holdout,0.04549356223175954,0.041605029585798814,0.07464415756372023
52,0.2133408387278356,0.23496633387508714,0.23920889883276697,44,-0.7997953295707703,363700,0,0,hebo,roc_auc,binary,LGBM,,False,holdout,0.0,78,3,3,LGBM_363700_20260405_160514,363700_rep0_fold0_hebo_roc_auc_holdout,LGBM_363700_20260405_160514::363700_rep0_fold0_hebo_roc_auc_holdout,0.07854077253218877,0.03853550295858039,0.050082754054948476
53,0.216858992400788,0.24045422884522027,0.2570973257065665,30,-0.7997084259986877,363700,0,0,hebo,roc_auc,binary,LGBM,,False,holdout,0.0,78,3,3,LGBM_363700_20260405_160514,363700_rep0_fold0_hebo_roc_auc_holdout,LGBM_363700_20260405_160514::363700_rep0_fold0_hebo_roc_auc_holdout,0.0892703862660942,0.057766272189349425,0.10619000331016205
54,0.2074303405572755,0.23407982776452718,0.2434514637904468,44,-0.7996646165847778,363700,0,0,hebo,roc_auc,binary,LGBM,,False,holdout,0.0,78,3,3,LGBM_363700_20260405_160514,363700_rep0_fold0_hebo_roc_auc_holdout,LGBM_363700_20260405_160514::363700_rep0_fold0_hebo_roc_auc_holdout,0.060515021459227346,0.03542899408284081,0.06338960609069805
55,0.21108922037714595,0.24123519851404684,0.24394748506659358,44,-0.7996561527252197,363700,0,0,hebo,roc_auc,binary,LGBM,,False,holdout,0.0,78,3,3,LGBM_363700_20260405_160514,363700_rep0_fold0_hebo_roc_auc_holdout,LGBM_363700_20260405_160514::363700_rep0_fold0_hebo_roc_auc_holdout,0.0716738197424889,0.0605029585798817,0.06494538232373388
56,0.1989867717421897,0.24383139498068684,0.25743504232011316,44,-0.8007614612579346,363700,0,0,hebo,roc_auc,binary,LGBM,,False,holdout,0.0,78,3,3,LGBM_363700_20260405_160514,363700_rep0_fold0_hebo_roc_auc_holdout,LGBM_363700_20260405_160514::363700_rep0_fold0_hebo_roc_auc_holdout,0.034763948497854115,0.06960059171597661,0.10724925521350528
57,0.20764142977765265,0.24656478882158006,0.2548177385651267,44,-0.8008394837379456,363700,0,0,hebo,roc_auc,binary,LGBM,,False,holdout,0.0,78,3,3,LGBM_363700_20260405_160514,363700_rep0_fold0_hebo_roc_auc_holdout,LGBM_363700_20260405_160514::363700_rep0_fold0_hebo_roc_auc_holdout,0.06115879828326171,0.07917899408284036,0.09904005296259537
58,0.21896988460455946,0.2533824429575532,0.24021149502923356,44,-0.8009006977081299,363700,0,0,hebo,roc_auc,binary,LGBM,,False,holdout,0.0,78,3,3,LGBM_363700_20260405_160514,363700_rep0_fold0_hebo_roc_auc_holdout,LGBM_363700_20260405_160514::363700_rep0_fold0_hebo_roc_auc_holdout,0.09570815450643759,0.10306952662721897,0.05322740814299863
59,0.2084154235857023,0.23635941490596712,0.24327205183950018,44,-0.800711989402771,363700,0,0,hebo,roc_auc,binary,LGBM,,False,holdout,0.0,78,3,3,LGBM_363700_20260405_160514,363700_rep0_fold0_hebo_roc_auc_holdout,LGBM_363700_20260405_160514::363700_rep0_fold0_hebo_roc_auc_holdout,0.06351931330472131,0.043417159763314186,0.06282687851704707
60,0.2084154235857023,0.24358866116470013,0.24896046604892674,44,-0.8008391261100769,363700,0,0,hebo,roc_auc,binary,LGBM,,False,holdout,0.0,78,3,3,LGBM_363700_20260405_160514,363700_rep0_fold0_hebo_roc_auc_holdout,LGBM_363700_20260405_160514::363700_rep0_fold0_hebo_roc_auc_holdout,0.06351931330472131,0.06875000000000009,0.08066865276398533
61,0.21650717703349276,0.2483166937543534,0.24295544251430023,44,-0.8008435368537903,363700,0,0,hebo,roc_auc,binary,LGBM,,False,holdout,0.0,78,3,3,LGBM_363700_20260405_160514,363700_rep0_fold0_hebo_roc_auc_holdout,LGBM_363700_20260405_160514::363700_rep0_fold0_hebo_roc_auc_holdout,0.08819742489270369,0.08531804733727838,0.06183382985766291
62,0.5,0.2441057897291936,0.5,44,-0.8006881475448608,363700,0,0,hebo,roc_auc,binary,LGBM,,False,holdout,0.0,78,3,3,LGBM_363700_20260405_160514,363700_rep0_fold0_hebo_roc_auc_holdout,LGBM_363700_20260405_160514::363700_rep0_fold0_hebo_roc_auc_holdout,0.9527896995708156,0.07056213017751546,0.8680569347898045
63,0.2123557556994089,0.24182620258775356,0.24546720982755343,44,-0.8006980419158936,363700,0,0,hebo,roc_auc,binary,LGBM,,False,holdout,0.0,78,3,3,LGBM_363700_20260405_160514,363700_rep0_fold0_hebo_roc_auc_holdout,LGBM_363700_20260405_160514::363700_rep0_fold0_hebo_roc_auc_holdout,0.07553648068669515,0.06257396449704168,0.06971201588877822
64,0.20264565156206027,0.23691875804715368,0.25116617768115324,44,-0.800154447555542,363700,0,0,hebo,roc_auc,binary,LGBM,,False,holdout,0.0,78,3,3,LGBM_363700_20260405_160514,363700_rep0_fold0_hebo_roc_auc_holdout,LGBM_363700_20260405_160514::363700_rep0_fold0_hebo_roc_auc_holdout,0.04592274678111601,0.04537721893491147,0.08758689175769566
65,0.2070081621165213,0.24321928361863343,0.2470080418768601,44,-0.8001205325126648,363700,0,0,hebo,roc_auc,binary,LGBM,,False,holdout,0.0,78,3,3,LGBM_363700_20260405_160514,363700_rep0_fold0_hebo_roc_auc_holdout,LGBM_363700_20260405_160514::363700_rep0_fold0_hebo_roc_auc_holdout,0.05922746781115894,0.0674556213017751,0.07454485269778198
66,0.2074303405572756,0.24588935559448677,0.25036410072397997,44,-0.8002167344093323,363700,0,0,hebo,roc_auc,binary,LGBM,,False,holdout,0.0,78,3,3,LGBM_363700_20260405_160514,363700_rep0_fold0_hebo_roc_auc_holdout,LGBM_363700_20260405_160514::363700_rep0_fold0_hebo_roc_auc_holdout,0.06051502145922768,0.07681213017751501,0.08507116848725554
67,0.20869687587953833,0.23960993731135372,0.2457204972877135,44,-0.8001437187194824,363700,0,0,hebo,roc_auc,binary,LGBM,,False,holdout,0.0,78,3,3,LGBM_363700_20260405_160514,363700_rep0_fold0_hebo_roc_auc_holdout,LGBM_363700_20260405_160514::363700_rep0_fold0_hebo_roc_auc_holdout,0.06437768240343324,0.05480769230769292,0.07050645481628591
68,0.21263720799324504,0.24215336555712685,0.24721911476032665,44,-0.8000498414039612,363700,0,0,hebo,roc_auc,binary,LGBM,,False,holdout,0.0,78,3,3,LGBM_363700_20260405_160514,363700_rep0_fold0_hebo_roc_auc_holdout,LGBM_363700_20260405_160514::363700_rep0_fold0_hebo_roc_auc_holdout,0.07639484978540742,0.0637204142011836,0.0752068851373712
69,0.200956937799043,0.23597948371572708,0.24807395993836667,44,-0.8002845644950867,363700,0,0,hebo,roc_auc,binary,LGBM,,False,holdout,0.0,78,3,3,LGBM_363700_20260405_160514,363700_rep0_fold0_hebo_roc_auc_holdout,LGBM_363700_20260405_160514::363700_rep0_fold0_hebo_roc_auc_holdout,0.04077253218884103,0.04208579881656843,0.07788811651770897
70,0.20180129468055163,0.24121409122570014,0.2526436878654199,56,-0.8008741140365601,363700,0,0,hebo,roc_auc,binary,LGBM,,False,holdout,0.0,78,3,3,LGBM_363700_20260405_160514,363700_rep0_fold0_hebo_roc_auc_holdout,LGBM_363700_20260405_160514::363700_rep0_fold0_hebo_roc_auc_holdout,0.04334763948497852,0.060428994082840165,0.09222111883482258
71,0.21010413734871936,0.24457015007282001,0.25098676573020673,56,-0.8010125160217285,363700,0,0,hebo,roc_auc,binary,LGBM,,False,holdout,0.0,78,3,3,LGBM_363700_20260405_160514,363700_rep0_fold0_hebo_roc_auc_holdout,LGBM_363700_20260405_160514::363700_rep0_fold0_hebo_roc_auc_holdout,0.06866952789699561,0.07218934911242582,0.08702416418404503
72,0.20904869124683367,0.24486565210967348,0.25153555522722004,56,-0.8009707927703857,363700,0,0,hebo,roc_auc,binary,LGBM,,False,holdout,0.0,78,3,3,LGBM_363700_20260405_160514,363700_rep0_fold0_hebo_roc_auc_holdout,LGBM_363700_20260405_160514::363700_rep0_fold0_hebo_roc_auc_holdout,0.0654506437768241,0.0732248520710062,0.08874544852697783
73,0.20630453138193072,0.23551512337210045,0.24175232707854022,56,-0.8009766936302185,363700,0,0,hebo,roc_auc,binary,LGBM,,False,holdout,0.0,78,3,3,LGBM_363700_20260405_160514,363700_rep0_fold0_hebo_roc_auc_holdout,LGBM_363700_20260405_160514::363700_rep0_fold0_hebo_roc_auc_holdout,0.05708154506437758,0.04045857988165729,0.058060244952002384
74,0.21277793414016322,0.25245372227029994,0.2699516643096861,56,-0.801034688949585,363700,0,0,hebo,roc_auc,binary,LGBM,,False,holdout,0.0,78,3,3,LGBM_363700_20260405_160514,363700_rep0_fold0_hebo_roc_auc_holdout,LGBM_363700_20260405_160514::363700_rep0_fold0_hebo_roc_auc_holdout,0.0768240343347639,0.0998150887573967,0.14650777888116479
75,0.2089079650999155,0.24200561453870018,0.25099731937437997,56,-0.8011106848716736,363700,0,0,hebo,roc_auc,binary,LGBM,,False,holdout,0.0,78,3,3,LGBM_363700_20260405_160514,363700_rep0_fold0_hebo_roc_auc_holdout,LGBM_363700_20260405_160514::363700_rep0_fold0_hebo_roc_auc_holdout,0.06502145922746762,0.0632026627218936,0.08705726580602421
76,0.1995496763298621,0.23862844840323372,0.25158832344808657,56,-0.8010897040367126,363700,0,0,hebo,roc_auc,binary,LGBM,,False,holdout,0.0,78,3,3,LGBM_363700_20260405_160514,363700_rep0_fold0_hebo_roc_auc_holdout,LGBM_363700_20260405_160514::363700_rep0_fold0_hebo_roc_auc_holdout,0.03648068669527899,0.0513683431952668,0.08891095663687477
77,0.2005347593582888,0.2352407286235937,0.25000527682208673,56,-0.8011366724967957,363700,0,0,hebo,roc_auc,binary,LGBM,,False,holdout,0.0,78,3,3,LGBM_363700_20260405_160514,363700_rep0_fold0_hebo_roc_auc_holdout,LGBM_363700_20260405_160514::363700_rep0_fold0_hebo_roc_auc_holdout,0.039484978540772625,0.03949704142011845,0.0839457133399536
78,0.23247959470869695,0.23566287439052713,0.24395803871076682,56,-0.8011085987091064,363700,0,0,hebo,roc_auc,binary,LGBM,,False,holdout,0.0,78,3,3,LGBM_363700_20260405_160514,363700_rep0_fold0_hebo_roc_auc_holdout,LGBM_363700_20260405_160514::363700_rep0_fold0_hebo_roc_auc_holdout,0.13690987124463544,0.04097633136094729,0.06497848394571307
79,0.20011258091753448,0.23277117588703378,0.2502480106380732,56,-0.8011439442634583,363700,0,0,hebo,roc_auc,binary,LGBM,,False,holdout,0.0,78,3,3,LGBM_363700_20260405_160514,363700_rep0_fold0_hebo_roc_auc_holdout,LGBM_363700_20260405_160514::363700_rep0_fold0_hebo_roc_auc_holdout,0.03819742489270388,0.030843195266272386,0.08470705064548105
80,0.20714888826343936,0.24901323426979338,0.2552187770437132,56,-0.8011032938957214,363700,0,0,hebo,roc_auc,binary,LGBM,,False,holdout,0.0,78,3,3,LGBM_363700_20260405_160514,363700_rep0_fold0_hebo_roc_auc_holdout,LGBM_363700_20260405_160514::363700_rep0_fold0_hebo_roc_auc_holdout,0.059656652360515074,0.08775887573964528,0.10029791459781508
81,0.21355192794821276,0.24180509529940697,0.24370475125060675,56,-0.8010781407356262,363700,0,0,hebo,roc_auc,binary,LGBM,,False,holdout,0.0,78,3,3,LGBM_363700_20260405_160514,363700_rep0_fold0_hebo_roc_auc_holdout,LGBM_363700_20260405_160514::363700_rep0_fold0_hebo_roc_auc_holdout,0.07918454935622314,0.06250000000000054,0.06418404501820538
82,0.19983112862369834,0.23462861726154038,0.24940371910420678,56,-0.8010314702987671,363700,0,0,hebo,roc_auc,binary,LGBM,,False,holdout,0.0,78,3,3,LGBM_363700_20260405_160514,363700_rep0_fold0_hebo_roc_auc_holdout,LGBM_363700_20260405_160514::363700_rep0_fold0_hebo_roc_auc_holdout,0.037339055793991605,0.03735207100591732,0.08205892088712351
83,0.21165212496481844,0.2441691115942335,0.25788884901956655,56,-0.8008503913879395,363700,0,0,hebo,roc_auc,binary,LGBM,,False,holdout,0.0,78,3,3,LGBM_363700_20260405_160514,363700_rep0_fold0_hebo_roc_auc_holdout,LGBM_363700_20260405_160514::363700_rep0_fold0_hebo_roc_auc_holdout,0.07339055793991413,0.0707840236686393,0.108672624958623
84,0.20025330706445255,0.23467083183823378,0.2500052768220866,56,-0.8006455898284912,363700,0,0,hebo,roc_auc,binary,LGBM,,False,holdout,0.0,78,3,3,LGBM_363700_20260405_160514,363700_rep0_fold0_hebo_roc_auc_holdout,LGBM_363700_20260405_160514::363700_rep0_fold0_hebo_roc_auc_holdout,0.03862660944206001,0.0375000000000004,0.08394571333995325
85,0.20869687587953845,0.23658104143360714,0.24241720666146016,56,-0.8006843328475952,363700,0,0,hebo,roc_auc,binary,LGBM,,False,holdout,0.0,78,3,3,LGBM_363700_20260405_160514,363700_rep0_fold0_hebo_roc_auc_holdout,LGBM_363700_20260405_160514::363700_rep0_fold0_hebo_roc_auc_holdout,0.06437768240343358,0.044193786982249184,0.06014564713670931
86,0.20011258091753448,0.23477636827996706,0.24652257424488677,56,-0.8005563616752625,363700,0,0,hebo,roc_auc,binary,LGBM,,False,holdout,0.0,78,3,3,LGBM_363700_20260405_160514,363700_rep0_fold0_hebo_roc_auc_holdout,LGBM_363700_20260405_160514::363700_rep0_fold0_hebo_roc_auc_holdout,0.03819742489270388,0.037869822485207316,0.07302217808672602
87,0.20531944835350402,0.2347236000591003,0.24529835152078006,56,-0.8006846904754639,363700,0,0,hebo,roc_auc,binary,LGBM,,False,holdout,0.0,78,3,3,LGBM_363700_20260405_160514,363700_rep0_fold0_hebo_roc_auc_holdout,LGBM_363700_20260405_160514::363700_rep0_fold0_hebo_roc_auc_holdout,0.05407725321888395,0.03768491124260347,0.06918238993710644
88,0.20377146073740504,0.23747810118834034,0.2503535470798065,56,-0.8005868196487427,363700,0,0,hebo,roc_auc,binary,LGBM,,False,holdout,0.0,78,3,3,LGBM_363700_20260405_160514,363700_rep0_fold0_hebo_roc_auc_holdout,LGBM_363700_20260405_160514::363700_rep0_fold0_hebo_roc_auc_holdout,0.04935622317596578,0.047337278106509145,0.08503806686527565
89,0.20166056853363346,0.23380543301602041,0.24653312788906012,56,-0.8005486726760864,363700,0,0,hebo,roc_auc,binary,LGBM,,False,holdout,0.0,78,3,3,LGBM_363700_20260405_160514,363700_rep0_fold0_hebo_roc_auc_holdout,LGBM_363700_20260405_160514::363700_rep0_fold0_hebo_roc_auc_holdout,0.04291845493562205,0.03446745562130196,0.07305527970870555
90,0.21362229102167174,0.2523798467610866,0.2460265529687402,56,-0.8005550503730774,363700,0,0,hebo,roc_auc,binary,LGBM,,False,holdout,0.0,78,3,3,LGBM_363700_20260405_160514,363700_rep0_fold0_hebo_roc_auc_holdout,LGBM_363700_20260405_160514::363700_rep0_fold0_hebo_roc_auc_holdout,0.07939914163090105,0.0995562130177517,0.0714664018536909
91,0.20560090064734027,0.23654938050108687,0.24400025328746022,56,-0.8005729913711548,363700,0,0,hebo,roc_auc,binary,LGBM,,False,holdout,0.0,78,3,3,LGBM_363700_20260405_160514,363700_rep0_fold0_hebo_roc_auc_holdout,LGBM_363700_20260405_160514::363700_rep0_fold0_hebo_roc_auc_holdout,0.054935622317596564,0.04408284023668609,0.06511089043363118
92,0.20672670982268504,0.2351774067585537,0.2434725710787935,56,-0.8005364537239075,363700,0,0,hebo,roc_auc,binary,LGBM,,False,holdout,0.0,78,3,3,LGBM_363700_20260405_160514,363700_rep0_fold0_hebo_roc_auc_holdout,LGBM_363700_20260405_160514::363700_rep0_fold0_hebo_roc_auc_holdout,0.058369098712446325,0.039275147928994225,0.06345580933465711
93,0.20166056853363357,0.23435422251303373,0.24676530806087338,56,-0.8005886077880859,363700,0,0,hebo,roc_auc,binary,LGBM,,False,holdout,0.0,78,3,3,LGBM_363700_20260405_160514,363700_rep0_fold0_hebo_roc_auc_holdout,LGBM_363700_20260405_160514::363700_rep0_fold0_hebo_roc_auc_holdout,0.04291845493562239,0.03639053254437887,0.07378351539225383
94,0.2068674359696031,0.24885492960719335,0.2586909259767398,56,-0.8004801273345947,363700,0,0,hebo,roc_auc,binary,LGBM,,False,holdout,0.0,78,3,3,LGBM_363700_20260405_160514,363700_rep0_fold0_hebo_roc_auc_holdout,LGBM_363700_20260405_160514::363700_rep0_fold0_hebo_roc_auc_holdout,0.05879828326180246,0.08720414201183452,0.11118834822906312
95,0.20334928229665072,0.23429090064799363,0.24709247103024679,56,-0.800493597984314,363700,0,0,hebo,roc_auc,binary,LGBM,,False,holdout,0.0,78,3,3,LGBM_363700_20260405_160514,363700_rep0_fold0_hebo_roc_auc_holdout,LGBM_363700_20260405_160514::363700_rep0_fold0_hebo_roc_auc_holdout,0.04806866952789703,0.03616863905325425,0.07480966567361788
96,0.20166056853363357,0.2354623551512337,0.24645925237984667,56,-0.8005045652389526,363700,0,0,hebo,roc_auc,binary,LGBM,,False,holdout,0.0,78,3,3,LGBM_363700_20260405_160514,363700_rep0_fold0_hebo_roc_auc_holdout,LGBM_363700_20260405_160514::363700_rep0_fold0_hebo_roc_auc_holdout,0.04291845493562239,0.04027366863905345,0.07282356835484885
97,0.20862651280607947,0.24517170779070008,0.2552187770437132,56,-0.8004333972930908,363700,0,0,hebo,roc_auc,binary,LGBM,,False,holdout,0.0,78,3,3,LGBM_363700_20260405_160514,363700_rep0_fold0_hebo_roc_auc_holdout,LGBM_363700_20260405_160514::363700_rep0_fold0_hebo_roc_auc_holdout,0.06416309012875568,0.07429733727810657,0.10029791459781508
98,0.2054601745004222,0.23543069421871377,0.23979990290647357,56,-0.8004553914070129,363700,0,0,hebo,roc_auc,binary,LGBM,,False,holdout,0.0,78,3,3,LGBM_363700_20260405_160514,363700_rep0_fold0_hebo_roc_auc_holdout,LGBM_363700_20260405_160514::363700_rep0_fold0_hebo_roc_auc_holdout,0.05450643776824043,0.04016272189349153,0.05193644488579904
99,0.20897832817337458,0.23952550815796692,0.24337758828123357,56,-0.8005111813545227,363700,0,0,hebo,roc_auc,binary,LGBM,,False,holdout,0.0,78,3,3,LGBM_363700_20260405_160514,363700_rep0_fold0_hebo_roc_auc_holdout,LGBM_363700_20260405_160514::363700_rep0_fold0_hebo_roc_auc_holdout,0.06523605150214586,0.05451183431952676,0.06315789473684204
100,0.20236419926822402,0.23457584904067375,0.24779956518986002,56,-0.8004855513572693,363700,0,0,hebo,roc_auc,binary,LGBM,,False,holdout,0.0,78,3,3,LGBM_363700_20260405_160514,363700_rep0_fold0_hebo_roc_auc_holdout,LGBM_363700_20260405_160514::363700_rep0_fold0_hebo_roc_auc_holdout,0.04506437768240341,0.03716715976331386,0.07702747434624257
101,0.21348156487475378,0.2370348481330603,0.24182620258775356,56,-0.8004885315895081,363700,0,0,hebo,roc_auc,binary,LGBM,,False,holdout,0.0,78,3,3,LGBM_363700_20260405_160514,363700_rep0_fold0_hebo_roc_auc_holdout,LGBM_363700_20260405_160514::363700_rep0_fold0_hebo_roc_auc_holdout,0.07896995708154525,0.04578402366863916,0.05829195630585875
102,0.20855614973262038,0.23112480739599384,0.2386495556915802,56,-0.8004934191703796,363700,0,0,hebo,roc_auc,binary,LGBM,,False,holdout,0.0,78,3,3,LGBM_363700_20260405_160514,363700_rep0_fold0_hebo_roc_auc_holdout,LGBM_363700_20260405_160514::363700_rep0_fold0_hebo_roc_auc_holdout,0.06394849785407744,0.025073964497041676,0.04832836809003581
103,0.2025049254151421,0.23384764759271381,0.24385250226903343,56,-0.8004274964332581,363700,0,0,hebo,roc_auc,binary,LGBM,,False,holdout,0.0,78,3,3,LGBM_363700_20260405_160514,363700_rep0_fold0_hebo_roc_auc_holdout,LGBM_363700_20260405_160514::363700_rep0_fold0_hebo_roc_auc_holdout,0.04549356223175954,0.03461538461538504,0.0646474677259181
104,0.20728961441035743,0.23477636827996706,0.24044367520104692,56,-0.8004932403564453,363700,0,0,hebo,roc_auc,binary,LGBM,,False,holdout,0.0,78,3,3,LGBM_363700_20260405_160514,363700_rep0_fold0_hebo_roc_auc_holdout,LGBM_363700_20260405_160514::363700_rep0_fold0_hebo_roc_auc_holdout,0.06008583690987121,0.037869822485207316,0.05395564382654725
105,0.2064452575288488,0.23189522342064706,0.2436730903180867,56,-0.8004764914512634,363700,0,0,hebo,roc_auc,binary,LGBM,,False,holdout,0.0,78,3,3,LGBM_363700_20260405_160514,363700_rep0_fold0_hebo_roc_auc_holdout,LGBM_363700_20260405_160514::363700_rep0_fold0_hebo_roc_auc_holdout,0.05751072961373371,0.027773668639053183,0.06408474015226678
106,0.20264565156206027,0.23189522342064717,0.24811617451506007,56,-0.8004809021949768,363700,0,0,hebo,roc_auc,binary,LGBM,,False,holdout,0.0,78,3,3,LGBM_363700_20260405_160514,363700_rep0_fold0_hebo_roc_auc_holdout,LGBM_363700_20260405_160514::363700_rep0_fold0_hebo_roc_auc_holdout,0.04592274678111601,0.027773668639053572,0.07802052300562709
107,0.20433436532507732,0.23545180150706035,0.24444350634274004,56,-0.8004940748214722,363700,0,0,hebo,roc_auc,binary,LGBM,,False,holdout,0.0,78,3,3,LGBM_363700_20260405_160514,363700_rep0_fold0_hebo_roc_auc_holdout,LGBM_363700_20260405_160514::363700_rep0_fold0_hebo_roc_auc_holdout,0.051072961373390326,0.040236686390532676,0.06650115855676866
108,0.22009569377990423,0.23453363446398034,0.23398484496696714,56,-0.8005059361457825,363700,0,0,hebo,roc_auc,binary,LGBM,,False,holdout,0.0,78,3,3,LGBM_363700_20260405_160514,363700_rep0_fold0_hebo_roc_auc_holdout,LGBM_363700_20260405_160514::363700_rep0_fold0_hebo_roc_auc_holdout,0.09914163090128736,0.03701923076923078,0.033697451175107467
109,0.2030678300028146,0.23917723790024703,0.24910821706735342,56,-0.8004974722862244,363700,0,0,hebo,roc_auc,binary,LGBM,,False,holdout,0.0,78,3,3,LGBM_363700_20260405_160514,363700_rep0_fold0_hebo_roc_auc_holdout,LGBM_363700_20260405_160514::363700_rep0_fold0_hebo_roc_auc_holdout,0.04721030042918476,0.0532914201183437,0.08113207547169805
110,0.19912749788910777,0.23804799797370024,0.2518943791291133,56,-0.8005325198173523,363700,0,0,hebo,roc_auc,binary,LGBM,,False,holdout,0.0,78,3,3,LGBM_363700_20260405_160514,363700_rep0_fold0_hebo_roc_auc_holdout,LGBM_363700_20260405_160514::363700_rep0_fold0_hebo_roc_auc_holdout,0.03519313304721025,0.0493343195266272,0.08987090367427976
111,0.21179285111173662,0.24016928045254038,0.24438018447770016,56,-0.8006007671356201,363700,0,0,hebo,roc_auc,binary,LGBM,,False,holdout,0.0,78,3,3,LGBM_363700_20260405_160514,363700_rep0_fold0_hebo_roc_auc_holdout,LGBM_363700_20260405_160514::363700_rep0_fold0_hebo_roc_auc_holdout,0.0738197424892706,0.05676775147929059,0.06630254882489219
112,0.20208274697438788,0.2315786140954471,0.2502480106380732,56,-0.8005053400993347,363700,0,0,hebo,roc_auc,binary,LGBM,,False,holdout,0.0,78,3,3,LGBM_363700_20260405_160514,363700_rep0_fold0_hebo_roc_auc_holdout,LGBM_363700_20260405_160514::363700_rep0_fold0_hebo_roc_auc_holdout,0.044206008583691135,0.026664201183432042,0.08470705064548105
113,0.19842386715451732,0.238385714587247,0.2516833062456466,113,-0.8012391924858093,363700,0,0,hebo,roc_auc,binary,LGBM,,False,holdout,0.0,78,3,3,LGBM_363700_20260405_160514,363700_rep0_fold0_hebo_roc_auc_holdout,LGBM_363700_20260405_160514::363700_rep0_fold0_hebo_roc_auc_holdout,0.03304721030042923,0.05051775147929027,0.0892088712346902
114,0.19828314100759914,0.23449141988728706,0.24994195495704674,113,-0.8015349507331848,363700,0,0,hebo,roc_auc,binary,LGBM,,False,holdout,0.0,78,3,3,LGBM_363700_20260405_160514,363700_rep0_fold0_hebo_roc_auc_holdout,LGBM_363700_20260405_160514::363700_rep0_fold0_hebo_roc_auc_holdout,0.032618025751072754,0.036871301775148094,0.08374710360807676
115,0.19617224880382778,0.23540958693036707,0.2453511197416467,115,-0.8035381436347961,363700,0,0,hebo,roc_auc,binary,LGBM,,False,holdout,0.0,78,3,3,LGBM_363700_20260405_160514,363700_rep0_fold0_hebo_roc_auc_holdout,LGBM_363700_20260405_160514::363700_rep0_fold0_hebo_roc_auc_holdout,0.026180257510729704,0.04008875739644999,0.06934789804700374
116,0.21770334928229673,0.23257065664774046,0.24003208307828683,115,-0.8031545877456665,363700,0,0,hebo,roc_auc,binary,LGBM,,False,holdout,0.0,78,3,3,LGBM_363700_20260405_160514,363700_rep0_fold0_hebo_roc_auc_holdout,LGBM_363700_20260405_160514::363700_rep0_fold0_hebo_roc_auc_holdout,0.09184549356223203,0.030140532544378932,0.05266468056934731
117,0.2019420208274697,0.23466027819406043,0.2457838191527535,115,-0.803186297416687,363700,0,0,hebo,roc_auc,binary,LGBM,,False,holdout,0.0,78,3,3,LGBM_363700_20260405_160514,363700_rep0_fold0_hebo_roc_auc_holdout,LGBM_363700_20260405_160514::363700_rep0_fold0_hebo_roc_auc_holdout,0.04377682403433466,0.03746301775147963,0.07070506454816274
118,0.21010413734871936,0.24337758828123346,0.2489288051164067,115,-0.8031451106071472,363700,0,0,hebo,roc_auc,binary,LGBM,,False,holdout,0.0,78,3,3,LGBM_363700_20260405_160514,363700_rep0_fold0_hebo_roc_auc_holdout,LGBM_363700_20260405_160514::363700_rep0_fold0_hebo_roc_auc_holdout,0.06866952789699561,0.06801035502958586,0.08056934789804673
119,0.20911905432029265,0.23946218629292693,0.2567701627371932,115,-0.8029475212097168,363700,0,0,hebo,roc_auc,binary,LGBM,,False,holdout,0.0,78,3,3,LGBM_363700_20260405_160514,363700_rep0_fold0_hebo_roc_auc_holdout,LGBM_363700_20260405_160514::363700_rep0_fold0_hebo_roc_auc_holdout,0.06566523605150199,0.054289940828402536,0.10516385302879837
120,0.21854770616380526,0.23673934609620706,0.2404858897777402,115,-0.8030097484588623,363700,0,0,hebo,roc_auc,binary,LGBM,,False,holdout,0.0,78,3,3,LGBM_363700_20260405_160514,363700_rep0_fold0_hebo_roc_auc_holdout,LGBM_363700_20260405_160514::363700_rep0_fold0_hebo_roc_auc_holdout,0.09442060085836919,0.04474852071005956,0.05408805031446502
121,0.2188291584576414,0.2445173818519536,0.24355700023218008,115,-0.8024282455444336,363700,0,0,hebo,roc_auc,binary,LGBM,,False,holdout,0.0,78,3,3,LGBM_363700_20260405_160514,363700_rep0_fold0_hebo_roc_auc_holdout,LGBM_363700_20260405_160514::363700_rep0_fold0_hebo_roc_auc_holdout,0.09527896995708146,0.07200443786982313,0.06372062231049265
122,0.2252321981424149,0.24620596491968683,0.2550921333136331,115,-0.8024231195449829,363700,0,0,hebo,roc_auc,binary,LGBM,,False,holdout,0.0,78,3,3,LGBM_363700_20260405_160514,363700_rep0_fold0_hebo_roc_auc_holdout,LGBM_363700_20260405_160514::363700_rep0_fold0_hebo_roc_auc_holdout,0.11480686695278987,0.07792159763313654,0.09990069513406107
123,0.2119335772586547,0.23577896447643376,0.237815817801887,115,-0.802490770816803,363700,0,0,hebo,roc_auc,binary,LGBM,,False,holdout,0.0,78,3,3,LGBM_363700_20260405_160514,363700_rep0_fold0_hebo_roc_auc_holdout,LGBM_363700_20260405_160514::363700_rep0_fold0_hebo_roc_auc_holdout,0.07424892703862673,0.04138313609467498,0.04571333995365745
124,0.20306783000281448,0.23590560820651363,0.25060683453996646,113,-0.8015514612197876,363700,0,0,hebo,roc_auc,binary,LGBM,,False,holdout,0.0,78,3,3,LGBM_363700_20260405_160514,363700_rep0_fold0_hebo_roc_auc_holdout,LGBM_363700_20260405_160514::363700_rep0_fold0_hebo_roc_auc_holdout,0.04721030042918442,0.041826923076923046,0.085832505792783
125,0.20433436532507732,0.23763640585094026,0.24376807311564674,113,-0.8015353679656982,363700,0,0,hebo,roc_auc,binary,LGBM,,False,holdout,0.0,78,3,3,LGBM_363700_20260405_160514,363700_rep0_fold0_hebo_roc_auc_holdout,LGBM_363700_20260405_160514::363700_rep0_fold0_hebo_roc_auc_holdout,0.051072961373390326,0.04789201183431952,0.06438265475008222
126,0.20475654376583174,0.2363383076176203,0.2479473162082867,113,-0.8015196323394775,363700,0,0,hebo,roc_auc,binary,LGBM,,False,holdout,0.0,78,3,3,LGBM_363700_20260405_160514,363700_rep0_fold0_hebo_roc_auc_holdout,LGBM_363700_20260405_160514::363700_rep0_fold0_hebo_roc_auc_holdout,0.05236051502145941,0.04334319526627226,0.0774908970539553
127,0.20947086968758788,0.24454904278447354,0.2471874538278067,113,-0.8015365600585938,363700,0,0,hebo,roc_auc,binary,LGBM,,False,holdout,0.0,78,3,3,LGBM_363700_20260405_160514,363700_rep0_fold0_hebo_roc_auc_holdout,LGBM_363700_20260405_160514::363700_rep0_fold0_hebo_roc_auc_holdout,0.0667381974248925,0.07211538461538505,0.07510758027143295
128,0.20334928229665072,0.23558899888131368,0.24755683137387352,113,-0.8015066981315613,363700,0,0,hebo,roc_auc,binary,LGBM,,False,holdout,0.0,78,3,3,LGBM_363700_20260405_160514,363700_rep0_fold0_hebo_roc_auc_holdout,LGBM_363700_20260405_160514::363700_rep0_fold0_hebo_roc_auc_holdout,0.04806866952789703,0.040717455621301905,0.07626613704071512
129,0.2005347593582888,0.23506131667264707,0.24564662177850016,113,-0.8015109300613403,363700,0,0,hebo,roc_auc,binary,LGBM,,False,holdout,0.0,78,3,3,LGBM_363700_20260405_160514,363700_rep0_fold0_hebo_roc_auc_holdout,LGBM_363700_20260405_160514::363700_rep0_fold0_hebo_roc_auc_holdout,0.039484978540772625,0.03886834319526654,0.07027474346242954
130,0.20419363917815936,0.23467083183823378,0.24062308715199354,113,-0.8014094233512878,363700,0,0,hebo,roc_auc,binary,LGBM,,False,holdout,0.0,78,3,3,LGBM_363700_20260405_160514,363700_rep0_fold0_hebo_roc_auc_holdout,LGBM_363700_20260405_160514::363700_rep0_fold0_hebo_roc_auc_holdout,0.05064377682403452,0.0375000000000004,0.05451837140019822
131,0.5,0.5,0.5,113,-0.8013081550598145,363700,0,0,hebo,roc_auc,binary,LGBM,,False,holdout,0.0,78,3,3,LGBM_363700_20260405_160514,363700_rep0_fold0_hebo_roc_auc_holdout,LGBM_363700_20260405_160514::363700_rep0_fold0_hebo_roc_auc_holdout,0.9527896995708156,0.9672707100591715,0.8680569347898045
132,0.2074303405572755,0.2347869219241404,0.24178398801106016,113,-0.8013275861740112,363700,0,0,hebo,roc_auc,binary,LGBM,,False,holdout,0.0,78,3,3,LGBM_363700_20260405_160514,363700_rep0_fold0_hebo_roc_auc_holdout,LGBM_363700_20260405_160514::363700_rep0_fold0_hebo_roc_auc_holdout,0.060515021459227346,0.03790680473372809,0.05815954981794062
133,0.19940895018294402,0.2375097621208604,0.2508073537792599,113,-0.8013399243354797,363700,0,0,hebo,roc_auc,binary,LGBM,,False,holdout,0.0,78,3,3,LGBM_363700_20260405_160514,363700_rep0_fold0_hebo_roc_auc_holdout,LGBM_363700_20260405_160514::363700_rep0_fold0_hebo_roc_auc_holdout,0.036051502145922856,0.04744822485207145,0.08646143661039336
134,0.20531944835350402,0.23568398167887383,0.24260717225658024,113,-0.8013661503791809,363700,0,0,hebo,roc_auc,binary,LGBM,,False,holdout,0.0,78,3,3,LGBM_363700_20260405_160514,363700_rep0_fold0_hebo_roc_auc_holdout,LGBM_363700_20260405_160514::363700_rep0_fold0_hebo_roc_auc_holdout,0.05407725321888395,0.041050295857988826,0.06074147633234015
135,0.20883760202645651,0.23949384722544698,0.24518226143487354,113,-0.8013654351234436,363700,0,0,hebo,roc_auc,binary,LGBM,,False,holdout,0.0,78,3,3,LGBM_363700_20260405_160514,363700_rep0_fold0_hebo_roc_auc_holdout,LGBM_363700_20260405_160514::363700_rep0_fold0_hebo_roc_auc_holdout,0.06480686695278971,0.05440088757396484,0.06881827209533264
136,0.20320855614973266,0.23982101019482016,0.25057517360744674,115,-0.8013353943824768,363700,0,0,hebo,roc_auc,binary,LGBM,,False,holdout,0.0,78,3,3,LGBM_363700_20260405_160514,363700_rep0_fold0_hebo_roc_auc_holdout,LGBM_363700_20260405_160514::363700_rep0_fold0_hebo_roc_auc_holdout,0.0476394849785409,0.055547337278106367,0.08573320092684544
137,0.2103855896425556,0.24485509846550013,0.2492348607974334,115,-0.801380455493927,363700,0,0,hebo,roc_auc,binary,LGBM,,False,holdout,0.0,78,3,3,LGBM_363700_20260405_160514,363700_rep0_fold0_hebo_roc_auc_holdout,LGBM_363700_20260405_160514::363700_rep0_fold0_hebo_roc_auc_holdout,0.06952789699570823,0.07318786982248543,0.08152929493545172
138,0.20236419926822402,0.2351774067585537,0.24646980602402013,115,-0.8014150261878967,363700,0,0,hebo,roc_auc,binary,LGBM,,False,holdout,0.0,78,3,3,LGBM_363700_20260405_160514,363700_rep0_fold0_hebo_roc_auc_holdout,LGBM_363700_20260405_160514::363700_rep0_fold0_hebo_roc_auc_holdout,0.04506437768240341,0.039275147928994225,0.07285666997682873
139,0.20475654376583163,0.23625387846423374,0.24852776663781995,113,-0.8013203740119934,363700,0,0,hebo,roc_auc,binary,LGBM,,False,holdout,0.0,78,3,3,LGBM_363700_20260405_160514,363700_rep0_fold0_hebo_roc_auc_holdout,LGBM_363700_20260405_160514::363700_rep0_fold0_hebo_roc_auc_holdout,0.05236051502145907,0.04304733727810688,0.07931148626282633
140,0.20658598367576686,0.23447031259894036,0.23981045655064692,115,-0.8014192581176758,363700,0,0,hebo,roc_auc,binary,LGBM,,False,holdout,0.0,78,3,3,LGBM_363700_20260405_160514,363700_rep0_fold0_hebo_roc_auc_holdout,LGBM_363700_20260405_160514::363700_rep0_fold0_hebo_roc_auc_holdout,0.05793991416308985,0.03679733727810656,0.05196954650777857
141,0.19814241486068107,0.23251788842687382,0.24942482639255348,141,-0.8017324805259705,363700,0,0,hebo,roc_auc,binary,LGBM,,False,holdout,0.0,78,3,3,LGBM_363700_20260405_160514,363700_rep0_fold0_hebo_roc_auc_holdout,LGBM_363700_20260405_160514::363700_rep0_fold0_hebo_roc_auc_holdout,0.03218884120171662,0.029955621301775474,0.08212512413108257
142,0.20475654376583163,0.2352618359119404,0.24217447284547355,141,-0.8016929626464844,363700,0,0,hebo,roc_auc,binary,LGBM,,False,holdout,0.0,78,3,3,LGBM_363700_20260405_160514,363700_rep0_fold0_hebo_roc_auc_holdout,LGBM_363700_20260405_160514::363700_rep0_fold0_hebo_roc_auc_holdout,0.05236051502145907,0.03957100591715999,0.0593843098311815
143,0.20011258091753448,0.23364712835342039,0.24544610253920685,141,-0.8017814755439758,363700,0,0,hebo,roc_auc,binary,LGBM,,False,holdout,0.0,78,3,3,LGBM_363700_20260405_160514,363700_rep0_fold0_hebo_roc_auc_holdout,LGBM_363700_20260405_160514::363700_rep0_fold0_hebo_roc_auc_holdout,0.03819742489270388,0.0339127218934912,0.06964581264481952
144,0.2143962848297214,0.24254385039154014,0.24077083817042022,113,-0.8012729287147522,363700,0,0,hebo,roc_auc,binary,LGBM,,False,holdout,0.0,78,3,3,LGBM_363700_20260405_160514,363700_rep0_fold0_hebo_roc_auc_holdout,LGBM_363700_20260405_160514::363700_rep0_fold0_hebo_roc_auc_holdout,0.08175965665236064,0.06508875739644973,0.054981794107910945
145,0.20067548550520675,0.23481858285666046,0.2499314013128734,113,-0.8012800216674805,363700,0,0,hebo,roc_auc,binary,LGBM,,False,holdout,0.0,78,3,3,LGBM_363700_20260405_160514,363700_rep0_fold0_hebo_roc_auc_holdout,LGBM_363700_20260405_160514::363700_rep0_fold0_hebo_roc_auc_holdout,0.03991416309012842,0.038017751479290395,0.08371400198609723
146,0.203912186884323,0.2367710070287271,0.24324039090698013,113,-0.8012729287147522,363700,0,0,hebo,roc_auc,binary,LGBM,,False,holdout,0.0,78,3,3,LGBM_363700_20260405_160514,363700_rep0_fold0_hebo_roc_auc_holdout,LGBM_363700_20260405_160514::363700_rep0_fold0_hebo_roc_auc_holdout,0.04978540772532158,0.04485946745562187,0.06272757365110848
147,0.20334928229665072,0.2352196213352471,0.24632205500559345,113,-0.8013609051704407,363700,0,0,hebo,roc_auc,binary,LGBM,,False,holdout,0.0,78,3,3,LGBM_363700_20260405_160514,363700_rep0_fold0_hebo_roc_auc_holdout,LGBM_363700_20260405_160514::363700_rep0_fold0_hebo_roc_auc_holdout,0.04806866952789703,0.0394230769230773,0.072393247269116
148,0.20433436532507732,0.23852291196150033,0.24321928361863343,113,-0.8013725876808167,363700,0,0,hebo,roc_auc,binary,LGBM,,False,holdout,0.0,78,3,3,LGBM_363700_20260405_160514,363700_rep0_fold0_hebo_roc_auc_holdout,LGBM_363700_20260405_160514::363700_rep0_fold0_hebo_roc_auc_holdout,0.051072961373390326,0.050998520710059496,0.06266137040714943
149,0.5,0.5,0.5,113,-0.801304817199707,363700,0,0,hebo,roc_auc,binary,LGBM,,False,holdout,0.0,78,3,3,LGBM_363700_20260405_160514,363700_rep0_fold0_hebo_roc_auc_holdout,LGBM_363700_20260405_160514::363700_rep0_fold0_hebo_roc_auc_holdout,0.9527896995708156,0.9672707100591715,0.8680569347898045
150,0.20137911623979743,0.23876564577748705,0.25214766658927323,113,-0.8012561798095703,363700,0,0,hebo,roc_auc,binary,LGBM,,False,holdout,0.0,78,3,3,LGBM_363700_20260405_160514,363700_rep0_fold0_hebo_roc_auc_holdout,LGBM_363700_20260405_160514::363700_rep0_fold0_hebo_roc_auc_holdout,0.042060085836910115,0.05184911242603603,0.0906653426017871
151,0.19983112862369834,0.2377947105135404,0.24640648415898014,113,-0.8011389374732971,363700,0,0,hebo,roc_auc,binary,LGBM,,False,holdout,0.0,78,3,3,LGBM_363700_20260405_160514,363700_rep0_fold0_hebo_roc_auc_holdout,LGBM_363700_20260405_160514::363700_rep0_fold0_hebo_roc_auc_holdout,0.037339055793991605,0.048446745562130675,0.07265806024495189
152,0.21615536166619753,0.24097135740971354,0.24311374717690015,113,-0.8013770580291748,363700,0,0,hebo,roc_auc,binary,LGBM,,False,holdout,0.0,78,3,3,LGBM_363700_20260405_160514,363700_rep0_fold0_hebo_roc_auc_holdout,LGBM_363700_20260405_160514::363700_rep0_fold0_hebo_roc_auc_holdout,0.08712446351931319,0.05957840236686402,0.062330354187354824
153,0.20897832817337458,0.23095594908922057,0.23737256474660695,113,-0.801286518573761,363700,0,0,hebo,roc_auc,binary,LGBM,,False,holdout,0.0,78,3,3,LGBM_363700_20260405_160514,363700_rep0_fold0_hebo_roc_auc_holdout,LGBM_363700_20260405_160514::363700_rep0_fold0_hebo_roc_auc_holdout,0.06523605150214586,0.02448224852071053,0.04432307183051927
154,0.20067548550520686,0.23496633387508703,0.24855942757034,114,-0.801169753074646,363700,0,0,hebo,roc_auc,binary,LGBM,,False,holdout,0.0,78,3,3,LGBM_363700_20260405_160514,363700_rep0_fold0_hebo_roc_auc_holdout,LGBM_363700_20260405_160514::363700_rep0_fold0_hebo_roc_auc_holdout,0.03991416309012876,0.03853550295858,0.07941079112876492
155,0.20109766394596118,0.23549401608375364,0.2530763872765266,113,-0.8011974096298218,363700,0,0,hebo,roc_auc,binary,LGBM,,False,holdout,0.0,78,3,3,LGBM_363700_20260405_160514,363700_rep0_fold0_hebo_roc_auc_holdout,LGBM_363700_20260405_160514::363700_rep0_fold0_hebo_roc_auc_holdout,0.0412017167381975,0.040384615384615366,0.09357828533598123
156,0.2044750914719955,0.24062308715199354,0.2499314013128734,113,-0.8012402653694153,363700,0,0,hebo,roc_auc,binary,LGBM,,False,holdout,0.0,78,3,3,LGBM_363700_20260405_160514,363700_rep0_fold0_hebo_roc_auc_holdout,LGBM_363700_20260405_160514::363700_rep0_fold0_hebo_roc_auc_holdout,0.051502145922746795,0.05835798816568057,0.08371400198609723
157,0.20180129468055163,0.23718259915148698,0.24941427274838013,113,-0.8012268543243408,363700,0,0,hebo,roc_auc,binary,LGBM,,False,holdout,0.0,78,3,3,LGBM_363700_20260405_160514,363700_rep0_fold0_hebo_roc_auc_holdout,LGBM_363700_20260405_160514::363700_rep0_fold0_hebo_roc_auc_holdout,0.04334763948497852,0.04630177514792915,0.08209202250910304
158,0.20897832817337458,0.23774194229267365,0.2451506005023535,114,-0.8012610673904419,363700,0,0,hebo,roc_auc,binary,LGBM,,False,holdout,0.0,78,3,3,LGBM_363700_20260405_160514,363700_rep0_fold0_hebo_roc_auc_holdout,LGBM_363700_20260405_160514::363700_rep0_fold0_hebo_roc_auc_holdout,0.06523605150214586,0.048261834319526825,0.06871896722939407
159,0.2001125809175346,0.23532515777698038,0.24143571775334027,114,-0.8012566566467285,363700,0,0,hebo,roc_auc,binary,LGBM,,False,holdout,0.0,78,3,3,LGBM_363700_20260405_160514,363700_rep0_fold0_hebo_roc_auc_holdout,LGBM_363700_20260405_160514::363700_rep0_fold0_hebo_roc_auc_holdout,0.03819742489270422,0.03979289940828422,0.057067196292618215
160,0.2019420208274697,0.23626443210840697,0.25145112607383335,114,-0.801217794418335,363700,0,0,hebo,roc_auc,binary,LGBM,,False,holdout,0.0,78,3,3,LGBM_363700_20260405_160514,363700_rep0_fold0_hebo_roc_auc_holdout,LGBM_363700_20260405_160514::363700_rep0_fold0_hebo_roc_auc_holdout,0.04377682403433466,0.04308431952662726,0.08848063555114193
161,0.20208274697438788,0.23923000612111356,0.24712413196276672,113,-0.8012348413467407,363700,0,0,hebo,roc_auc,binary,LGBM,,False,holdout,0.0,78,3,3,LGBM_363700_20260405_160514,363700_rep0_fold0_hebo_roc_auc_holdout,LGBM_363700_20260405_160514::363700_rep0_fold0_hebo_roc_auc_holdout,0.044206008583691135,0.053476331360946774,0.07490897053955611
162,0.20419363917815925,0.23591616185068698,0.2459632311037001,113,-0.8011555075645447,363700,0,0,hebo,roc_auc,binary,LGBM,,False,holdout,0.0,78,3,3,LGBM_363700_20260405_160514,363700_rep0_fold0_hebo_roc_auc_holdout,LGBM_363700_20260405_160514::363700_rep0_fold0_hebo_roc_auc_holdout,0.05064377682403419,0.04186390532544381,0.07126779212181371
163,0.2058823529411764,0.23525128226776715,0.24053865799860696,114,-0.8012033700942993,363700,0,0,hebo,roc_auc,binary,LGBM,,False,holdout,0.0,78,3,3,LGBM_363700_20260405_160514,363700_rep0_fold0_hebo_roc_auc_holdout,LGBM_363700_20260405_160514::363700_rep0_fold0_hebo_roc_auc_holdout,0.055793991416308836,0.03953402366863961,0.05425355842436267
164,0.2074303405572756,0.2349135656542204,0.24940371910420667,114,-0.8013135194778442,363700,0,0,hebo,roc_auc,binary,LGBM,,False,holdout,0.0,78,3,3,LGBM_363700_20260405_160514,363700_rep0_fold0_hebo_roc_auc_holdout,LGBM_363700_20260405_160514::363700_rep0_fold0_hebo_roc_auc_holdout,0.06051502145922768,0.038350591715976545,0.08205892088712316
165,0.23297213622291013,0.23957827637883367,0.23163138231631386,113,-0.8013653755187988,363700,0,0,hebo,roc_auc,binary,LGBM,,False,holdout,0.0,78,3,3,LGBM_363700_20260405_160514,363700_rep0_fold0_hebo_roc_auc_holdout,LGBM_363700_20260405_160514::363700_rep0_fold0_hebo_roc_auc_holdout,0.13841201716738175,0.05469674556213061,0.026315789473684063
166,0.20039403321137073,0.23821685628047362,0.24871773223293991,114,-0.8012778759002686,363700,0,0,hebo,roc_auc,binary,LGBM,,False,holdout,0.0,78,3,3,LGBM_363700_20260405_160514,363700_rep0_fold0_hebo_roc_auc_holdout,LGBM_363700_20260405_160514::363700_rep0_fold0_hebo_roc_auc_holdout,0.03905579399141649,0.04992603550295873,0.07990731545845683
167,0.19940895018294402,0.23466027819406043,0.2508706756443,114,-0.8012329339981079,363700,0,0,hebo,roc_auc,binary,LGBM,,False,holdout,0.0,78,3,3,LGBM_363700_20260405_160514,363700_rep0_fold0_hebo_roc_auc_holdout,LGBM_363700_20260405_160514::363700_rep0_fold0_hebo_roc_auc_holdout,0.036051502145922856,0.03746301775147963,0.08666004634227055
168,0.19926822403602584,0.23466027819406032,0.2502902252147666,113,-0.8013145923614502,363700,0,0,hebo,roc_auc,binary,LGBM,,False,holdout,0.0,78,3,3,LGBM_363700_20260405_160514,363700_rep0_fold0_hebo_roc_auc_holdout,LGBM_363700_20260405_160514::363700_rep0_fold0_hebo_roc_auc_holdout,0.03562231759656639,0.03746301775147924,0.08483945713339917
169,0.20180129468055163,0.23494522658674044,0.2481689427359267,113,-0.8012826442718506,363700,0,0,hebo,roc_auc,binary,LGBM,,False,holdout,0.0,78,3,3,LGBM_363700_20260405_160514,363700_rep0_fold0_hebo_roc_auc_holdout,LGBM_363700_20260405_160514::363700_rep0_fold0_hebo_roc_auc_holdout,0.04334763948497852,0.03846153846153885,0.07818603111552438
170,0.21714044469462412,0.24315596175359344,0.24610042847795355,113,-0.8012679815292358,363700,0,0,hebo,roc_auc,binary,LGBM,,False,holdout,0.0,78,3,3,LGBM_363700_20260405_160514,363700_rep0_fold0_hebo_roc_auc_holdout,LGBM_363700_20260405_160514::363700_rep0_fold0_hebo_roc_auc_holdout,0.09012875536480647,0.06723372781065086,0.07169811320754725
171,0.19814241486068107,0.23752031576503363,0.24885492960719335,113,-0.8017096519470215,363700,0,0,hebo,roc_auc,binary,LGBM,,False,holdout,0.0,78,3,3,LGBM_363700_20260405_160514,363700_rep0_fold0_hebo_roc_auc_holdout,LGBM_363700_20260405_160514::363700_rep0_fold0_hebo_roc_auc_holdout,0.03218884120171662,0.047485207100591835,0.08033763654419038
172,0.2023641992682239,0.23467083183823367,0.24134073495578023,113,-0.8017154932022095,363700,0,0,hebo,roc_auc,binary,LGBM,,False,holdout,0.0,78,3,3,LGBM_363700_20260405_160514,363700_rep0_fold0_hebo_roc_auc_holdout,LGBM_363700_20260405_160514::363700_rep0_fold0_hebo_roc_auc_holdout,0.04506437768240307,0.03750000000000001,0.05676928169480279
173,0.20855614973262027,0.23708761635392694,0.24110855478396687,113,-0.8017300367355347,363700,0,0,hebo,roc_auc,binary,LGBM,,False,holdout,0.0,78,3,3,LGBM_363700_20260405_160514,363700_rep0_fold0_hebo_roc_auc_holdout,LGBM_363700_20260405_160514::363700_rep0_fold0_hebo_roc_auc_holdout,0.06394849785407711,0.04596893491124262,0.05604104601125417
174,0.20757106670419367,0.238955611372607,0.24058087257530025,113,-0.8016946911811829,363700,0,0,hebo,roc_auc,binary,LGBM,,False,holdout,0.0,78,3,3,LGBM_363700_20260405_160514,363700_rep0_fold0_hebo_roc_auc_holdout,LGBM_363700_20260405_160514::363700_rep0_fold0_hebo_roc_auc_holdout,0.060944206008583815,0.05251479289940871,0.05438596491228045
175,0.20630453138193072,0.23523017497942045,0.24254385039154025,113,-0.8016923666000366,363700,0,0,hebo,roc_auc,binary,LGBM,,False,holdout,0.0,78,3,3,LGBM_363700_20260405_160514,363700_rep0_fold0_hebo_roc_auc_holdout,LGBM_363700_20260405_160514::363700_rep0_fold0_hebo_roc_auc_holdout,0.05708154506437758,0.039460059171598075,0.06054286660046332
176,0.20904869124683367,0.24577326550858003,0.25317137007408663,113,-0.8016898036003113,363700,0,0,hebo,roc_auc,binary,LGBM,,False,holdout,0.0,78,3,3,LGBM_363700_20260405_160514,363700_rep0_fold0_hebo_roc_auc_holdout,LGBM_363700_20260405_160514::363700_rep0_fold0_hebo_roc_auc_holdout,0.0654506437768241,0.07640532544378693,0.09387619993379666
177,0.2025049254151421,0.24060197986364684,0.2516833062456465,113,-0.8017125129699707,363700,0,0,hebo,roc_auc,binary,LGBM,,False,holdout,0.0,78,3,3,LGBM_363700_20260405_160514,363700_rep0_fold0_hebo_roc_auc_holdout,LGBM_363700_20260405_160514::363700_rep0_fold0_hebo_roc_auc_holdout,0.04549356223175954,0.05828402366863903,0.08920887123468986
178,0.2005347593582888,0.2353040504886338,0.24791565527576676,113,-0.8017176985740662,363700,0,0,hebo,roc_auc,binary,LGBM,,False,holdout,0.0,78,3,3,LGBM_363700_20260405_160514,363700_rep0_fold0_hebo_roc_auc_holdout,LGBM_363700_20260405_160514::363700_rep0_fold0_hebo_roc_auc_holdout,0.039484978540772625,0.03971893491124307,0.07739159218801706
179,0.2058823529411764,0.2345230808198071,0.24229056293138018,113,-0.8016836643218994,363700,0,0,hebo,roc_auc,binary,LGBM,,False,holdout,0.0,78,3,3,LGBM_363700_20260405_160514,363700_rep0_fold0_hebo_roc_auc_holdout,LGBM_363700_20260405_160514::363700_rep0_fold0_hebo_roc_auc_holdout,0.055793991416308836,0.0369822485207104,0.05974842767295564
180,0.20222347312130595,0.235441247862887,0.24077083817042033,113,-0.801705539226532,363700,0,0,hebo,roc_auc,binary,LGBM,,False,holdout,0.0,78,3,3,LGBM_363700_20260405_160514,363700_rep0_fold0_hebo_roc_auc_holdout,LGBM_363700_20260405_160514::363700_rep0_fold0_hebo_roc_auc_holdout,0.04463519313304727,0.040199704142011905,0.05498179410791129
181,0.2025049254151421,0.23382654030436711,0.2414884859742068,113,-0.8016689419746399,363700,0,0,hebo,roc_auc,binary,LGBM,,False,holdout,0.0,78,3,3,LGBM_363700_20260405_160514,363700_rep0_fold0_hebo_roc_auc_holdout,LGBM_363700_20260405_160514::363700_rep0_fold0_hebo_roc_auc_holdout,0.04549356223175954,0.034541420118343505,0.05723270440251517
182,0.20081621165212493,0.23496633387508703,0.2434092492137534,113,-0.8016895651817322,363700,0,0,hebo,roc_auc,binary,LGBM,,False,holdout,0.0,78,3,3,LGBM_363700_20260405_160514,363700_rep0_fold0_hebo_roc_auc_holdout,LGBM_363700_20260405_160514::363700_rep0_fold0_hebo_roc_auc_holdout,0.0403433476394849,0.03853550295858,0.06325719960277992
183,0.2015198423867154,0.23571564261139388,0.24403191421998016,113,-0.8017127513885498,363700,0,0,hebo,roc_auc,binary,LGBM,,False,holdout,0.0,78,3,3,LGBM_363700_20260405_160514,363700_rep0_fold0_hebo_roc_auc_holdout,LGBM_363700_20260405_160514::363700_rep0_fold0_hebo_roc_auc_holdout,0.04248927038626591,0.04116124260355113,0.06521019529956942
184,0.20447509147199538,0.23496633387508703,0.24043312155687357,113,-0.8017333745956421,363700,0,0,hebo,roc_auc,binary,LGBM,,False,holdout,0.0,78,3,3,LGBM_363700_20260405_160514,363700_rep0_fold0_hebo_roc_auc_holdout,LGBM_363700_20260405_160514::363700_rep0_fold0_hebo_roc_auc_holdout,0.05150214592274646,0.03853550295858,0.05392254220456772
185,0.200956937799043,0.2338898621694071,0.24623762585220677,113,-0.8017075061798096,363700,0,0,hebo,roc_auc,binary,LGBM,,False,holdout,0.0,78,3,3,LGBM_363700_20260405_160514,363700_rep0_fold0_hebo_roc_auc_holdout,LGBM_363700_20260405_160514::363700_rep0_fold0_hebo_roc_auc_holdout,0.04077253218884103,0.03476331360946773,0.0721284342932801
186,0.20264565156206016,0.23669713151951355,0.25269645608628666,113,-0.8017204999923706,363700,0,0,hebo,roc_auc,binary,LGBM,,False,holdout,0.0,78,3,3,LGBM_363700_20260405_160514,363700_rep0_fold0_hebo_roc_auc_holdout,LGBM_363700_20260405_160514::363700_rep0_fold0_hebo_roc_auc_holdout,0.04592274678111568,0.04460059171597609,0.09238662694472023
187,0.1995496763298621,0.23632775397344707,0.24518226143487343,113,-0.8017188310623169,363700,0,0,hebo,roc_auc,binary,LGBM,,False,holdout,0.0,78,3,3,LGBM_363700_20260405_160514,363700_rep0_fold0_hebo_roc_auc_holdout,LGBM_363700_20260405_160514::363700_rep0_fold0_hebo_roc_auc_holdout,0.03648068669527899,0.04330621301775188,0.0688182720953323
188,0.20475654376583163,0.23367878928594032,0.24298710344682017,113,-0.8017675876617432,363700,0,0,hebo,roc_auc,binary,LGBM,,False,holdout,0.0,78,3,3,LGBM_363700_20260405_160514,363700_rep0_fold0_hebo_roc_auc_holdout,LGBM_363700_20260405_160514::363700_rep0_fold0_hebo_roc_auc_holdout,0.05236051502145907,0.03402366863905312,0.06193313472360115
189,0.2034900084435688,0.23607446651328712,0.2402853705384469,113,-0.801701545715332,363700,0,0,hebo,roc_auc,binary,LGBM,,False,holdout,0.0,78,3,3,LGBM_363700_20260405_160514,363700_rep0_fold0_hebo_roc_auc_holdout,LGBM_363700_20260405_160514::363700_rep0_fold0_hebo_roc_auc_holdout,0.04849785407725317,0.042418639053254964,0.053459119496854994
190,0.2025049254151421,0.23592671549486033,0.2441480043058868,113,-0.8017462491989136,363700,0,0,hebo,roc_auc,binary,LGBM,,False,holdout,0.0,78,3,3,LGBM_363700_20260405_160514,363700_rep0_fold0_hebo_roc_auc_holdout,LGBM_363700_20260405_160514::363700_rep0_fold0_hebo_roc_auc_holdout,0.04549356223175954,0.04190088757396458,0.06557431314134356
191,0.20222347312130595,0.23580007176478046,0.24652257424488666,113,-0.8017562031745911,363700,0,0,hebo,roc_auc,binary,LGBM,,False,holdout,0.0,78,3,3,LGBM_363700_20260405_160514,363700_rep0_fold0_hebo_roc_auc_holdout,LGBM_363700_20260405_160514::363700_rep0_fold0_hebo_roc_auc_holdout,0.04463519313304727,0.04145710059171651,0.07302217808672568
192,0.20208274697438777,0.2355467843046204,0.24330371277202023,113,-0.8017306327819824,363700,0,0,hebo,roc_auc,binary,LGBM,,False,holdout,0.0,78,3,3,LGBM_363700_20260405_160514,363700_rep0_fold0_hebo_roc_auc_holdout,LGBM_363700_20260405_160514::363700_rep0_fold0_hebo_roc_auc_holdout,0.044206008583690795,0.040569526627219216,0.06292618338298567
193,0.2025049254151421,0.2374886548325137,0.24928762901830004,113,-0.8017066121101379,363700,0,0,hebo,roc_auc,binary,LGBM,,False,holdout,0.0,78,3,3,LGBM_363700_20260405_160514,363700_rep0_fold0_hebo_roc_auc_holdout,LGBM_363700_20260405_160514::363700_rep0_fold0_hebo_roc_auc_holdout,0.04549356223175954,0.04737426035502992,0.08169480304534903
194,0.20208274697438777,0.23296114148215374,0.24891825147223334,113,-0.8017054796218872,363700,0,0,hebo,roc_auc,binary,LGBM,,False,holdout,0.0,78,3,3,LGBM_363700_20260405_160514,363700_rep0_fold0_hebo_roc_auc_holdout,LGBM_363700_20260405_160514::363700_rep0_fold0_hebo_roc_auc_holdout,0.044206008583690795,0.03150887573964507,0.0805362462760672
195,0.21692935547424708,0.22983726280684713,0.2418789708086202,113,-0.8016806840896606,363700,0,0,hebo,roc_auc,binary,LGBM,,False,holdout,0.0,78,3,3,LGBM_363700_20260405_160514,363700_rep0_fold0_hebo_roc_auc_holdout,LGBM_363700_20260405_160514::363700_rep0_fold0_hebo_roc_auc_holdout,0.08948497854077243,0.020562130177514796,0.05845746441575605
196,0.20419363917815936,0.23937775713954013,0.2533191210925132,113,-0.80167156457901,363700,0,0,hebo,roc_auc,binary,LGBM,,False,holdout,0.0,78,3,3,LGBM_363700_20260405_160514,363700_rep0_fold0_hebo_roc_auc_holdout,LGBM_363700_20260405_160514::363700_rep0_fold0_hebo_roc_auc_holdout,0.05064377682403452,0.05399408284023638,0.09433962264150904
197,0.2094005066141288,0.22807480422990056,0.24001097578994035,113,-0.8016559481620789,363700,0,0,hebo,roc_auc,binary,LGBM,,False,holdout,0.0,78,3,3,LGBM_363700_20260405_160514,363700_rep0_fold0_hebo_roc_auc_holdout,LGBM_363700_20260405_160514::363700_rep0_fold0_hebo_roc_auc_holdout,0.06652360515021426,0.014386094674556397,0.05259847732538894
198,0.2005347593582888,0.2352196213352471,0.24336703463706022,113,-0.8017129302024841,363700,0,0,hebo,roc_auc,binary,LGBM,,False,holdout,0.0,78,3,3,LGBM_363700_20260405_160514,363700_rep0_fold0_hebo_roc_auc_holdout,LGBM_363700_20260405_160514::363700_rep0_fold0_hebo_roc_auc_holdout,0.039484978540772625,0.0394230769230773,0.0631247931148625
199,0.20897832817337458,0.22946788526078055,0.23861789475906026,113,-0.8017165064811707,363700,0,0,hebo,roc_auc,binary,LGBM,,False,holdout,0.0,78,3,3,LGBM_363700_20260405_160514,363700_rep0_fold0_hebo_roc_auc_holdout,LGBM_363700_20260405_160514::363700_rep0_fold0_hebo_roc_auc_holdout,0.06523605150214586,0.019267751479290194,0.04822906322409757
200,0.20180129468055163,0.23460750997319368,0.24844333748443337,113,-0.8017209768295288,363700,0,0,hebo,roc_auc,binary,LGBM,,False,holdout,0.0,78,3,3,LGBM_363700_20260405_160514,363700_rep0_fold0_hebo_roc_auc_holdout,LGBM_363700_20260405_160514::363700_rep0_fold0_hebo_roc_auc_holdout,0.04334763948497852,0.03727810650887578,0.07904667328699078
201,0.21502955249085287,0.24252274310319344,0.24955147012263335,113,-0.8017288446426392,363700,0,0,hebo,roc_auc,binary,LGBM,,False,holdout,0.0,78,3,3,LGBM_363700_20260405_160514,363700_rep0_fold0_hebo_roc_auc_holdout,LGBM_363700_20260405_160514::363700_rep0_fold0_hebo_roc_auc_holdout,0.08369098712446375,0.06501479289940819,0.08252234359483589
202,0.2019420208274697,0.23244401291766048,0.24795786985246004,113,-0.8017258048057556,363700,0,0,hebo,roc_auc,binary,LGBM,,False,holdout,0.0,78,3,3,LGBM_363700_20260405_160514,363700_rep0_fold0_hebo_roc_auc_holdout,LGBM_363700_20260405_160514::363700_rep0_fold0_hebo_roc_auc_holdout,0.04377682403433466,0.029696745562130474,0.07752399867593483
203,0.20011258091753448,0.2370348481330603,0.24562551449015346,113,-0.8017286062240601,363700,0,0,hebo,roc_auc,binary,LGBM,,False,holdout,0.0,78,3,3,LGBM_363700_20260405_160514,363700_rep0_fold0_hebo_roc_auc_holdout,LGBM_363700_20260405_160514::363700_rep0_fold0_hebo_roc_auc_holdout,0.03819742489270388,0.04578402366863916,0.07020854021847048
204,0.20419363917815925,0.2345019735314604,0.240633640796167,113,-0.8017005920410156,363700,0,0,hebo,roc_auc,binary,LGBM,,False,holdout,0.0,78,3,3,LGBM_363700_20260405_160514,363700_rep0_fold0_hebo_roc_auc_holdout,LGBM_363700_20260405_160514::363700_rep0_fold0_hebo_roc_auc_holdout,0.05064377682403419,0.036908284023668865,0.054551473022178096
205,0.20968195890796515,0.24341980285792686,0.2499102940245267,113,-0.8017387390136719,363700,0,0,hebo,roc_auc,binary,LGBM,,False,holdout,0.0,78,3,3,LGBM_363700_20260405_160514,363700_rep0_fold0_hebo_roc_auc_holdout,LGBM_363700_20260405_160514::363700_rep0_fold0_hebo_roc_auc_holdout,0.06738197424892721,0.06815828402366894,0.08364779874213818
206,0.20419363917815925,0.23451252717563376,0.24905544884648667,113,-0.801705002784729,363700,0,0,hebo,roc_auc,binary,LGBM,,False,holdout,0.0,78,3,3,LGBM_363700_20260405_160514,363700_rep0_fold0_hebo_roc_auc_holdout,LGBM_363700_20260405_160514::363700_rep0_fold0_hebo_roc_auc_holdout,0.05064377682403419,0.036945266272189636,0.0809665673618004
207,0.21404446946242617,0.25318192371825987,0.24245942123815356,113,-0.8016703128814697,363700,0,0,hebo,roc_auc,binary,LGBM,,False,holdout,0.0,78,3,3,LGBM_363700_20260405_160514,363700_rep0_fold0_hebo_roc_auc_holdout,LGBM_363700_20260405_160514::363700_rep0_fold0_hebo_roc_auc_holdout,0.08068669527897013,0.10236686390532551,0.060278053624627424
208,0.20123839009287925,0.23577896447643365,0.24333537370454017,113,-0.8016799092292786,363700,0,0,hebo,roc_auc,binary,LGBM,,False,holdout,0.0,78,3,3,LGBM_363700_20260405_160514,363700_rep0_fold0_hebo_roc_auc_holdout,LGBM_363700_20260405_160514::363700_rep0_fold0_hebo_roc_auc_holdout,0.04163090128755364,0.04138313609467459,0.06302548824892391
209,0.20025330706445255,0.23430145429216698,0.24607932118960674,113,-0.8016811013221741,363700,0,0,hebo,roc_auc,binary,LGBM,,False,holdout,0.0,78,3,3,LGBM_363700_20260405_160514,363700_rep0_fold0_hebo_roc_auc_holdout,LGBM_363700_20260405_160514::363700_rep0_fold0_hebo_roc_auc_holdout,0.03862660944206001,0.03620562130177502,0.07163190996358784
210,0.1984238671545172,0.2386706629799269,0.2449817421955801,113,-0.8017109036445618,363700,0,0,hebo,roc_auc,binary,LGBM,,False,holdout,0.0,78,3,3,LGBM_363700_20260405_160514,363700_rep0_fold0_hebo_roc_auc_holdout,LGBM_363700_20260405_160514::363700_rep0_fold0_hebo_roc_auc_holdout,0.03304721030042889,0.0515162721893491,0.06818934127772228
211,0.20433436532507743,0.2340903814087003,0.24650146695654018,113,-0.8017256855964661,363700,0,0,hebo,roc_auc,binary,LGBM,,False,holdout,0.0,78,3,3,LGBM_363700_20260405_160514,363700_rep0_fold0_hebo_roc_auc_holdout,LGBM_363700_20260405_160514::363700_rep0_fold0_hebo_roc_auc_holdout,0.05107296137339066,0.035465976331360796,0.07295597484276732
212,0.21404446946242606,0.24016928045254027,0.24505561770479345,113,-0.8017123341560364,363700,0,0,hebo,roc_auc,binary,LGBM,,False,holdout,0.0,78,3,3,LGBM_363700_20260405_160514,363700_rep0_fold0_hebo_roc_auc_holdout,LGBM_363700_20260405_160514::363700_rep0_fold0_hebo_roc_auc_holdout,0.0806866952789698,0.0567677514792902,0.06842105263157863
213,0.21214466647903185,0.23545180150706047,0.24381028769234014,113,-0.8017055988311768,363700,0,0,hebo,roc_auc,binary,LGBM,,False,holdout,0.0,78,3,3,LGBM_363700_20260405_160514,363700_rep0_fold0_hebo_roc_auc_holdout,LGBM_363700_20260405_160514::363700_rep0_fold0_hebo_roc_auc_holdout,0.07489270386266111,0.040236686390533065,0.06451506123800034
214,0.19757951027300868,0.23702429448888696,0.24374696582730015,113,-0.8016919493675232,363700,0,0,hebo,roc_auc,binary,LGBM,,False,holdout,0.0,78,3,3,LGBM_363700_20260405_160514,363700_rep0_fold0_hebo_roc_auc_holdout,LGBM_363700_20260405_160514::363700_rep0_fold0_hebo_roc_auc_holdout,0.03047210300429174,0.04574704142011839,0.0643164515061235
215,0.21425555868280333,0.23350993097916717,0.23502965574012702,113,-0.8016952872276306,363700,0,0,hebo,roc_auc,binary,LGBM,,False,holdout,0.0,78,3,3,LGBM_363700_20260405_160514,363700_rep0_fold0_hebo_roc_auc_holdout,LGBM_363700_20260405_160514::363700_rep0_fold0_hebo_roc_auc_holdout,0.08133047210300451,0.033431952662722364,0.03697451175107539
216,0.2078525189980298,0.24463347193786011,0.24195284631783365,113,-0.801728367805481,363700,0,0,hebo,roc_auc,binary,LGBM,,False,holdout,0.0,78,3,3,LGBM_363700_20260405_160514,363700_rep0_fold0_hebo_roc_auc_holdout,LGBM_363700_20260405_160514::363700_rep0_fold0_hebo_roc_auc_holdout,0.06180257510729609,0.07241124260355043,0.05868917576961276
217,0.20996341120180118,0.22881355932203395,0.2422061337779935,113,-0.8016935586929321,363700,0,0,hebo,roc_auc,binary,LGBM,,False,holdout,0.0,78,3,3,LGBM_363700_20260405_160514,363700_rep0_fold0_hebo_roc_auc_holdout,LGBM_363700_20260405_160514::363700_rep0_fold0_hebo_roc_auc_holdout,0.06824034334763915,0.016974852071006373,0.05948361469711975
218,0.198001688713763,0.235852839985647,0.2457627118644068,218,-0.8019248843193054,363700,0,0,hebo,roc_auc,binary,LGBM,,False,holdout,0.0,78,3,3,LGBM_363700_20260405_160514,363700_rep0_fold0_hebo_roc_auc_holdout,LGBM_363700_20260405_160514::363700_rep0_fold0_hebo_roc_auc_holdout,0.03175965665236048,0.041642011834319585,0.07063886130420367
219,0.1985645933014354,0.23619055659919375,0.24499229583975357,218,-0.8019375801086426,363700,0,0,hebo,roc_auc,binary,LGBM,,False,holdout,0.0,78,3,3,LGBM_363700_20260405_160514,363700_rep0_fold0_hebo_roc_auc_holdout,LGBM_363700_20260405_160514::363700_rep0_fold0_hebo_roc_auc_holdout,0.03347639484978537,0.04282544378698265,0.06822244289970215
220,0.2001125809175346,0.23690820440298033,0.24378918040399356,218,-0.8019223213195801,363700,0,0,hebo,roc_auc,binary,LGBM,,False,holdout,0.0,78,3,3,LGBM_363700_20260405_160514,363700_rep0_fold0_hebo_roc_auc_holdout,LGBM_363700_20260405_160514::363700_rep0_fold0_hebo_roc_auc_holdout,0.03819742489270422,0.0453402366863907,0.06444885799404163
221,0.20123839009287925,0.23521962133524688,0.24564662177850016,218,-0.8019520044326782,363700,0,0,hebo,roc_auc,binary,LGBM,,False,holdout,0.0,78,3,3,LGBM_363700_20260405_160514,363700_rep0_fold0_hebo_roc_auc_holdout,LGBM_363700_20260405_160514::363700_rep0_fold0_hebo_roc_auc_holdout,0.04163090128755364,0.039423076923076526,0.07027474346242954
222,0.2113706726709823,0.25843763851657975,0.2620469848238598,218,-0.8019497394561768,363700,0,0,hebo,roc_auc,binary,LGBM,,False,holdout,0.0,78,3,3,LGBM_363700_20260405_160514,363700_rep0_fold0_hebo_roc_auc_holdout,LGBM_363700_20260405_160514::363700_rep0_fold0_hebo_roc_auc_holdout,0.07253218884120186,0.12078402366863918,0.12171466401853702
223,0.19870531944835346,0.2387761994216604,0.24422187981510013,218,-0.8019343614578247,363700,0,0,hebo,roc_auc,binary,LGBM,,False,holdout,0.0,78,3,3,LGBM_363700_20260405_160514,363700_rep0_fold0_hebo_roc_auc_holdout,LGBM_363700_20260405_160514::363700_rep0_fold0_hebo_roc_auc_holdout,0.0339055793991415,0.05188609467455679,0.06580602449519993
224,0.20236419926822413,0.23935664985119365,0.24518226143487354,218,-0.8019055128097534,363700,0,0,hebo,roc_auc,binary,LGBM,,False,holdout,0.0,78,3,3,LGBM_363700_20260405_160514,363700_rep0_fold0_hebo_roc_auc_holdout,LGBM_363700_20260405_160514::363700_rep0_fold0_hebo_roc_auc_holdout,0.04506437768240374,0.05392011834319562,0.06881827209533264
225,0.1980016887137631,0.24007429765498034,0.24393693142242023,218,-0.8019010424613953,363700,0,0,hebo,roc_auc,binary,LGBM,,False,holdout,0.0,78,3,3,LGBM_363700_20260405_160514,363700_rep0_fold0_hebo_roc_auc_holdout,LGBM_363700_20260405_160514::363700_rep0_fold0_hebo_roc_auc_holdout,0.03175965665236082,0.05643491124260406,0.06491228070175435
226,0.20137911623979732,0.23833294636638036,0.24422187981510013,218,-0.8019538521766663,363700,0,0,hebo,roc_auc,binary,LGBM,,False,holdout,0.0,78,3,3,LGBM_363700_20260405_160514,363700_rep0_fold0_hebo_roc_auc_holdout,LGBM_363700_20260405_160514::363700_rep0_fold0_hebo_roc_auc_holdout,0.042060085836909775,0.050332840236686806,0.06580602449519993
227,0.20278637770897823,0.2433670346370601,0.24972032842940672,218,-0.8019055724143982,363700,0,0,hebo,roc_auc,binary,LGBM,,False,holdout,0.0,78,3,3,LGBM_363700_20260405_160514,363700_rep0_fold0_hebo_roc_auc_holdout,LGBM_363700_20260405_160514::363700_rep0_fold0_hebo_roc_auc_holdout,0.046351931330471816,0.06797337278106509,0.08305196954650768
228,0.20236419926822413,0.2396943664647403,0.24838001561939338,218,-0.8017391562461853,363700,0,0,hebo,roc_auc,binary,LGBM,,False,holdout,0.0,78,3,3,LGBM_363700_20260405_160514,363700_rep0_fold0_hebo_roc_auc_holdout,LGBM_363700_20260405_160514::363700_rep0_fold0_hebo_roc_auc_holdout,0.04506437768240374,0.0551035502958583,0.07884806355511395
229,0.2034900084435688,0.23483969014500716,0.2431665153977669,113,-0.8017581105232239,363700,0,0,hebo,roc_auc,binary,LGBM,,False,holdout,0.0,78,3,3,LGBM_363700_20260405_160514,363700_rep0_fold0_hebo_roc_auc_holdout,LGBM_363700_20260405_160514::363700_rep0_fold0_hebo_roc_auc_holdout,0.04849785407725317,0.03809171597633193,0.06249586229725247
230,0.21404446946242617,0.23981045655064703,0.24097135740971365,218,-0.8017476797103882,363700,0,0,hebo,roc_auc,binary,LGBM,,False,holdout,0.0,78,3,3,LGBM_363700_20260405_160514,363700_rep0_fold0_hebo_roc_auc_holdout,LGBM_363700_20260405_160514::363700_rep0_fold0_hebo_roc_auc_holdout,0.08068669527897013,0.05551035502958637,0.055610724925521327
231,0.19842386715451732,0.23688709711463363,0.2464381450915002,218,-0.8017376661300659,363700,0,0,hebo,roc_auc,binary,LGBM,,False,holdout,0.0,78,3,3,LGBM_363700_20260405_160514,363700_rep0_fold0_hebo_roc_auc_holdout,LGBM_363700_20260405_160514::363700_rep0_fold0_hebo_roc_auc_holdout,0.03304721030042923,0.045266272189349165,0.07275736511089048
232,0.20137911623979732,0.23800578339700706,0.2427971378517002,218,-0.8017422556877136,363700,0,0,hebo,roc_auc,binary,LGBM,,False,holdout,0.0,78,3,3,LGBM_363700_20260405_160514,363700_rep0_fold0_hebo_roc_auc_holdout,LGBM_363700_20260405_160514::363700_rep0_fold0_hebo_roc_auc_holdout,0.042060085836909775,0.0491863905325449,0.061337305527970655
233,0.20025330706445266,0.2366654705869936,0.2431243008210735,218,-0.8017277121543884,363700,0,0,hebo,roc_auc,binary,LGBM,,False,holdout,0.0,78,3,3,LGBM_363700_20260405_160514,363700_rep0_fold0_hebo_roc_auc_holdout,LGBM_363700_20260405_160514::363700_rep0_fold0_hebo_roc_auc_holdout,0.03862660944206035,0.04448964497041417,0.06236345580933435
234,0.21249648184632697,0.24162568334846013,0.2495198091901134,218,-0.8017323613166809,363700,0,0,hebo,roc_auc,binary,LGBM,,False,holdout,0.0,78,3,3,LGBM_363700_20260405_160514,363700_rep0_fold0_hebo_roc_auc_holdout,LGBM_363700_20260405_160514::363700_rep0_fold0_hebo_roc_auc_holdout,0.07596566523605128,0.061871301775147845,0.08242303872889764
235,0.1989867717421897,0.23809021255039364,0.24367309031808693,218,-0.801722526550293,363700,0,0,hebo,roc_auc,binary,LGBM,,False,holdout,0.0,78,3,3,LGBM_363700_20260405_160514,363700_rep0_fold0_hebo_roc_auc_holdout,LGBM_363700_20260405_160514::363700_rep0_fold0_hebo_roc_auc_holdout,0.034763948497854115,0.04948224852071028,0.06408474015226749
236,0.20067548550520686,0.23500854845178032,0.24288156700508678,218,-0.8017058372497559,363700,0,0,hebo,roc_auc,binary,LGBM,,False,holdout,0.0,78,3,3,LGBM_363700_20260405_160514,363700_rep0_fold0_hebo_roc_auc_holdout,LGBM_363700_20260405_160514::363700_rep0_fold0_hebo_roc_auc_holdout,0.03991416309012876,0.03868343195266269,0.0616021185038062
237,0.2084154235857023,0.2400426367224603,0.24623762585220677,218,-0.8017268180847168,363700,0,0,hebo,roc_auc,binary,LGBM,,False,holdout,0.0,78,3,3,LGBM_363700_20260405_160514,363700_rep0_fold0_hebo_roc_auc_holdout,LGBM_363700_20260405_160514::363700_rep0_fold0_hebo_roc_auc_holdout,0.06351931330472131,0.056323964497041745,0.0721284342932801
238,0.21460737405009844,0.2336471283534205,0.2460898748337801,218,-0.8017403483390808,363700,0,0,hebo,roc_auc,binary,LGBM,,False,holdout,0.0,78,3,3,LGBM_363700_20260405_160514,363700_rep0_fold0_hebo_roc_auc_holdout,LGBM_363700_20260405_160514::363700_rep0_fold0_hebo_roc_auc_holdout,0.08240343347639467,0.033912721893491586,0.07166501158556737
239,0.1995496763298621,0.23696097262384708,0.24423243345927348,113,-0.8017363548278809,363700,0,0,hebo,roc_auc,binary,LGBM,,False,holdout,0.0,78,3,3,LGBM_363700_20260405_160514,363700_rep0_fold0_hebo_roc_auc_holdout,LGBM_363700_20260405_160514::363700_rep0_fold0_hebo_roc_auc_holdout,0.03648068669527899,0.04552514792899455,0.06583912611717946
240,0.1989867717421897,0.23671823880786014,0.24662811068662005,218,-0.8017262816429138,363700,0,0,hebo,roc_auc,binary,LGBM,,False,holdout,0.0,78,3,3,LGBM_363700_20260405_160514,363700_rep0_fold0_hebo_roc_auc_holdout,LGBM_363700_20260405_160514::363700_rep0_fold0_hebo_roc_auc_holdout,0.034763948497854115,0.04467455621301724,0.07335319430652064
241,0.19983112862369823,0.23623277117588704,0.2437575194714735,218,-0.8017066121101379,363700,0,0,hebo,roc_auc,binary,LGBM,,False,holdout,0.0,78,3,3,LGBM_363700_20260405_160514,363700_rep0_fold0_hebo_roc_auc_holdout,LGBM_363700_20260405_160514::363700_rep0_fold0_hebo_roc_auc_holdout,0.037339055793991265,0.04297337278106534,0.06434955312810303
242,0.200956937799043,0.23580007176478035,0.24348312472296685,214,-0.8017482161521912,363700,0,0,hebo,roc_auc,binary,LGBM,,False,holdout,0.0,78,3,3,LGBM_363700_20260405_160514,363700_rep0_fold0_hebo_roc_auc_holdout,LGBM_363700_20260405_160514::363700_rep0_fold0_hebo_roc_auc_holdout,0.04077253218884103,0.041457100591716124,0.06348891095663664
243,0.21291866028708128,0.24108744749562017,0.24603710661291345,214,-0.8017086386680603,363700,0,0,hebo,roc_auc,binary,LGBM,,False,holdout,0.0,78,3,3,LGBM_363700_20260405_160514,363700_rep0_fold0_hebo_roc_auc_holdout,LGBM_363700_20260405_160514::363700_rep0_fold0_hebo_roc_auc_holdout,0.07725321888412003,0.05998520710059171,0.07149950347567008
244,0.20109766394596118,0.23641218312683365,0.24144627139751362,113,-0.8017277121543884,363700,0,0,hebo,roc_auc,binary,LGBM,,False,holdout,0.0,78,3,3,LGBM_363700_20260405_160514,363700_rep0_fold0_hebo_roc_auc_holdout,LGBM_363700_20260405_160514::363700_rep0_fold0_hebo_roc_auc_holdout,0.0412017167381975,0.04360207100591726,0.057100297914597746
245,0.19814241486068118,0.23533571142115361,0.24480233024463338,218,-0.8017082214355469,363700,0,0,hebo,roc_auc,binary,LGBM,,False,holdout,0.0,78,3,3,LGBM_363700_20260405_160514,363700_rep0_fold0_hebo_roc_auc_holdout,LGBM_363700_20260405_160514::363700_rep0_fold0_hebo_roc_auc_holdout,0.03218884120171696,0.0398298816568046,0.06762661370407096
246,0.19983112862369823,0.2384279291639403,0.24618485763134013,214,-0.8017261028289795,363700,0,0,hebo,roc_auc,binary,LGBM,,False,holdout,0.0,78,3,3,LGBM_363700_20260405_160514,363700_rep0_fold0_hebo_roc_auc_holdout,LGBM_363700_20260405_160514::363700_rep0_fold0_hebo_roc_auc_holdout,0.037339055793991265,0.05066568047337296,0.0719629261833828
247,0.1975795102730088,0.2377102813601536,0.24287101336091343,247,-0.8021939396858215,363700,0,0,hebo,roc_auc,binary,LGBM,,False,holdout,0.0,78,3,3,LGBM_363700_20260405_160514,363700_rep0_fold0_hebo_roc_auc_holdout,LGBM_363700_20260405_160514::363700_rep0_fold0_hebo_roc_auc_holdout,0.030472103004292077,0.04815088757396452,0.06156901688182667
248,0.20503799605966788,0.23629609304092702,0.24488675939802018,247,-0.8020133972167969,363700,0,0,hebo,roc_auc,binary,LGBM,,False,holdout,0.0,78,3,3,LGBM_363700_20260405_160514,363700_rep0_fold0_hebo_roc_auc_holdout,LGBM_363700_20260405_160514::363700_rep0_fold0_hebo_roc_auc_holdout,0.05321888412017168,0.04319526627218957,0.06789142667990719
249,0.1999718547706164,0.2373197965257403,0.24488675939802007,247,-0.801947295665741,363700,0,0,hebo,roc_auc,binary,LGBM,,False,holdout,0.0,78,3,3,LGBM_363700_20260405_160514,363700_rep0_fold0_hebo_roc_auc_holdout,LGBM_363700_20260405_160514::363700_rep0_fold0_hebo_roc_auc_holdout,0.03776824034334774,0.04678254437869838,0.06789142667990684
0,0.24143302180685355,0.2806742640075973,0.29616571699905037,0,-0.7585669781931464,363700,2,0,smac,roc_auc,binary,LGBM,,False,holdout,0.0,78,3,3,LGBM_363700_20260405_160514,363700_rep2_fold0_smac_roc_auc_holdout,LGBM_363700_20260405_160514::363700_rep2_fold0_smac_roc_auc_holdout,0.17,0.10919088766692804,0.14512595837897088
1,0.29802699896157825,0.3424738841405508,0.37450142450142454,0,-0.7585669781931464,363700,2,0,smac,roc_auc,binary,LGBM,,False,holdout,0.0,78,3,3,LGBM_363700_20260405_160514,363700_rep2_fold0_smac_roc_auc_holdout,LGBM_363700_20260405_160514::363700_rep2_fold0_smac_roc_auc_holdout,0.35166666666666624,0.3497527840672792,0.4736632480334565
2,0.20807372793354106,0.2944681861348528,0.3023741690408357,2,-0.7919262720664589,363700,2,0,smac,roc_auc,binary,LGBM,,False,holdout,0.0,78,3,3,LGBM_363700_20260405_160514,363700_rep2_fold0_smac_roc_auc_holdout,LGBM_363700_20260405_160514::363700_rep2_fold0_smac_roc_auc_holdout,0.06291666666666691,0.1628852640820661,0.17116399482226452
3,0.26531671858774664,0.28314339981006653,0.31183523266856605,2,-0.7919262720664589,363700,2,0,smac,roc_auc,binary,LGBM,,False,holdout,0.0,78,3,3,LGBM_363700_20260405_160514,363700_rep2_fold0_smac_roc_auc_holdout,LGBM_363700_20260405_160514::363700_rep2_fold0_smac_roc_auc_holdout,0.24666666666666678,0.11880227346240915,0.21084337349397642
4,0.21066978193146413,0.2659425451092118,0.2856006647673315,2,-0.7919262720664589,363700,2,0,smac,roc_auc,binary,LGBM,,False,holdout,0.0,78,3,3,LGBM_363700_20260405_160514,363700_rep2_fold0_smac_roc_auc_holdout,LGBM_363700_20260405_160514::363700_rep2_fold0_smac_roc_auc_holdout,0.07124999999999995,0.051846032992929746,0.10081648909688394
5,0.21767912772585662,0.2851377018043685,0.30029677113010433,2,-0.7919262720664589,363700,2,0,smac,roc_auc,binary,LGBM,,False,holdout,0.0,78,3,3,LGBM_363700_20260405_160514,363700_rep2_fold0_smac_roc_auc_holdout,LGBM_363700_20260405_160514::363700_rep2_fold0_smac_roc_auc_holdout,0.09374999999999986,0.12656531583568192,0.16245145872747166
6,0.5,0.5,0.5,2,-0.7919262720664589,363700,2,0,smac,roc_auc,binary,LGBM,,False,holdout,0.0,78,3,3,LGBM_363700_20260405_160514,363700_rep2_fold0_smac_roc_auc_holdout,LGBM_363700_20260405_160514::363700_rep2_fold0_smac_roc_auc_holdout,1.0,0.962940714384732,1.0
7,0.22274143302180682,0.2968542260208926,0.3272198480531814,2,-0.7919262720664589,363700,2,0,smac,roc_auc,binary,LGBM,,False,holdout,0.0,78,3,3,LGBM_363700_20260405_160514,363700_rep2_fold0_smac_roc_auc_holdout,LGBM_363700_20260405_160514::363700_rep2_fold0_smac_roc_auc_holdout,0.11,0.17217318977866022,0.2753659265159815
8,0.21962616822429915,0.29133428300094966,0.28964862298195637,2,-0.7919262720664589,363700,2,0,smac,roc_auc,binary,LGBM,,False,holdout,0.0,78,3,3,LGBM_363700_20260405_160514,363700_rep2_fold0_smac_roc_auc_holdout,LGBM_363700_20260405_160514::363700_rep2_fold0_smac_roc_auc_holdout,0.10000000000000035,0.15068619749549422,0.11779348800159373
9,0.20872274143302183,0.29810066476733155,0.30529439696106364,2,-0.7919262720664589,363700,2,0,smac,roc_auc,binary,LGBM,,False,holdout,0.0,78,3,3,LGBM_363700_20260405_160514,363700_rep2_fold0_smac_roc_auc_holdout,LGBM_363700_20260405_160514::363700_rep2_fold0_smac_roc_auc_holdout,0.06500000000000018,0.1770250912619565,0.18341133127551565
10,0.3744158878504672,0.5018518518518518,0.4402659069325736,2,-0.7919262720664589,363700,2,0,smac,roc_auc,binary,LGBM,,False,holdout,0.0,78,3,3,LGBM_363700_20260405_160514,363700_rep2_fold0_smac_roc_auc_holdout,LGBM_363700_20260405_160514::363700_rep2_fold0_smac_roc_auc_holdout,0.5968749999999997,0.9701492537313423,0.7494772478343126
11,0.2572689511941848,0.2902421652421652,0.28777302943969607,2,-0.7919262720664589,363700,2,0,smac,roc_auc,binary,LGBM,,False,holdout,0.0,78,3,3,LGBM_363700_20260405_160514,363700_rep2_fold0_smac_roc_auc_holdout,LGBM_363700_20260405_160514::363700_rep2_fold0_smac_roc_auc_holdout,0.2208333333333333,0.14643500762441597,0.10992731255600935
12,0.2775181723779854,0.35676638176638176,0.34288936372269707,2,-0.7919262720664589,363700,2,0,smac,roc_auc,binary,LGBM,,False,holdout,0.0,78,3,3,LGBM_363700_20260405_160514,363700_rep2_fold0_smac_roc_auc_holdout,LGBM_363700_20260405_160514::363700_rep2_fold0_smac_roc_auc_holdout,0.2858333333333331,0.40538792107573535,0.3410833416309871
13,0.22520768431983385,0.26934947768281103,0.28793922127255467,2,-0.7919262720664589,363700,2,0,smac,roc_auc,binary,LGBM,,False,holdout,0.0,78,3,3,LGBM_363700_20260405_160514,363700_rep2_fold0_smac_roc_auc_holdout,LGBM_363700_20260405_160514::363700_rep2_fold0_smac_roc_auc_holdout,0.11791666666666674,0.06510789704727109,0.11062431544359315
14,0.2732346832814123,0.29136989553656223,0.31696343779677116,2,-0.7919262720664589,363700,2,0,smac,roc_auc,binary,LGBM,,False,holdout,0.0,78,3,3,LGBM_363700_20260405_160514,363700_rep2_fold0_smac_roc_auc_holdout,LGBM_363700_20260405_160514::363700_rep2_fold0_smac_roc_auc_holdout,0.2720833333333336,0.15082482325215996,0.23235089116797814
15,0.21391484942886818,0.27420465337132005,0.29231956315289653,2,-0.7919262720664589,363700,2,0,smac,roc_auc,binary,LGBM,,False,holdout,0.0,78,3,3,LGBM_363700_20260405_160514,363700_rep2_fold0_smac_roc_auc_holdout,LGBM_363700_20260405_160514::363700_rep2_fold0_smac_roc_auc_holdout,0.08166666666666697,0.08400720853934629,0.12899532012346962
16,0.2197559709241952,0.328656220322887,0.30569800569800576,2,-0.7919262720664589,363700,2,0,smac,roc_auc,binary,LGBM,,False,holdout,0.0,78,3,3,LGBM_363700_20260405_160514,363700_rep2_fold0_smac_roc_auc_holdout,LGBM_363700_20260405_160514::363700_rep2_fold0_smac_roc_auc_holdout,0.10041666666666665,0.29596599048103095,0.18510405257393267
17,0.23682502596054,0.2755223171889837,0.2887108262108262,2,-0.7919262720664589,363700,2,0,smac,roc_auc,binary,LGBM,,False,holdout,0.0,78,3,3,LGBM_363700_20260405_160514,363700_rep2_fold0_smac_roc_auc_holdout,LGBM_363700_20260405_160514::363700_rep2_fold0_smac_roc_auc_holdout,0.1552083333333335,0.08913636153597232,0.11386040027880154
18,0.2381879543094496,0.29491927825261155,0.30365622032288686,2,-0.7919262720664589,363700,2,0,smac,roc_auc,binary,LGBM,,False,holdout,0.0,78,3,3,LGBM_363700_20260405_160514,363700_rep2_fold0_smac_roc_auc_holdout,LGBM_363700_20260405_160514::363700_rep2_fold0_smac_roc_auc_holdout,0.15958333333333335,0.16464119033316338,0.17654087424076448
19,0.23312564901349953,0.26439933523266856,0.27971272554605886,2,-0.7919262720664589,363700,2,0,smac,roc_auc,binary,LGBM,,False,holdout,0.0,78,3,3,LGBM_363700_20260405_160514,363700_rep2_fold0_smac_roc_auc_holdout,LGBM_363700_20260405_160514::363700_rep2_fold0_smac_roc_auc_holdout,0.14333333333333356,0.04583891687075422,0.07612267250821494
20,0.23052959501557635,0.2896367521367521,0.3179249762583096,2,-0.7919262720664589,363700,2,0,smac,roc_auc,binary,LGBM,,False,holdout,0.0,78,3,3,LGBM_363700_20260405_160514,363700_rep2_fold0_smac_roc_auc_holdout,LGBM_363700_20260405_160514::363700_rep2_fold0_smac_roc_auc_holdout,0.13500000000000018,0.1440783697611011,0.23638355073185344
21,0.26583592938733125,0.28493589743589753,0.3056861348528015,2,-0.7919262720664589,363700,2,0,smac,roc_auc,binary,LGBM,,False,holdout,0.0,78,3,3,LGBM_363700_20260405_160514,363700_rep2_fold0_smac_roc_auc_holdout,LGBM_363700_20260405_160514::363700_rep2_fold0_smac_roc_auc_holdout,0.2483333333333334,0.12577976988124392,0.18505426665339061
22,0.25493250259605393,0.33423551756885095,0.3372032288698956,2,-0.7919262720664589,363700,2,0,smac,roc_auc,binary,LGBM,,False,holdout,0.0,78,3,3,LGBM_363700_20260405_160514,363700_rep2_fold0_smac_roc_auc_holdout,LGBM_363700_20260405_160514::363700_rep2_fold0_smac_roc_auc_holdout,0.2133333333333332,0.3176840256919733,0.31723588569152705
23,0.26077362409138094,0.29207027540360864,0.3116096866096866,2,-0.7919262720664589,363700,2,0,smac,roc_auc,binary,LGBM,,False,holdout,0.0,78,3,3,LGBM_363700_20260405_160514,363700_rep2_fold0_smac_roc_auc_holdout,LGBM_363700_20260405_160514::363700_rep2_fold0_smac_roc_auc_holdout,0.2320833333333329,0.15355112979991603,0.20989744100368432
24,0.22858255451713394,0.2772792022792022,0.30906932573599244,2,-0.7919262720664589,363700,2,0,smac,roc_auc,binary,LGBM,,False,holdout,0.0,78,3,3,LGBM_363700_20260405_160514,363700_rep2_fold0_smac_roc_auc_holdout,LGBM_363700_20260405_160514::363700_rep2_fold0_smac_roc_auc_holdout,0.12875000000000003,0.0959752321981418,0.19924325400776707
25,0.23922637590861895,0.3305792972459639,0.326400759734093,2,-0.7919262713431264,363700,2,0,smac,roc_auc,binary,LGBM,,False,holdout,0.0,78,3,3,LGBM_363700_20260405_160514,363700_rep2_fold0_smac_roc_auc_holdout,LGBM_363700_20260405_160514::363700_rep2_fold0_smac_roc_auc_holdout,0.16291666666666693,0.3034517813409727,0.271930697998606
26,0.25493250259605404,0.28701329534662867,0.3141263057929724,2,-0.7919262720633323,363700,2,0,smac,roc_auc,binary,LGBM,,False,holdout,0.0,78,3,3,LGBM_363700_20260405_160514,363700_rep2_fold0_smac_roc_auc_holdout,LGBM_363700_20260405_160514::363700_rep2_fold0_smac_roc_auc_holdout,0.21333333333333357,0.13386627235340284,0.22045205615851843
27,0.23643561786085143,0.2615740740740742,0.2802231718898385,2,-0.7919262720634879,363700,2,0,smac,roc_auc,binary,LGBM,,False,holdout,0.0,78,3,3,LGBM_363700_20260405_160514,363700_rep2_fold0_smac_roc_auc_holdout,LGBM_363700_20260405_160514::363700_rep2_fold0_smac_roc_auc_holdout,0.1539583333333332,0.03484127350861796,0.07826346709150653
28,0.2354620976116304,0.2731600189933523,0.3017568850902185,2,-0.7919262720634813,363700,2,0,smac,roc_auc,binary,LGBM,,False,holdout,0.0,78,3,3,LGBM_363700_20260405_160514,363700_rep2_fold0_smac_roc_auc_holdout,LGBM_363700_20260405_160514::363700_rep2_fold0_smac_roc_auc_holdout,0.15083333333333365,0.07994085301048885,0.1685751269540979
29,0.20703530633437184,0.2772317188983856,0.2916191832858499,29,-0.792964693665265,363700,2,0,smac,roc_auc,binary,LGBM,,False,holdout,0.0,78,3,3,LGBM_363700_20260405_160514,363700_rep2_fold0_smac_roc_auc_holdout,LGBM_363700_20260405_160514::363700_rep2_fold0_smac_roc_auc_holdout,0.0595833333333337,0.0957903978559214,0.12605795081151064
30,0.2690809968847352,0.308641975308642,0.30887939221272565,29,-0.7929646936648149,363700,2,0,smac,roc_auc,binary,LGBM,,False,holdout,0.0,78,3,3,LGBM_363700_20260405_160514,363700_rep2_fold0_smac_roc_auc_holdout,LGBM_363700_20260405_160514::363700_rep2_fold0_smac_roc_auc_holdout,0.25875000000000004,0.2180583152349704,0.1984466792791006
31,0.24000519210799576,0.292758784425451,0.30887939221272553,29,-0.7929646936640921,363700,2,0,smac,roc_auc,binary,LGBM,,False,holdout,0.0,78,3,3,LGBM_363700_20260405_160514,363700_rep2_fold0_smac_roc_auc_holdout,LGBM_363700_20260405_160514::363700_rep2_fold0_smac_roc_auc_holdout,0.16541666666666646,0.15623122776211745,0.19844667927910012
32,0.2396157840083072,0.2633309591642925,0.2816358024691358,29,-0.7929646936636053,363700,2,0,smac,roc_auc,binary,LGBM,,False,holdout,0.0,78,3,3,LGBM_363700_20260405_160514,363700_rep2_fold0_smac_roc_auc_holdout,LGBM_363700_20260405_160514::363700_rep2_fold0_smac_roc_auc_holdout,0.16416666666666616,0.04168014417078658,0.08418799163596559
33,0.2127466251298027,0.30339506172839514,0.30173314339980994,29,-0.7929646936636213,363700,2,0,smac,roc_auc,binary,LGBM,,False,holdout,0.0,78,3,3,LGBM_363700_20260405_160514,363700_rep2_fold0_smac_roc_auc_holdout,LGBM_363700_20260405_160514::363700_rep2_fold0_smac_roc_auc_holdout,0.07791666666666675,0.19763412041957387,0.16847555511301385
34,0.23254153686396672,0.27211538461538454,0.28419990503323844,29,-0.7929646936636722,363700,2,0,smac,roc_auc,binary,LGBM,,False,holdout,0.0,78,3,3,LGBM_363700_20260405_160514,363700_rep2_fold0_smac_roc_auc_holdout,LGBM_363700_20260405_160514::363700_rep2_fold0_smac_roc_auc_holdout,0.14145833333333327,0.07587449748163141,0.09494175047296691
35,0.5,0.3066120607787275,0.5,29,-0.7929646936642497,363700,2,0,smac,roc_auc,binary,LGBM,,False,holdout,0.0,78,3,3,LGBM_363700_20260405_160514,363700_rep2_fold0_smac_roc_auc_holdout,LGBM_363700_20260405_160514::363700_rep2_fold0_smac_roc_auc_holdout,1.0,0.21015664710503187,1.0
36,0.23026998961578404,0.273076923076923,0.29755460588793925,29,-0.7929646936644932,363700,2,0,smac,roc_auc,binary,LGBM,,False,holdout,0.0,78,3,3,LGBM_363700_20260405_160514,363700_rep2_fold0_smac_roc_auc_holdout,LGBM_363700_20260405_160514::363700_rep2_fold0_smac_roc_auc_holdout,0.13416666666666688,0.07961739291160229,0.15095091108234635
37,0.204828660436137,0.29014719848053183,0.30314577397910736,37,-0.7951713395637098,363700,2,0,smac,roc_auc,binary,LGBM,,False,holdout,0.0,78,3,3,LGBM_363700_20260405_160514,363700_rep2_fold0_smac_roc_auc_holdout,LGBM_363700_20260405_160514::363700_rep2_fold0_smac_roc_auc_holdout,0.05249999999999991,0.14606533893997473,0.17440007965747337
38,0.2292315680166147,0.27238841405508074,0.2904558404558404,37,-0.7951713395635945,363700,2,0,smac,roc_auc,binary,LGBM,,False,holdout,0.0,78,3,3,LGBM_363700_20260405_160514,363700_rep2_fold0_smac_roc_auc_holdout,LGBM_363700_20260405_160514::363700_rep2_fold0_smac_roc_auc_holdout,0.1308333333333333,0.0769372949494013,0.12117893059842681
39,0.2040498442367601,0.30493827160493836,0.2937084520417853,39,-0.7959501557630222,363700,2,0,smac,roc_auc,binary,LGBM,,False,holdout,0.0,78,3,3,LGBM_363700_20260405_160514,363700_rep2_fold0_smac_roc_auc_holdout,LGBM_363700_20260405_160514::363700_rep2_fold0_smac_roc_auc_holdout,0.05,0.2036412365417494,0.1348202728268446
40,0.23416407061266875,0.28568376068376067,0.267889363722697,39,-0.7959501557628339,363700,2,0,smac,roc_auc,binary,LGBM,,False,holdout,0.0,78,3,3,LGBM_363700_20260405_160514,363700_rep2_fold0_smac_roc_auc_holdout,LGBM_363700_20260405_160514::363700_rep2_fold0_smac_roc_auc_holdout,0.14666666666666678,0.12869091077122086,0.0265358956487107
41,0.22183281412253375,0.3114434947768282,0.30160256410256403,39,-0.7959501557625436,363700,2,0,smac,roc_auc,binary,LGBM,,False,holdout,0.0,78,3,3,LGBM_363700_20260405_160514,363700_rep2_fold0_smac_roc_auc_holdout,LGBM_363700_20260405_160514::363700_rep2_fold0_smac_roc_auc_holdout,0.10708333333333343,0.2289635414259969,0.16792790998705567
42,0.23052959501557624,0.3024810066476733,0.29875356125356123,39,-0.7959501557623563,363700,2,0,smac,roc_auc,binary,LGBM,,False,holdout,0.0,78,3,3,LGBM_363700_20260405_160514,363700_rep2_fold0_smac_roc_auc_holdout,LGBM_363700_20260405_160514::363700_rep2_fold0_smac_roc_auc_holdout,0.13499999999999981,0.1940760593318234,0.15597928905705488
43,0.20158359293873318,0.2771842355175689,0.2707146248812915,43,-0.7984164070610239,363700,2,0,smac,roc_auc,binary,LGBM,,False,holdout,0.0,78,3,3,LGBM_363700_20260405_160514,363700_rep2_fold0_smac_roc_auc_holdout,LGBM_363700_20260405_160514::363700_rep2_fold0_smac_roc_auc_holdout,0.04208333333333362,0.09560556351370057,0.03838494473762836
44,0.2292315680166147,0.3192901234567902,0.3184710351377017,43,-0.7984164070610396,363700,2,0,smac,roc_auc,binary,LGBM,,False,holdout,0.0,78,3,3,LGBM_363700_20260405_160514,363700_rep2_fold0_smac_roc_auc_holdout,LGBM_363700_20260405_160514::363700_rep2_fold0_smac_roc_auc_holdout,0.1308333333333333,0.2595074164779815,0.23867370307676972
45,0.23104880581516085,0.31818613485280156,0.35530626780626784,43,-0.7984164070610407,363700,2,0,smac,roc_auc,binary,LGBM,,False,holdout,0.0,78,3,3,LGBM_363700_20260405_160514,363700_rep2_fold0_smac_roc_auc_holdout,LGBM_363700_20260405_160514::363700_rep2_fold0_smac_roc_auc_holdout,0.13666666666666644,0.25521001802134813,0.3931594145175748
46,0.19717030114226375,0.30626780626780636,0.2870014245014245,46,-0.8028296988572873,363700,2,0,smac,roc_auc,binary,LGBM,,False,holdout,0.0,78,3,3,LGBM_363700_20260405_160514,363700_rep2_fold0_smac_roc_auc_holdout,LGBM_363700_20260405_160514::363700_rep2_fold0_smac_roc_auc_holdout,0.027916666666666742,0.20881659812393139,0.10669122772080096
47,0.24312045690550366,0.3121794871794872,0.2965574548907882,46,-0.8028296988569931,363700,2,0,smac,roc_auc,binary,LGBM,,False,holdout,0.0,78,3,3,LGBM_363700_20260405_160514,363700_rep2_fold0_smac_roc_auc_holdout,LGBM_363700_20260405_160514::363700_rep2_fold0_smac_roc_auc_holdout,0.17541666666666683,0.2318284737304187,0.14676889375684588
48,0.1902907580477674,0.30021367521367526,0.2909188034188035,48,-0.8097092419519005,363700,2,0,smac,roc_auc,binary,LGBM,,False,holdout,0.0,78,3,3,LGBM_363700_20260405_160514,363700_rep2_fold0_smac_roc_auc_holdout,LGBM_363700_20260405_160514::363700_rep2_fold0_smac_roc_auc_holdout,0.005833333333333482,0.18525021949078116,0.12312058149955259
49,0.23753894080996907,0.3055318138651473,0.30455840455840444,48,-0.8097092419515944,363700,2,0,smac,roc_auc,binary,LGBM,,False,holdout,0.0,78,3,3,LGBM_363700_20260405_160514,363700_rep2_fold0_smac_roc_auc_holdout,LGBM_363700_20260405_160514::363700_rep2_fold0_smac_roc_auc_holdout,0.1575000000000008,0.20595166581950913,0.1803246042019315
50,0.21287642782969873,0.3196343779677112,0.29122744539411205,48,-0.8097092419516339,363700,2,0,smac,roc_auc,binary,LGBM,,False,holdout,0.0,78,3,3,LGBM_363700_20260405_160514,363700_rep2_fold0_smac_roc_auc_holdout,LGBM_363700_20260405_160514::363700_rep2_fold0_smac_roc_auc_holdout,0.07833333333333303,0.26084746545908155,0.12441501543363566
51,0.2892653167185877,0.28126780626780623,0.3146486229819564,48,-0.8097092419516928,363700,2,0,smac,roc_auc,binary,LGBM,,False,holdout,0.0,78,3,3,LGBM_363700_20260405_160514,363700_rep2_fold0_smac_roc_auc_holdout,LGBM_363700_20260405_160514::363700_rep2_fold0_smac_roc_auc_holdout,0.32354166666666656,0.1115013169446878,0.2226426366623525
52,0.21196780893042577,0.27247150997151004,0.30122269705603044,48,-0.8097092419517082,363700,2,0,smac,roc_auc,binary,LGBM,,False,holdout,0.0,78,3,3,LGBM_363700_20260405_160514,363700_rep2_fold0_smac_roc_auc_holdout,LGBM_363700_20260405_160514::363700_rep2_fold0_smac_roc_auc_holdout,0.07541666666666683,0.07726075504828787,0.16633476052972274
53,0.25285565939771537,0.3174738841405508,0.32936847103513767,48,-0.809709241951688,363700,2,0,smac,roc_auc,binary,LGBM,,False,holdout,0.0,78,3,3,LGBM_363700_20260405_160514,363700_rep2_fold0_smac_roc_auc_holdout,LGBM_363700_20260405_160514::363700_rep2_fold0_smac_roc_auc_holdout,0.20666666666666642,0.25243750288803607,0.2843771781340238
54,0.5,0.5,0.5,48,-0.8097092419482431,363700,2,0,smac,roc_auc,binary,LGBM,,False,holdout,0.0,78,3,3,LGBM_363700_20260405_160514,363700_rep2_fold0_smac_roc_auc_holdout,LGBM_363700_20260405_160514::363700_rep2_fold0_smac_roc_auc_holdout,1.0,0.962940714384732,1.0
55,0.22235202492211836,0.26820987654320994,0.2851020892687559,48,-0.8097092419482385,363700,2,0,smac,roc_auc,binary,LGBM,,False,holdout,0.0,78,3,3,LGBM_363700_20260405_160514,363700_rep2_fold0_smac_roc_auc_holdout,LGBM_363700_20260405_160514::363700_rep2_fold0_smac_roc_auc_holdout,0.10875000000000004,0.060671872833972414,0.09872548043413346
56,0.2632398753894081,0.2886277302943969,0.3155982905982906,48,-0.80970924194822,363700,2,0,smac,roc_auc,binary,LGBM,,False,holdout,0.0,78,3,3,LGBM_363700_20260405_160514,363700_rep2_fold0_smac_roc_auc_holdout,LGBM_363700_20260405_160514::363700_rep2_fold0_smac_roc_auc_holdout,0.24,0.1401506399889094,0.2266255103056858
57,0.23740913811007258,0.28142212725546056,0.2868352326685659,48,-0.8097092419481958,363700,2,0,smac,roc_auc,binary,LGBM,,False,holdout,0.0,78,3,3,LGBM_363700_20260405_160514,363700_rep2_fold0_smac_roc_auc_holdout,LGBM_363700_20260405_160514::363700_rep2_fold0_smac_roc_auc_holdout,0.15708333333333308,0.11210202855690539,0.10599422483321716
58,0.24532710280373826,0.26981244064577403,0.2979700854700855,48,-0.8097092419481108,363700,2,0,smac,roc_auc,binary,LGBM,,False,holdout,0.0,78,3,3,LGBM_363700_20260405_160514,363700_rep2_fold0_smac_roc_auc_holdout,LGBM_363700_20260405_160514::363700_rep2_fold0_smac_roc_auc_holdout,0.1824999999999999,0.06691003188392387,0.15269341830130492
59,0.22352024922118385,0.2998812915479582,0.31044634377967717,48,-0.8097092419482084,363700,2,0,smac,roc_auc,binary,LGBM,,False,holdout,0.0,78,3,3,LGBM_363700_20260405_160514,363700_rep2_fold0_smac_roc_auc_holdout,LGBM_363700_20260405_160514::363700_rep2_fold0_smac_roc_auc_holdout,0.11250000000000027,0.18395637909523532,0.20501842079060095
60,0.2584371754932503,0.27317188983855656,0.29690170940170924,48,-0.8097092419481992,363700,2,0,smac,roc_auc,binary,LGBM,,False,holdout,0.0,78,3,3,LGBM_363700_20260405_160514,363700_rep2_fold0_smac_roc_auc_holdout,LGBM_363700_20260405_160514::363700_rep2_fold0_smac_roc_auc_holdout,0.22458333333333352,0.07998706159604438,0.14821268545255364
61,0.24260124610591893,0.30982905982905984,0.30711063627730295,48,-0.8097092419497959,363700,2,0,smac,roc_auc,binary,LGBM,,False,holdout,0.0,78,3,3,LGBM_363700_20260405_160514,363700_rep2_fold0_smac_roc_auc_holdout,LGBM_363700_20260405_160514::363700_rep2_fold0_smac_roc_auc_holdout,0.17374999999999988,0.2226791737904899,0.19102857711839125
62,0.25019470404984434,0.2741571699905032,0.29527540360873694,48,-0.8097092419497303,363700,2,0,smac,roc_auc,binary,LGBM,,False,holdout,0.0,78,3,3,LGBM_363700_20260405_160514,363700_rep2_fold0_smac_roc_auc_holdout,LGBM_363700_20260405_160514::363700_rep2_fold0_smac_roc_auc_holdout,0.1981250000000004,0.08382237419712503,0.14139201433834545
63,0.22845275181723768,0.26595441595441605,0.2991452991452991,48,-0.8097092419498351,363700,2,0,smac,roc_auc,binary,LGBM,,False,holdout,0.0,78,3,3,LGBM_363700_20260405_160514,363700_rep2_fold0_smac_roc_auc_holdout,LGBM_363700_20260405_160514::363700_rep2_fold0_smac_roc_auc_holdout,0.12833333333333305,0.05189224157848527,0.15762222443492985
64,0.24714434060228452,0.2862773029439696,0.31037511870845214,48,-0.8097092419499058,363700,2,0,smac,roc_auc,binary,LGBM,,False,holdout,0.0,78,3,3,LGBM_363700_20260405_160514,363700_rep2_fold0_smac_roc_auc_holdout,LGBM_363700_20260405_160514::363700_rep2_fold0_smac_roc_auc_holdout,0.18833333333333338,0.1310013400489806,0.2047197052673511
65,0.22559709241952242,0.3058167141500475,0.31557454890788217,48,-0.809709241949976,363700,2,0,smac,roc_auc,binary,LGBM,,False,holdout,0.0,78,3,3,LGBM_363700_20260405_160514,363700_rep2_fold0_smac_roc_auc_holdout,LGBM_363700_20260405_160514::363700_rep2_fold0_smac_roc_auc_holdout,0.11916666666666706,0.2070606718728337,0.2265259384646022
66,0.26414849428868115,0.2794278252611585,0.2960707502374168,48,-0.8097092419499673,363700,2,0,smac,roc_auc,binary,LGBM,,False,holdout,0.0,78,3,3,LGBM_363700_20260405_160514,363700_rep2_fold0_smac_roc_auc_holdout,LGBM_363700_20260405_160514::363700_rep2_fold0_smac_roc_auc_holdout,0.24291666666666656,0.10433898618363219,0.14472767101463696
67,0.2519470404984424,0.3206790123456791,0.321794871794872,48,-0.809709241949952,363700,2,0,smac,roc_auc,binary,LGBM,,False,holdout,0.0,78,3,3,LGBM_363700_20260405_160514,363700_rep2_fold0_smac_roc_auc_holdout,LGBM_363700_20260405_160514::363700_rep2_fold0_smac_roc_auc_holdout,0.20375000000000024,0.2649138209879394,0.2526137608284388
68,0.24558670820353068,0.26418566001899324,0.2781220322886989,48,-0.8097092419508962,363700,2,0,smac,roc_auc,binary,LGBM,,False,holdout,0.0,78,3,3,LGBM_363700_20260405_160514,363700_rep2_fold0_smac_roc_auc_holdout,LGBM_363700_20260405_160514::363700_rep2_fold0_smac_roc_auc_holdout,0.18333333333333357,0.045007162330760256,0.06945135915563098
69,0.5,0.5,0.5,48,-0.8097092419511387,363700,2,0,smac,roc_auc,binary,LGBM,,False,holdout,0.0,78,3,3,LGBM_363700_20260405_160514,363700_rep2_fold0_smac_roc_auc_holdout,LGBM_363700_20260405_160514::363700_rep2_fold0_smac_roc_auc_holdout,1.0,0.962940714384732,1.0
70,0.24993509865005192,0.27197293447293447,0.29458689458689447,48,-0.8097092419497017,363700,2,0,smac,roc_auc,binary,LGBM,,False,holdout,0.0,78,3,3,LGBM_363700_20260405_160514,363700_rep2_fold0_smac_roc_auc_holdout,LGBM_363700_20260405_160514::363700_rep2_fold0_smac_roc_auc_holdout,0.19729166666666675,0.07531999445496934,0.13850443094692802
71,0.21534267912772587,0.274465811965812,0.291156220322887,48,-0.8097092419497349,363700,2,0,smac,roc_auc,binary,LGBM,,False,holdout,0.0,78,3,3,LGBM_363700_20260405_160514,363700_rep2_fold0_smac_roc_auc_holdout,LGBM_363700_20260405_160514::363700_rep2_fold0_smac_roc_auc_holdout,0.08625000000000013,0.08502379742156065,0.12411629991038578
72,0.21988577362409134,0.29008784425451095,0.30403608736942067,48,-0.809709241949645,363700,2,0,smac,roc_auc,binary,LGBM,,False,holdout,0.0,78,3,3,LGBM_363700_20260405_160514,363700_rep2_fold0_smac_roc_auc_holdout,LGBM_363700_20260405_160514::363700_rep2_fold0_smac_roc_auc_holdout,0.1008333333333333,0.1458342960121988,0.17813402369809836
73,0.21475856697819307,0.2916547958214625,0.29639126305792973,48,-0.8097092419500086,363700,2,0,smac,roc_auc,binary,LGBM,,False,holdout,0.0,78,3,3,LGBM_363700_20260405_160514,363700_rep2_fold0_smac_roc_auc_holdout,LGBM_363700_20260405_160514::363700_rep2_fold0_smac_roc_auc_holdout,0.08437499999999984,0.15193382930548452,0.14607189086926253
74,0.19600207684319826,0.2800332383665717,0.27800332383665727,48,-0.809709241949599,363700,2,0,smac,roc_auc,binary,LGBM,,False,holdout,0.0,78,3,3,LGBM_363700_20260405_160514,363700_rep2_fold0_smac_roc_auc_holdout,LGBM_363700_20260405_160514::363700_rep2_fold0_smac_roc_auc_holdout,0.024166666666666517,0.10669562404694746,0.06895349995021484
75,0.26194184839044654,0.31504036087369425,0.32320750237416906,48,-0.8097092419497186,363700,2,0,smac,roc_auc,binary,LGBM,,False,holdout,0.0,78,3,3,LGBM_363700_20260405_160514,363700_rep2_fold0_smac_roc_auc_holdout,LGBM_363700_20260405_160514::363700_rep2_fold0_smac_roc_auc_holdout,0.23583333333333348,0.24296474284922112,0.2585382853728969
76,0.36396677050882653,0.37629392212725554,0.4154558404558404,48,-0.809709241947821,363700,2,0,smac,roc_auc,binary,LGBM,,False,holdout,0.0,78,3,3,LGBM_363700_20260405_160514,363700_rep2_fold0_smac_roc_auc_holdout,LGBM_363700_20260405_160514::363700_rep2_fold0_smac_roc_auc_holdout,0.5633333333333332,0.48140104431403336,0.6454246739022202
77,0.21923676012461057,0.29829059829059823,0.28000949667616326,48,-0.8097092419493035,363700,2,0,smac,roc_auc,binary,LGBM,,False,holdout,0.0,78,3,3,LGBM_363700_20260405_160514,363700_rep2_fold0_smac_roc_auc_holdout,LGBM_363700_20260405_160514::363700_rep2_fold0_smac_roc_auc_holdout,0.09875000000000005,0.17776442863083897,0.07736732052175645
78,0.21936656282450673,0.28945868945868947,0.2991452991452991,48,-0.8097092419495867,363700,2,0,smac,roc_auc,binary,LGBM,,False,holdout,0.0,78,3,3,LGBM_363700_20260405_160514,363700_rep2_fold0_smac_roc_auc_holdout,LGBM_363700_20260405_160514::363700_rep2_fold0_smac_roc_auc_holdout,0.0991666666666667,0.1433852409777733,0.15762222443492985
79,0.22014537902388365,0.2747863247863248,0.29231956315289653,48,-0.8097092419496197,363700,2,0,smac,roc_auc,binary,LGBM,,False,holdout,0.0,78,3,3,LGBM_363700_20260405_160514,363700_rep2_fold0_smac_roc_auc_holdout,LGBM_363700_20260405_160514::363700_rep2_fold0_smac_roc_auc_holdout,0.10166666666666661,0.08627142923155094,0.12899532012346962
80,0.23221703011422623,0.2754748338081672,0.2839624881291548,48,-0.8097092419494681,363700,2,0,smac,roc_auc,binary,LGBM,,False,holdout,0.0,78,3,3,LGBM_363700_20260405_160514,363700_rep2_fold0_smac_roc_auc_holdout,LGBM_363700_20260405_160514::363700_rep2_fold0_smac_roc_auc_holdout,0.1404166666666663,0.08895152719375235,0.09394603206213324
81,0.2466251298026999,0.28067426400759743,0.2875000000000001,48,-0.809709241949508,363700,2,0,smac,roc_auc,binary,LGBM,,False,holdout,0.0,78,3,3,LGBM_363700_20260405_160514,363700_rep2_fold0_smac_roc_auc_holdout,LGBM_363700_20260405_160514::363700_rep2_fold0_smac_roc_auc_holdout,0.1866666666666668,0.10919088766692849,0.10878223638355144
82,0.45619158878504673,0.47731481481481486,0.441025641025641,48,-0.8097092419462477,363700,2,0,smac,roc_auc,binary,LGBM,,False,holdout,0.0,78,3,3,LGBM_363700_20260405_160514,363700_rep2_fold0_smac_roc_auc_holdout,LGBM_363700_20260405_160514::363700_rep2_fold0_smac_roc_auc_holdout,0.859375,0.8746361073887524,0.7526635467489794
83,0.24117341640706125,0.28816476733143404,0.29894349477682813,48,-0.8097092419470233,363700,2,0,smac,roc_auc,binary,LGBM,,False,holdout,0.0,78,3,3,LGBM_363700_20260405_160514,363700_rep2_fold0_smac_roc_auc_holdout,LGBM_363700_20260405_160514::363700_rep2_fold0_smac_roc_auc_holdout,0.1691666666666667,0.13834850515225705,0.1567758637857218
84,0.20729491173416403,0.2887939221272555,0.2762345679012346,48,-0.8097092419462661,363700,2,0,smac,roc_auc,binary,LGBM,,False,holdout,0.0,78,3,3,LGBM_363700_20260405_160514,363700_rep2_fold0_smac_roc_auc_holdout,LGBM_363700_20260405_160514::363700_rep2_fold0_smac_roc_auc_holdout,0.06041666666666665,0.14079756018668252,0.06153539778950551
85,0.23143821391484942,0.2686253561253562,0.2855413105413105,48,-0.8097092419463756,363700,2,0,smac,roc_auc,binary,LGBM,,False,holdout,0.0,78,3,3,LGBM_363700_20260405_160514,363700_rep2_fold0_smac_roc_auc_holdout,LGBM_363700_20260405_160514::363700_rep2_fold0_smac_roc_auc_holdout,0.13791666666666674,0.06228917332840437,0.10056755949417517
86,0.21754932502596047,0.2675332383665717,0.28194444444444444,48,-0.8097092419514941,363700,2,0,smac,roc_auc,binary,LGBM,,False,holdout,0.0,78,3,3,LGBM_363700_20260405_160514,363700_rep2_fold0_smac_roc_auc_holdout,LGBM_363700_20260405_160514::363700_rep2_fold0_smac_roc_auc_holdout,0.09333333333333321,0.0580379834573261,0.08548242557004912
87,0.23799325025960538,0.2742165242165242,0.2931980056980057,48,-0.8097092419515017,363700,2,0,smac,roc_auc,binary,LGBM,,False,holdout,0.0,78,3,3,LGBM_363700_20260405_160514,363700_rep2_fold0_smac_roc_auc_holdout,LGBM_363700_20260405_160514::363700_rep2_fold0_smac_roc_auc_holdout,0.15895833333333337,0.08405341712490139,0.13267947824355303
88,0.2250778816199377,0.32533238366571693,0.31384140550807227,48,-0.8097092419515284,363700,2,0,smac,roc_auc,binary,LGBM,,False,holdout,0.0,78,3,3,LGBM_363700_20260405_160514,363700_rep2_fold0_smac_roc_auc_holdout,LGBM_363700_20260405_160514::363700_rep2_fold0_smac_roc_auc_holdout,0.11750000000000009,0.28302758652557575,0.21925719406551897
89,0.26810747663551404,0.271343779677113,0.29272317188983854,48,-0.8097092419515233,363700,2,0,smac,roc_auc,binary,LGBM,,False,holdout,0.0,78,3,3,LGBM_363700_20260405_160514,363700_rep2_fold0_smac_roc_auc_holdout,LGBM_363700_20260405_160514::363700_rep2_fold0_smac_roc_auc_holdout,0.25562500000000016,0.07287093942054386,0.13068804142188614
90,0.1992471443406022,0.29114434947768275,0.28721509971509973,48,-0.809709241951537,363700,2,0,smac,roc_auc,binary,LGBM,,False,holdout,0.0,78,3,3,LGBM_363700_20260405_160514,363700_rep2_fold0_smac_roc_auc_holdout,LGBM_363700_20260405_160514::363700_rep2_fold0_smac_roc_auc_holdout,0.03458333333333317,0.1499468601266109,0.10758737429055104
91,0.2463655244029076,0.28574311490978155,0.3061490978157645,48,-0.8097092419515383,363700,2,0,smac,roc_auc,binary,LGBM,,False,holdout,0.0,78,3,3,LGBM_363700_20260405_160514,363700_rep2_fold0_smac_roc_auc_holdout,LGBM_363700_20260405_160514::363700_rep2_fold0_smac_roc_auc_holdout,0.1858333333333335,0.12892195369899678,0.18699591755451594
92,0.19768951194184836,0.27984330484330466,0.2938509021842355,48,-0.8097092419515596,363700,2,0,smac,roc_auc,binary,LGBM,,False,holdout,0.0,78,3,3,LGBM_363700_20260405_160514,363700_rep2_fold0_smac_roc_auc_holdout,LGBM_363700_20260405_160514::363700_rep2_fold0_smac_roc_auc_holdout,0.029583333333333347,0.1059562866780637,0.1354177038733448
93,0.22832294911734163,0.2705246913580247,0.29032526115859447,48,-0.8097092419515721,363700,2,0,smac,roc_auc,binary,LGBM,,False,holdout,0.0,78,3,3,LGBM_363700_20260405_160514,363700_rep2_fold0_smac_roc_auc_holdout,LGBM_363700_20260405_160514::363700_rep2_fold0_smac_roc_auc_holdout,0.12791666666666673,0.06968254701723549,0.12063128547246864
94,0.23163291796469376,0.2589506172839505,0.28112535612535616,48,-0.8097092419515326,363700,2,0,smac,roc_auc,binary,LGBM,,False,holdout,0.0,78,3,3,LGBM_363700_20260405_160514,363700_rep2_fold0_smac_roc_auc_holdout,LGBM_363700_20260405_160514::363700_rep2_fold0_smac_roc_auc_holdout,0.13854166666666706,0.02462917610091883,0.082047197052674
95,0.18951194184839038,0.28612298195631536,0.29242640075973414,95,-0.8104880581498659,363700,2,0,smac,roc_auc,binary,LGBM,,False,holdout,0.0,78,3,3,LGBM_363700_20260405_160514,363700_rep2_fold0_smac_roc_auc_holdout,LGBM_363700_20260405_160514::363700_rep2_fold0_smac_roc_auc_holdout,0.0033333333333332147,0.13040062843676342,0.12944339340834465
96,0.2233904465212876,0.27770655270655265,0.2952635327635329,95,-0.810488058151917,363700,2,0,smac,roc_auc,binary,LGBM,,False,holdout,0.0,78,3,3,LGBM_363700_20260405_160514,363700_rep2_fold0_smac_roc_auc_holdout,LGBM_363700_20260405_160514::363700_rep2_fold0_smac_roc_auc_holdout,0.11208333333333326,0.09763874127812885,0.14134222841780433
97,0.2110591900311526,0.2874881291547958,0.304985754985755,95,-0.8104880581519146,363700,2,0,smac,roc_auc,binary,LGBM,,False,holdout,0.0,78,3,3,LGBM_363700_20260405_160514,363700_rep2_fold0_smac_roc_auc_holdout,LGBM_363700_20260405_160514::363700_rep2_fold0_smac_roc_auc_holdout,0.07249999999999991,0.13571461577561073,0.1821168973414321
98,0.23338525441329183,0.30092592592592593,0.2921058879392212,95,-0.8104880581520104,363700,2,0,smac,roc_auc,binary,LGBM,,False,holdout,0.0,78,3,3,LGBM_363700_20260405_160514,363700_rep2_fold0_smac_roc_auc_holdout,LGBM_363700_20260405_160514::363700_rep2_fold0_smac_roc_auc_holdout,0.1441666666666669,0.18802273462409277,0.12809917355371908
99,0.24701453790238825,0.292022792022792,0.31926638176638167,95,-0.8104880581521389,363700,2,0,smac,roc_auc,binary,LGBM,,False,holdout,0.0,78,3,3,LGBM_363700_20260405_160514,363700_rep2_fold0_smac_roc_auc_holdout,LGBM_363700_20260405_160514::363700_rep2_fold0_smac_roc_auc_holdout,0.18791666666666637,0.15336629545769564,0.2420093597530617
100,0.24545690550363441,0.2756647673314341,0.2978395061728395,95,-0.8104880581520412,363700,2,0,smac,roc_auc,binary,LGBM,,False,holdout,0.0,78,3,3,LGBM_363700_20260405_160514,363700_rep2_fold0_smac_roc_auc_holdout,LGBM_363700_20260405_160514::363700_rep2_fold0_smac_roc_auc_holdout,0.18291666666666656,0.08969086456263568,0.1521457731753463
101,0.21677050882658355,0.287037037037037,0.30422602089268747,95,-0.8104880581520568,363700,2,0,smac,roc_auc,binary,LGBM,,False,holdout,0.0,78,3,3,LGBM_363700_20260405_160514,363700_rep2_fold0_smac_roc_auc_holdout,LGBM_363700_20260405_160514::363700_rep2_fold0_smac_roc_auc_holdout,0.09083333333333331,0.13395868952451304,0.17893059842676484
102,0.211318795430945,0.28245489078822417,0.2742996201329534,95,-0.8104880581516727,363700,2,0,smac,roc_auc,binary,LGBM,,False,holdout,0.0,78,3,3,LGBM_363700_20260405_160514,363700_rep2_fold0_smac_roc_auc_holdout,LGBM_363700_20260405_160514::363700_rep2_fold0_smac_roc_auc_holdout,0.07333333333333357,0.11612217550020773,0.053420292741212835
103,0.2594755970924195,0.294551282051282,0.3012820512820513,95,-0.8104880581516511,363700,2,0,smac,roc_auc,binary,LGBM,,False,holdout,0.0,78,3,3,LGBM_363700_20260405_160514,363700_rep2_fold0_smac_roc_auc_holdout,LGBM_363700_20260405_160514::363700_rep2_fold0_smac_roc_auc_holdout,0.22791666666666674,0.16320872418095225,0.16658369013243104
104,0.19691069574247155,0.2863247863247862,0.2899928774928775,95,-0.8104880581516467,363700,2,0,smac,roc_auc,binary,LGBM,,False,holdout,0.0,78,3,3,LGBM_363700_20260405_160514,363700_rep2_fold0_smac_roc_auc_holdout,LGBM_363700_20260405_160514::363700_rep2_fold0_smac_roc_auc_holdout,0.027083333333333792,0.131186174391201,0.11923727969730197
105,0.1984683281412254,0.29453941120607785,0.2904795821462489,95,-0.8104880581507491,363700,2,0,smac,roc_auc,binary,LGBM,,False,holdout,0.0,78,3,3,LGBM_363700_20260405_160514,363700_rep2_fold0_smac_roc_auc_holdout,LGBM_363700_20260405_160514::363700_rep2_fold0_smac_roc_auc_holdout,0.032083333333333616,0.16316251559539713,0.12127850243951087
106,0.20690550363447557,0.2905033238366572,0.29131054131054135,95,-0.8104880581473558,363700,2,0,smac,roc_auc,binary,LGBM,,False,holdout,0.0,78,3,3,LGBM_363700_20260405_160514,363700_rep2_fold0_smac_roc_auc_holdout,LGBM_363700_20260405_160514::363700_rep2_fold0_smac_roc_auc_holdout,0.059166666666666694,0.14745159650663076,0.12476351687742755
107,0.22261163032191067,0.27680436847103507,0.29788698955365633,95,-0.8104880581467343,363700,2,0,smac,roc_auc,binary,LGBM,,False,holdout,0.0,78,3,3,LGBM_363700_20260405_160514,363700_rep2_fold0_smac_roc_auc_holdout,LGBM_363700_20260405_160514::363700_rep2_fold0_smac_roc_auc_holdout,0.10958333333333335,0.09412688877593392,0.1523449168575135
108,0.24026479750778817,0.28544634377967704,0.30702754036087365,95,-0.8104880581467948,363700,2,0,smac,roc_auc,binary,LGBM,,False,holdout,0.0,78,3,3,LGBM_363700_20260405_160514,363700_rep2_fold0_smac_roc_auc_holdout,LGBM_363700_20260405_160514::363700_rep2_fold0_smac_roc_auc_holdout,0.16625000000000012,0.12776673906011668,0.19068007567459935
109,0.23805815160955335,0.2797364672364673,0.28843779677113,95,-0.810488058146888,363700,2,0,smac,roc_auc,binary,LGBM,,False,holdout,0.0,78,3,3,LGBM_363700_20260405_160514,363700_rep2_fold0_smac_roc_auc_holdout,LGBM_363700_20260405_160514::363700_rep2_fold0_smac_roc_auc_holdout,0.15916666666666635,0.1055404094080678,0.11271532410634269
110,0.20275181723779845,0.28150522317188986,0.2947649572649572,95,-0.810488058146991,363700,2,0,smac,roc_auc,binary,LGBM,,False,holdout,0.0,78,3,3,LGBM_363700_20260405_160514,363700_rep2_fold0_smac_roc_auc_holdout,LGBM_363700_20260405_160514::363700_rep2_fold0_smac_roc_auc_holdout,0.04583333333333313,0.11242548865579195,0.1392512197550534
111,0.24415887850467288,0.2889838556505224,0.32291073124406455,95,-0.8104880581469792,363700,2,0,smac,roc_auc,binary,LGBM,,False,holdout,0.0,78,3,3,LGBM_363700_20260405_160514,363700_rep2_fold0_smac_roc_auc_holdout,LGBM_363700_20260405_160514::363700_rep2_fold0_smac_roc_auc_holdout,0.17875000000000005,0.14153689755556587,0.25729363735935495
112,0.22975077881619932,0.25262345679012355,0.29171415004748336,95,-0.8104880581470055,363700,2,0,smac,roc_auc,binary,LGBM,,False,holdout,0.0,78,3,3,LGBM_363700_20260405_160514,363700_rep2_fold0_smac_roc_auc_holdout,LGBM_363700_20260405_160514::363700_rep2_fold0_smac_roc_auc_holdout,0.13249999999999992,0.0,0.1264562381758441
113,0.2833592938733126,0.32350427350427347,0.3425569800569801,95,-0.8104880581494212,363700,2,0,smac,roc_auc,binary,LGBM,,False,holdout,0.0,78,3,3,LGBM_363700_20260405_160514,363700_rep2_fold0_smac_roc_auc_holdout,LGBM_363700_20260405_160514::363700_rep2_fold0_smac_roc_auc_holdout,0.30458333333333354,0.2759114643500757,0.3396893358558204
114,0.21988577362409134,0.27200854700854693,0.2882597340930674,95,-0.8104880581494454,363700,2,0,smac,roc_auc,binary,LGBM,,False,holdout,0.0,78,3,3,LGBM_363700_20260405_160514,363700_rep2_fold0_smac_roc_auc_holdout,LGBM_363700_20260405_160514::363700_rep2_fold0_smac_roc_auc_holdout,0.1008333333333333,0.07545862021163464,0.11196853529821779
115,0.1967808930425753,0.2914529914529914,0.27803893637226973,95,-0.8104880581494114,363700,2,0,smac,roc_auc,binary,LGBM,,False,holdout,0.0,78,3,3,LGBM_363700_20260405_160514,363700_rep2_fold0_smac_roc_auc_holdout,LGBM_363700_20260405_160514::363700_rep2_fold0_smac_roc_auc_holdout,0.026666666666666786,0.1511482833510461,0.06910285771183955
116,0.2320872274143302,0.2721153846153844,0.28419990503323844,95,-0.8104880581494273,363700,2,0,smac,roc_auc,binary,LGBM,,False,holdout,0.0,78,3,3,LGBM_363700_20260405_160514,363700_rep2_fold0_smac_roc_auc_holdout,LGBM_363700_20260405_160514::363700_rep2_fold0_smac_roc_auc_holdout,0.14,0.07587449748163098,0.09494175047296691
117,0.20911214953271018,0.2773622981956314,0.28919753086419764,95,-0.8104880581495642,363700,2,0,smac,roc_auc,binary,LGBM,,False,holdout,0.0,78,3,3,LGBM_363700_20260405_160514,363700_rep2_fold0_smac_roc_auc_holdout,LGBM_363700_20260405_160514::363700_rep2_fold0_smac_roc_auc_holdout,0.06624999999999978,0.09629869229702794,0.11590162302101044
118,0.2515576323987537,0.2760446343779678,0.3276234567901235,95,-0.8104880581493862,363700,2,0,smac,roc_auc,binary,LGBM,,False,holdout,0.0,78,3,3,LGBM_363700_20260405_160514,363700_rep2_fold0_smac_roc_auc_holdout,LGBM_363700_20260405_160514::363700_rep2_fold0_smac_roc_auc_holdout,0.20249999999999954,0.0911695393004019,0.27705864781439854
119,0.2485721703011422,0.27735042735042725,0.32717236467236466,95,-0.810488058149415,363700,2,0,smac,roc_auc,binary,LGBM,,False,holdout,0.0,78,3,3,LGBM_363700_20260405_160514,363700_rep2_fold0_smac_roc_auc_holdout,LGBM_363700_20260405_160514::363700_rep2_fold0_smac_roc_auc_holdout,0.19291666666666657,0.09625248371147284,0.2751667828338148
120,0.18912253374870192,0.2872269705603039,0.2647198480531814,120,-0.8108774662481939,363700,2,0,smac,roc_auc,binary,LGBM,,False,holdout,0.0,78,3,3,LGBM_363700_20260405_160514,363700_rep2_fold0_smac_roc_auc_holdout,LGBM_363700_20260405_160514::363700_rep2_fold0_smac_roc_auc_holdout,0.002083333333333259,0.13469802689339638,0.0132430548640848
121,0.23117860851505712,0.27051282051282055,0.28670465337132,120,-0.81087746624822,363700,2,0,smac,roc_auc,binary,LGBM,,False,holdout,0.0,78,3,3,LGBM_363700_20260405_160514,363700_rep2_fold0_smac_roc_auc_holdout,LGBM_363700_20260405_160514::363700_rep2_fold0_smac_roc_auc_holdout,0.13708333333333345,0.06963633843168039,0.105446579707259
122,0.241822429906542,0.3352564102564103,0.3323480531813865,120,-0.810877466248162,363700,2,0,smac,roc_auc,binary,LGBM,,False,holdout,0.0,78,3,3,LGBM_363700_20260405_160514,363700_rep2_fold0_smac_roc_auc_holdout,LGBM_363700_20260405_160514::363700_rep2_fold0_smac_roc_auc_holdout,0.17124999999999996,0.32165796404972014,0.29687344418998324
123,0.24052440290758037,0.333915004748338,0.3197293447293448,120,-0.8108774662483783,363700,2,0,smac,roc_auc,binary,LGBM,,False,holdout,0.0,78,3,3,LGBM_363700_20260405_160514,363700_rep2_fold0_smac_roc_auc_holdout,LGBM_363700_20260405_160514::363700_rep2_fold0_smac_roc_auc_holdout,0.16708333333333308,0.3164363938819826,0.24395101065418748
124,0.19859813084112155,0.31381766381766385,0.29272317188983854,120,-0.8108774662500651,363700,2,0,smac,roc_auc,binary,LGBM,,False,holdout,0.0,78,3,3,LGBM_363700_20260405_160514,363700_rep2_fold0_smac_roc_auc_holdout,LGBM_363700_20260405_160514::363700_rep2_fold0_smac_roc_auc_holdout,0.032500000000000265,0.2382052585370359,0.13068804142188614
125,0.2275441329179646,0.30403608736942067,0.3136989553656221,120,-0.810877466250025,363700,2,0,smac,roc_auc,binary,LGBM,,False,holdout,0.0,78,3,3,LGBM_363700_20260405_160514,363700_rep2_fold0_smac_roc_auc_holdout,LGBM_363700_20260405_160514::363700_rep2_fold0_smac_roc_auc_holdout,0.12541666666666648,0.20012938403955402,0.21865976301901877
126,0.2040498442367601,0.3009971509971511,0.30081908831908843,120,-0.8108774662501518,363700,2,0,smac,roc_auc,binary,LGBM,,False,holdout,0.0,78,3,3,LGBM_363700_20260405_160514,363700_rep2_fold0_smac_roc_auc_holdout,LGBM_363700_20260405_160514::363700_rep2_fold0_smac_roc_auc_holdout,0.05,0.18829998613742424,0.1646420392313062
127,0.2525960539979232,0.291025641025641,0.32407407407407407,120,-0.8108774662511796,363700,2,0,smac,roc_auc,binary,LGBM,,False,holdout,0.0,78,3,3,LGBM_363700_20260405_160514,363700_rep2_fold0_smac_roc_auc_holdout,LGBM_363700_20260405_160514::363700_rep2_fold0_smac_roc_auc_holdout,0.20583333333333348,0.14948477427105902,0.2621726575724388
128,0.22468847352024923,0.2783713200379866,0.29344729344729337,120,-0.8108774662511865,363700,2,0,smac,roc_auc,binary,LGBM,,False,holdout,0.0,78,3,3,LGBM_363700_20260405_160514,363700_rep2_fold0_smac_roc_auc_holdout,LGBM_363700_20260405_160514::363700_rep2_fold0_smac_roc_auc_holdout,0.11625000000000013,0.10022642206921964,0.1337249825749278
129,0.24454828660436134,0.2692782526115858,0.29247388414055076,120,-0.8108774662511481,363700,2,0,smac,roc_auc,binary,LGBM,,False,holdout,0.0,78,3,3,LGBM_363700_20260405_160514,363700_rep2_fold0_smac_roc_auc_holdout,LGBM_363700_20260405_160514::363700_rep2_fold0_smac_roc_auc_holdout,0.18,0.06483064553393919,0.1296425370905109
130,0.22157320872274144,0.27057217473884143,0.2860280151946819,120,-0.8108774662511453,363700,2,0,smac,roc_auc,binary,LGBM,,False,holdout,0.0,78,3,3,LGBM_363700_20260405_160514,363700_rep2_fold0_smac_roc_auc_holdout,LGBM_363700_20260405_160514::363700_rep2_fold0_smac_roc_auc_holdout,0.10625000000000014,0.06986738135945632,0.10260878223638407
131,0.2135254413291796,0.3099477682811016,0.3095085470085469,120,-0.8108774662473557,363700,2,0,smac,roc_auc,binary,LGBM,,False,holdout,0.0,78,3,3,LGBM_363700_20260405_160514,363700_rep2_fold0_smac_roc_auc_holdout,LGBM_363700_20260405_160514::363700_rep2_fold0_smac_roc_auc_holdout,0.08041666666666665,0.22314125964604176,0.20108533306780832
132,0.2390316718587746,0.26087369420702755,0.2785375118708452,120,-0.8108774662514796,363700,2,0,smac,roc_auc,binary,LGBM,,False,holdout,0.0,78,3,3,LGBM_363700_20260405_160514,363700_rep2_fold0_smac_roc_auc_holdout,LGBM_363700_20260405_160514::363700_rep2_fold0_smac_roc_auc_holdout,0.16229166666666658,0.03211496696086101,0.07119386637458956
133,0.5,0.5,0.5,120,-0.810877466250737,363700,2,0,smac,roc_auc,binary,LGBM,,False,holdout,0.0,78,3,3,LGBM_363700_20260405_160514,363700_rep2_fold0_smac_roc_auc_holdout,LGBM_363700_20260405_160514::363700_rep2_fold0_smac_roc_auc_holdout,1.0,0.962940714384732,1.0
134,0.21547248182762202,0.27384852801519466,0.29116809116809117,120,-0.8108774662507334,363700,2,0,smac,roc_auc,binary,LGBM,,False,holdout,0.0,78,3,3,LGBM_363700_20260405_160514,363700_rep2_fold0_smac_roc_auc_holdout,LGBM_363700_20260405_160514::363700_rep2_fold0_smac_roc_auc_holdout,0.08666666666666678,0.08262095097269026,0.12416608583092735
135,0.21144859813084116,0.3001780626780627,0.2824430199430199,120,-0.8108774662510728,363700,2,0,smac,roc_auc,binary,LGBM,,False,holdout,0.0,78,3,3,LGBM_363700_20260405_160514,363700_rep2_fold0_smac_roc_auc_holdout,LGBM_363700_20260405_160514::363700_rep2_fold0_smac_roc_auc_holdout,0.07375000000000022,0.18511159373411543,0.08757343423279913
136,0.22936137071651086,0.2757122507122507,0.29696106362773034,120,-0.8108774662510009,363700,2,0,smac,roc_auc,binary,LGBM,,False,holdout,0.0,78,3,3,LGBM_363700_20260405_160514,363700_rep2_fold0_smac_roc_auc_holdout,LGBM_363700_20260405_160514::363700_rep2_fold0_smac_roc_auc_holdout,0.13124999999999995,0.08987569890485608,0.14846161505526287
137,0.1939252336448598,0.30401234567901236,0.29677113010446354,120,-0.8108774662512193,363700,2,0,smac,roc_auc,binary,LGBM,,False,holdout,0.0,78,3,3,LGBM_363700_20260405_160514,363700_rep2_fold0_smac_roc_auc_holdout,LGBM_363700_20260405_160514::363700_rep2_fold0_smac_roc_auc_holdout,0.01750000000000009,0.20003696686844383,0.14766504032659641
138,0.5,0.5,0.5,120,-0.8108774662514289,363700,2,0,smac,roc_auc,binary,LGBM,,False,holdout,0.0,78,3,3,LGBM_363700_20260405_160514,363700_rep2_fold0_smac_roc_auc_holdout,LGBM_363700_20260405_160514::363700_rep2_fold0_smac_roc_auc_holdout,1.0,0.962940714384732,1.0
139,0.24896157840083077,0.2783238366571701,0.2933048433048433,120,-0.8108774662513667,363700,2,0,smac,roc_auc,binary,LGBM,,False,holdout,0.0,78,3,3,LGBM_363700_20260405_160514,363700_rep2_fold0_smac_roc_auc_holdout,LGBM_363700_20260405_160514::363700_rep2_fold0_smac_roc_auc_holdout,0.19416666666666688,0.10004158772699967,0.13312755152842806
140,0.273818795430945,0.2994183285849953,0.29188034188034184,120,-0.8108774662510668,363700,2,0,smac,roc_auc,binary,LGBM,,False,holdout,0.0,78,3,3,LGBM_363700_20260405_160514,363700_rep2_fold0_smac_roc_auc_holdout,LGBM_363700_20260405_160514::363700_rep2_fold0_smac_roc_auc_holdout,0.2739583333333335,0.18215424425858298,0.12715324106342743
141,0.21754932502596058,0.2906457739791073,0.2925688509021842,120,-0.8108774662510008,363700,2,0,smac,roc_auc,binary,LGBM,,False,holdout,0.0,78,3,3,LGBM_363700_20260405_160514,363700_rep2_fold0_smac_roc_auc_holdout,LGBM_363700_20260405_160514::363700_rep2_fold0_smac_roc_auc_holdout,0.09333333333333357,0.1480060995332928,0.13004082445484438
142,0.237668743509865,0.2987891737891737,0.3058285849952517,120,-0.8108774662509924,363700,2,0,smac,roc_auc,binary,LGBM,,False,holdout,0.0,78,3,3,LGBM_363700_20260405_160514,363700_rep2_fold0_smac_roc_auc_holdout,LGBM_363700_20260405_160514::363700_rep2_fold0_smac_roc_auc_holdout,0.15791666666666673,0.17970518922415707,0.18565169769989082
143,0.21488836967808933,0.2788817663817664,0.28854463437796773,120,-0.8108774662509584,363700,2,0,smac,roc_auc,binary,LGBM,,False,holdout,0.0,78,3,3,LGBM_363700_20260405_160514,363700_rep2_fold0_smac_roc_auc_holdout,LGBM_363700_20260405_160514::363700_rep2_fold0_smac_roc_auc_holdout,0.08479166666666685,0.1022133912480937,0.1131633973912182
144,0.2712876427829698,0.3043803418803419,0.30852326685660014,120,-0.8108774662508981,363700,2,0,smac,roc_auc,binary,LGBM,,False,holdout,0.0,78,3,3,LGBM_363700_20260405_160514,363700_rep2_fold0_smac_roc_auc_holdout,LGBM_363700_20260405_160514::363700_rep2_fold0_smac_roc_auc_holdout,0.26583333333333314,0.20146943302065495,0.19695310166284985
145,0.2510384215991692,0.2789767331433999,0.31778252611585955,120,-0.8108774662508457,363700,2,0,smac,roc_auc,binary,LGBM,,False,holdout,0.0,78,3,3,LGBM_363700_20260405_160514,363700_rep2_fold0_smac_roc_auc_holdout,LGBM_363700_20260405_160514::363700_rep2_fold0_smac_roc_auc_holdout,0.2008333333333333,0.10258305993253536,0.2357861196853537
146,0.19470404984423673,0.29470560303893634,0.2839624881291547,120,-0.8108774662503573,363700,2,0,smac,roc_auc,binary,LGBM,,False,holdout,0.0,78,3,3,LGBM_363700_20260405_160514,363700_rep2_fold0_smac_roc_auc_holdout,LGBM_363700_20260405_160514::363700_rep2_fold0_smac_roc_auc_holdout,0.02,0.16380943579316984,0.09394603206213277
147,0.24312045690550343,0.31352089268755945,0.31470797720797716,120,-0.8108774662504784,363700,2,0,smac,roc_auc,binary,LGBM,,False,holdout,0.0,78,3,3,LGBM_363700_20260405_160514,363700_rep2_fold0_smac_roc_auc_holdout,LGBM_363700_20260405_160514::363700_rep2_fold0_smac_roc_auc_holdout,0.1754166666666661,0.23705004389815623,0.22289156626506035
148,0.23383956386292837,0.27939221272554604,0.2966168091168091,120,-0.8108774662503969,363700,2,0,smac,roc_auc,binary,LGBM,,False,holdout,0.0,78,3,3,LGBM_363700_20260405_160514,363700_rep2_fold0_smac_roc_auc_holdout,LGBM_363700_20260405_160514::363700_rep2_fold0_smac_roc_auc_holdout,0.14562500000000014,0.10420036042696688,0.14701782335955416
149,0.2712876427829699,0.33222934472934473,0.3345441595441595,120,-0.8108774662500036,363700,2,0,smac,roc_auc,binary,LGBM,,False,holdout,0.0,78,3,3,LGBM_363700_20260405_160514,363700_rep2_fold0_smac_roc_auc_holdout,LGBM_363700_20260405_160514::363700_rep2_fold0_smac_roc_auc_holdout,0.2658333333333335,0.309874774733145,0.30608383949019224
150,0.21988577362409123,0.2694681861348528,0.29630816714150054,120,-0.8108774662499161,363700,2,0,smac,roc_auc,binary,LGBM,,False,holdout,0.0,78,3,3,LGBM_363700_20260405_160514,363700_rep2_fold0_smac_roc_auc_holdout,LGBM_363700_20260405_160514::363700_rep2_fold0_smac_roc_auc_holdout,0.10083333333333294,0.06556998290282295,0.14572338942547108
151,0.21936656282450673,0.28691832858499533,0.28542260208926873,120,-0.8108774662506459,363700,2,0,smac,roc_auc,binary,LGBM,,False,holdout,0.0,78,3,3,LGBM_363700_20260405_160514,363700_rep2_fold0_smac_roc_auc_holdout,LGBM_363700_20260405_160514::363700_rep2_fold0_smac_roc_auc_holdout,0.0991666666666667,0.1334966036689616,0.10006970028875857
152,0.22884215991692625,0.30379867046533704,0.2955009496676164,120,-0.8108774662506255,363700,2,0,smac,roc_auc,binary,LGBM,,False,holdout,0.0,78,3,3,LGBM_363700_20260405_160514,363700_rep2_fold0_smac_roc_auc_holdout,LGBM_363700_20260405_160514::363700_rep2_fold0_smac_roc_auc_holdout,0.12958333333333336,0.19920521232844987,0.14233794682863754
153,0.21910695742471442,0.2778015194681861,0.30396486229819575,120,-0.8108774662511332,363700,2,0,smac,roc_auc,binary,LGBM,,False,holdout,0.0,78,3,3,LGBM_363700_20260405_160514,363700_rep2_fold0_smac_roc_auc_holdout,LGBM_363700_20260405_160514::363700_rep2_fold0_smac_roc_auc_holdout,0.0983333333333334,0.09800840996257053,0.17783530817484897
154,0.2668094496365523,0.27901234567901223,0.297542735042735,120,-0.8108774662503925,363700,2,0,smac,roc_auc,binary,LGBM,,False,holdout,0.0,78,3,3,LGBM_363700_20260405_160514,363700_rep2_fold0_smac_roc_auc_holdout,LGBM_363700_20260405_160514::363700_rep2_fold0_smac_roc_auc_holdout,0.25145833333333295,0.10272168568920023,0.15090112516180432
155,0.2429906542056074,0.26977682811016146,0.29394586894586894,120,-0.8108774662503436,363700,2,0,smac,roc_auc,binary,LGBM,,False,holdout,0.0,78,3,3,LGBM_363700_20260405_160514,363700_rep2_fold0_smac_roc_auc_holdout,LGBM_363700_20260405_160514::363700_rep2_fold0_smac_roc_auc_holdout,0.17499999999999982,0.06677140612725814,0.1358159912376783
156,0.23786344755970923,0.2644705603038937,0.28739316239316237,120,-0.8108774662503335,363700,2,0,smac,roc_auc,binary,LGBM,,False,holdout,0.0,78,3,3,LGBM_363700_20260405_160514,363700_rep2_fold0_smac_roc_auc_holdout,LGBM_363700_20260405_160514::363700_rep2_fold0_smac_roc_auc_holdout,0.15854166666666672,0.04611616838408568,0.10833416309867594
157,0.2499999999999999,0.27289886039886035,0.3160612535612537,120,-0.8108774662512269,363700,2,0,smac,roc_auc,binary,LGBM,,False,holdout,0.0,78,3,3,LGBM_363700_20260405_160514,363700_rep2_fold0_smac_roc_auc_holdout,LGBM_363700_20260405_160514::363700_rep2_fold0_smac_roc_auc_holdout,0.19749999999999973,0.0789242641282745,0.2285671612068116
158,0.2502596053997923,0.27194919278252616,0.30613722697056034,120,-0.8108774662501546,363700,2,0,smac,roc_auc,binary,LGBM,,False,holdout,0.0,78,3,3,LGBM_363700_20260405_160514,363700_rep2_fold0_smac_roc_auc_holdout,LGBM_363700_20260405_160514::363700_rep2_fold0_smac_roc_auc_holdout,0.1983333333333334,0.07522757728385915,0.18694613163397436
159,0.2306593977154724,0.30572174738841407,0.29863485280151947,120,-0.8108774662501141,363700,2,0,smac,roc_auc,binary,LGBM,,False,holdout,0.0,78,3,3,LGBM_363700_20260405_160514,363700_rep2_fold0_smac_roc_auc_holdout,LGBM_363700_20260405_160514::363700_rep2_fold0_smac_roc_auc_holdout,0.13541666666666646,0.20669100318839204,0.15548142985163826
160,0.2606438213914849,0.2586657169990503,0.2872744539411206,120,-0.8108774662501261,363700,2,0,smac,roc_auc,binary,LGBM,,False,holdout,0.0,78,3,3,LGBM_363700_20260405_160514,363700_rep2_fold0_smac_roc_auc_holdout,LGBM_363700_20260405_160514::363700_rep2_fold0_smac_roc_auc_holdout,0.2316666666666666,0.023520170047594272,0.10783630389325934
161,0.21125389408099693,0.2777777777777778,0.28238366571699913,120,-0.8108774662510565,363700,2,0,smac,roc_auc,binary,LGBM,,False,holdout,0.0,78,3,3,LGBM_363700_20260405_160514,363700_rep2_fold0_smac_roc_auc_holdout,LGBM_363700_20260405_160514::363700_rep2_fold0_smac_roc_auc_holdout,0.07312500000000025,0.09791599279146032,0.0873245046300913
162,0.22936137071651086,0.2710588793922126,0.2829890788224122,120,-0.8108774662510378,363700,2,0,smac,roc_auc,binary,LGBM,,False,holdout,0.0,78,3,3,LGBM_363700_20260405_160514,363700_rep2_fold0_smac_roc_auc_holdout,LGBM_363700_20260405_160514::363700_rep2_fold0_smac_roc_auc_holdout,0.13124999999999995,0.07176193336721888,0.08986358657771634
163,0.23299584631360326,0.2986467236467236,0.3126661918328586,120,-0.8108774662510552,363700,2,0,smac,roc_auc,binary,LGBM,,False,holdout,0.0,78,3,3,LGBM_363700_20260405_160514,363700_rep2_fold0_smac_roc_auc_holdout,LGBM_363700_20260405_160514::363700_rep2_fold0_smac_roc_auc_holdout,0.14291666666666655,0.179150686197495,0.21432838793189357
164,0.22988058151609558,0.2955365622032289,0.30287274453941115,120,-0.8108774662510202,363700,2,0,smac,roc_auc,binary,LGBM,,False,holdout,0.0,78,3,3,LGBM_363700_20260405_160514,363700_rep2_fold0_smac_roc_auc_holdout,LGBM_363700_20260405_160514::363700_rep2_fold0_smac_roc_auc_holdout,0.13291666666666693,0.16704403678203375,0.17325500348501452
165,0.2538291796469365,0.28738129154795833,0.300735992402659,120,-0.8108774662510027,363700,2,0,smac,roc_auc,binary,LGBM,,False,holdout,0.0,78,3,3,LGBM_363700_20260405_160514,363700_rep2_fold0_smac_roc_auc_holdout,LGBM_363700_20260405_160514::363700_rep2_fold0_smac_roc_auc_holdout,0.20979166666666632,0.1352987385056144,0.16429353778751382
166,0.2076843198338525,0.2955365622032289,0.28082858499525165,120,-0.8108774662510096,363700,2,0,smac,roc_auc,binary,LGBM,,False,holdout,0.0,78,3,3,LGBM_363700_20260405_160514,363700_rep2_fold0_smac_roc_auc_holdout,LGBM_363700_20260405_160514::363700_rep2_fold0_smac_roc_auc_holdout,0.061666666666666606,0.16704403678203375,0.08080254903913203
167,0.2074247144340602,0.26839981006647673,0.28234805318138656,120,-0.810877466251032,363700,2,0,smac,roc_auc,binary,LGBM,,False,holdout,0.0,78,3,3,LGBM_363700_20260405_160514,363700_rep2_fold0_smac_roc_auc_holdout,LGBM_363700_20260405_160514::363700_rep2_fold0_smac_roc_auc_holdout,0.0608333333333333,0.06141121020285531,0.08717514686846614
168,0.25571131879543085,0.2865384615384615,0.3087844254510922,120,-0.8108774662510203,363700,2,0,smac,roc_auc,binary,LGBM,,False,holdout,0.0,78,3,3,LGBM_363700_20260405_160514,363700_rep2_fold0_smac_roc_auc_holdout,LGBM_363700_20260405_160514::363700_rep2_fold0_smac_roc_auc_holdout,0.21583333333333313,0.13201792893119496,0.1980483919147671
169,0.23643561786085143,0.3036206077872745,0.35060541310541316,120,-0.8108774662510101,363700,2,0,smac,roc_auc,binary,LGBM,,False,holdout,0.0,78,3,3,LGBM_363700_20260405_160514,363700_rep2_fold0_smac_roc_auc_holdout,LGBM_363700_20260405_160514::363700_rep2_fold0_smac_roc_auc_holdout,0.1539583333333332,0.1985120835451225,0.3734441899830732
170,0.20528296988577355,0.2776353276353276,0.28213437796771124,120,-0.8108774662510456,363700,2,0,smac,roc_auc,binary,LGBM,,False,holdout,0.0,78,3,3,LGBM_363700_20260405_160514,363700_rep2_fold0_smac_roc_auc_holdout,LGBM_363700_20260405_160514::363700_rep2_fold0_smac_roc_auc_holdout,0.05395833333333319,0.09736148976479783,0.0862790002987156
171,0.30367341640706125,0.312226970560304,0.3362535612535612,120,-0.8108774662510713,363700,2,0,smac,roc_auc,binary,LGBM,,False,holdout,0.0,78,3,3,LGBM_363700_20260405_160514,363700_rep2_fold0_smac_roc_auc_holdout,LGBM_363700_20260405_160514::363700_rep2_fold0_smac_roc_auc_holdout,0.3697916666666667,0.23201330807263998,0.31325301204819284
172,0.2541536863966771,0.30423789173789173,0.3162393162393162,120,-0.8108774662510494,363700,2,0,smac,roc_auc,binary,LGBM,,False,holdout,0.0,78,3,3,LGBM_363700_20260405_160514,363700_rep2_fold0_smac_roc_auc_holdout,LGBM_363700_20260405_160514::363700_rep2_fold0_smac_roc_auc_holdout,0.21083333333333365,0.20091492999399244,0.229313950014936
173,0.20443925233644855,0.277255460588794,0.27578347578347584,120,-0.8108774662502842,363700,2,0,smac,roc_auc,binary,LGBM,,False,holdout,0.0,78,3,3,LGBM_363700_20260405_160514,363700_rep2_fold0_smac_roc_auc_holdout,LGBM_363700_20260405_160514::363700_rep2_fold0_smac_roc_auc_holdout,0.051249999999999955,0.09588281502703204,0.05964353280892223
174,0.2844626168224298,0.307181861348528,0.31028015194681857,120,-0.8108774662502508,363700,2,0,smac,roc_auc,binary,LGBM,,False,holdout,0.0,78,3,3,LGBM_363700_20260405_160514,363700_rep2_fold0_smac_roc_auc_holdout,LGBM_363700_20260405_160514::363700_rep2_fold0_smac_roc_auc_holdout,0.3081249999999997,0.212374659211681,0.20432141790301717
175,0.22481827622014539,0.28392687559354224,0.3079653371320037,120,-0.8108774662502285,363700,2,0,smac,roc_auc,binary,LGBM,,False,holdout,0.0,78,3,3,LGBM_363700_20260405_160514,363700_rep2_fold0_smac_roc_auc_holdout,LGBM_363700_20260405_160514::363700_rep2_fold0_smac_roc_auc_holdout,0.11666666666666678,0.12185204010905179,0.19461316339739107
176,0.22183281412253375,0.29810066476733144,0.27811016144349476,120,-0.8108774662502218,363700,2,0,smac,roc_auc,binary,LGBM,,False,holdout,0.0,78,3,3,LGBM_363700_20260405_160514,363700_rep2_fold0_smac_roc_auc_holdout,LGBM_363700_20260405_160514::363700_rep2_fold0_smac_roc_auc_holdout,0.10708333333333343,0.1770250912619561,0.06940157323508941
177,0.27472741433021797,0.2839387464387465,0.29945394112060775,120,-0.810877466250189,363700,2,0,smac,roc_auc,binary,LGBM,,False,holdout,0.0,78,3,3,LGBM_363700_20260405_160514,363700_rep2_fold0_smac_roc_auc_holdout,LGBM_363700_20260405_160514::363700_rep2_fold0_smac_roc_auc_holdout,0.27687499999999976,0.12189824869460733,0.1589166583690134
178,0.2832943925233644,0.2900403608736941,0.30732431149097816,120,-0.8108774662501624,363700,2,0,smac,roc_auc,binary,LGBM,,False,holdout,0.0,78,3,3,LGBM_363700_20260405_160514,363700_rep2_fold0_smac_roc_auc_holdout,LGBM_363700_20260405_160514::363700_rep2_fold0_smac_roc_auc_holdout,0.30437499999999984,0.14564946166997753,0.1919247236881413
179,0.2832943925233644,0.2904202279202279,0.3072293447293448,120,-0.8108774662501296,363700,2,0,smac,roc_auc,binary,LGBM,,False,holdout,0.0,78,3,3,LGBM_363700_20260405_160514,363700_rep2_fold0_smac_roc_auc_holdout,LGBM_363700_20260405_160514::363700_rep2_fold0_smac_roc_auc_holdout,0.30437499999999984,0.1471281364077442,0.19152643632380834
180,0.25597092419522327,0.28011633428300087,0.3026709401709402,120,-0.8108774662500959,363700,2,0,smac,roc_auc,binary,LGBM,,False,holdout,0.0,78,3,3,LGBM_363700_20260405_160514,363700_rep2_fold0_smac_roc_auc_holdout,LGBM_363700_20260405_160514::363700_rep2_fold0_smac_roc_auc_holdout,0.21666666666666679,0.1070190841458336,0.1724086428358065
181,0.22650571131879538,0.2902896486229819,0.3069563152896486,120,-0.810877466250104,363700,2,0,smac,roc_auc,binary,LGBM,,False,holdout,0.0,78,3,3,LGBM_363700_20260405_160514,363700_rep2_fold0_smac_roc_auc_holdout,LGBM_363700_20260405_160514::363700_rep2_fold0_smac_roc_auc_holdout,0.12208333333333327,0.1466198419666368,0.1903813601513495
182,0.22598650051921076,0.28829534662867995,0.3040835707502374,120,-0.8108774662500443,363700,2,0,smac,roc_auc,binary,LGBM,,False,holdout,0.0,78,3,3,LGBM_363700_20260405_160514,363700_rep2_fold0_smac_roc_auc_holdout,LGBM_363700_20260405_160514::363700_rep2_fold0_smac_roc_auc_holdout,0.12041666666666666,0.138856799593364,0.17833316738026508
183,0.5,0.3135565052231719,0.5,120,-0.810877466248915,363700,2,0,smac,roc_auc,binary,LGBM,,False,holdout,0.0,78,3,3,LGBM_363700_20260405_160514,363700_rep2_fold0_smac_roc_auc_holdout,LGBM_363700_20260405_160514::363700_rep2_fold0_smac_roc_auc_holdout,1.0,0.23718866965482152,1.0
184,0.2054776739356179,0.31341405508072173,0.30149572649572653,120,-0.8108774662500656,363700,2,0,smac,roc_auc,binary,LGBM,,False,holdout,0.0,78,3,3,LGBM_363700_20260405_160514,363700_rep2_fold0_smac_roc_auc_holdout,LGBM_363700_20260405_160514::363700_rep2_fold0_smac_roc_auc_holdout,0.054583333333333525,0.23663416662815903,0.1674798367021811
185,0.2536344755970924,0.2624050332383666,0.280923551756885,120,-0.8108774662501872,363700,2,0,smac,roc_auc,binary,LGBM,,False,holdout,0.0,78,3,3,LGBM_363700_20260405_160514,363700_rep2_fold0_smac_roc_auc_holdout,LGBM_363700_20260405_160514::363700_rep2_fold0_smac_roc_auc_holdout,0.2091666666666667,0.03807587449748144,0.08120083640346504
186,0.18847352024922115,0.27917853751187094,0.26842355175688515,186,-0.8115264797502888,363700,2,0,smac,roc_auc,binary,LGBM,,False,holdout,0.0,78,3,3,LGBM_363700_20260405_160514,363700_rep2_fold0_smac_roc_auc_holdout,LGBM_363700_20260405_160514::363700_rep2_fold0_smac_roc_auc_holdout,0.0,0.10336860588697379,0.028776262073086343
187,0.26609553478712356,0.32815764482431153,0.3232312440645775,186,-0.811526479749424,363700,2,0,smac,roc_auc,binary,LGBM,,False,holdout,0.0,78,3,3,LGBM_363700_20260405_160514,363700_rep2_fold0_smac_roc_auc_holdout,LGBM_363700_20260405_160514::363700_rep2_fold0_smac_roc_auc_holdout,0.2491666666666667,0.29402522988771285,0.2586378572139805
188,0.21845794392523366,0.27789648622981955,0.27901234567901234,186,-0.811526479748397,363700,2,0,smac,roc_auc,binary,LGBM,,False,holdout,0.0,78,3,3,LGBM_363700_20260405_160514,363700_rep2_fold0_smac_roc_auc_holdout,LGBM_363700_20260405_160514::363700_rep2_fold0_smac_roc_auc_holdout,0.09625000000000013,0.09837807864701219,0.07318530319625643
189,0.2115784008307373,0.2641975308641975,0.2829059829059829,186,-0.8115264797482449,363700,2,0,smac,roc_auc,binary,LGBM,,False,holdout,0.0,78,3,3,LGBM_363700_20260405_160514,363700_rep2_fold0_smac_roc_auc_holdout,LGBM_363700_20260405_160514::363700_rep2_fold0_smac_roc_auc_holdout,0.07416666666666688,0.04505337091631579,0.08951508513392445
190,0.22481827622014539,0.29361348528015196,0.2975071225071225,186,-0.8115264797479312,363700,2,0,smac,roc_auc,binary,LGBM,,False,holdout,0.0,78,3,3,LGBM_363700_20260405_160514,363700_rep2_fold0_smac_roc_auc_holdout,LGBM_363700_20260405_160514::363700_rep2_fold0_smac_roc_auc_holdout,0.11666666666666678,0.159558245922092,0.15075176740017962
191,0.20612668743509854,0.27333808167141505,0.2842592592592592,186,-0.8115264797473862,363700,2,0,smac,roc_auc,binary,LGBM,,False,holdout,0.0,78,3,3,LGBM_363700_20260405_160514,363700_rep2_fold0_smac_roc_auc_holdout,LGBM_363700_20260405_160514::363700_rep2_fold0_smac_roc_auc_holdout,0.05666666666666643,0.08063398179381707,0.09519068007567474
192,0.22455867082035297,0.29681861348528016,0.314624881291548,186,-0.8115264797473635,363700,2,0,smac,roc_auc,binary,LGBM,,False,holdout,0.0,78,3,3,LGBM_363700_20260405_160514,363700_rep2_fold0_smac_roc_auc_holdout,LGBM_363700_20260405_160514::363700_rep2_fold0_smac_roc_auc_holdout,0.11583333333333312,0.1720345640219949,0.2225430648212689
193,0.23546209761163028,0.30358499525166194,0.30079534662868,186,-0.8115264797473152,363700,2,0,smac,roc_auc,binary,LGBM,,False,holdout,0.0,78,3,3,LGBM_363700_20260405_160514,363700_rep2_fold0_smac_roc_auc_holdout,LGBM_363700_20260405_160514::363700_rep2_fold0_smac_roc_auc_holdout,0.1508333333333333,0.19837345778845678,0.16454246739022257
194,0.2057372793354102,0.2666429249762583,0.27897673314339977,186,-0.811526479746412,363700,2,0,smac,roc_auc,binary,LGBM,,False,holdout,0.0,78,3,3,LGBM_363700_20260405_160514,363700_rep2_fold0_smac_roc_auc_holdout,LGBM_363700_20260405_160514::363700_rep2_fold0_smac_roc_auc_holdout,0.05541666666666683,0.05457233954068626,0.07303594543463127
195,0.27738836967808933,0.31889838556505223,0.3767094017094016,186,-0.8115264797464633,363700,2,0,smac,roc_auc,binary,LGBM,,False,holdout,0.0,78,3,3,LGBM_363700_20260405_160514,363700_rep2_fold0_smac_roc_auc_holdout,LGBM_363700_20260405_160514::363700_rep2_fold0_smac_roc_auc_holdout,0.2854166666666668,0.25798253315465974,0.4829234292542066
196,0.24766355140186913,0.27095204178537524,0.29103751187084526,186,-0.8115264797464715,363700,2,0,smac,roc_auc,binary,LGBM,,False,holdout,0.0,78,3,3,LGBM_363700_20260405_160514,363700_rep2_fold0_smac_roc_auc_holdout,LGBM_363700_20260405_160514::363700_rep2_fold0_smac_roc_auc_holdout,0.19,0.07134605609722297,0.12361844070496919
197,0.41471962616822433,0.473931623931624,0.44782763532763536,186,-0.8115264797470976,363700,2,0,smac,roc_auc,binary,LGBM,,False,holdout,0.0,78,3,3,LGBM_363700_20260405_160514,363700_rep2_fold0_smac_roc_auc_holdout,LGBM_363700_20260405_160514::363700_rep2_fold0_smac_roc_auc_holdout,0.7262500000000002,0.8614666605055217,0.781190879219357
198,0.211318795430945,0.293684710351377,0.2933285849952516,186,-0.811526479747052,363700,2,0,smac,roc_auc,binary,LGBM,,False,holdout,0.0,78,3,3,LGBM_363700_20260405_160514,363700_rep2_fold0_smac_roc_auc_holdout,LGBM_363700_20260405_160514::363700_rep2_fold0_smac_roc_auc_holdout,0.07333333333333357,0.15983549743542302,0.1332271233695112
199,0.21793873312564904,0.3013770180436848,0.30094966761633424,186,-0.8115264797470376,363700,2,0,smac,roc_auc,binary,LGBM,,False,holdout,0.0,78,3,3,LGBM_363700_20260405_160514,363700_rep2_fold0_smac_roc_auc_holdout,LGBM_363700_20260405_160514::363700_rep2_fold0_smac_roc_auc_holdout,0.09458333333333353,0.18977866087519046,0.1651896843572639
200,0.1992471443406023,0.30622032288698964,0.2874643874643874,186,-0.8115264797470345,363700,2,0,smac,roc_auc,binary,LGBM,,False,holdout,0.0,78,3,3,LGBM_363700_20260405_160514,363700_rep2_fold0_smac_roc_auc_holdout,LGBM_363700_20260405_160514::363700_rep2_fold0_smac_roc_auc_holdout,0.03458333333333353,0.20863176378171056,0.1086328786219258
201,0.20327102803738317,0.28656220322886994,0.2847222222222223,186,-0.8115264797469985,363700,2,0,smac,roc_auc,binary,LGBM,,False,holdout,0.0,78,3,3,LGBM_363700_20260405_160514,363700_rep2_fold0_smac_roc_auc_holdout,LGBM_363700_20260405_160514::363700_rep2_fold0_smac_roc_auc_holdout,0.04750000000000009,0.1321103461023056,0.09713233097680052
202,0.21053997923156798,0.2930911680911681,0.2842117758784426,186,-0.8115264797470134,363700,2,0,smac,roc_auc,binary,LGBM,,False,holdout,0.0,78,3,3,LGBM_363700_20260405_160514,363700_rep2_fold0_smac_roc_auc_holdout,LGBM_363700_20260405_160514::363700_rep2_fold0_smac_roc_auc_holdout,0.0708333333333333,0.1575250681576633,0.09499153639350848
203,0.2074247144340603,0.298872269705603,0.30559116809116815,186,-0.8115264797469554,363700,2,0,smac,roc_auc,binary,LGBM,,False,holdout,0.0,78,3,3,LGBM_363700_20260405_160514,363700_rep2_fold0_smac_roc_auc_holdout,LGBM_363700_20260405_160514::363700_rep2_fold0_smac_roc_auc_holdout,0.06083333333333366,0.18002864932304363,0.1846559792890576
204,0.21261682242990654,0.292889363722697,0.29776828110161446,186,-0.8115264797469571,363700,2,0,smac,roc_auc,binary,LGBM,,False,holdout,0.0,78,3,3,LGBM_363700_20260405_160514,363700_rep2_fold0_smac_roc_auc_holdout,LGBM_363700_20260405_160514::363700_rep2_fold0_smac_roc_auc_holdout,0.07750000000000008,0.15673952220322485,0.1518470576520964
205,0.2350726895119417,0.30906932573599244,0.3115265906932574,186,-0.8115264797469555,363700,2,0,smac,roc_auc,binary,LGBM,,False,holdout,0.0,78,3,3,LGBM_363700_20260405_160514,363700_rep2_fold0_smac_roc_auc_holdout,LGBM_363700_20260405_160514::363700_rep2_fold0_smac_roc_auc_holdout,0.14958333333333299,0.21972182431495746,0.20954893955989287
206,0.2026220145379023,0.30173314339981006,0.29120370370370374,186,-0.8115264797468236,363700,2,0,smac,roc_auc,binary,LGBM,,False,holdout,0.0,78,3,3,LGBM_363700_20260405_160514,363700_rep2_fold0_smac_roc_auc_holdout,LGBM_363700_20260405_160514::363700_rep2_fold0_smac_roc_auc_holdout,0.04541666666666647,0.19116491844184605,0.12431544359255252
207,0.25603582554517135,0.263960113960114,0.28335707502374174,186,-0.8115264797468386,363700,2,0,smac,roc_auc,binary,LGBM,,False,holdout,0.0,78,3,3,LGBM_363700_20260405_160514,363700_rep2_fold0_smac_roc_auc_holdout,LGBM_363700_20260405_160514::363700_rep2_fold0_smac_roc_auc_holdout,0.21687500000000012,0.044129199205212064,0.0914069501145082
208,0.2309190031152648,0.30868945868945874,0.3058167141500474,186,-0.8115264797468515,363700,2,0,smac,roc_auc,binary,LGBM,,False,holdout,0.0,78,3,3,LGBM_363700_20260405_160514,363700_rep2_fold0_smac_roc_auc_holdout,LGBM_363700_20260405_160514::363700_rep2_fold0_smac_roc_auc_holdout,0.13625000000000012,0.21824314957719124,0.1856019117793488
209,0.4162123572170301,0.4012345679012346,0.4921058879392214,186,-0.8115264797472678,363700,2,0,smac,roc_auc,binary,LGBM,,False,holdout,0.0,78,3,3,LGBM_363700_20260405_160514,363700_rep2_fold0_smac_roc_auc_holdout,LGBM_363700_20260405_160514::363700_rep2_fold0_smac_roc_auc_holdout,0.7310416666666666,0.5784852825655001,0.9668923628397894
210,0.21690031152647982,0.3084757834757834,0.3028371320037986,186,-0.811526479747414,363700,2,0,smac,roc_auc,binary,LGBM,,False,holdout,0.0,78,3,3,LGBM_363700_20260405_160514,363700_rep2_fold0_smac_roc_auc_holdout,LGBM_363700_20260405_160514::363700_rep2_fold0_smac_roc_auc_holdout,0.09125000000000032,0.21741139503719728,0.17310564572338938
211,0.2163811007268951,0.2953703703703704,0.28544634377967715,186,-0.8115264797474172,363700,2,0,smac,roc_auc,binary,LGBM,,False,holdout,0.0,78,3,3,LGBM_363700_20260405_160514,363700_rep2_fold0_smac_roc_auc_holdout,LGBM_363700_20260405_160514::363700_rep2_fold0_smac_roc_auc_holdout,0.08958333333333335,0.16639711658426104,0.10016927212984217
212,0.2567497403946003,0.29084757834757835,0.3178537511870845,186,-0.8115264797474591,363700,2,0,smac,roc_auc,binary,LGBM,,False,holdout,0.0,78,3,3,LGBM_363700_20260405_160514,363700_rep2_fold0_smac_roc_auc_holdout,LGBM_363700_20260405_160514::363700_rep2_fold0_smac_roc_auc_holdout,0.21916666666666706,0.14879164548773124,0.2360848352086031
213,0.20417964693665624,0.2876305792972459,0.29823124406457746,186,-0.8115264797474594,363700,2,0,smac,roc_auc,binary,LGBM,,False,holdout,0.0,78,3,3,LGBM_363700_20260405_160514,363700_rep2_fold0_smac_roc_auc_holdout,LGBM_363700_20260405_160514::363700_rep2_fold0_smac_roc_auc_holdout,0.05041666666666665,0.1362691188022728,0.15378870855322174
214,0.20573727933541008,0.2695156695156695,0.2822768281101613,186,-0.8115264797474446,363700,2,0,smac,roc_auc,binary,LGBM,,False,holdout,0.0,78,3,3,LGBM_363700_20260405_160514,363700_rep2_fold0_smac_roc_auc_holdout,LGBM_363700_20260405_160514::363700_rep2_fold0_smac_roc_auc_holdout,0.055416666666666475,0.06575481724504378,0.08687643134521533
215,0.20677570093457953,0.2700379867046534,0.28698955365622036,186,-0.8115264797474357,363700,2,0,smac,roc_auc,binary,LGBM,,False,holdout,0.0,78,3,3,LGBM_363700_20260405_160514,363700_rep2_fold0_smac_roc_auc_holdout,LGBM_363700_20260405_160514::363700_rep2_fold0_smac_roc_auc_holdout,0.0587500000000004,0.0677879950094725,0.1066414418002594
216,0.21573208722741444,0.2954534662867996,0.3022673314339981,186,-0.8115264797474326,363700,2,0,smac,roc_auc,binary,LGBM,,False,holdout,0.0,78,3,3,LGBM_363700_20260405_160514,363700_rep2_fold0_smac_roc_auc_holdout,LGBM_363700_20260405_160514::363700_rep2_fold0_smac_roc_auc_holdout,0.08750000000000044,0.1667205766831472,0.1707159215373895
217,0.20976116303219106,0.2700142450142451,0.2785256410256409,186,-0.811526479747425,363700,2,0,smac,roc_auc,binary,LGBM,,False,holdout,0.0,78,3,3,LGBM_363700_20260405_160514,363700_rep2_fold0_smac_roc_auc_holdout,LGBM_363700_20260405_160514::363700_rep2_fold0_smac_roc_auc_holdout,0.0683333333333334,0.0676955778383623,0.07114408045404752
218,0.25856697819314634,0.3228157644824311,0.30390550807217476,186,-0.8115264797472912,363700,2,0,smac,roc_auc,binary,LGBM,,False,holdout,0.0,78,3,3,LGBM_363700_20260405_160514,363700_rep2_fold0_smac_roc_auc_holdout,LGBM_363700_20260405_160514::363700_rep2_fold0_smac_roc_auc_holdout,0.2249999999999998,0.27323136638787426,0.17758637857214019
219,0.19989615784008308,0.2713912630579297,0.29017094017094014,186,-0.8115264797469337,363700,2,0,smac,roc_auc,binary,LGBM,,False,holdout,0.0,78,3,3,LGBM_363700_20260405_160514,363700_rep2_fold0_smac_roc_auc_holdout,LGBM_363700_20260405_160514::363700_rep2_fold0_smac_roc_auc_holdout,0.036666666666666785,0.0730557737627647,0.11998406850542687
220,0.20638629283489096,0.31213200379867045,0.2872507122507123,186,-0.8115264797469297,363700,2,0,smac,roc_auc,binary,LGBM,,False,holdout,0.0,78,3,3,LGBM_363700_20260405_160514,363700_rep2_fold0_smac_roc_auc_holdout,LGBM_363700_20260405_160514::363700_rep2_fold0_smac_roc_auc_holdout,0.057500000000000086,0.23164363938819788,0.10773673205217621
221,0.20924195223260633,0.30320512820512824,0.28403371320037984,186,-0.8115264797474518,363700,2,0,smac,roc_auc,binary,LGBM,,False,holdout,0.0,78,3,3,LGBM_363700_20260405_160514,363700_rep2_fold0_smac_roc_auc_holdout,LGBM_363700_20260405_160514::363700_rep2_fold0_smac_roc_auc_holdout,0.06666666666666643,0.19689478305069055,0.0942447475853831
222,0.20106438213914846,0.2995726495726496,0.30358499525166194,186,-0.8115264797474409,363700,2,0,smac,roc_auc,binary,LGBM,,False,holdout,0.0,78,3,3,LGBM_363700_20260405_160514,363700_rep2_fold0_smac_roc_auc_holdout,LGBM_363700_20260405_160514::363700_rep2_fold0_smac_roc_auc_holdout,0.04041666666666665,0.18275495587080057,0.17624215871751508
223,0.24844236760124605,0.29375593542260203,0.28076923076923077,186,-0.8115264797474389,363700,2,0,smac,roc_auc,binary,LGBM,,False,holdout,0.0,78,3,3,LGBM_363700_20260405_160514,363700_rep2_fold0_smac_roc_auc_holdout,LGBM_363700_20260405_160514::363700_rep2_fold0_smac_roc_auc_holdout,0.19249999999999992,0.16011274894875407,0.08055361943642374
224,0.21365524402907576,0.28900759734093073,0.2908831908831909,186,-0.8115264797474389,363700,2,0,smac,roc_auc,binary,LGBM,,False,holdout,0.0,78,3,3,LGBM_363700_20260405_160514,363700_rep2_fold0_smac_roc_auc_holdout,LGBM_363700_20260405_160514::363700_rep2_fold0_smac_roc_auc_holdout,0.0808333333333333,0.14162931472667606,0.12297122373792742
225,0.23948598130841114,0.30622032288698964,0.3076210826210827,186,-0.8115264797473937,363700,2,0,smac,roc_auc,binary,LGBM,,False,holdout,0.0,78,3,3,LGBM_363700_20260405_160514,363700_rep2_fold0_smac_roc_auc_holdout,LGBM_363700_20260405_160514::363700_rep2_fold0_smac_roc_auc_holdout,0.16374999999999987,0.20863176378171056,0.1931693717016833
226,0.2352024922118381,0.27884615384615374,0.29561965811965807,186,-0.8115264797473978,363700,2,0,smac,roc_auc,binary,LGBM,,False,holdout,0.0,78,3,3,LGBM_363700_20260405_160514,363700_rep2_fold0_smac_roc_auc_holdout,LGBM_363700_20260405_160514::363700_rep2_fold0_smac_roc_auc_holdout,0.15000000000000036,0.10207476549142754,0.1428358060340537
227,0.5,0.28278727445394114,0.5,186,-0.8115264797500122,363700,2,0,smac,roc_auc,binary,LGBM,,False,holdout,0.0,78,3,3,LGBM_363700_20260405_160514,363700_rep2_fold0_smac_roc_auc_holdout,LGBM_363700_20260405_160514::363700_rep2_fold0_smac_roc_auc_holdout,1.0,0.11741601589575312,1.0
228,0.20703530633437184,0.2846153846153846,0.28542260208926873,186,-0.8115264797496513,363700,2,0,smac,roc_auc,binary,LGBM,,False,holdout,0.0,78,3,3,LGBM_363700_20260405_160514,363700_rep2_fold0_smac_roc_auc_holdout,LGBM_363700_20260405_160514::363700_rep2_fold0_smac_roc_auc_holdout,0.0595833333333337,0.12453213807125321,0.10006970028875857
229,0.21962616822429915,0.27629392212725545,0.2833333333333333,186,-0.811526479749589,363700,2,0,smac,roc_auc,binary,LGBM,,False,holdout,0.0,78,3,3,LGBM_363700_20260405_160514,363700_rep2_fold0_smac_roc_auc_holdout,LGBM_363700_20260405_160514::363700_rep2_fold0_smac_roc_auc_holdout,0.10000000000000035,0.09213991959706073,0.09130737827342458
230,0.24558670820353057,0.30819088319088317,0.3211538461538461,186,-0.8115264797470269,363700,2,0,smac,roc_auc,binary,LGBM,,False,holdout,0.0,78,3,3,LGBM_363700_20260405_160514,363700_rep2_fold0_smac_roc_auc_holdout,LGBM_363700_20260405_160514::363700_rep2_fold0_smac_roc_auc_holdout,0.1833333333333332,0.21630238898387272,0.24992532111918764
231,0.21430425752855653,0.266690408357075,0.272744539411206,186,-0.8115264797470361,363700,2,0,smac,roc_auc,binary,LGBM,,False,holdout,0.0,78,3,3,LGBM_363700_20260405_160514,363700_rep2_fold0_smac_roc_auc_holdout,LGBM_363700_20260405_160514::363700_rep2_fold0_smac_roc_auc_holdout,0.08291666666666657,0.05475717388290709,0.04689833715025404
232,0.23688992731048797,0.287903608736942,0.28742877492877494,186,-0.8115264797470741,363700,2,0,smac,roc_auc,binary,LGBM,,False,holdout,0.0,78,3,3,LGBM_363700_20260405_160514,363700_rep2_fold0_smac_roc_auc_holdout,LGBM_363700_20260405_160514::363700_rep2_fold0_smac_roc_auc_holdout,0.15541666666666648,0.13733191627004226,0.10848352086030111
233,0.2575285565939771,0.3114434947768281,0.317758784425451,186,-0.8115264797501217,363700,2,0,smac,roc_auc,binary,LGBM,,False,holdout,0.0,78,3,3,LGBM_363700_20260405_160514,363700_rep2_fold0_smac_roc_auc_holdout,LGBM_363700_20260405_160514::363700_rep2_fold0_smac_roc_auc_holdout,0.2216666666666666,0.22896354142599645,0.23568654784426965
234,0.2163811007268952,0.274002849002849,0.2848528015194681,186,-0.8115264797490875,363700,2,0,smac,roc_auc,binary,LGBM,,False,holdout,0.0,78,3,3,LGBM_363700_20260405_160514,363700_rep2_fold0_smac_roc_auc_holdout,LGBM_363700_20260405_160514::363700_rep2_fold0_smac_roc_auc_holdout,0.08958333333333371,0.08322166258490786,0.09767997610275822
235,0.24260124610591893,0.2964862298195632,0.3120132953466287,186,-0.8115264797487121,363700,2,0,smac,roc_auc,binary,LGBM,,False,holdout,0.0,78,3,3,LGBM_363700_20260405_160514,363700_rep2_fold0_smac_roc_auc_holdout,LGBM_363700_20260405_160514::363700_rep2_fold0_smac_roc_auc_holdout,0.17374999999999988,0.17074072362644951,0.21159016230210131
236,0.2018431983385255,0.270821462488129,0.2788342830009496,186,-0.811526479748611,363700,2,0,smac,roc_auc,binary,LGBM,,False,holdout,0.0,78,3,3,LGBM_363700_20260405_160514,363700_rep2_fold0_smac_roc_auc_holdout,LGBM_363700_20260405_160514::363700_rep2_fold0_smac_roc_auc_holdout,0.04291666666666692,0.07083776165611472,0.07243851438813106
237,0.2564252336448597,0.2902540360873693,0.30963912630579293,186,-0.811526479748806,363700,2,0,smac,roc_auc,binary,LGBM,,False,holdout,0.0,78,3,3,LGBM_363700_20260405_160514,363700_rep2_fold0_smac_roc_auc_holdout,LGBM_363700_20260405_160514::363700_rep2_fold0_smac_roc_auc_holdout,0.2181249999999997,0.14648121620997107,0.20163297819376694
238,0.25765835929387326,0.29128679962013304,0.32331433998100667,186,-0.8115264797470039,363700,2,0,smac,roc_auc,binary,LGBM,,False,holdout,0.0,78,3,3,LGBM_363700_20260405_160514,363700_rep2_fold0_smac_roc_auc_holdout,LGBM_363700_20260405_160514::363700_rep2_fold0_smac_roc_auc_holdout,0.22208333333333327,0.15050136315327384,0.258986358657772
239,0.21430425752855664,0.2728632478632479,0.2801400759734093,186,-0.8115264797470393,363700,2,0,smac,roc_auc,binary,LGBM,,False,holdout,0.0,78,3,3,LGBM_363700_20260405_160514,363700_rep2_fold0_smac_roc_auc_holdout,LGBM_363700_20260405_160514::363700_rep2_fold0_smac_roc_auc_holdout,0.08291666666666692,0.07878563837160919,0.07791496564771509
240,0.2217030114226376,0.30458214624881297,0.2918922127255461,186,-0.8115264797469522,363700,2,0,smac,roc_auc,binary,LGBM,,False,holdout,0.0,78,3,3,LGBM_363700_20260405_160514,363700_rep2_fold0_smac_roc_auc_holdout,LGBM_363700_20260405_160514::363700_rep2_fold0_smac_roc_auc_holdout,0.10666666666666678,0.20225497897509337,0.12720302698396946
241,0.23078920041536866,0.2689339981006649,0.2852326685660018,186,-0.8115264797469497,363700,2,0,smac,roc_auc,binary,LGBM,,False,holdout,0.0,78,3,3,LGBM_363700_20260405_160514,363700_rep2_fold0_smac_roc_auc_holdout,LGBM_363700_20260405_160514::363700_rep2_fold0_smac_roc_auc_holdout,0.13583333333333347,0.06349059655283956,0.09927312556009163
242,0.2581775700934579,0.2784188034188033,0.30034425451092117,186,-0.811526479746949,363700,2,0,smac,roc_auc,binary,LGBM,,False,holdout,0.0,78,3,3,LGBM_363700_20260405_160514,363700_rep2_fold0_smac_roc_auc_holdout,LGBM_363700_20260405_160514::363700_rep2_fold0_smac_roc_auc_holdout,0.22374999999999987,0.10041125641144047,0.16265060240963886
243,0.22157320872274144,0.3017806267806268,0.30890313390313406,186,-0.8115264797470108,363700,2,0,smac,roc_auc,binary,LGBM,,False,holdout,0.0,78,3,3,LGBM_363700_20260405_160514,363700_rep2_fold0_smac_roc_auc_holdout,LGBM_363700_20260405_160514::363700_rep2_fold0_smac_roc_auc_holdout,0.10625000000000014,0.19134975278406688,0.1985462511201842
244,0.2281282450674973,0.27599715099715105,0.2846153846153846,186,-0.8115264797470325,363700,2,0,smac,roc_auc,binary,LGBM,,False,holdout,0.0,78,3,3,LGBM_363700_20260405_160514,363700_rep2_fold0_smac_roc_auc_holdout,LGBM_363700_20260405_160514::363700_rep2_fold0_smac_roc_auc_holdout,0.12729166666666641,0.09098470495818108,0.09668425769192501
245,0.20729491173416403,0.2875830959164293,0.296213200379867,186,-0.8115264797470279,363700,2,0,smac,roc_auc,binary,LGBM,,False,holdout,0.0,78,3,3,LGBM_363700_20260405_160514,363700_rep2_fold0_smac_roc_auc_holdout,LGBM_363700_20260405_160514::363700_rep2_fold0_smac_roc_auc_holdout,0.06041666666666665,0.13608428446005238,0.14532510206113716
246,0.23351505711318798,0.31358024691358033,0.28869895536562207,186,-0.8115264797470306,363700,2,0,smac,roc_auc,binary,LGBM,,False,holdout,0.0,78,3,3,LGBM_363700_20260405_160514,363700_rep2_fold0_smac_roc_auc_holdout,LGBM_363700_20260405_160514::363700_rep2_fold0_smac_roc_auc_holdout,0.14458333333333354,0.23728108682593216,0.11381061435825997
247,0.20924195223260644,0.2874406457739791,0.2967592592592593,186,-0.811526479747043,363700,2,0,smac,roc_auc,binary,LGBM,,False,holdout,0.0,78,3,3,LGBM_363700_20260405_160514,363700_rep2_fold0_smac_roc_auc_holdout,LGBM_363700_20260405_160514::363700_rep2_fold0_smac_roc_auc_holdout,0.06666666666666679,0.1355297814333899,0.14761525440605436
248,0.2432502596053997,0.2712369420702754,0.3033831908831909,186,-0.811526479747039,363700,2,0,smac,roc_auc,binary,LGBM,,False,holdout,0.0,78,3,3,LGBM_363700_20260405_160514,363700_rep2_fold0_smac_roc_auc_holdout,LGBM_363700_20260405_160514::363700_rep2_fold0_smac_roc_auc_holdout,0.17583333333333312,0.0724550621505471,0.17539579806830657
249,0.2339693665628244,0.26899335232668564,0.2901828110161444,186,-0.8115264797470121,363700,2,0,smac,roc_auc,binary,LGBM,,False,holdout,0.0,78,3,3,LGBM_363700_20260405_160514,363700_rep2_fold0_smac_roc_auc_holdout,LGBM_363700_20260405_160514::363700_rep2_fold0_smac_roc_auc_holdout,0.14604166666666646,0.06372163948061506,0.1200338544259689
0,0.2241692627206645,0.32253086419753085,0.3168684710351377,0,-0.7758307372793355,363700,2,0,hebo,roc_auc,binary,LGBM,,False,holdout,0.0,78,3,3,LGBM_363700_20260405_160514,363700_rep2_fold0_hebo_roc_auc_holdout,LGBM_363700_20260405_160514::363700_rep2_fold0_hebo_roc_auc_holdout,0.11458333333333318,0.2721223603345497,0.23195260380364466
1,0.24675493250259606,0.27083333333333326,0.295346628679962,0,-0.7758307372793355,363700,2,0,hebo,roc_auc,binary,LGBM,,False,holdout,0.0,78,3,3,LGBM_363700_20260405_160514,363700_rep2_fold0_hebo_roc_auc_holdout,LGBM_363700_20260405_160514::363700_rep2_fold0_hebo_roc_auc_holdout,0.18708333333333343,0.07088397024167024,0.1416907298615953
2,0.20781412253374854,0.29344729344729337,0.30407169990503324,2,-0.7921858774662515,363700,2,0,hebo,roc_auc,binary,LGBM,,False,holdout,0.0,78,3,3,LGBM_363700_20260405_160514,363700_rep2_fold0_hebo_roc_auc_holdout,LGBM_363700_20260405_160514::363700_rep2_fold0_hebo_roc_auc_holdout,0.0620833333333329,0.15891132572431887,0.17828338145972353
3,0.26077362409138105,0.2892094017094017,0.3203228869895536,2,-0.7921858774662515,363700,2,0,hebo,roc_auc,binary,LGBM,,False,holdout,0.0,78,3,3,LGBM_363700_20260405_160514,363700_rep2_fold0_hebo_roc_auc_holdout,LGBM_363700_20260405_160514::363700_rep2_fold0_hebo_roc_auc_holdout,0.23208333333333325,0.14241486068111406,0.2464403066812705
4,0.29556074766355134,0.3600664767331434,0.3464862298195631,2,-0.7921858774662515,363700,2,0,hebo,roc_auc,binary,LGBM,,False,holdout,0.0,78,3,3,LGBM_363700_20260405_160514,363700_rep2_fold0_hebo_roc_auc_holdout,LGBM_363700_20260405_160514::363700_rep2_fold0_hebo_roc_auc_holdout,0.3437499999999999,0.41823390786007997,0.3561684755551131
5,0.23494288681204556,0.2898860398860399,0.3040598290598291,2,-0.7921858774662515,363700,2,0,hebo,roc_auc,binary,LGBM,,False,holdout,0.0,78,3,3,LGBM_363700_20260405_160514,363700_rep2_fold0_hebo_roc_auc_holdout,LGBM_363700_20260405_160514::363700_rep2_fold0_hebo_roc_auc_holdout,0.14916666666666634,0.14504875005776036,0.17823359553918194
6,0.32437694704049846,0.3052469135802469,0.34658119658119657,2,-0.7921858774662515,363700,2,0,hebo,roc_auc,binary,LGBM,,False,holdout,0.0,78,3,3,LGBM_363700_20260405_160514,363700_rep2_fold0_hebo_roc_auc_holdout,LGBM_363700_20260405_160514::363700_rep2_fold0_hebo_roc_auc_holdout,0.43625000000000014,0.20484265976618415,0.35656676291944656
7,0.23500778816199375,0.27745726495726497,0.28606362773029426,2,-0.7921858774662515,363700,2,0,hebo,roc_auc,binary,LGBM,,False,holdout,0.0,78,3,3,LGBM_363700_20260405_160514,363700_rep2_fold0_hebo_roc_auc_holdout,LGBM_363700_20260405_160514::363700_rep2_fold0_hebo_roc_auc_holdout,0.14937500000000004,0.09666836098147004,0.10275813999800831
8,0.25012980269989615,0.29182098765432096,0.3097815764482431,2,-0.7921858774662515,363700,2,0,hebo,roc_auc,binary,LGBM,,False,holdout,0.0,78,3,3,LGBM_363700_20260405_160514,363700_rep2_fold0_hebo_roc_auc_holdout,LGBM_363700_20260405_160514::363700_rep2_fold0_hebo_roc_auc_holdout,0.19791666666666674,0.1525807495032572,0.20223040924026714
9,0.5,0.5,0.5,2,-0.7921858774662515,363700,2,0,hebo,roc_auc,binary,LGBM,,False,holdout,0.0,78,3,3,LGBM_363700_20260405_160514,363700_rep2_fold0_hebo_roc_auc_holdout,LGBM_363700_20260405_160514::363700_rep2_fold0_hebo_roc_auc_holdout,1.0,0.962940714384732,1.0
10,0.27699896157840076,0.33122032288698955,0.30911680911680905,2,-0.7921858774662515,363700,2,0,hebo,roc_auc,binary,LGBM,,False,holdout,0.0,78,3,3,LGBM_363700_20260405_160514,363700_rep2_fold0_hebo_roc_auc_holdout,LGBM_363700_20260405_160514::363700_rep2_fold0_hebo_roc_auc_holdout,0.2841666666666665,0.30594704496095326,0.19944239768993333
11,0.2323468328141225,0.2844254510921178,0.30432098765432103,2,-0.7921858774662515,363700,2,0,hebo,roc_auc,binary,LGBM,,False,holdout,0.0,78,3,3,LGBM_363700_20260405_160514,363700_rep2_fold0_hebo_roc_auc_holdout,LGBM_363700_20260405_160514::363700_rep2_fold0_hebo_roc_auc_holdout,0.1408333333333333,0.12379280070237031,0.17932888579109876
12,0.2962097611630322,0.32187796771130095,0.33469848053181384,2,-0.7921858774662515,363700,2,0,hebo,roc_auc,binary,LGBM,,False,holdout,0.0,78,3,3,LGBM_363700_20260405_160514,363700_rep2_fold0_hebo_roc_auc_holdout,LGBM_363700_20260405_160514::363700_rep2_fold0_hebo_roc_auc_holdout,0.3458333333333335,0.2695808881290136,0.30673105645723403
13,0.23474818276220155,0.27279202279202275,0.2847222222222222,2,-0.7921858774662515,363700,2,0,hebo,roc_auc,binary,LGBM,,False,holdout,0.0,78,3,3,LGBM_363700_20260405_160514,363700_rep2_fold0_hebo_roc_auc_holdout,LGBM_363700_20260405_160514::363700_rep2_fold0_hebo_roc_auc_holdout,0.14854166666666707,0.07850838685827773,0.09713233097680005
14,0.22676531671858768,0.2903133903133903,0.3096509971509972,2,-0.7921858774662515,363700,2,0,hebo,roc_auc,binary,LGBM,,False,holdout,0.0,78,3,3,LGBM_363700_20260405_160514,363700_rep2_fold0_hebo_roc_auc_holdout,LGBM_363700_20260405_160514::363700_rep2_fold0_hebo_roc_auc_holdout,0.12291666666666656,0.1467122591377474,0.20168276411430897
15,0.26168224299065423,0.2887701804368471,0.29084757834757835,2,-0.7921858774662515,363700,2,0,hebo,roc_auc,binary,LGBM,,False,holdout,0.0,78,3,3,LGBM_363700_20260405_160514,363700_rep2_fold0_hebo_roc_auc_holdout,LGBM_363700_20260405_160514::363700_rep2_fold0_hebo_roc_auc_holdout,0.23500000000000018,0.1407051430155719,0.12282186597630225
16,0.26973001038421607,0.31894586894586896,0.3429962013295348,2,-0.7921858774662515,363700,2,0,hebo,roc_auc,binary,LGBM,,False,holdout,0.0,78,3,3,LGBM_363700_20260405_160514,363700_rep2_fold0_hebo_roc_auc_holdout,LGBM_363700_20260405_160514::363700_rep2_fold0_hebo_roc_auc_holdout,0.26083333333333364,0.2581673674968806,0.3415314149158626
17,0.24169262720664597,0.26966999050332385,0.2930080721747388,2,-0.7921858774662515,363700,2,0,hebo,roc_auc,binary,LGBM,,False,holdout,0.0,78,3,3,LGBM_363700_20260405_160514,363700_rep2_fold0_hebo_roc_auc_holdout,LGBM_363700_20260405_160514::363700_rep2_fold0_hebo_roc_auc_holdout,0.17083333333333367,0.06635552885726137,0.1318829035148861
18,0.29802699896157847,0.3607431149097816,0.3596035137701805,2,-0.7921858774662515,363700,2,0,hebo,roc_auc,binary,LGBM,,False,holdout,0.0,78,3,3,LGBM_363700_20260405_160514,363700_rep2_fold0_hebo_roc_auc_holdout,LGBM_363700_20260405_160514::363700_rep2_fold0_hebo_roc_auc_holdout,0.35166666666666696,0.42086779723672624,0.4111819177536598
19,0.2712876427829699,0.29131054131054135,0.2995726495726496,2,-0.7921858774662515,363700,2,0,hebo,roc_auc,binary,LGBM,,False,holdout,0.0,78,3,3,LGBM_363700_20260405_160514,363700_rep2_fold0_hebo_roc_auc_holdout,LGBM_363700_20260405_160514::363700_rep2_fold0_hebo_roc_auc_holdout,0.2658333333333335,0.15059378032438403,0.15941451757443045
20,0.2807632398753894,0.3451092117758785,0.3367996201329534,2,-0.7921858774662515,363700,2,0,hebo,roc_auc,binary,LGBM,,False,holdout,0.0,78,3,3,LGBM_363700_20260405_160514,363700_rep2_fold0_hebo_roc_auc_holdout,LGBM_363700_20260405_160514::363700_rep2_fold0_hebo_roc_auc_holdout,0.2962500000000001,0.360011090060533,0.3155431643931096
21,0.23533229491173424,0.26562203228869896,0.2937678062678063,2,-0.7921858774662515,363700,2,0,hebo,roc_auc,binary,LGBM,,False,holdout,0.0,78,3,3,LGBM_363700_20260405_160514,363700_rep2_fold0_hebo_roc_auc_holdout,LGBM_363700_20260405_160514::363700_rep2_fold0_hebo_roc_auc_holdout,0.150416666666667,0.05059840118293945,0.13506920242955336
22,0.25038940809968857,0.2892924976258311,0.3155151946818613,2,-0.7921858774662515,363700,2,0,hebo,roc_auc,binary,LGBM,,False,holdout,0.0,78,3,3,LGBM_363700_20260405_160514,363700_rep2_fold0_hebo_roc_auc_holdout,LGBM_363700_20260405_160514::363700_rep2_fold0_hebo_roc_auc_holdout,0.1987500000000004,0.14273832078000104,0.2262770088618939
23,0.22040498442367606,0.28017568850902197,0.302730294396961,2,-0.7921858774662515,363700,2,0,hebo,roc_auc,binary,LGBM,,False,holdout,0.0,78,3,3,LGBM_363700_20260405_160514,363700_rep2_fold0_hebo_roc_auc_holdout,LGBM_363700_20260405_160514::363700_rep2_fold0_hebo_roc_auc_holdout,0.10250000000000027,0.1072501270736104,0.17265757243851432
24,0.42919262720664575,0.38950617283950617,0.39926400759734093,2,-0.7921858774662515,363700,2,0,hebo,roc_auc,binary,LGBM,,False,holdout,0.0,78,3,3,LGBM_363700_20260405_160514,363700_rep2_fold0_hebo_roc_auc_holdout,LGBM_363700_20260405_160514::363700_rep2_fold0_hebo_roc_auc_holdout,0.7727083333333329,0.5328312000369664,0.5775166782833816
25,0.22455867082035308,0.28186134852801514,0.29453941120607785,2,-0.7916995882987976,363700,2,0,hebo,roc_auc,binary,LGBM,,False,holdout,0.0,78,3,3,LGBM_363700_20260405_160514,363700_rep2_fold0_hebo_roc_auc_holdout,LGBM_363700_20260405_160514::363700_rep2_fold0_hebo_roc_auc_holdout,0.11583333333333348,0.11381174622244755,0.13830528726476177
26,0.239356178608515,0.31650047483380817,0.31596628679962,2,-0.7909650802612305,363700,2,0,hebo,roc_auc,binary,LGBM,,False,holdout,0.0,78,3,3,LGBM_363700_20260405_160514,363700_rep2_fold0_hebo_roc_auc_holdout,LGBM_363700_20260405_160514::363700_rep2_fold0_hebo_roc_auc_holdout,0.16333333333333322,0.24864839887251008,0.22816887384247717
27,0.2250778816199377,0.2672958214624882,0.2902421652421653,2,-0.7906605005264282,363700,2,0,hebo,roc_auc,binary,LGBM,,False,holdout,0.0,78,3,3,LGBM_363700_20260405_160514,363700_rep2_fold0_hebo_roc_auc_holdout,LGBM_363700_20260405_160514::363700_rep2_fold0_hebo_roc_auc_holdout,0.11750000000000009,0.057113811746222376,0.1202827840286772
28,0.20885254413291787,0.28785612535612537,0.30354938271604937,28,-0.7909824848175049,363700,2,0,hebo,roc_auc,binary,LGBM,,False,holdout,0.0,78,3,3,LGBM_363700_20260405_160514,363700_rep2_fold0_hebo_roc_auc_holdout,LGBM_363700_20260405_160514::363700_rep2_fold0_hebo_roc_auc_holdout,0.06541666666666647,0.13714708192782185,0.17609280095588992
29,0.21144859813084116,0.2878679962013295,0.30118708452041787,28,-0.79105544090271,363700,2,0,hebo,roc_auc,binary,LGBM,,False,holdout,0.0,78,3,3,LGBM_363700_20260405_160514,363700_rep2_fold0_hebo_roc_auc_holdout,LGBM_363700_20260405_160514::363700_rep2_fold0_hebo_roc_auc_holdout,0.07375000000000022,0.13719329051337695,0.16618540276809757
30,0.23104880581516096,0.2732431149097816,0.28850902184235516,28,-0.7910702228546143,363700,2,0,hebo,roc_auc,binary,LGBM,,False,holdout,0.0,78,3,3,LGBM_363700_20260405_160514,363700_rep2_fold0_hebo_roc_auc_holdout,LGBM_363700_20260405_160514::363700_rep2_fold0_hebo_roc_auc_holdout,0.1366666666666668,0.08026431310937542,0.11301403962959303
31,0.2163811007268951,0.2956908831908832,0.3111467236467236,28,-0.7910981774330139,363700,2,0,hebo,roc_auc,binary,LGBM,,False,holdout,0.0,78,3,3,LGBM_363700_20260405_160514,363700_rep2_fold0_hebo_roc_auc_holdout,LGBM_363700_20260405_160514::363700_rep2_fold0_hebo_roc_auc_holdout,0.08958333333333335,0.16764474839425134,0.20795579010255902
32,0.21586188992731048,0.2902065527065527,0.3018043684710352,28,-0.790734589099884,363700,2,0,hebo,roc_auc,binary,LGBM,,False,holdout,0.0,78,3,3,LGBM_363700_20260405_160514,363700_rep2_fold0_hebo_roc_auc_holdout,LGBM_363700_20260405_160514::363700_rep2_fold0_hebo_roc_auc_holdout,0.08791666666666674,0.14629638186775065,0.16877427063626466
33,0.19807892004153682,0.2870370370370371,0.3012939221272555,33,-0.8015369772911072,363700,2,0,hebo,roc_auc,binary,LGBM,,False,holdout,0.0,78,3,3,LGBM_363700_20260405_160514,363700_rep2_fold0_hebo_roc_auc_holdout,LGBM_363700_20260405_160514::363700_rep2_fold0_hebo_roc_auc_holdout,0.030833333333333303,0.13395868952451348,0.1666334760529726
34,0.20106438213914846,0.28622981956315285,0.3022910731244064,33,-0.8015776872634888,363700,2,0,hebo,roc_auc,binary,LGBM,,False,holdout,0.0,78,3,3,LGBM_363700_20260405_160514,363700_rep2_fold0_hebo_roc_auc_holdout,LGBM_363700_20260405_160514::363700_rep2_fold0_hebo_roc_auc_holdout,0.04041666666666665,0.13081650570675976,0.17081549337847263
35,0.23598130841121512,0.26648860398860386,0.28988603988604,33,-0.8014719486236572,363700,2,0,hebo,roc_auc,binary,LGBM,,False,holdout,0.0,78,3,3,LGBM_363700_20260405_160514,363700_rep2_fold0_hebo_roc_auc_holdout,LGBM_363700_20260405_160514::363700_rep2_fold0_hebo_roc_auc_holdout,0.15250000000000064,0.05397162792846823,0.11878920641242739
36,0.21547248182762202,0.2781339031339032,0.29481244064577394,33,-0.8015403151512146,363700,2,0,hebo,roc_auc,binary,LGBM,,False,holdout,0.0,78,3,3,LGBM_363700_20260405_160514,363700_rep2_fold0_hebo_roc_auc_holdout,LGBM_363700_20260405_160514::363700_rep2_fold0_hebo_roc_auc_holdout,0.08666666666666678,0.09930225035811635,0.13945036343722014
37,0.19496365524402903,0.28761870845204185,0.29985754985754987,37,-0.8043277263641357,363700,2,0,hebo,roc_auc,binary,LGBM,,False,holdout,0.0,78,3,3,LGBM_363700_20260405_160514,363700_rep2_fold0_hebo_roc_auc_holdout,LGBM_363700_20260405_160514::363700_rep2_fold0_hebo_roc_auc_holdout,0.020833333333333304,0.13622291021671812,0.1606093796674304
38,0.21015057113187952,0.28057929724596387,0.2966168091168091,37,-0.8046533465385437,363700,2,0,hebo,roc_auc,binary,LGBM,,False,holdout,0.0,78,3,3,LGBM_363700_20260405_160514,363700_rep2_fold0_hebo_roc_auc_holdout,LGBM_363700_20260405_160514::363700_rep2_fold0_hebo_roc_auc_holdout,0.06958333333333334,0.10882121898248638,0.14701782335955416
39,0.22806334371754933,0.2729344729344729,0.2949311490978158,37,-0.804480791091919,363700,2,0,hebo,roc_auc,binary,LGBM,,False,holdout,0.0,78,3,3,LGBM_363700_20260405_160514,363700_rep2_fold0_hebo_roc_auc_holdout,LGBM_363700_20260405_160514::363700_rep2_fold0_hebo_roc_auc_holdout,0.12708333333333344,0.07906288988494022,0.1399482226426372
40,0.21625129802699894,0.2891025641025641,0.3003086419753087,37,-0.8045374155044556,363700,2,0,hebo,roc_auc,binary,LGBM,,False,holdout,0.0,78,3,3,LGBM_363700_20260405_160514,363700_rep2_fold0_hebo_roc_auc_holdout,LGBM_363700_20260405_160514::363700_rep2_fold0_hebo_roc_auc_holdout,0.0891666666666667,0.14199898341111727,0.16250124464801413
41,0.2043094496365524,0.2957264957264958,0.3040242165242165,37,-0.804335355758667,363700,2,0,hebo,roc_auc,binary,LGBM,,False,holdout,0.0,78,3,3,LGBM_363700_20260405_160514,363700_rep2_fold0_hebo_roc_auc_holdout,LGBM_363700_20260405_160514::363700_rep2_fold0_hebo_roc_auc_holdout,0.05083333333333331,0.16778337415091707,0.1780842377775568
42,0.21028037383177578,0.278395061728395,0.2939339981006647,37,-0.8043599128723145,363700,2,0,hebo,roc_auc,binary,LGBM,,False,holdout,0.0,78,3,3,LGBM_363700_20260405_160514,363700_rep2_fold0_hebo_roc_auc_holdout,LGBM_363700_20260405_160514::363700_rep2_fold0_hebo_roc_auc_holdout,0.07000000000000035,0.10031883924033028,0.13576620531713623
43,0.21690031152647982,0.31970560303893636,0.31077872744539414,37,-0.8042156100273132,363700,2,0,hebo,roc_auc,binary,LGBM,,False,holdout,0.0,78,3,3,LGBM_363700_20260405_160514,363700_rep2_fold0_hebo_roc_auc_holdout,LGBM_363700_20260405_160514::363700_rep2_fold0_hebo_roc_auc_holdout,0.09125000000000032,0.261124716972413,0.20641242656576764
44,0.20392004153686405,0.2803774928774929,0.29829059829059834,37,-0.8044229745864868,363700,2,0,hebo,roc_auc,binary,LGBM,,False,holdout,0.0,78,3,3,LGBM_363700_20260405_160514,363700_rep2_fold0_hebo_roc_auc_holdout,LGBM_363700_20260405_160514::363700_rep2_fold0_hebo_roc_auc_holdout,0.0495833333333337,0.10803567302804838,0.15403763815593002
45,0.21456386292834884,0.28791547958214625,0.3008309591642925,37,-0.8029141426086426,363700,2,0,hebo,roc_auc,binary,LGBM,,False,holdout,0.0,78,3,3,LGBM_363700_20260405_160514,363700_rep2_fold0_hebo_roc_auc_holdout,LGBM_363700_20260405_160514::363700_rep2_fold0_hebo_roc_auc_holdout,0.08374999999999987,0.13737812485559778,0.1646918251518473
46,0.21897715472481827,0.2739197530864198,0.2971628679962013,37,-0.8025750517845154,363700,2,0,hebo,roc_auc,binary,LGBM,,False,holdout,0.0,78,3,3,LGBM_363700_20260405_160514,363700_rep2_fold0_hebo_roc_auc_holdout,LGBM_363700_20260405_160514::363700_rep2_fold0_hebo_roc_auc_holdout,0.09791666666666674,0.08289820248602173,0.1493079757044709
47,0.20807372793354106,0.30325261158594496,0.30567426400759734,37,-0.8017175793647766,363700,2,0,hebo,roc_auc,binary,LGBM,,False,holdout,0.0,78,3,3,LGBM_363700_20260405_160514,363700_rep2_fold0_hebo_roc_auc_holdout,LGBM_363700_20260405_160514::363700_rep2_fold0_hebo_roc_auc_holdout,0.06291666666666691,0.19707961739291138,0.18500448073284906
48,0.2018431983385255,0.28755935422602097,0.30227920227920224,37,-0.8021450042724609,363700,2,0,hebo,roc_auc,binary,LGBM,,False,holdout,0.0,78,3,3,LGBM_363700_20260405_160514,363700_rep2_fold0_hebo_roc_auc_holdout,LGBM_363700_20260405_160514::363700_rep2_fold0_hebo_roc_auc_holdout,0.04291666666666692,0.1359918672889422,0.17076570745793104
49,0.21235721703011423,0.29043209876543197,0.3044159544159545,37,-0.802760660648346,363700,2,0,hebo,roc_auc,binary,LGBM,,False,holdout,0.0,78,3,3,LGBM_363700_20260405_160514,363700_rep2_fold0_hebo_roc_auc_holdout,LGBM_363700_20260405_160514::363700_rep2_fold0_hebo_roc_auc_holdout,0.07666666666666679,0.14717434499329884,0.17972717315543224
50,0.19885773624091374,0.29052706552706553,0.30743114909781577,37,-0.802015483379364,363700,2,0,hebo,roc_auc,binary,LGBM,,False,holdout,0.0,78,3,3,LGBM_363700_20260405_160514,363700_rep2_fold0_hebo_roc_auc_holdout,LGBM_363700_20260405_160514::363700_rep2_fold0_hebo_roc_auc_holdout,0.033333333333333215,0.14754401367774095,0.19237279697301637
51,0.2028816199376947,0.28981481481481475,0.2960944919278252,37,-0.8018278479576111,363700,2,0,hebo,roc_auc,binary,LGBM,,False,holdout,0.0,78,3,3,LGBM_363700_20260405_160514,363700_rep2_fold0_hebo_roc_auc_holdout,LGBM_363700_20260405_160514::363700_rep2_fold0_hebo_roc_auc_holdout,0.04625000000000013,0.1447714985444289,0.14482724285572054
52,0.24169262720664586,0.31797245963912635,0.31970560303893636,37,-0.8021469116210938,363700,2,0,hebo,roc_auc,binary,LGBM,,False,holdout,0.0,78,3,3,LGBM_363700_20260405_160514,363700_rep2_fold0_hebo_roc_auc_holdout,LGBM_363700_20260405_160514::363700_rep2_fold0_hebo_roc_auc_holdout,0.1708333333333333,0.25437826348135456,0.2438514388131039
53,0.20690550363447557,0.29002849002849007,0.30464150047483385,37,-0.8018400073051453,363700,2,0,hebo,roc_auc,binary,LGBM,,False,holdout,0.0,78,3,3,LGBM_363700_20260405_160514,363700_rep2_fold0_hebo_roc_auc_holdout,LGBM_363700_20260405_160514::363700_rep2_fold0_hebo_roc_auc_holdout,0.059166666666666694,0.14560325308442287,0.18067310564572386
54,0.20560747663551404,0.2852445394112061,0.3034544159544158,37,-0.8019882440567017,363700,2,0,hebo,roc_auc,binary,LGBM,,False,holdout,0.0,78,3,3,LGBM_363700_20260405_160514,363700_rep2_fold0_hebo_roc_auc_holdout,LGBM_363700_20260405_160514::363700_rep2_fold0_hebo_roc_auc_holdout,0.05500000000000018,0.12698119310567868,0.17569451359155597
55,0.20067497403946,0.2829653371320038,0.3013770180436848,55,-0.8010755777359009,363700,2,0,hebo,roc_auc,binary,LGBM,,False,holdout,0.0,78,3,3,LGBM_363700_20260405_160514,363700_rep2_fold0_hebo_roc_auc_holdout,LGBM_363700_20260405_160514::363700_rep2_fold0_hebo_roc_auc_holdout,0.0391666666666667,0.11810914467908092,0.1669819774967645
56,0.19820872274143297,0.2939814814814815,0.2971866096866097,56,-0.8014090657234192,363700,2,0,hebo,roc_auc,binary,LGBM,,False,holdout,0.0,78,3,3,LGBM_363700_20260405_160514,363700_rep2_fold0_hebo_roc_auc_holdout,LGBM_363700_20260405_160514::363700_rep2_fold0_hebo_roc_auc_holdout,0.031249999999999955,0.16099071207430313,0.14940754754555452
57,0.19691069574247144,0.2912393162393162,0.29918091168091177,57,-0.8030281066894531,363700,2,0,hebo,roc_auc,binary,LGBM,,False,holdout,0.0,78,3,3,LGBM_363700_20260405_160514,363700_rep2_fold0_hebo_roc_auc_holdout,LGBM_363700_20260405_160514::363700_rep2_fold0_hebo_roc_auc_holdout,0.02708333333333344,0.15031652881105256,0.1577715821965555
58,0.2217030114226376,0.30930674264007596,0.3197412155745488,57,-0.8028236031532288,363700,2,0,hebo,roc_auc,binary,LGBM,,False,holdout,0.0,78,3,3,LGBM_363700_20260405_160514,363700_rep2_fold0_hebo_roc_auc_holdout,LGBM_363700_20260405_160514::363700_rep2_fold0_hebo_roc_auc_holdout,0.10666666666666678,0.2206459960260612,0.2440007965747286
59,0.2074247144340603,0.29084757834757835,0.30270655270655267,57,-0.8022940158843994,363700,2,0,hebo,roc_auc,binary,LGBM,,False,holdout,0.0,78,3,3,LGBM_363700_20260405_160514,363700_rep2_fold0_hebo_roc_auc_holdout,LGBM_363700_20260405_160514::363700_rep2_fold0_hebo_roc_auc_holdout,0.06083333333333366,0.14879164548773124,0.1725580005974312
60,0.1989875389408099,0.30447530864197536,0.2998219373219373,57,-0.8023863434791565,363700,2,0,hebo,roc_auc,binary,LGBM,,False,holdout,0.0,78,3,3,LGBM_363700_20260405_160514,363700_rep2_fold0_hebo_roc_auc_holdout,LGBM_363700_20260405_160514::363700_rep2_fold0_hebo_roc_auc_holdout,0.03374999999999986,0.2018391017050966,0.16046002190580524
61,0.21028037383177578,0.28796296296296287,0.30430911680911676,57,-0.802209198474884,363700,2,0,hebo,roc_auc,binary,LGBM,,False,holdout,0.0,78,3,3,LGBM_363700_20260405_160514,363700_rep2_fold0_hebo_roc_auc_holdout,LGBM_363700_20260405_160514::363700_rep2_fold0_hebo_roc_auc_holdout,0.07000000000000035,0.1375629591978182,0.17927909987055674
62,0.19639148494288683,0.30175688509021836,0.29994064577397916,62,-0.803000271320343,363700,2,0,hebo,roc_auc,binary,LGBM,,False,holdout,0.0,78,3,3,LGBM_363700_20260405_160514,363700_rep2_fold0_hebo_roc_auc_holdout,LGBM_363700_20260405_160514::363700_rep2_fold0_hebo_roc_auc_holdout,0.02541666666666683,0.19125733561295624,0.1609578811112223
63,0.2045690550363447,0.2881172839506173,0.29991690408357075,62,-0.8029249906539917,363700,2,0,hebo,roc_auc,binary,LGBM,,False,holdout,0.0,78,3,3,LGBM_363700_20260405_160514,363700_rep2_fold0_hebo_roc_auc_holdout,LGBM_363700_20260405_160514::363700_rep2_fold0_hebo_roc_auc_holdout,0.051666666666666604,0.13816367081003622,0.1608583092701387
64,0.2043094496365525,0.29179724596391265,0.3079178537511871,62,-0.8027965426445007,363700,2,0,hebo,roc_auc,binary,LGBM,,False,holdout,0.0,78,3,3,LGBM_363700_20260405_160514,363700_rep2_fold0_hebo_roc_auc_holdout,LGBM_363700_20260405_160514::363700_rep2_fold0_hebo_roc_auc_holdout,0.05083333333333366,0.152488332332147,0.19441401971522482
65,0.20379023883696779,0.29861111111111105,0.2997388414055081,62,-0.8026794195175171,363700,2,0,hebo,roc_auc,binary,LGBM,,False,holdout,0.0,78,3,3,LGBM_363700_20260405_160514,363700_rep2_fold0_hebo_roc_auc_holdout,LGBM_363700_20260405_160514::363700_rep2_fold0_hebo_roc_auc_holdout,0.0491666666666667,0.17901206044082926,0.1601115204620138
66,0.20002596053997923,0.29388651471984806,0.2992521367521368,62,-0.8026480674743652,363700,2,0,hebo,roc_auc,binary,LGBM,,False,holdout,0.0,78,3,3,LGBM_363700_20260405_160514,363700_rep2_fold0_hebo_roc_auc_holdout,LGBM_363700_20260405_160514::363700_rep2_fold0_hebo_roc_auc_holdout,0.03708333333333344,0.16062104338986147,0.15807029771980535
67,0.19885773624091374,0.283641975308642,0.3014719848053181,62,-0.8026972413063049,363700,2,0,hebo,roc_auc,binary,LGBM,,False,holdout,0.0,78,3,3,LGBM_363700_20260405_160514,363700_rep2_fold0_hebo_roc_auc_holdout,LGBM_363700_20260405_160514::363700_rep2_fold0_hebo_roc_auc_holdout,0.033333333333333215,0.12074303405572723,0.1673802648610975
68,0.20924195223260633,0.28547008547008546,0.30148385565052227,62,-0.8026981949806213,363700,2,0,hebo,roc_auc,binary,LGBM,,False,holdout,0.0,78,3,3,LGBM_363700_20260405_160514,363700_rep2_fold0_hebo_roc_auc_holdout,LGBM_363700_20260405_160514::363700_rep2_fold0_hebo_roc_auc_holdout,0.06666666666666643,0.12785915623122732,0.16743005078163908
69,0.1997663551401868,0.2883309591642925,0.30335944919278257,62,-0.802666425704956,363700,2,0,hebo,roc_auc,binary,LGBM,,False,holdout,0.0,78,3,3,LGBM_363700_20260405_160514,363700_rep2_fold0_hebo_roc_auc_holdout,LGBM_363700_20260405_160514::363700_rep2_fold0_hebo_roc_auc_holdout,0.036249999999999775,0.13899542535002973,0.17529622622722343
70,0.20067497403946,0.3031576448243116,0.2979700854700854,62,-0.8026509881019592,363700,2,0,hebo,roc_auc,binary,LGBM,,False,holdout,0.0,78,3,3,LGBM_363700_20260405_160514,363700_rep2_fold0_hebo_roc_auc_holdout,LGBM_363700_20260405_160514::363700_rep2_fold0_hebo_roc_auc_holdout,0.0391666666666667,0.19670994870847014,0.15269341830130445
71,0.1973001038421599,0.29918091168091165,0.30472459639126315,71,-0.8027839660644531,363700,2,0,hebo,roc_auc,binary,LGBM,,False,holdout,0.0,78,3,3,LGBM_363700_20260405_160514,363700_rep2_fold0_hebo_roc_auc_holdout,LGBM_363700_20260405_160514::363700_rep2_fold0_hebo_roc_auc_holdout,0.028333333333333394,0.1812300725474788,0.18102160708951576
72,0.19768951194184836,0.2922127255460589,0.2969729344729345,71,-0.8028571605682373,363700,2,0,hebo,roc_auc,binary,LGBM,,False,holdout,0.0,78,3,3,LGBM_363700_20260405_160514,363700_rep2_fold0_hebo_roc_auc_holdout,LGBM_363700_20260405_160514::363700_rep2_fold0_hebo_roc_auc_holdout,0.029583333333333347,0.15410563282657896,0.14851140097580445
73,0.20976116303219117,0.29082383665717004,0.30202991452991457,71,-0.8029484748840332,363700,2,0,hebo,roc_auc,binary,LGBM,,False,holdout,0.0,78,3,3,LGBM_363700_20260405_160514,363700_rep2_fold0_hebo_roc_auc_holdout,LGBM_363700_20260405_160514::363700_rep2_fold0_hebo_roc_auc_holdout,0.06833333333333375,0.14869922831662105,0.16972020312655628
74,0.2040498442367601,0.29757834757834756,0.3110873694207028,71,-0.8028746843338013,363700,2,0,hebo,roc_auc,binary,LGBM,,False,holdout,0.0,78,3,3,LGBM_363700_20260405_160514,363700_rep2_fold0_hebo_roc_auc_holdout,LGBM_363700_20260405_160514::363700_rep2_fold0_hebo_roc_auc_holdout,0.05,0.17499191349752735,0.20770686049985118
75,0.1989875389408099,0.29662867996201325,0.30110398860398857,71,-0.8029852509498596,363700,2,0,hebo,roc_auc,binary,LGBM,,False,holdout,0.0,78,3,3,LGBM_363700_20260405_160514,363700_rep2_fold0_hebo_roc_auc_holdout,LGBM_363700_20260405_160514::363700_rep2_fold0_hebo_roc_auc_holdout,0.03374999999999986,0.1712952266531116,0.16583690132430567
76,0.20716510903426788,0.3032882241215573,0.3134852801519469,71,-0.8029012084007263,363700,2,0,hebo,roc_auc,binary,LGBM,,False,holdout,0.0,78,3,3,LGBM_363700_20260405_160514,363700_rep2_fold0_hebo_roc_auc_holdout,LGBM_363700_20260405_160514::363700_rep2_fold0_hebo_roc_auc_holdout,0.06,0.19721824314957626,0.2177636164492687
77,0.20002596053997923,0.29829059829059834,0.3109211775878442,71,-0.8029455542564392,363700,2,0,hebo,roc_auc,binary,LGBM,,False,holdout,0.0,78,3,3,LGBM_363700_20260405_160514,363700_rep2_fold0_hebo_roc_auc_holdout,LGBM_363700_20260405_160514::363700_rep2_fold0_hebo_roc_auc_holdout,0.03708333333333344,0.1777644286308394,0.20700985761226737
78,0.19768951194184836,0.2911680911680913,0.29991690408357075,71,-0.8027657866477966,363700,2,0,hebo,roc_auc,binary,LGBM,,False,holdout,0.0,78,3,3,LGBM_363700_20260405_160514,363700_rep2_fold0_hebo_roc_auc_holdout,LGBM_363700_20260405_160514::363700_rep2_fold0_hebo_roc_auc_holdout,0.029583333333333347,0.15003927729772196,0.1608583092701387
79,0.23688992731048808,0.28717948717948727,0.3073361823361823,71,-0.8028872013092041,363700,2,0,hebo,roc_auc,binary,LGBM,,False,holdout,0.0,78,3,3,LGBM_363700_20260405_160514,363700_rep2_fold0_hebo_roc_auc_holdout,LGBM_363700_20260405_160514::363700_rep2_fold0_hebo_roc_auc_holdout,0.15541666666666684,0.13451319255117597,0.1919745096086829
80,0.20184319833852538,0.2963675213675214,0.30572174738841396,71,-0.8028473854064941,363700,2,0,hebo,roc_auc,binary,LGBM,,False,holdout,0.0,78,3,3,LGBM_363700_20260405_160514,363700_rep2_fold0_hebo_roc_auc_holdout,LGBM_363700_20260405_160514::363700_rep2_fold0_hebo_roc_auc_holdout,0.04291666666666656,0.17027863777089766,0.18520362441501534
81,0.21741952232606432,0.31365147198480536,0.3222222222222222,71,-0.8028963804244995,363700,2,0,hebo,roc_auc,binary,LGBM,,False,holdout,0.0,78,3,3,LGBM_363700_20260405_160514,363700_rep2_fold0_hebo_roc_auc_holdout,LGBM_363700_20260405_160514::363700_rep2_fold0_hebo_roc_auc_holdout,0.09291666666666656,0.2375583383392632,0.25440605396793803
82,0.21274662512980247,0.2889601139601139,0.30206552706552703,71,-0.802810788154602,363700,2,0,hebo,roc_auc,binary,LGBM,,False,holdout,0.0,78,3,3,LGBM_363700_20260405_160514,363700_rep2_fold0_hebo_roc_auc_holdout,LGBM_363700_20260405_160514::363700_rep2_fold0_hebo_roc_auc_holdout,0.07791666666666602,0.14144448038445478,0.16986956088818098
83,0.20495846313603316,0.29399335232668566,0.3030508072174739,71,-0.8028665781021118,363700,2,0,hebo,roc_auc,binary,LGBM,,False,holdout,0.0,78,3,3,LGBM_363700_20260405_160514,363700_rep2_fold0_hebo_roc_auc_holdout,LGBM_363700_20260405_160514::363700_rep2_fold0_hebo_roc_auc_holdout,0.05291666666666656,0.16103692065985822,0.1740017922931399
84,0.2135254413291796,0.29698480531813864,0.30327635327635327,71,-0.8029586672782898,363700,2,0,hebo,roc_auc,binary,LGBM,,False,holdout,0.0,78,3,3,LGBM_363700_20260405_160514,363700_rep2_fold0_hebo_roc_auc_holdout,LGBM_363700_20260405_160514::363700_rep2_fold0_hebo_roc_auc_holdout,0.08041666666666665,0.17268148421976762,0.17494772478343154
85,0.21417445482866038,0.29456315289648627,0.3042735042735043,71,-0.8029536604881287,363700,2,0,hebo,roc_auc,binary,LGBM,,False,holdout,0.0,78,3,3,LGBM_363700_20260405_160514,363700_rep2_fold0_hebo_roc_auc_holdout,LGBM_363700_20260405_160514::363700_rep2_fold0_hebo_roc_auc_holdout,0.0824999999999999,0.16325493276650777,0.17912974210893204
86,0.20171339563862922,0.2870845204178537,0.3067663817663818,71,-0.8029249906539917,363700,2,0,hebo,roc_auc,binary,LGBM,,False,holdout,0.0,78,3,3,LGBM_363700_20260405_160514,363700_rep2_fold0_hebo_roc_auc_holdout,LGBM_363700_20260405_160514::363700_rep2_fold0_hebo_roc_auc_holdout,0.04249999999999991,0.13414352386673387,0.189584785422683
87,0.20080477673935615,0.29523979107312437,0.3010446343779677,71,-0.8028982877731323,363700,2,0,hebo,roc_auc,binary,LGBM,,False,holdout,0.0,78,3,3,LGBM_363700_20260405_160514,363700_rep2_fold0_hebo_roc_auc_holdout,LGBM_363700_20260405_160514::363700_rep2_fold0_hebo_roc_auc_holdout,0.039583333333333345,0.16588882214315365,0.16558797172159737
88,0.19691069574247144,0.2959401709401709,0.3023741690408357,71,-0.8029847741127014,363700,2,0,hebo,roc_auc,binary,LGBM,,False,holdout,0.0,78,3,3,LGBM_363700_20260405_160514,363700_rep2_fold0_hebo_roc_auc_holdout,LGBM_363700_20260405_160514::363700_rep2_fold0_hebo_roc_auc_holdout,0.02708333333333344,0.16861512869091017,0.17116399482226452
89,0.20158359293873318,0.2890669515669515,0.2974121557454892,71,-0.8030049204826355,363700,2,0,hebo,roc_auc,binary,LGBM,,False,holdout,0.0,78,3,3,LGBM_363700_20260405_160514,363700_rep2_fold0_hebo_roc_auc_holdout,LGBM_363700_20260405_160514::363700_rep2_fold0_hebo_roc_auc_holdout,0.04208333333333362,0.14186035765445157,0.15035348003584662
90,0.20833333333333326,0.29867046533713193,0.30093779677113,71,-0.803095817565918,363700,2,0,hebo,roc_auc,binary,LGBM,,False,holdout,0.0,78,3,3,LGBM_363700_20260405_160514,363700_rep2_fold0_hebo_roc_auc_holdout,LGBM_363700_20260405_160514::363700_rep2_fold0_hebo_roc_auc_holdout,0.06374999999999986,0.1792431033686052,0.16513989843672186
91,0.1973001038421599,0.29196343779677114,0.3090218423551757,71,-0.8030501008033752,363700,2,0,hebo,roc_auc,binary,LGBM,,False,holdout,0.0,78,3,3,LGBM_363700_20260405_160514,363700_rep2_fold0_hebo_roc_auc_holdout,LGBM_363700_20260405_160514::363700_rep2_fold0_hebo_roc_auc_holdout,0.028333333333333394,0.15313525252991972,0.19904411032560032
92,0.2110591900311526,0.292889363722697,0.3068019943019943,71,-0.8030566573143005,363700,2,0,hebo,roc_auc,binary,LGBM,,False,holdout,0.0,78,3,3,LGBM_363700_20260405_160514,363700_rep2_fold0_hebo_roc_auc_holdout,LGBM_363700_20260405_160514::363700_rep2_fold0_hebo_roc_auc_holdout,0.07249999999999991,0.15673952220322485,0.1897341431843077
93,0.20703530633437173,0.29437321937321936,0.3103869895536563,71,-0.8031110167503357,363700,2,0,hebo,roc_auc,binary,LGBM,,False,holdout,0.0,78,3,3,LGBM_363700_20260405_160514,363700_rep2_fold0_hebo_roc_auc_holdout,LGBM_363700_20260405_160514::363700_rep2_fold0_hebo_roc_auc_holdout,0.05958333333333335,0.16251559539762445,0.20476949118789264
94,0.21002076843198336,0.2946581196581197,0.3043566001899336,71,-0.8031262159347534,363700,2,0,hebo,roc_auc,binary,LGBM,,False,holdout,0.0,78,3,3,LGBM_363700_20260405_160514,363700_rep2_fold0_hebo_roc_auc_holdout,LGBM_363700_20260405_160514::363700_rep2_fold0_hebo_roc_auc_holdout,0.0691666666666667,0.16362460145094943,0.17947824355272393
95,0.19717030114226375,0.2886039886039886,0.29962013295346623,71,-0.8029552102088928,363700,2,0,hebo,roc_auc,binary,LGBM,,False,holdout,0.0,78,3,3,LGBM_363700_20260405_160514,363700_rep2_fold0_hebo_roc_auc_holdout,LGBM_363700_20260405_160514::363700_rep2_fold0_hebo_roc_auc_holdout,0.027916666666666742,0.1400582228177992,0.15961366125659673
96,0.20080477673935615,0.2910731244064577,0.3203228869895537,71,-0.8031052350997925,363700,2,0,hebo,roc_auc,binary,LGBM,,False,holdout,0.0,78,3,3,LGBM_363700_20260405_160514,363700_rep2_fold0_hebo_roc_auc_holdout,LGBM_363700_20260405_160514::363700_rep2_fold0_hebo_roc_auc_holdout,0.039583333333333345,0.14966960861327988,0.24644030668127095
97,0.2009345794392523,0.2953466286799621,0.30312203228869894,88,-0.8028099536895752,363700,2,0,hebo,roc_auc,binary,LGBM,,False,holdout,0.0,78,3,3,LGBM_363700_20260405_160514,363700_rep2_fold0_hebo_roc_auc_holdout,LGBM_363700_20260405_160514::363700_rep2_fold0_hebo_roc_auc_holdout,0.04,0.16630469941315085,0.17430050781638978
98,0.20132398753894076,0.30301519468186133,0.30887939221272553,88,-0.802844226360321,363700,2,0,hebo,roc_auc,binary,LGBM,,False,holdout,0.0,78,3,3,LGBM_363700_20260405_160514,363700_rep2_fold0_hebo_roc_auc_holdout,LGBM_363700_20260405_160514::363700_rep2_fold0_hebo_roc_auc_holdout,0.04124999999999995,0.1961554456818072,0.19844667927910012
99,0.21092938733125655,0.2899097815764482,0.31447056030389364,88,-0.8028516173362732,363700,2,0,hebo,roc_auc,binary,LGBM,,False,holdout,0.0,78,3,3,LGBM_363700_20260405_160514,363700_rep2_fold0_hebo_roc_auc_holdout,LGBM_363700_20260405_160514::363700_rep2_fold0_hebo_roc_auc_holdout,0.07208333333333361,0.14514116722887058,0.22189584785422714
100,0.21573208722741422,0.28941120607787274,0.3017806267806269,88,-0.8028367161750793,363700,2,0,hebo,roc_auc,binary,LGBM,,False,holdout,0.0,78,3,3,LGBM_363700_20260405_160514,363700_rep2_fold0_hebo_roc_auc_holdout,LGBM_363700_20260405_160514::363700_rep2_fold0_hebo_roc_auc_holdout,0.08749999999999973,0.14320040663555247,0.16867469879518152
101,0.20716510903426788,0.29836182336182326,0.30004748338081666,88,-0.8028769493103027,363700,2,0,hebo,roc_auc,binary,LGBM,,False,holdout,0.0,78,3,3,LGBM_363700_20260405_160514,363700_rep2_fold0_hebo_roc_auc_holdout,LGBM_363700_20260405_160514::363700_rep2_fold0_hebo_roc_auc_holdout,0.06,0.17804168014417002,0.16140595439609687
102,0.20067497403946,0.28599240265906933,0.29723409306742643,88,-0.8028589487075806,363700,2,0,hebo,roc_auc,binary,LGBM,,False,holdout,0.0,78,3,3,LGBM_363700_20260405_160514,363700_rep2_fold0_hebo_roc_auc_holdout,LGBM_363700_20260405_160514::363700_rep2_fold0_hebo_roc_auc_holdout,0.0391666666666667,0.12989233399565603,0.14960669122772124
103,0.21092938733125655,0.2978157644824312,0.3016144349477682,88,-0.802813708782196,363700,2,0,hebo,roc_auc,binary,LGBM,,False,holdout,0.0,78,3,3,LGBM_363700_20260405_160514,363700_rep2_fold0_hebo_roc_auc_holdout,LGBM_363700_20260405_160514::363700_rep2_fold0_hebo_roc_auc_holdout,0.07208333333333361,0.17591608520863153,0.16797769590759723
104,0.22715472481827614,0.27825261158594505,0.2931386514719848,88,-0.8028415441513062,363700,2,0,hebo,roc_auc,binary,LGBM,,False,holdout,0.0,78,3,3,LGBM_363700_20260405_160514,363700_rep2_fold0_hebo_roc_auc_holdout,LGBM_363700_20260405_160514::363700_rep2_fold0_hebo_roc_auc_holdout,0.12416666666666652,0.09976433621366865,0.13243054864084472
105,0.21235721703011412,0.30603038936372273,0.3029439696106363,88,-0.8028268218040466,363700,2,0,hebo,roc_auc,binary,LGBM,,False,holdout,0.0,78,3,3,LGBM_363700_20260405_160514,363700_rep2_fold0_hebo_roc_auc_holdout,LGBM_363700_20260405_160514::363700_rep2_fold0_hebo_roc_auc_holdout,0.07666666666666642,0.20789242641282724,0.17355371900826486
106,0.20379023883696767,0.2900759734093067,0.29239078822412157,88,-0.8028206825256348,363700,2,0,hebo,roc_auc,binary,LGBM,,False,holdout,0.0,78,3,3,LGBM_363700_20260405_160514,363700_rep2_fold0_hebo_roc_auc_holdout,LGBM_363700_20260405_160514::363700_rep2_fold0_hebo_roc_auc_holdout,0.04916666666666634,0.14578808742664326,0.12929403564671949
107,0.19833852544132913,0.2870607787274454,0.29673551756885097,88,-0.8029232025146484,363700,2,0,hebo,roc_auc,binary,LGBM,,False,holdout,0.0,78,3,3,LGBM_363700_20260405_160514,363700_rep2_fold0_hebo_roc_auc_holdout,LGBM_363700_20260405_160514::363700_rep2_fold0_hebo_roc_auc_holdout,0.03166666666666661,0.13405110669562367,0.14751568256497125
108,0.2258566978193146,0.29766144349477686,0.320216049382716,88,-0.8028863668441772,363700,2,0,hebo,roc_auc,binary,LGBM,,False,holdout,0.0,78,3,3,LGBM_363700_20260405_160514,363700_rep2_fold0_hebo_roc_auc_holdout,LGBM_363700_20260405_160514::363700_rep2_fold0_hebo_roc_auc_holdout,0.12,0.17531537359641391,0.24599223339639548
109,0.20872274143302172,0.29336419753086407,0.30401234567901236,88,-0.8028722405433655,363700,2,0,hebo,roc_auc,binary,LGBM,,False,holdout,0.0,78,3,3,LGBM_363700_20260405_160514,363700_rep2_fold0_hebo_roc_auc_holdout,LGBM_363700_20260405_160514::363700_rep2_fold0_hebo_roc_auc_holdout,0.06499999999999982,0.1585878656254323,0.17803445185701522
110,0.19470404984423673,0.29940645773979113,0.3107905982905983,110,-0.8043513298034668,363700,2,0,hebo,roc_auc,binary,LGBM,,False,holdout,0.0,78,3,3,LGBM_363700_20260405_160514,363700_rep2_fold0_hebo_roc_auc_holdout,LGBM_363700_20260405_160514::363700_rep2_fold0_hebo_roc_auc_holdout,0.02,0.18210803567302788,0.2064622124863092
111,0.2480529595015576,0.3050332383665717,0.31417378917378913,110,-0.8043180704116821,363700,2,0,hebo,roc_auc,binary,LGBM,,False,holdout,0.0,78,3,3,LGBM_363700_20260405_160514,363700_rep2_fold0_hebo_roc_auc_holdout,LGBM_363700_20260405_160514::363700_rep2_fold0_hebo_roc_auc_holdout,0.19124999999999995,0.20401090522619061,0.22065119984068518
112,0.22377985462097605,0.27528490028490027,0.29608262108262096,110,-0.8042815923690796,363700,2,0,hebo,roc_auc,binary,LGBM,,False,holdout,0.0,78,3,3,LGBM_363700_20260405_160514,363700_rep2_fold0_hebo_roc_auc_holdout,LGBM_363700_20260405_160514::363700_rep2_fold0_hebo_roc_auc_holdout,0.11333333333333322,0.08821218982486903,0.14477745693517852
113,0.21560228452751817,0.2886633428300096,0.3042972459639125,110,-0.8042590022087097,363700,2,0,hebo,roc_auc,binary,LGBM,,False,holdout,0.0,78,3,3,LGBM_363700_20260405_160514,363700_rep2_fold0_hebo_roc_auc_holdout,LGBM_363700_20260405_160514::363700_rep2_fold0_hebo_roc_auc_holdout,0.08708333333333344,0.14028926574557557,0.1792293139500147
114,0.20327102803738317,0.29888414055080725,0.3058167141500474,110,-0.8042630553245544,363700,2,0,hebo,roc_auc,binary,LGBM,,False,holdout,0.0,78,3,3,LGBM_363700_20260405_160514,363700_rep2_fold0_hebo_roc_auc_holdout,LGBM_363700_20260405_160514::363700_rep2_fold0_hebo_roc_auc_holdout,0.04750000000000009,0.18007485790859915,0.1856019117793488
115,0.21417445482866038,0.2987891737891738,0.30268281101614436,110,-0.804253339767456,363700,2,0,hebo,roc_auc,binary,LGBM,,False,holdout,0.0,78,3,3,LGBM_363700_20260405_160514,363700_rep2_fold0_hebo_roc_auc_holdout,LGBM_363700_20260405_160514::363700_rep2_fold0_hebo_roc_auc_holdout,0.0824999999999999,0.17970518922415749,0.17245842875634806
116,0.21196780893042577,0.29299620132953463,0.2988366571699905,110,-0.8042666912078857,363700,2,0,hebo,roc_auc,binary,LGBM,,False,holdout,0.0,78,3,3,LGBM_363700_20260405_160514,363700_rep2_fold0_hebo_roc_auc_holdout,LGBM_363700_20260405_160514::363700_rep2_fold0_hebo_roc_auc_holdout,0.07541666666666683,0.15715539947322163,0.15632779050084677
117,0.2023624091381101,0.29668803418803424,0.3000949667616335,110,-0.804284930229187,363700,2,0,hebo,roc_auc,binary,LGBM,,False,holdout,0.0,78,3,3,LGBM_363700_20260405_160514,363700_rep2_fold0_hebo_roc_auc_holdout,LGBM_363700_20260405_160514::363700_rep2_fold0_hebo_roc_auc_holdout,0.04458333333333352,0.17152626958088796,0.16160509807826406
118,0.2021028037383178,0.29964387464387465,0.3025641025641025,110,-0.8042528629302979,363700,2,0,hebo,roc_auc,binary,LGBM,,False,holdout,0.0,78,3,3,LGBM_363700_20260405_160514,363700_rep2_fold0_hebo_roc_auc_holdout,LGBM_363700_20260405_160514::363700_rep2_fold0_hebo_roc_auc_holdout,0.04375000000000022,0.18303220738413162,0.171960569550931
119,0.20846313603322952,0.2885565052231719,0.3082977207977208,110,-0.8033657670021057,363700,2,0,hebo,roc_auc,binary,LGBM,,False,holdout,0.0,78,3,3,LGBM_363700_20260405_160514,363700_rep2_fold0_hebo_roc_auc_holdout,LGBM_363700_20260405_160514::363700_rep2_fold0_hebo_roc_auc_holdout,0.06416666666666687,0.13987338847557837,0.19600716917255823
120,0.20924195223260633,0.2927113010446345,0.3027302943969611,110,-0.8028144836425781,363700,2,0,hebo,roc_auc,binary,LGBM,,False,holdout,0.0,78,3,3,LGBM_363700_20260405_160514,363700_rep2_fold0_hebo_roc_auc_holdout,LGBM_363700_20260405_160514::363700_rep2_fold0_hebo_roc_auc_holdout,0.06666666666666643,0.15604639341989748,0.1726575724385148
121,0.20807372793354106,0.29867046533713204,0.3037511870845204,71,-0.8028408288955688,363700,2,0,hebo,roc_auc,binary,LGBM,,False,holdout,0.0,78,3,3,LGBM_363700_20260405_160514,363700_rep2_fold0_hebo_roc_auc_holdout,LGBM_363700_20260405_160514::363700_rep2_fold0_hebo_roc_auc_holdout,0.06291666666666691,0.17924310336860563,0.17693916160509843
122,0.2107995846313604,0.29266381766381766,0.3032051282051281,71,-0.8027811646461487,363700,2,0,hebo,roc_auc,binary,LGBM,,False,holdout,0.0,78,3,3,LGBM_363700_20260405_160514,363700_rep2_fold0_hebo_roc_auc_holdout,LGBM_363700_20260405_160514::363700_rep2_fold0_hebo_roc_auc_holdout,0.07166666666666696,0.15586155907767624,0.1746490092601812
123,0.20379023883696767,0.28865147198480534,0.30186372269705597,110,-0.802849531173706,363700,2,0,hebo,roc_auc,binary,LGBM,,False,holdout,0.0,78,3,3,LGBM_363700_20260405_160514,363700_rep2_fold0_hebo_roc_auc_holdout,LGBM_363700_20260405_160514::363700_rep2_fold0_hebo_roc_auc_holdout,0.04916666666666634,0.14024305716002003,0.16902320023897247
124,0.19963655244029077,0.2969135802469136,0.3091286799620133,71,-0.8028678894042969,363700,2,0,hebo,roc_auc,binary,LGBM,,False,holdout,0.0,78,3,3,LGBM_363700_20260405_160514,363700_rep2_fold0_hebo_roc_auc_holdout,LGBM_363700_20260405_160514::363700_rep2_fold0_hebo_roc_auc_holdout,0.03583333333333348,0.17240423270643657,0.19949218361047535
125,0.20924195223260644,0.2992165242165241,0.3068850902184236,110,-0.8027538061141968,363700,2,0,hebo,roc_auc,binary,LGBM,,False,holdout,0.0,78,3,3,LGBM_363700_20260405_160514,363700_rep2_fold0_hebo_roc_auc_holdout,LGBM_363700_20260405_160514::363700_rep2_fold0_hebo_roc_auc_holdout,0.06666666666666679,0.18136869830414412,0.19008264462809962
126,0.2059968847352025,0.2950379867046534,0.30827397910731225,88,-0.802787721157074,363700,2,0,hebo,roc_auc,binary,LGBM,,False,holdout,0.0,78,3,3,LGBM_363700_20260405_160514,363700_rep2_fold0_hebo_roc_auc_holdout,LGBM_363700_20260405_160514::363700_rep2_fold0_hebo_roc_auc_holdout,0.05625000000000013,0.16510327618871565,0.19590759733147414
127,0.19976635514018692,0.30108024691358015,0.3029083570750237,88,-0.8027284741401672,363700,2,0,hebo,roc_auc,binary,LGBM,,False,holdout,0.0,78,3,3,LGBM_363700_20260405_160514,363700_rep2_fold0_hebo_roc_auc_holdout,LGBM_363700_20260405_160514::363700_rep2_fold0_hebo_roc_auc_holdout,0.036250000000000136,0.18862344623630994,0.1734043612466397
128,0.21482346832814125,0.2894824311490978,0.30268281101614436,88,-0.8026975393295288,363700,2,0,hebo,roc_auc,binary,LGBM,,False,holdout,0.0,78,3,3,LGBM_363700_20260405_160514,363700_rep2_fold0_hebo_roc_auc_holdout,LGBM_363700_20260405_160514::363700_rep2_fold0_hebo_roc_auc_holdout,0.08458333333333352,0.14347765814888352,0.17245842875634806
129,0.20106438213914846,0.29793447293447284,0.30768043684710344,62,-0.8026439547538757,363700,2,0,hebo,roc_auc,binary,LGBM,,False,holdout,0.0,78,3,3,LGBM_363700_20260405_160514,363700_rep2_fold0_hebo_roc_auc_holdout,LGBM_363700_20260405_160514::363700_rep2_fold0_hebo_roc_auc_holdout,0.04041666666666665,0.17637817106418296,0.19341830130439114
130,0.20807372793354095,0.3041073124406457,0.30565052231718903,88,-0.8027452230453491,363700,2,0,hebo,roc_auc,binary,LGBM,,False,holdout,0.0,78,3,3,LGBM_363700_20260405_160514,363700_rep2_fold0_hebo_roc_auc_holdout,LGBM_363700_20260405_160514::363700_rep2_fold0_hebo_roc_auc_holdout,0.06291666666666657,0.20040663555288504,0.18490490889176592
131,0.21741952232606443,0.28398622981956323,0.29715099715099724,88,-0.8026598691940308,363700,2,0,hebo,roc_auc,binary,LGBM,,False,holdout,0.0,78,3,3,LGBM_363700_20260405_160514,363700_rep2_fold0_hebo_roc_auc_holdout,LGBM_363700_20260405_160514::363700_rep2_fold0_hebo_roc_auc_holdout,0.09291666666666692,0.12208308303682816,0.14925818978392982
132,0.21015057113187952,0.3020180436847104,0.30079534662868,88,-0.8027158975601196,363700,2,0,hebo,roc_auc,binary,LGBM,,False,holdout,0.0,78,3,3,LGBM_363700_20260405_160514,363700_rep2_fold0_hebo_roc_auc_holdout,LGBM_363700_20260405_160514::363700_rep2_fold0_hebo_roc_auc_holdout,0.06958333333333334,0.19227392449517103,0.16454246739022257
133,0.20560747663551404,0.292948717948718,0.2997388414055081,71,-0.8027560710906982,363700,2,0,hebo,roc_auc,binary,LGBM,,False,holdout,0.0,78,3,3,LGBM_363700_20260405_160514,363700_rep2_fold0_hebo_roc_auc_holdout,LGBM_363700_20260405_160514::363700_rep2_fold0_hebo_roc_auc_holdout,0.05500000000000018,0.15697056513100122,0.1601115204620138
134,0.19950674974039462,0.2970560303893637,0.3069800569800569,62,-0.8026370406150818,363700,2,0,hebo,roc_auc,binary,LGBM,,False,holdout,0.0,78,3,3,LGBM_363700_20260405_160514,363700_rep2_fold0_hebo_roc_auc_holdout,LGBM_363700_20260405_160514::363700_rep2_fold0_hebo_roc_auc_holdout,0.03541666666666683,0.17295873573309864,0.19048093199243263
135,0.2132658359293873,0.3038461538461539,0.30753798670465327,88,-0.8026736974716187,363700,2,0,hebo,roc_auc,binary,LGBM,,False,holdout,0.0,78,3,3,LGBM_363700_20260405_160514,363700_rep2_fold0_hebo_roc_auc_holdout,LGBM_363700_20260405_160514::363700_rep2_fold0_hebo_roc_auc_holdout,0.07958333333333335,0.19939004667067112,0.19282087025789094
136,0.20002596053997923,0.3018518518518518,0.30187559354226023,62,-0.8025942444801331,363700,2,0,hebo,roc_auc,binary,LGBM,,False,holdout,0.0,78,3,3,LGBM_363700_20260405_160514,363700_rep2_fold0_hebo_roc_auc_holdout,LGBM_363700_20260405_160514::363700_rep2_fold0_hebo_roc_auc_holdout,0.03708333333333344,0.1916270042973979,0.16907298615951452
137,0.20210280373831768,0.29978632478632483,0.3038105413105413,62,-0.8026028871536255,363700,2,0,hebo,roc_auc,binary,LGBM,,False,holdout,0.0,78,3,3,LGBM_363700_20260405_160514,363700_rep2_fold0_hebo_roc_auc_holdout,LGBM_363700_20260405_160514::363700_rep2_fold0_hebo_roc_auc_holdout,0.043749999999999865,0.1835867104107941,0.1771880912078067
138,0.20132398753894087,0.29795821462488126,0.3092236467236468,62,-0.802589476108551,363700,2,0,hebo,roc_auc,binary,LGBM,,False,holdout,0.0,78,3,3,LGBM_363700_20260405_160514,363700_rep2_fold0_hebo_roc_auc_holdout,LGBM_363700_20260405_160514::363700_rep2_fold0_hebo_roc_auc_holdout,0.041250000000000314,0.17647058823529357,0.19989047097480883
139,0.20379023883696779,0.29453941120607774,0.3016975308641976,62,-0.8025957345962524,363700,2,0,hebo,roc_auc,binary,LGBM,,False,holdout,0.0,78,3,3,LGBM_363700_20260405_160514,363700_rep2_fold0_hebo_roc_auc_holdout,LGBM_363700_20260405_160514::363700_rep2_fold0_hebo_roc_auc_holdout,0.0491666666666667,0.1631625155953967,0.1683261973513896
140,0.19885773624091374,0.295346628679962,0.2994895536562203,88,-0.8025166988372803,363700,2,0,hebo,roc_auc,binary,LGBM,,False,holdout,0.0,78,3,3,LGBM_363700_20260405_160514,363700_rep2_fold0_hebo_roc_auc_holdout,LGBM_363700_20260405_160514::363700_rep2_fold0_hebo_roc_auc_holdout,0.033333333333333215,0.16630469941315043,0.15906601613063856
141,0.20417964693665636,0.29848053181386514,0.3064221272554606,88,-0.8025560975074768,363700,2,0,hebo,roc_auc,binary,LGBM,,False,holdout,0.0,78,3,3,LGBM_363700_20260405_160514,363700_rep2_fold0_hebo_roc_auc_holdout,LGBM_363700_20260405_160514::363700_rep2_fold0_hebo_roc_auc_holdout,0.050416666666667005,0.1785037659997223,0.18814099372697432
142,0.1967808930425753,0.283452041785375,0.3065764482431149,88,-0.8025467395782471,363700,2,0,hebo,roc_auc,binary,LGBM,,False,holdout,0.0,78,3,3,LGBM_363700_20260405_160514,363700_rep2_fold0_hebo_roc_auc_holdout,LGBM_363700_20260405_160514::363700_rep2_fold0_hebo_roc_auc_holdout,0.026666666666666786,0.12000369668684348,0.18878821069401608
143,0.20275181723779856,0.29521604938271606,0.3066120607787275,88,-0.8026002049446106,363700,2,0,hebo,roc_auc,binary,LGBM,,False,holdout,0.0,78,3,3,LGBM_363700_20260405_160514,363700_rep2_fold0_hebo_roc_auc_holdout,LGBM_363700_20260405_160514::363700_rep2_fold0_hebo_roc_auc_holdout,0.04583333333333348,0.16579640497204345,0.18893756845564125
144,0.21235721703011412,0.2935185185185186,0.3033000949667616,88,-0.8025156259536743,363700,2,0,hebo,roc_auc,binary,LGBM,,False,holdout,0.0,78,3,3,LGBM_363700_20260405_160514,363700_rep2_fold0_hebo_roc_auc_holdout,LGBM_363700_20260405_160514::363700_rep2_fold0_hebo_roc_auc_holdout,0.07666666666666642,0.15918857723765076,0.17504729662451468
145,0.20872274143302183,0.2876068376068375,0.30635090218423566,88,-0.802631139755249,363700,2,0,hebo,roc_auc,binary,LGBM,,False,holdout,0.0,78,3,3,LGBM_363700_20260405_160514,363700_rep2_fold0_hebo_roc_auc_holdout,LGBM_363700_20260405_160514::363700_rep2_fold0_hebo_roc_auc_holdout,0.06500000000000018,0.13617670163116216,0.1878422782037249
146,0.21313603322949115,0.3028964862298196,0.3094017094017094,88,-0.8025142550468445,363700,2,0,hebo,roc_auc,binary,LGBM,,False,holdout,0.0,78,3,3,LGBM_363700_20260405_160514,363700_rep2_fold0_hebo_roc_auc_holdout,LGBM_363700_20260405_160514::363700_rep2_fold0_hebo_roc_auc_holdout,0.07916666666666669,0.19569335982625535,0.20063725978293373
147,0.1941848390446521,0.2944444444444445,0.2995251661918329,147,-0.8038102984428406,363700,2,0,hebo,roc_auc,binary,LGBM,,False,holdout,0.0,78,3,3,LGBM_363700_20260405_160514,363700_rep2_fold0_hebo_roc_auc_holdout,LGBM_363700_20260405_160514::363700_rep2_fold0_hebo_roc_auc_holdout,0.018333333333333392,0.1627928469109559,0.15921537389226373
148,0.20950155763239875,0.2897435897435898,0.3000712250712251,147,-0.8034974932670593,363700,2,0,hebo,roc_auc,binary,LGBM,,False,holdout,0.0,78,3,3,LGBM_363700_20260405_160514,363700_rep2_fold0_hebo_roc_auc_holdout,LGBM_363700_20260405_160514::363700_rep2_fold0_hebo_roc_auc_holdout,0.06750000000000009,0.1444942470310983,0.16150552623718048
149,0.2096313603322949,0.2971272554605888,0.3031339031339031,147,-0.8035169839859009,363700,2,0,hebo,roc_auc,binary,LGBM,,False,holdout,0.0,78,3,3,LGBM_363700_20260405_160514,363700_rep2_fold0_hebo_roc_auc_holdout,LGBM_363700_20260405_160514::363700_rep2_fold0_hebo_roc_auc_holdout,0.06791666666666674,0.1732359872464301,0.17435029373693134
150,0.19963655244029077,0.28213437796771124,0.3013414055080722,147,-0.80348140001297,363700,2,0,hebo,roc_auc,binary,LGBM,,False,holdout,0.0,78,3,3,LGBM_363700_20260405_160514,363700_rep2_fold0_hebo_roc_auc_holdout,LGBM_363700_20260405_160514::363700_rep2_fold0_hebo_roc_auc_holdout,0.03583333333333348,0.114874543690217,0.16683261973513933
151,0.20703530633437173,0.2948480531813865,0.3002611585944919,147,-0.8033463954925537,363700,2,0,hebo,roc_auc,binary,LGBM,,False,holdout,0.0,78,3,3,LGBM_363700_20260405_160514,363700_rep2_fold0_hebo_roc_auc_holdout,LGBM_363700_20260405_160514::363700_rep2_fold0_hebo_roc_auc_holdout,0.05958333333333335,0.16436393881983233,0.16230210096584693
152,0.1936656282450675,0.2913224121557455,0.2943138651471986,152,-0.8044837713241577,363700,2,0,hebo,roc_auc,binary,LGBM,,False,holdout,0.0,78,3,3,LGBM_363700_20260405_160514,363700_rep2_fold0_hebo_roc_auc_holdout,LGBM_363700_20260405_160514::363700_rep2_fold0_hebo_roc_auc_holdout,0.016666666666666784,0.15063998890993913,0.1373593547744706
153,0.19093977154724817,0.2911324786324786,0.29761396011396013,153,-0.8058262467384338,363700,2,0,hebo,roc_auc,binary,LGBM,,False,holdout,0.0,78,3,3,LGBM_363700_20260405_160514,363700_rep2_fold0_hebo_roc_auc_holdout,LGBM_363700_20260405_160514::363700_rep2_fold0_hebo_roc_auc_holdout,0.00791666666666674,0.1499006515410558,0.15119984068505465
154,0.19820872274143297,0.28713200379867054,0.29443257359924013,153,-0.8053984642028809,363700,2,0,hebo,roc_auc,binary,LGBM,,False,holdout,0.0,78,3,3,LGBM_363700_20260405_160514,363700_rep2_fold0_hebo_roc_auc_holdout,LGBM_363700_20260405_160514::363700_rep2_fold0_hebo_roc_auc_holdout,0.031249999999999955,0.13432835820895514,0.13785721397988626
155,0.26921079958463134,0.27933285849952516,0.2899097815764482,153,-0.8053132891654968,363700,2,0,hebo,roc_auc,binary,LGBM,,False,holdout,0.0,78,3,3,LGBM_363700_20260405_160514,363700_rep2_fold0_hebo_roc_auc_holdout,LGBM_363700_20260405_160514::363700_rep2_fold0_hebo_roc_auc_holdout,0.2591666666666667,0.10396931749919094,0.11888877825351006
156,0.20301142263759087,0.2865384615384615,0.2892806267806268,153,-0.8046261668205261,363700,2,0,hebo,roc_auc,binary,LGBM,,False,holdout,0.0,78,3,3,LGBM_363700_20260405_160514,363700_rep2_fold0_hebo_roc_auc_holdout,LGBM_363700_20260405_160514::363700_rep2_fold0_hebo_roc_auc_holdout,0.04666666666666679,0.13201792893119496,0.11625012446480187
157,0.2043094496365524,0.2859449192782526,0.3017450142450143,153,-0.8044352531433105,363700,2,0,hebo,roc_auc,binary,LGBM,,False,holdout,0.0,78,3,3,LGBM_363700_20260405_160514,363700_rep2_fold0_hebo_roc_auc_holdout,LGBM_363700_20260405_160514::363700_rep2_fold0_hebo_roc_auc_holdout,0.05083333333333331,0.1297074996534352,0.16852534103355635
158,0.21599169262720652,0.28962488129154795,0.30314577397910725,153,-0.8046185970306396,363700,2,0,hebo,roc_auc,binary,LGBM,,False,holdout,0.0,78,3,3,LGBM_363700_20260405_160514,363700_rep2_fold0_hebo_roc_auc_holdout,LGBM_363700_20260405_160514::363700_rep2_fold0_hebo_roc_auc_holdout,0.08833333333333304,0.14403216117554601,0.1744000796574729
159,0.20197300103842153,0.2861942070275404,0.3037511870845204,153,-0.8048035502433777,363700,2,0,hebo,roc_auc,binary,LGBM,,False,holdout,0.0,78,3,3,LGBM_363700_20260405_160514,363700_rep2_fold0_hebo_roc_auc_holdout,LGBM_363700_20260405_160514::363700_rep2_fold0_hebo_roc_auc_holdout,0.04333333333333322,0.13067787995009447,0.17693916160509843
160,0.19742990654205617,0.2899335232668566,0.2983024691358025,153,-0.8043839931488037,363700,2,0,hebo,roc_auc,binary,LGBM,,False,holdout,0.0,78,3,3,LGBM_363700_20260405_160514,363700_rep2_fold0_hebo_roc_auc_holdout,LGBM_363700_20260405_160514::363700_rep2_fold0_hebo_roc_auc_holdout,0.0287500000000004,0.14523358439998119,0.1540874240764716
161,0.20145379023883692,0.2904202279202279,0.30236229819563154,153,-0.8039857745170593,363700,2,0,hebo,roc_auc,binary,LGBM,,False,holdout,0.0,78,3,3,LGBM_363700_20260405_160514,363700_rep2_fold0_hebo_roc_auc_holdout,LGBM_363700_20260405_160514::363700_rep2_fold0_hebo_roc_auc_holdout,0.04166666666666661,0.1471281364077442,0.17111420890172296
162,0.19016095534787136,0.2859686609686609,0.29782763532763534,162,-0.8067664504051208,363700,2,0,hebo,roc_auc,binary,LGBM,,False,holdout,0.0,78,3,3,LGBM_363700_20260405_160514,363700_rep2_fold0_hebo_roc_auc_holdout,LGBM_363700_20260405_160514::363700_rep2_fold0_hebo_roc_auc_holdout,0.005416666666667186,0.12979991682454542,0.15209598725480472
163,0.22819314641744548,0.31476733143399815,0.30968660968660966,162,-0.8069567084312439,363700,2,0,hebo,roc_auc,binary,LGBM,,False,holdout,0.0,78,3,3,LGBM_363700_20260405_160514,363700_rep2_fold0_hebo_roc_auc_holdout,LGBM_363700_20260405_160514::363700_rep2_fold0_hebo_roc_auc_holdout,0.12750000000000009,0.24190194538145166,0.20183212187593366
164,0.19794911734164078,0.2902421652421653,0.29744776828110153,162,-0.806496262550354,363700,2,0,hebo,roc_auc,binary,LGBM,,False,holdout,0.0,78,3,3,LGBM_363700_20260405_160514,363700_rep2_fold0_hebo_roc_auc_holdout,LGBM_363700_20260405_160514::363700_rep2_fold0_hebo_roc_auc_holdout,0.030416666666667008,0.14643500762441639,0.15050283779747084
165,0.20443925233644866,0.28468660968660964,0.3032644824311491,162,-0.8064609169960022,363700,2,0,hebo,roc_auc,binary,LGBM,,False,holdout,0.0,78,3,3,LGBM_363700_20260405_160514,363700_rep2_fold0_hebo_roc_auc_holdout,LGBM_363700_20260405_160514::363700_rep2_fold0_hebo_roc_auc_holdout,0.05125000000000031,0.12480938958458423,0.17489793886288998
166,0.20560747663551393,0.2909425451092119,0.3072056030389364,162,-0.8064835667610168,363700,2,0,hebo,roc_auc,binary,LGBM,,False,holdout,0.0,78,3,3,LGBM_363700_20260405_160514,363700_rep2_fold0_hebo_roc_auc_holdout,LGBM_363700_20260405_160514::363700_rep2_fold0_hebo_roc_auc_holdout,0.05499999999999982,0.14916131417217335,0.19142686448272472
167,0.21079958463136028,0.28696581196581183,0.3124169040835707,162,-0.8063876628875732,363700,2,0,hebo,roc_auc,binary,LGBM,,False,holdout,0.0,78,3,3,LGBM_363700_20260405_160514,363700_rep2_fold0_hebo_roc_auc_holdout,LGBM_363700_20260405_160514::363700_rep2_fold0_hebo_roc_auc_holdout,0.0716666666666666,0.13368143801118157,0.21328288360051786
168,0.19717030114226375,0.2916429249762583,0.30008309591642934,162,-0.8065005540847778,363700,2,0,hebo,roc_auc,binary,LGBM,,False,holdout,0.0,78,3,3,LGBM_363700_20260405_160514,363700_rep2_fold0_hebo_roc_auc_holdout,LGBM_363700_20260405_160514::363700_rep2_fold0_hebo_roc_auc_holdout,0.027916666666666742,0.15188762071992942,0.1615553121577225
169,0.21819833852544135,0.2942545109211776,0.29736467236467234,162,-0.8064806461334229,363700,2,0,hebo,roc_auc,binary,LGBM,,False,holdout,0.0,78,3,3,LGBM_363700_20260405_160514,363700_rep2_fold0_hebo_roc_auc_holdout,LGBM_363700_20260405_160514::363700_rep2_fold0_hebo_roc_auc_holdout,0.09541666666666683,0.1620535095420726,0.15015433635367942
170,0.2023624091381101,0.29608262108262107,0.3009852801519469,162,-0.806160569190979,363700,2,0,hebo,roc_auc,binary,LGBM,,False,holdout,0.0,78,3,3,LGBM_363700_20260405_160514,363700_rep2_fold0_hebo_roc_auc_holdout,LGBM_363700_20260405_160514::363700_rep2_fold0_hebo_roc_auc_holdout,0.04458333333333352,0.16916963171757265,0.16533904211888953
171,0.19885773624091396,0.28652659069325737,0.3077279202279203,162,-0.8060615062713623,363700,2,0,hebo,roc_auc,binary,LGBM,,False,holdout,0.0,78,3,3,LGBM_363700_20260405_160514,363700_rep2_fold0_hebo_roc_auc_holdout,LGBM_363700_20260405_160514::363700_rep2_fold0_hebo_roc_auc_holdout,0.03333333333333393,0.13197172034563986,0.19361744498655833
172,0.20301142263759075,0.29812440645773985,0.30445156695156694,162,-0.8061717748641968,363700,2,0,hebo,roc_auc,binary,LGBM,,False,holdout,0.0,78,3,3,LGBM_363700_20260405_160514,363700_rep2_fold0_hebo_roc_auc_holdout,LGBM_363700_20260405_160514::363700_rep2_fold0_hebo_roc_auc_holdout,0.046666666666666426,0.1771175084330667,0.17987653091705694
173,0.20132398753894087,0.2937678062678064,0.3081315289648623,162,-0.8061392903327942,363700,2,0,hebo,roc_auc,binary,LGBM,,False,holdout,0.0,78,3,3,LGBM_363700_20260405_160514,363700_rep2_fold0_hebo_roc_auc_holdout,LGBM_363700_20260405_160514::363700_rep2_fold0_hebo_roc_auc_holdout,0.041250000000000314,0.16015895753431003,0.19531016628497488
174,0.5,0.5,0.5,162,-0.8061559200286865,363700,2,0,hebo,roc_auc,binary,LGBM,,False,holdout,0.0,78,3,3,LGBM_363700_20260405_160514,363700_rep2_fold0_hebo_roc_auc_holdout,LGBM_363700_20260405_160514::363700_rep2_fold0_hebo_roc_auc_holdout,1.0,0.962940714384732,1.0
175,0.19963655244029077,0.30211301044634375,0.3140432098765432,162,-0.806181013584137,363700,2,0,hebo,roc_auc,binary,LGBM,,False,holdout,0.0,78,3,3,LGBM_363700_20260405_160514,363700_rep2_fold0_hebo_roc_auc_holdout,LGBM_363700_20260405_160514::363700_rep2_fold0_hebo_roc_auc_holdout,0.03583333333333348,0.19264359317961227,0.220103554714727
176,0.20366043613707174,0.2915954415954416,0.3072293447293447,162,-0.8061692118644714,363700,2,0,hebo,roc_auc,binary,LGBM,,False,holdout,0.0,78,3,3,LGBM_363700_20260405_160514,363700_rep2_fold0_hebo_roc_auc_holdout,LGBM_363700_20260405_160514::363700_rep2_fold0_hebo_roc_auc_holdout,0.048750000000000404,0.1517027863777086,0.19152643632380786
177,0.19652128764278287,0.2946581196581196,0.3144468186134852,162,-0.8063103556632996,363700,2,0,hebo,roc_auc,binary,LGBM,,False,holdout,0.0,78,3,3,LGBM_363700_20260405_160514,363700_rep2_fold0_hebo_roc_auc_holdout,LGBM_363700_20260405_160514::363700_rep2_fold0_hebo_roc_auc_holdout,0.025833333333333125,0.163624601450949,0.22179627601314353
178,0.20067497403946,0.29649810066476734,0.30156695156695146,162,-0.8063491582870483,363700,2,0,hebo,roc_auc,binary,LGBM,,False,holdout,0.0,78,3,3,LGBM_363700_20260405_160514,363700_rep2_fold0_hebo_roc_auc_holdout,LGBM_363700_20260405_160514::363700_rep2_fold0_hebo_roc_auc_holdout,0.0391666666666667,0.1707869322120046,0.1677785522254305
179,0.19742990654205606,0.295014245014245,0.2952635327635328,162,-0.8062404990196228,363700,2,0,hebo,roc_auc,binary,LGBM,,False,holdout,0.0,78,3,3,LGBM_363700_20260405_160514,363700_rep2_fold0_hebo_roc_auc_holdout,LGBM_363700_20260405_160514::363700_rep2_fold0_hebo_roc_auc_holdout,0.028750000000000043,0.16501085901760504,0.14134222841780386
180,0.20054517133956384,0.29061016144349483,0.30388176638176634,162,-0.8053726553916931,363700,2,0,hebo,roc_auc,binary,LGBM,,False,holdout,0.0,78,3,3,LGBM_363700_20260405_160514,363700_rep2_fold0_hebo_roc_auc_holdout,LGBM_363700_20260405_160514::363700_rep2_fold0_hebo_roc_auc_holdout,0.03875000000000004,0.1478674737766275,0.17748680673105657
181,0.19210799584631366,0.28498338081671415,0.29611823361823364,162,-0.8058311343193054,363700,2,0,hebo,roc_auc,binary,LGBM,,False,holdout,0.0,78,3,3,LGBM_363700_20260405_160514,363700_rep2_fold0_hebo_roc_auc_holdout,LGBM_363700_20260405_160514::363700_rep2_fold0_hebo_roc_auc_holdout,0.011666666666666964,0.12596460422346434,0.14492681469680416
182,0.20366043613707163,0.3002492877492877,0.30988841405508083,162,-0.8058861494064331,363700,2,0,hebo,roc_auc,binary,LGBM,,False,holdout,0.0,78,3,3,LGBM_363700_20260405_160514,363700_rep2_fold0_hebo_roc_auc_holdout,LGBM_363700_20260405_160514::363700_rep2_fold0_hebo_roc_auc_holdout,0.04875000000000004,0.18538884524744645,0.20267848252514264
183,0.5,0.5,0.5,162,-0.8061894178390503,363700,2,0,hebo,roc_auc,binary,LGBM,,False,holdout,0.0,78,3,3,LGBM_363700_20260405_160514,363700_rep2_fold0_hebo_roc_auc_holdout,LGBM_363700_20260405_160514::363700_rep2_fold0_hebo_roc_auc_holdout,1.0,0.962940714384732,1.0
184,0.1931464174454829,0.29829059829059834,0.30072412155745487,184,-0.8065838813781738,363700,2,0,hebo,roc_auc,binary,LGBM,,False,holdout,0.0,78,3,3,LGBM_363700_20260405_160514,363700_rep2_fold0_hebo_roc_auc_holdout,LGBM_363700_20260405_160514::363700_rep2_fold0_hebo_roc_auc_holdout,0.015000000000000178,0.1777644286308394,0.16424375186697227
185,0.19652128764278298,0.2932573599240266,0.3021011396011396,184,-0.8065477609634399,363700,2,0,hebo,roc_auc,binary,LGBM,,False,holdout,0.0,78,3,3,LGBM_363700_20260405_160514,363700_rep2_fold0_hebo_roc_auc_holdout,LGBM_363700_20260405_160514::363700_rep2_fold0_hebo_roc_auc_holdout,0.025833333333333482,0.15817198835543597,0.17001891864980614
186,0.2054776739356179,0.29570275403608737,0.3058404558404558,184,-0.8065975904464722,363700,2,0,hebo,roc_auc,binary,LGBM,,False,holdout,0.0,78,3,3,LGBM_363700_20260405_160514,363700_rep2_fold0_hebo_roc_auc_holdout,LGBM_363700_20260405_160514::363700_rep2_fold0_hebo_roc_auc_holdout,0.054583333333333525,0.16769095697980643,0.1857014836204324
187,0.20392004153686383,0.29924026590693253,0.3009021842355175,184,-0.8064584732055664,363700,2,0,hebo,roc_auc,binary,LGBM,,False,holdout,0.0,78,3,3,LGBM_363700_20260405_160514,363700_rep2_fold0_hebo_roc_auc_holdout,LGBM_363700_20260405_160514::363700_rep2_fold0_hebo_roc_auc_holdout,0.04958333333333299,0.18146111547525476,0.16499054067509716
188,0.1989875389408099,0.2937915479582147,0.2966405508072175,184,-0.8064733147621155,363700,2,0,hebo,roc_auc,binary,LGBM,,False,holdout,0.0,78,3,3,LGBM_363700_20260405_160514,363700_rep2_fold0_hebo_roc_auc_holdout,LGBM_363700_20260405_160514::363700_rep2_fold0_hebo_roc_auc_holdout,0.03374999999999986,0.16025137470542022,0.14711739520063777
189,0.19301661474558673,0.2955246913580247,0.30308641975308637,189,-0.8068804740905762,363700,2,0,hebo,roc_auc,binary,LGBM,,False,holdout,0.0,78,3,3,LGBM_363700_20260405_160514,363700_rep2_fold0_hebo_roc_auc_holdout,LGBM_363700_20260405_160514::363700_rep2_fold0_hebo_roc_auc_holdout,0.014583333333333526,0.16699782819647865,0.17415115005476461
190,0.19626168224299068,0.2938271604938272,0.30409544159544166,189,-0.8069607019424438,363700,2,0,hebo,roc_auc,binary,LGBM,,False,holdout,0.0,78,3,3,LGBM_363700_20260405_160514,363700_rep2_fold0_hebo_roc_auc_holdout,LGBM_363700_20260405_160514::363700_rep2_fold0_hebo_roc_auc_holdout,0.02500000000000018,0.16039000046208554,0.1783829533008071
191,0.20560747663551393,0.29063390313390314,0.30705128205128207,189,-0.8065158724784851,363700,2,0,hebo,roc_auc,binary,LGBM,,False,holdout,0.0,78,3,3,LGBM_363700_20260405_160514,363700_rep2_fold0_hebo_roc_auc_holdout,LGBM_363700_20260405_160514::363700_rep2_fold0_hebo_roc_auc_holdout,0.05499999999999982,0.1479598909477377,0.19077964751568297
192,0.19742990654205606,0.2947768281101615,0.29996438746438747,189,-0.8064941763877869,363700,2,0,hebo,roc_auc,binary,LGBM,,False,holdout,0.0,78,3,3,LGBM_363700_20260405_160514,363700_rep2_fold0_hebo_roc_auc_holdout,LGBM_363700_20260405_160514::363700_rep2_fold0_hebo_roc_auc_holdout,0.028750000000000043,0.1640866873065013,0.16105745295230545
193,0.1888629283489096,0.29097815764482426,0.29787511870845207,193,-0.80985027551651,363700,2,0,hebo,roc_auc,binary,LGBM,,False,holdout,0.0,78,3,3,LGBM_363700_20260405_160514,363700_rep2_fold0_hebo_roc_auc_holdout,LGBM_363700_20260405_160514::363700_rep2_fold0_hebo_roc_auc_holdout,0.0012499999999999554,0.1492999399288382,0.15229513093697147
194,0.19626168224299068,0.29051519468186127,0.3056267806267806,193,-0.8097367286682129,363700,2,0,hebo,roc_auc,binary,LGBM,,False,holdout,0.0,78,3,3,LGBM_363700_20260405_160514,363700_rep2_fold0_hebo_roc_auc_holdout,LGBM_363700_20260405_160514::363700_rep2_fold0_hebo_roc_auc_holdout,0.02500000000000018,0.1474978050921854,0.18480533705068233
195,0.2026220145379023,0.2940883190883191,0.3085351377018043,193,-0.808090329170227,363700,2,0,hebo,roc_auc,binary,LGBM,,False,holdout,0.0,78,3,3,LGBM_363700_20260405_160514,363700_rep2_fold0_hebo_roc_auc_holdout,LGBM_363700_20260405_160514::363700_rep2_fold0_hebo_roc_auc_holdout,0.04541666666666647,0.16140658934429988,0.1970028875833914
196,0.19522326064382145,0.29529914529914525,0.3038936372269705,193,-0.807856559753418,363700,2,0,hebo,roc_auc,binary,LGBM,,False,holdout,0.0,78,3,3,LGBM_363700_20260405_160514,363700_rep2_fold0_hebo_roc_auc_holdout,LGBM_363700_20260405_160514::363700_rep2_fold0_hebo_roc_auc_holdout,0.021666666666666962,0.1661198650709296,0.17753659265159816
197,0.2009345794392523,0.29264007597340935,0.3028371320037987,193,-0.8076287508010864,363700,2,0,hebo,roc_auc,binary,LGBM,,False,holdout,0.0,78,3,3,LGBM_363700_20260405_160514,363700_rep2_fold0_hebo_roc_auc_holdout,LGBM_363700_20260405_160514::363700_rep2_fold0_hebo_roc_auc_holdout,0.04,0.15576914190656602,0.17310564572338982
198,0.2018431983385255,0.29285375118708457,0.30124643874643875,193,-0.8076763153076172,363700,2,0,hebo,roc_auc,binary,LGBM,,False,holdout,0.0,78,3,3,LGBM_363700_20260405_160514,363700_rep2_fold0_hebo_roc_auc_holdout,LGBM_363700_20260405_160514::363700_rep2_fold0_hebo_roc_auc_holdout,0.04291666666666692,0.15660089644655956,0.16643433237080588
199,0.19587227414330222,0.306386514719848,0.3006528964862297,193,-0.8076932430267334,363700,2,0,hebo,roc_auc,binary,LGBM,,False,holdout,0.0,78,3,3,LGBM_363700_20260405_160514,363700_rep2_fold0_hebo_roc_auc_holdout,LGBM_363700_20260405_160514::363700_rep2_fold0_hebo_roc_auc_holdout,0.023750000000000222,0.20927868397948282,0.16394503634372193
200,0.1934060228452752,0.29943019943019933,0.305448717948718,193,-0.807640552520752,363700,2,0,hebo,roc_auc,binary,LGBM,,False,holdout,0.0,78,3,3,LGBM_363700_20260405_160514,363700_rep2_fold0_hebo_roc_auc_holdout,LGBM_363700_20260405_160514::363700_rep2_fold0_hebo_roc_auc_holdout,0.01583333333333348,0.18220045284413763,0.1840585482425574
201,0.20469885773624086,0.2974833808167141,0.3088556505223172,193,-0.8077375888824463,363700,2,0,hebo,roc_auc,binary,LGBM,,False,holdout,0.0,78,3,3,LGBM_363700_20260405_160514,363700_rep2_fold0_hebo_roc_auc_holdout,LGBM_363700_20260405_160514::363700_rep2_fold0_hebo_roc_auc_holdout,0.05208333333333326,0.1746222448130857,0.19834710743801698
202,0.19989615784008308,0.297210351377018,0.3054605887939221,193,-0.8077800869941711,363700,2,0,hebo,roc_auc,binary,LGBM,,False,holdout,0.0,78,3,3,LGBM_363700_20260405_160514,363700_rep2_fold0_hebo_roc_auc_holdout,LGBM_363700_20260405_160514::363700_rep2_fold0_hebo_roc_auc_holdout,0.036666666666666785,0.17355944734531623,0.184108334163099
203,0.1975597092419522,0.29361348528015185,0.30483143399810053,193,-0.8076691627502441,363700,2,0,hebo,roc_auc,binary,LGBM,,False,holdout,0.0,78,3,3,LGBM_363700_20260405_160514,363700_rep2_fold0_hebo_roc_auc_holdout,LGBM_363700_20260405_160514::363700_rep2_fold0_hebo_roc_auc_holdout,0.029166666666666695,0.15955824592209156,0.18146968037438987
204,0.19496365524402903,0.29095441595441585,0.30236229819563143,193,-0.8077249526977539,363700,2,0,hebo,roc_auc,binary,LGBM,,False,holdout,0.0,78,3,3,LGBM_363700_20260405_160514,363700_rep2_fold0_hebo_roc_auc_holdout,LGBM_363700_20260405_160514::363700_rep2_fold0_hebo_roc_auc_holdout,0.020833333333333304,0.14920752275772758,0.1711142089017225
205,0.19820872274143309,0.3033713200379867,0.3031813865147198,193,-0.8071007132530212,363700,2,0,hebo,roc_auc,binary,LGBM,,False,holdout,0.0,78,3,3,LGBM_363700_20260405_160514,363700_rep2_fold0_hebo_roc_auc_holdout,LGBM_363700_20260405_160514::363700_rep2_fold0_hebo_roc_auc_holdout,0.03125000000000031,0.19754170324846324,0.17454943741909806
206,0.21041017653167182,0.2886039886039885,0.30510446343779674,193,-0.8071353435516357,363700,2,0,hebo,roc_auc,binary,LGBM,,False,holdout,0.0,78,3,3,LGBM_363700_20260405_160514,363700_rep2_fold0_hebo_roc_auc_holdout,LGBM_363700_20260405_160514::363700_rep2_fold0_hebo_roc_auc_holdout,0.07041666666666666,0.14005822281779876,0.18261475654684872
207,0.20197300103842153,0.3050569800569801,0.3019705603038936,193,-0.8071473240852356,363700,2,0,hebo,roc_auc,binary,LGBM,,False,holdout,0.0,78,3,3,LGBM_363700_20260405_160514,363700_rep2_fold0_hebo_roc_auc_holdout,LGBM_363700_20260405_160514::363700_rep2_fold0_hebo_roc_auc_holdout,0.04333333333333322,0.20410332239730125,0.16947127352384753
208,0.2023624091381101,0.2990265906932573,0.3038698955365621,193,-0.8072214722633362,363700,2,0,hebo,roc_auc,binary,LGBM,,False,holdout,0.0,78,3,3,LGBM_363700_20260405_160514,363700_rep2_fold0_hebo_roc_auc_holdout,LGBM_363700_20260405_160514::363700_rep2_fold0_hebo_roc_auc_holdout,0.04458333333333352,0.18062936093526122,0.17743702081051455
209,0.20586708203530635,0.2906457739791073,0.2972222222222223,193,-0.8070630431175232,363700,2,0,hebo,roc_auc,binary,LGBM,,False,holdout,0.0,78,3,3,LGBM_363700_20260405_160514,363700_rep2_fold0_hebo_roc_auc_holdout,LGBM_363700_20260405_160514::363700_rep2_fold0_hebo_roc_auc_holdout,0.055833333333333485,0.1480060995332928,0.1495569053071797
210,0.20028556593977154,0.300735992402659,0.3047364672364673,193,-0.8070557117462158,363700,2,0,hebo,roc_auc,binary,LGBM,,False,holdout,0.0,78,3,3,LGBM_363700_20260405_160514,363700_rep2_fold0_hebo_roc_auc_holdout,LGBM_363700_20260405_160514::363700_rep2_fold0_hebo_roc_auc_holdout,0.037916666666666744,0.18728339725520946,0.18107139301005734
211,0.19691069574247133,0.2967236467236467,0.31140788224121563,193,-0.8070998787879944,363700,2,0,hebo,roc_auc,binary,LGBM,,False,holdout,0.0,78,3,3,LGBM_363700_20260405_160514,363700_rep2_fold0_hebo_roc_auc_holdout,LGBM_363700_20260405_160514::363700_rep2_fold0_hebo_roc_auc_holdout,0.02708333333333308,0.17166489533755325,0.20905108035447628
212,0.19691069574247144,0.2897792022792023,0.3054724596391263,193,-0.8070169687271118,363700,2,0,hebo,roc_auc,binary,LGBM,,False,holdout,0.0,78,3,3,LGBM_363700_20260405_160514,363700_rep2_fold0_hebo_roc_auc_holdout,LGBM_363700_20260405_160514::363700_rep2_fold0_hebo_roc_auc_holdout,0.02708333333333344,0.1446328727877636,0.18415812008364055
213,0.2127466251298028,0.3050094966761634,0.31362773029439694,193,-0.8070551753044128,363700,2,0,hebo,roc_auc,binary,LGBM,,False,holdout,0.0,78,3,3,LGBM_363700_20260405_160514,363700_rep2_fold0_hebo_roc_auc_holdout,LGBM_363700_20260405_160514::363700_rep2_fold0_hebo_roc_auc_holdout,0.07791666666666709,0.20391848805508042,0.21836104749576843
214,0.2043094496365525,0.2876543209876543,0.2975071225071225,193,-0.8071427941322327,363700,2,0,hebo,roc_auc,binary,LGBM,,False,holdout,0.0,78,3,3,LGBM_363700_20260405_160514,363700_rep2_fold0_hebo_roc_auc_holdout,LGBM_363700_20260405_160514::363700_rep2_fold0_hebo_roc_auc_holdout,0.05083333333333366,0.13636153597338344,0.15075176740017962
215,0.19859813084112155,0.2891975308641975,0.3114672364672364,193,-0.8071457743644714,363700,2,0,hebo,roc_auc,binary,LGBM,,False,holdout,0.0,78,3,3,LGBM_363700_20260405_160514,363700_rep2_fold0_hebo_roc_auc_holdout,LGBM_363700_20260405_160514::363700_rep2_fold0_hebo_roc_auc_holdout,0.032500000000000265,0.14236865209555896,0.20930000995718412
216,0.19301661474558662,0.2929724596391263,0.3082858499525164,193,-0.8071021437644958,363700,2,0,hebo,roc_auc,binary,LGBM,,False,holdout,0.0,78,3,3,LGBM_363700_20260405_160514,363700_rep2_fold0_hebo_roc_auc_holdout,LGBM_363700_20260405_160514::363700_rep2_fold0_hebo_roc_auc_holdout,0.01458333333333317,0.1570629823021114,0.19595738325201573
217,0.20443925233644855,0.29150047483380814,0.29829059829059823,193,-0.8070920705795288,363700,2,0,hebo,roc_auc,binary,LGBM,,False,holdout,0.0,78,3,3,LGBM_363700_20260405_160514,363700_rep2_fold0_hebo_roc_auc_holdout,LGBM_363700_20260405_160514::363700_rep2_fold0_hebo_roc_auc_holdout,0.051249999999999955,0.15133311769326693,0.15403763815592958
218,0.20106438213914857,0.2895892687559354,0.30439221272554595,193,-0.8072336316108704,363700,2,0,hebo,roc_auc,binary,LGBM,,False,holdout,0.0,78,3,3,LGBM_363700_20260405_160514,363700_rep2_fold0_hebo_roc_auc_holdout,LGBM_363700_20260405_160514::363700_rep2_fold0_hebo_roc_auc_holdout,0.04041666666666701,0.14389353541888028,0.17962760131434816
219,0.20807372793354106,0.2874406457739791,0.29983380816714156,193,-0.8071195483207703,363700,2,0,hebo,roc_auc,binary,LGBM,,False,holdout,0.0,78,3,3,LGBM_363700_20260405_160514,363700_rep2_fold0_hebo_roc_auc_holdout,LGBM_363700_20260405_160514::363700_rep2_fold0_hebo_roc_auc_holdout,0.06291666666666691,0.1355297814333899,0.16050980782634727
220,0.19820872274143297,0.2999525166191833,0.30358499525166194,193,-0.8072024583816528,363700,2,0,hebo,roc_auc,binary,LGBM,,False,holdout,0.0,78,3,3,LGBM_363700_20260405_160514,363700_rep2_fold0_hebo_roc_auc_holdout,LGBM_363700_20260405_160514::363700_rep2_fold0_hebo_roc_auc_holdout,0.031249999999999955,0.1842336306085668,0.17624215871751508
221,0.22079439252336452,0.31783000949667617,0.31379392212725543,193,-0.807176411151886,363700,2,0,hebo,roc_auc,binary,LGBM,,False,holdout,0.0,78,3,3,LGBM_363700_20260405_160514,363700_rep2_fold0_hebo_roc_auc_holdout,LGBM_363700_20260405_160514::363700_rep2_fold0_hebo_roc_auc_holdout,0.10375000000000022,0.25382376045469207,0.21905805038335177
222,0.19833852544132913,0.2950854700854699,0.30477207977207976,193,-0.8072656989097595,363700,2,0,hebo,roc_auc,binary,LGBM,,False,holdout,0.0,78,3,3,LGBM_363700_20260405_160514,363700_rep2_fold0_hebo_roc_auc_holdout,LGBM_363700_20260405_160514::363700_rep2_fold0_hebo_roc_auc_holdout,0.03166666666666661,0.16528811053093562,0.18122075077168204
223,0.19600207684319826,0.29489553656220324,0.30293209876543203,193,-0.8070186376571655,363700,2,0,hebo,roc_auc,binary,LGBM,,False,holdout,0.0,78,3,3,LGBM_363700_20260405_160514,363700_rep2_fold0_hebo_roc_auc_holdout,LGBM_363700_20260405_160514::363700_rep2_fold0_hebo_roc_auc_holdout,0.024166666666666517,0.16454877316205316,0.17350393308772283
224,0.19600207684319837,0.2938509021842355,0.31090930674264006,193,-0.8069759011268616,363700,2,0,hebo,roc_auc,binary,LGBM,,False,holdout,0.0,78,3,3,LGBM_363700_20260405_160514,363700_rep2_fold0_hebo_roc_auc_holdout,LGBM_363700_20260405_160514::363700_rep2_fold0_hebo_roc_auc_holdout,0.024166666666666874,0.16048241763319573,0.2069600716917258
225,0.19574247144340595,0.292758784425451,0.3063390313390314,193,-0.8069185614585876,363700,2,0,hebo,roc_auc,binary,LGBM,,False,holdout,0.0,78,3,3,LGBM_363700_20260405_160514,363700_rep2_fold0_hebo_roc_auc_holdout,LGBM_363700_20260405_160514::363700_rep2_fold0_hebo_roc_auc_holdout,0.023333333333333213,0.15623122776211745,0.18779249228318287
226,0.2040498442367602,0.30280151946818623,0.30449905033238367,193,-0.8069858551025391,363700,2,0,hebo,roc_auc,binary,LGBM,,False,holdout,0.0,78,3,3,LGBM_363700_20260405_160514,363700_rep2_fold0_hebo_roc_auc_holdout,LGBM_363700_20260405_160514::363700_rep2_fold0_hebo_roc_auc_holdout,0.05000000000000036,0.1953236911418141,0.18007567459922366
227,0.19794911734164078,0.295014245014245,0.3079059829059829,193,-0.8069285750389099,363700,2,0,hebo,roc_auc,binary,LGBM,,False,holdout,0.0,78,3,3,LGBM_363700_20260405_160514,363700_rep2_fold0_hebo_roc_auc_holdout,LGBM_363700_20260405_160514::363700_rep2_fold0_hebo_roc_auc_holdout,0.030416666666667008,0.16501085901760504,0.19436423379468323
228,0.1987279335410177,0.2955128205128206,0.302860873694207,193,-0.8068096041679382,363700,2,0,hebo,roc_auc,binary,LGBM,,False,holdout,0.0,78,3,3,LGBM_363700_20260405_160514,363700_rep2_fold0_hebo_roc_auc_holdout,LGBM_363700_20260405_160514::363700_rep2_fold0_hebo_roc_auc_holdout,0.03291666666666692,0.16695161961092356,0.17320521756447296
229,0.2040498442367602,0.3003086419753087,0.3055555555555556,193,-0.806775689125061,363700,2,0,hebo,roc_auc,binary,LGBM,,False,holdout,0.0,78,3,3,LGBM_363700_20260405_160514,363700_rep2_fold0_hebo_roc_auc_holdout,LGBM_363700_20260405_160514::363700_rep2_fold0_hebo_roc_auc_holdout,0.05000000000000036,0.18561988817522282,0.18450662152743247
230,0.19885773624091374,0.2972222222222223,0.29725783475783474,193,-0.8067750334739685,363700,2,0,hebo,roc_auc,binary,LGBM,,False,holdout,0.0,78,3,3,LGBM_363700_20260405_160514,363700_rep2_fold0_hebo_roc_auc_holdout,LGBM_363700_20260405_160514::363700_rep2_fold0_hebo_roc_auc_holdout,0.033333333333333215,0.17360565593087177,0.14970626306880438
231,0.20236240913811,0.2976970560303893,0.3028252611585944,193,-0.8067737817764282,363700,2,0,hebo,roc_auc,binary,LGBM,,False,holdout,0.0,78,3,3,LGBM_363700_20260405_160514,363700_rep2_fold0_hebo_roc_auc_holdout,LGBM_363700_20260405_160514::363700_rep2_fold0_hebo_roc_auc_holdout,0.04458333333333317,0.17545399935307923,0.1730558598028478
232,0.20197300103842164,0.2915716999050332,0.3048907882241215,193,-0.8067762851715088,363700,2,0,hebo,roc_auc,binary,LGBM,,False,holdout,0.0,78,3,3,LGBM_363700_20260405_160514,363700_rep2_fold0_hebo_roc_auc_holdout,LGBM_363700_20260405_160514::363700_rep2_fold0_hebo_roc_auc_holdout,0.04333333333333357,0.15161036920659796,0.18171860997709866
233,0.20301142263759087,0.28637226970560303,0.30439221272554606,193,-0.8067712187767029,363700,2,0,hebo,roc_auc,binary,LGBM,,False,holdout,0.0,78,3,3,LGBM_363700_20260405_160514,363700_rep2_fold0_hebo_roc_auc_holdout,LGBM_363700_20260405_160514::363700_rep2_fold0_hebo_roc_auc_holdout,0.04666666666666679,0.13137100873342225,0.17962760131434863
234,0.20041536863966758,0.29611823361823364,0.30284900284900285,193,-0.8068251609802246,363700,2,0,hebo,roc_auc,binary,LGBM,,False,holdout,0.0,78,3,3,LGBM_363700_20260405_160514,363700_rep2_fold0_hebo_roc_auc_holdout,LGBM_363700_20260405_160514::363700_rep2_fold0_hebo_roc_auc_holdout,0.03833333333333304,0.1693082574742384,0.1731554316439314
235,0.19626168224299068,0.29799382716049383,0.3015075973409307,193,-0.8069274425506592,363700,2,0,hebo,roc_auc,binary,LGBM,,False,holdout,0.0,78,3,3,LGBM_363700_20260405_160514,363700_rep2_fold0_hebo_roc_auc_holdout,LGBM_363700_20260405_160514::363700_rep2_fold0_hebo_roc_auc_holdout,0.02500000000000018,0.1766092139919593,0.16752962262272267
236,0.2018431983385255,0.2953347578347578,0.3157644824311491,193,-0.8068535327911377,363700,2,0,hebo,roc_auc,binary,LGBM,,False,holdout,0.0,78,3,3,LGBM_363700_20260405_160514,363700_rep2_fold0_hebo_roc_auc_holdout,LGBM_363700_20260405_160514::363700_rep2_fold0_hebo_roc_auc_holdout,0.04291666666666692,0.16625849082759533,0.22732251319326913
237,0.20340083073727921,0.29363722697056027,0.3024810066476733,193,-0.8067932724952698,363700,2,0,hebo,roc_auc,binary,LGBM,,False,holdout,0.0,78,3,3,LGBM_363700_20260405_160514,363700_rep2_fold0_hebo_roc_auc_holdout,LGBM_363700_20260405_160514::363700_rep2_fold0_hebo_roc_auc_holdout,0.047916666666666385,0.1596506630932022,0.17161206810713955
238,0.19236760124610586,0.2863247863247862,0.3073717948717948,193,-0.8074032068252563,363700,2,0,hebo,roc_auc,binary,LGBM,,False,holdout,0.0,78,3,3,LGBM_363700_20260405_160514,363700_rep2_fold0_hebo_roc_auc_holdout,LGBM_363700_20260405_160514::363700_rep2_fold0_hebo_roc_auc_holdout,0.01249999999999991,0.131186174391201,0.1921238673703076
239,0.19444444444444442,0.2945868945868946,0.2952635327635328,193,-0.8075987696647644,363700,2,0,hebo,roc_auc,binary,LGBM,,False,holdout,0.0,78,3,3,LGBM_363700_20260405_160514,363700_rep2_fold0_hebo_roc_auc_holdout,LGBM_363700_20260405_160514::363700_rep2_fold0_hebo_roc_auc_holdout,0.019166666666666696,0.16334734993761799,0.14134222841780386
240,0.20651609553478723,0.3080721747388414,0.3001424501424502,193,-0.8076223731040955,363700,2,0,hebo,roc_auc,binary,LGBM,,False,holdout,0.0,78,3,3,LGBM_363700_20260405_160514,363700_rep2_fold0_hebo_roc_auc_holdout,LGBM_363700_20260405_160514::363700_rep2_fold0_hebo_roc_auc_holdout,0.057916666666667095,0.21584030312832084,0.16180424176043082
241,0.19742990654205606,0.2884496676163343,0.3013651471984805,193,-0.8076768517494202,363700,2,0,hebo,roc_auc,binary,LGBM,,False,holdout,0.0,78,3,3,LGBM_363700_20260405_160514,363700_rep2_fold0_hebo_roc_auc_holdout,LGBM_363700_20260405_160514::363700_rep2_fold0_hebo_roc_auc_holdout,0.028750000000000043,0.1394575112055816,0.16693219157622247
242,0.2390965732087228,0.2653371320037987,0.29011158594491926,193,-0.8077042698860168,363700,2,0,hebo,roc_auc,binary,LGBM,,False,holdout,0.0,78,3,3,LGBM_363700_20260405_160514,363700_rep2_fold0_hebo_roc_auc_holdout,LGBM_363700_20260405_160514::363700_rep2_fold0_hebo_roc_auc_holdout,0.16250000000000026,0.049489395129614894,0.11973513890271857
243,0.1987279335410177,0.30303893637226964,0.3117640075973408,193,-0.8077406287193298,363700,2,0,hebo,roc_auc,binary,LGBM,,False,holdout,0.0,78,3,3,LGBM_363700_20260405_160514,363700_rep2_fold0_hebo_roc_auc_holdout,LGBM_363700_20260405_160514::363700_rep2_fold0_hebo_roc_auc_holdout,0.03291666666666692,0.19624786285291743,0.2105446579707256
244,0.1953530633437175,0.2915954415954416,0.30611348528015203,193,-0.8075681924819946,363700,2,0,hebo,roc_auc,binary,LGBM,,False,holdout,0.0,78,3,3,LGBM_363700_20260405_160514,363700_rep2_fold0_hebo_roc_auc_holdout,LGBM_363700_20260405_160514::363700_rep2_fold0_hebo_roc_auc_holdout,0.02208333333333326,0.1517027863777086,0.18684655979289122
245,0.19016095534787125,0.29033713200379874,0.3014007597340931,245,-0.8081679344177246,363700,2,0,hebo,roc_auc,binary,LGBM,,False,holdout,0.0,78,3,3,LGBM_363700_20260405_160514,363700_rep2_fold0_hebo_roc_auc_holdout,LGBM_363700_20260405_160514::363700_rep2_fold0_hebo_roc_auc_holdout,0.00541666666666683,0.14680467630885805,0.16708154933784763
246,0.2026220145379024,0.2900166191832859,0.3033238366571699,245,-0.8080929517745972,363700,2,0,hebo,roc_auc,binary,LGBM,,False,holdout,0.0,78,3,3,LGBM_363700_20260405_160514,363700_rep2_fold0_hebo_roc_auc_holdout,LGBM_363700_20260405_160514::363700_rep2_fold0_hebo_roc_auc_holdout,0.04541666666666683,0.14555704449886775,0.17514686846559782
247,0.20132398753894076,0.29049145299145307,0.3058167141500475,245,-0.8081772327423096,363700,2,0,hebo,roc_auc,binary,LGBM,,False,holdout,0.0,78,3,3,LGBM_363700_20260405_160514,363700_rep2_fold0_hebo_roc_auc_holdout,LGBM_363700_20260405_160514::363700_rep2_fold0_hebo_roc_auc_holdout,0.04124999999999995,0.14740538792107566,0.18560191177934926
248,0.1973001038421598,0.2996913580246914,0.3064933523266856,245,-0.8080175518989563,363700,2,0,hebo,roc_auc,binary,LGBM,,False,holdout,0.0,78,3,3,LGBM_363700_20260405_160514,363700_rep2_fold0_hebo_roc_auc_holdout,LGBM_363700_20260405_160514::363700_rep2_fold0_hebo_roc_auc_holdout,0.028333333333333037,0.18321704172635245,0.18843970925022419
249,0.19522326064382145,0.2991452991452992,0.300201804368471,245,-0.8081316351890564,363700,2,0,hebo,roc_auc,binary,LGBM,,False,holdout,0.0,78,3,3,LGBM_363700_20260405_160514,363700_rep2_fold0_hebo_roc_auc_holdout,LGBM_363700_20260405_160514::363700_rep2_fold0_hebo_roc_auc_holdout,0.021666666666666962,0.18109144679081352,0.16205317136313865
0,0.21029306134024117,0.2791310541310541,0.2821699905033238,0,-0.7897069386597588,363700,2,0,smac,roc_auc,binary,LGBM,,False,cv,0.0,78,3,3,LGBM_363700_20260405_160514,363700_rep2_fold0_smac_roc_auc_cv,LGBM_363700_20260405_160514::363700_rep2_fold0_smac_roc_auc_cv,0.07004072690217426,0.10318377154475253,0.08642835806034077
1,0.3249062951487651,0.3410375118708452,0.32554605887939214,0,-0.7897069386597588,363700,2,0,smac,roc_auc,binary,LGBM,,False,cv,0.0,78,3,3,LGBM_363700_20260405_160514,363700_rep2_fold0_smac_roc_auc_cv,LGBM_363700_20260405_160514::363700_rep2_fold0_smac_roc_auc_cv,0.4379492074275361,0.34416154521510045,0.26834611171960565
2,0.2356963279944918,0.2910493827160494,0.29508547008547015,0,-0.7897069386597588,363700,2,0,smac,roc_auc,binary,LGBM,,False,cv,0.0,78,3,3,LGBM_363700_20260405_160514,363700_rep2_fold0_smac_roc_auc_cv,LGBM_363700_20260405_160514::363700_rep2_fold0_smac_roc_auc_cv,0.1515852128623188,0.14957719144216966,0.14059543960967896
3,0.2621096712887715,0.28694207027540364,0.2929249762583096,0,-0.7897069386597588,363700,2,0,smac,roc_auc,binary,LGBM,,False,cv,0.0,78,3,3,LGBM_363700_20260405_160514,363700_rep2_fold0_smac_roc_auc_cv,LGBM_363700_20260405_160514::363700_rep2_fold0_smac_roc_auc_cv,0.2363720448369566,0.13358902084007182,0.13153440207109465
4,0.21326423808636952,0.26844729344729334,0.2698717948717948,0,-0.7897069386597588,363700,2,0,smac,roc_auc,binary,LGBM,,False,cv,0.0,78,3,3,LGBM_363700_20260405_160514,363700_rep2_fold0_smac_roc_auc_cv,LGBM_363700_20260405_160514::363700_rep2_fold0_smac_roc_auc_cv,0.07957820425724625,0.06159604454507571,0.03485014437916964
5,0.26103469682604175,0.280116334283001,0.27730294396961064,0,-0.7897069386597588,363700,2,0,smac,roc_auc,binary,LGBM,,False,cv,0.0,78,3,3,LGBM_363700_20260405_160514,363700_rep2_fold0_smac_roc_auc_cv,LGBM_363700_20260405_160514::363700_rep2_fold0_smac_roc_auc_cv,0.23292137681159408,0.10701908414583403,0.06601613063825586
6,0.5,0.5,0.5,0,-0.7897069386597588,363700,2,0,smac,roc_auc,binary,LGBM,,False,cv,0.0,78,3,3,LGBM_363700_20260405_160514,363700_rep2_fold0_smac_roc_auc_cv,LGBM_363700_20260405_160514::363700_rep2_fold0_smac_roc_auc_cv,1.0,0.962940714384732,1.0
7,0.2791704937299653,0.3214387464387465,0.3005341880341881,0,-0.7897069386597588,363700,2,0,smac,roc_auc,binary,LGBM,,False,cv,0.0,78,3,3,LGBM_363700_20260405_160514,363700_rep2_fold0_smac_roc_auc_cv,LGBM_363700_20260405_160514::363700_rep2_fold0_smac_roc_auc_cv,0.29113728487318863,0.26787117046347186,0.16344717713830578
8,0.25388571083908984,0.29719848053181386,0.2973765432098766,0,-0.7897069386597588,363700,2,0,smac,roc_auc,binary,LGBM,,False,cv,0.0,78,3,3,LGBM_363700_20260405_160514,363700_rep2_fold0_smac_roc_auc_cv,LGBM_363700_20260405_160514::363700_rep2_fold0_smac_roc_auc_cv,0.20997313179347848,0.17351323875976113,0.15020412227422145
9,0.24117636871303438,0.2917616334283001,0.29491927825261166,0,-0.7897069386597588,363700,2,0,smac,roc_auc,binary,LGBM,,False,cv,0.0,78,3,3,LGBM_363700_20260405_160514,363700_rep2_fold0_smac_roc_auc_cv,LGBM_363700_20260405_160514::363700_rep2_fold0_smac_roc_auc_cv,0.16917614356884048,0.15234970657548128,0.13989843672209562
10,0.48535753589326835,0.5095204178537514,0.40536562203228876,0,-0.7897069386597588,363700,2,0,smac,roc_auc,binary,LGBM,,False,cv,0.0,78,3,3,LGBM_363700_20260405_160514,363700_rep2_fold0_smac_roc_auc_cv,LGBM_363700_20260405_160514::363700_rep2_fold0_smac_roc_auc_cv,0.9529976902173914,1.0,0.6031066414418007
11,0.21973585679658225,0.2904202279202279,0.28397435897435885,0,-0.7897069386597588,363700,2,0,smac,roc_auc,binary,LGBM,,False,cv,0.0,78,3,3,LGBM_363700_20260405_160514,363700_rep2_fold0_smac_roc_auc_cv,LGBM_363700_20260405_160514::363700_rep2_fold0_smac_roc_auc_cv,0.10035210031702912,0.1471281364077442,0.09399581798267434
12,0.2785382029098379,0.36975308641975313,0.3227326685660019,0,-0.7897069386597588,363700,2,0,smac,roc_auc,binary,LGBM,,False,cv,0.0,78,3,3,LGBM_363700_20260405_160514,363700_rep2_fold0_smac_roc_auc_cv,LGBM_363700_20260405_160514::363700_rep2_fold0_smac_roc_auc_cv,0.2891076313405797,0.45594011367312015,0.25654684855123006
13,0.20977374472323806,0.2710944919278253,0.27368233618233617,13,-0.7902262552767619,363700,2,0,smac,roc_auc,binary,LGBM,,False,cv,0.0,78,3,3,LGBM_363700_20260405_160514,363700_rep2_fold0_smac_roc_auc_cv,LGBM_363700_20260405_160514::363700_rep2_fold0_smac_roc_auc_cv,0.0683737205615943,0.07190055912388504,0.05083142487304622
14,0.29204040673393816,0.29269943019943023,0.30094966761633435,13,-0.7902262552767619,363700,2,0,smac,roc_auc,binary,LGBM,,False,cv,0.0,78,3,3,LGBM_363700_20260405_160514,363700_rep2_fold0_smac_roc_auc_cv,LGBM_363700_20260405_160514::363700_rep2_fold0_smac_roc_auc_cv,0.33244970561594156,0.15600018483434197,0.16518968435726436
15,0.22054200387150646,0.2791666666666667,0.28156457739791074,13,-0.7902262552767619,363700,2,0,smac,roc_auc,binary,LGBM,,False,cv,0.0,78,3,3,LGBM_363700_20260405_160514,363700_rep2_fold0_smac_roc_auc_cv,LGBM_363700_20260405_160514::363700_rep2_fold0_smac_roc_auc_cv,0.10293983242753585,0.10332239730141825,0.08388927611271572
16,0.2749090993103527,0.3332621082621082,0.29264007597340935,13,-0.7902262552767619,363700,2,0,smac,roc_auc,binary,LGBM,,False,cv,0.0,78,3,3,LGBM_363700_20260405_160514,363700_rep2_fold0_smac_roc_auc_cv,LGBM_363700_20260405_160514::363700_rep2_fold0_smac_roc_auc_cv,0.2774582087862322,0.3138949216764469,0.13033953997809472
17,0.210083576360671,0.2765788224121557,0.2815764482431149,13,-0.7902262552767619,363700,2,0,smac,roc_auc,binary,LGBM,,False,cv,0.0,78,3,3,LGBM_363700_20260405_160514,363700_rep2_fold0_smac_roc_auc_cv,LGBM_363700_20260405_160514::363700_rep2_fold0_smac_roc_auc_cv,0.06936828011775398,0.0932489256503853,0.08393906203325728
18,0.2787728847803512,0.29264007597340924,0.2977801519468186,13,-0.7902262552767619,363700,2,0,smac,roc_auc,binary,LGBM,,False,cv,0.0,78,3,3,LGBM_363700_20260405_160514,363700_rep2_fold0_smac_roc_auc_cv,LGBM_363700_20260405_160514::363700_rep2_fold0_smac_roc_auc_cv,0.2898609601449275,0.1557691419065656,0.151896843572638
19,0.20627286361686747,0.26266619183285855,0.26412630579297236,19,-0.7937271363831325,363700,2,0,smac,roc_auc,binary,LGBM,,False,cv,0.0,78,3,3,LGBM_363700_20260405_160514,363700_rep2_fold0_smac_roc_auc_cv,LGBM_363700_20260405_160514::363700_rep2_fold0_smac_roc_auc_cv,0.0571358922101447,0.0390924633796958,0.010753758837000854
20,0.2778978946566436,0.2792378917378917,0.29055080721747384,19,-0.7937271363831325,363700,2,0,smac,roc_auc,binary,LGBM,,False,cv,0.0,78,3,3,LGBM_363700_20260405_160514,363700_rep2_fold0_smac_roc_auc_cv,LGBM_363700_20260405_160514::363700_rep2_fold0_smac_roc_auc_cv,0.2870522418478261,0.10359964881474928,0.12157721796276028
21,0.2359440007167366,0.28766619183285846,0.29986942070275413,19,-0.7937271363831325,363700,2,0,smac,roc_auc,binary,LGBM,,False,cv,0.0,78,3,3,LGBM_363700_20260405_160514,363700_rep2_fold0_smac_roc_auc_cv,LGBM_363700_20260405_160514::363700_rep2_fold0_smac_roc_auc_cv,0.15238024230072458,0.13640774455893853,0.16065916558797244
22,0.29956815911553547,0.3405745489078822,0.31633428300094957,19,-0.7937271363831325,363700,2,0,smac,roc_auc,binary,LGBM,,False,cv,0.0,78,3,3,LGBM_363700_20260405_160514,363700_rep2_fold0_smac_roc_auc_cv,LGBM_363700_20260405_160514::363700_rep2_fold0_smac_roc_auc_cv,0.3566137907608689,0.3423594103784477,0.22971223737926902
23,0.23415439184613296,0.291025641025641,0.28606362773029437,19,-0.7937271363831325,363700,2,0,smac,roc_auc,binary,LGBM,,False,cv,0.0,78,3,3,LGBM_363700_20260405_160514,363700_rep2_fold0_smac_roc_auc_cv,LGBM_363700_20260405_160514::363700_rep2_fold0_smac_roc_auc_cv,0.1466355978260869,0.14948477427105902,0.10275813999800879
24,0.2570554645525758,0.27787274453941124,0.2793803418803419,19,-0.7937271363831325,363700,2,0,smac,roc_auc,binary,LGBM,,False,cv,0.0,78,3,3,LGBM_363700_20260405_160514,363700_rep2_fold0_smac_roc_auc_cv,LGBM_363700_20260405_160514::363700_rep2_fold0_smac_roc_auc_cv,0.22014804121376833,0.098285661475902,0.07472866673304827
25,0.2771338223508961,0.31783000949667617,0.3147554605887939,19,-0.7937271360329131,363700,2,0,smac,roc_auc,binary,LGBM,,False,cv,0.0,78,3,3,LGBM_363700_20260405_160514,363700_rep2_fold0_smac_roc_auc_cv,LGBM_363700_20260405_160514::363700_rep2_fold0_smac_roc_auc_cv,0.2845995697463766,0.25382376045469207,0.22309070994722707
26,0.21548581482233964,0.26745014245014254,0.27032288698955365,19,-0.7937271361709554,363700,2,0,smac,roc_auc,binary,LGBM,,False,cv,0.0,78,3,3,LGBM_363700_20260405_160514,363700_rep2_fold0_smac_roc_auc_cv,LGBM_363700_20260405_160514::363700_rep2_fold0_smac_roc_auc_cv,0.08670946557971033,0.05771452335843997,0.036742009359753386
27,0.2081613094834982,0.2860517568850901,0.28949430199430193,19,-0.7937271363823557,363700,2,0,smac,roc_auc,binary,LGBM,,False,cv,0.0,78,3,3,LGBM_363700_20260405_160514,363700_rep2_fold0_smac_roc_auc_cv,LGBM_363700_20260405_160514::363700_rep2_fold0_smac_roc_auc_cv,0.06319780344202934,0.13012337692343154,0.11714627103455148
28,0.2246488872240282,0.2924620132953466,0.2929249762583095,19,-0.7937271363823685,363700,2,0,smac,roc_auc,binary,LGBM,,False,cv,0.0,78,3,3,LGBM_363700_20260405_160514,363700_rep2_fold0_smac_roc_auc_cv,LGBM_363700_20260405_160514::363700_rep2_fold0_smac_roc_auc_cv,0.11612292798913064,0.1550760131232378,0.13153440207109418
29,0.20921776060713804,0.2823955365622033,0.2843779677113011,19,-0.7937271363825307,363700,2,0,smac,roc_auc,binary,LGBM,,False,cv,0.0,78,3,3,LGBM_363700_20260405_160514,363700_rep2_fold0_smac_roc_auc_cv,LGBM_363700_20260405_160514::363700_rep2_fold0_smac_roc_auc_cv,0.0665890115489132,0.1158911325724318,0.0956885392810918
30,0.20777285903144604,0.2795465337132005,0.2797008547008547,19,-0.793727136382665,363700,2,0,smac,roc_auc,binary,LGBM,,False,cv,0.0,78,3,3,LGBM_363700_20260405_160514,363700_rep2_fold0_smac_roc_auc_cv,LGBM_363700_20260405_160514::363700_rep2_fold0_smac_roc_auc_cv,0.06195087749094191,0.10480107203918491,0.07607288658767337
31,0.20884907155797094,0.27583095916429246,0.27892924976258304,19,-0.7937271363827421,363700,2,0,smac,roc_auc,binary,LGBM,,False,cv,0.0,78,3,3,LGBM_363700_20260405_160514,363700_rep2_fold0_smac_roc_auc_cv,LGBM_363700_20260405_160514::363700_rep2_fold0_smac_roc_auc_cv,0.06540551970108684,0.09033778476040795,0.07283680175246453
32,0.21715479183597464,0.28398622981956323,0.28118471035137704,19,-0.793727136382734,363700,2,0,smac,roc_auc,binary,LGBM,,False,cv,0.0,78,3,3,LGBM_363700_20260405_160514,363700_rep2_fold0_smac_roc_auc_cv,LGBM_363700_20260405_160514::363700_rep2_fold0_smac_roc_auc_cv,0.09206688179347869,0.12208308303682816,0.08229612665538232
33,0.2899987619362048,0.2998812915479582,0.2942782526115859,19,-0.7937271363827306,363700,2,0,smac,roc_auc,binary,LGBM,,False,cv,0.0,78,3,3,LGBM_363700_20260405_160514,363700_rep2_fold0_smac_roc_auc_cv,LGBM_363700_20260405_160514::363700_rep2_fold0_smac_roc_auc_cv,0.3258960258152174,0.18395637909523532,0.13720999701284495
34,0.21383740871484036,0.2710707502374169,0.27393162393162396,19,-0.7937271363827437,363700,2,0,smac,roc_auc,binary,LGBM,,False,cv,0.0,78,3,3,LGBM_363700_20260405_160514,363700_rep2_fold0_smac_roc_auc_cv,LGBM_363700_20260405_160514::363700_rep2_fold0_smac_roc_auc_cv,0.08141808197463765,0.0718081419527744,0.05187692920442146
35,0.21367340935256673,0.26733143399810066,0.2702279202279202,19,-0.793727136382765,363700,2,0,smac,roc_auc,binary,LGBM,,False,cv,0.0,78,3,3,LGBM_363700_20260405_160514,363700_rep2_fold0_smac_roc_auc_cv,LGBM_363700_20260405_160514::363700_rep2_fold0_smac_roc_auc_cv,0.08089164402173932,0.05725243750288767,0.036343721995419916
36,0.20763357685448547,0.28584995251661915,0.28419990503323833,19,-0.7937271363828244,363700,2,0,smac,roc_auc,binary,LGBM,,False,cv,0.0,78,3,3,LGBM_363700_20260405_160514,363700_rep2_fold0_smac_roc_auc_cv,LGBM_363700_20260405_160514::363700_rep2_fold0_smac_roc_auc_cv,0.06150378170289846,0.12933783096899354,0.09494175047296644
37,0.2094824311340242,0.285778727445394,0.2847578347578348,19,-0.7937271363829004,363700,2,0,smac,roc_auc,binary,LGBM,,False,cv,0.0,78,3,3,LGBM_363700_20260405_160514,363700_rep2_fold0_smac_roc_auc_cv,LGBM_363700_20260405_160514::363700_rep2_fold0_smac_roc_auc_cv,0.0674386039402178,0.12906057945566207,0.09728168873842521
38,0.5,0.5,0.5,19,-0.7937271363831077,363700,2,0,smac,roc_auc,binary,LGBM,,False,cv,0.0,78,3,3,LGBM_363700_20260405_160514,363700_rep2_fold0_smac_roc_auc_cv,LGBM_363700_20260405_160514::363700_rep2_fold0_smac_roc_auc_cv,1.0,0.962940714384732,1.0
39,0.21443670566391249,0.26779439696106344,0.27257834757834754,19,-0.7937271363830982,363700,2,0,smac,roc_auc,binary,LGBM,,False,cv,0.0,78,3,3,LGBM_363700_20260405_160514,363700_rep2_fold0_smac_roc_auc_cv,LGBM_363700_20260405_160514::363700_rep2_fold0_smac_roc_auc_cv,0.08334182518115918,0.0590545723395396,0.046201334262670694
40,0.23929407083841248,0.2909188034188034,0.2860754985754985,19,-0.7937271363830841,363700,2,0,smac,roc_auc,binary,LGBM,,False,cv,0.0,78,3,3,LGBM_363700_20260405_160514,363700_rep2_fold0_smac_roc_auc_cv,LGBM_363700_20260405_160514::363700_rep2_fold0_smac_roc_auc_cv,0.16313396739130415,0.14906889700106227,0.10280792591855034
41,0.209381782896519,0.2820868945868946,0.2847340930674265,19,-0.7937271363830741,363700,2,0,smac,roc_auc,binary,LGBM,,False,cv,0.0,78,3,3,LGBM_363700_20260405_160514,363700_rep2_fold0_smac_roc_auc_cv,LGBM_363700_20260405_160514::363700_rep2_fold0_smac_roc_auc_cv,0.06711552309782605,0.1146897093479966,0.09718211689734209
42,0.21344714349406302,0.2692307692307693,0.27319563152896487,19,-0.7937271363830768,363700,2,0,smac,roc_auc,binary,LGBM,,False,cv,0.0,78,3,3,LGBM_363700_20260405_160514,363700_rep2_fold0_smac_roc_auc_cv,LGBM_363700_20260405_160514::363700_rep2_fold0_smac_roc_auc_cv,0.08016533061594239,0.06464581119171922,0.048790202130837776
43,0.20908695440539082,0.2814933523266856,0.28034188034188035,19,-0.7937271363830739,363700,2,0,smac,roc_auc,binary,LGBM,,False,cv,0.0,78,3,3,LGBM_363700_20260405_160514,363700_rep2_fold0_smac_roc_auc_cv,LGBM_363700_20260405_160514::363700_rep2_fold0_smac_roc_auc_cv,0.06616912364130464,0.11237928007023643,0.07876132629692359
44,0.5,0.3029202279202279,0.5,19,-0.7937271363829996,363700,2,0,smac,roc_auc,binary,LGBM,,False,cv,0.0,78,3,3,LGBM_363700_20260405_160514,363700_rep2_fold0_smac_roc_auc_cv,LGBM_363700_20260405_160514::363700_rep2_fold0_smac_roc_auc_cv,1.0,0.19578577699736555,1.0
45,0.21764748831775704,0.28500712250712257,0.2890906932573599,19,-0.7937271363829426,363700,2,0,smac,roc_auc,binary,LGBM,,False,cv,0.0,78,3,3,LGBM_363700_20260405_160514,363700_rep2_fold0_smac_roc_auc_cv,LGBM_363700_20260405_160514::363700_rep2_fold0_smac_roc_auc_cv,0.09364843750000021,0.12605702139457498,0.11545354973613495
46,0.2141209958688879,0.26913580246913593,0.2725664767331435,19,-0.7937271363823926,363700,2,0,smac,roc_auc,binary,LGBM,,False,cv,0.0,78,3,3,LGBM_363700_20260405_160514,363700_rep2_fold0_smac_roc_auc_cv,LGBM_363700_20260405_160514::363700_rep2_fold0_smac_roc_auc_cv,0.08232839673913021,0.06427614250727799,0.046151548342129596
47,0.21149911536638222,0.28137464387464384,0.29011158594491926,19,-0.7937271363824039,363700,2,0,smac,roc_auc,binary,LGBM,,False,cv,0.0,78,3,3,LGBM_363700_20260405_160514,363700_rep2_fold0_smac_roc_auc_cv,LGBM_363700_20260405_160514::363700_rep2_fold0_smac_roc_auc_cv,0.07391216032608702,0.11191719421468456,0.11973513890271857
48,0.2565120427276627,0.3169753086419753,0.3023148148148148,19,-0.7937271363824095,363700,2,0,smac,roc_auc,binary,LGBM,,False,cv,0.0,78,3,3,LGBM_363700_20260405_160514,363700_rep2_fold0_smac_roc_auc_cv,LGBM_363700_20260405_160514::363700_rep2_fold0_smac_roc_auc_cv,0.21840365715579738,0.25049674229471797,0.1709150652195562
49,0.2116447395339518,0.28468660968660964,0.28476970560303894,19,-0.7937271363824182,363700,2,0,smac,roc_auc,binary,LGBM,,False,cv,0.0,78,3,3,LGBM_363700_20260405_160514,363700_rep2_fold0_smac_roc_auc_cv,LGBM_363700_20260405_160514::363700_rep2_fold0_smac_roc_auc_cv,0.07437961390398537,0.12480938958458423,0.09733147465896679
50,0.5,0.5,0.5,19,-0.7937271363822054,363700,2,0,smac,roc_auc,binary,LGBM,,False,cv,0.0,78,3,3,LGBM_363700_20260405_160514,363700_rep2_fold0_smac_roc_auc_cv,LGBM_363700_20260405_160514::363700_rep2_fold0_smac_roc_auc_cv,1.0,0.962940714384732,1.0
51,0.24145660498216626,0.2838556505223172,0.2799738841405508,19,-0.793727136382501,363700,2,0,smac,roc_auc,binary,LGBM,,False,cv,0.0,78,3,3,LGBM_363700_20260405_160514,363700_rep2_fold0_smac_roc_auc_cv,LGBM_363700_20260405_160514::363700_rep2_fold0_smac_roc_auc_cv,0.17007570199275376,0.12157478859572077,0.07721796276013175
52,0.21049147958147096,0.27344491927825254,0.27928537511870843,19,-0.7937271363822637,363700,2,0,smac,roc_auc,binary,LGBM,,False,cv,0.0,78,3,3,LGBM_363700_20260405_160514,363700_rep2_fold0_smac_roc_auc_cv,LGBM_363700_20260405_160514::363700_rep2_fold0_smac_roc_auc_cv,0.0706776494565219,0.08104985906381341,0.07433037936871481
53,0.20719964783963163,0.28044871794871784,0.28112535612535605,19,-0.7937271363822483,363700,2,0,smac,roc_auc,binary,LGBM,,False,cv,0.0,78,3,3,LGBM_363700_20260405_160514,363700_rep2_fold0_smac_roc_auc_cv,LGBM_363700_20260405_160514::363700_rep2_fold0_smac_roc_auc_cv,0.060110869565217634,0.10831292454137899,0.08204719705267355
54,0.20879733036762382,0.2821225071225071,0.2816832858499525,19,-0.7937271363823306,363700,2,0,smac,roc_auc,binary,LGBM,,False,cv,0.0,78,3,3,LGBM_363700_20260405_160514,363700_rep2_fold0_smac_roc_auc_cv,LGBM_363700_20260405_160514::363700_rep2_fold0_smac_roc_auc_cv,0.06523943048007258,0.11482833510466191,0.08438713531813233
55,0.20809247878008041,0.2844610636277304,0.2839031339031338,19,-0.7937271363823193,363700,2,0,smac,roc_auc,binary,LGBM,,False,cv,0.0,78,3,3,LGBM_363700_20260405_160514,363700_rep2_fold0_smac_roc_auc_cv,LGBM_363700_20260405_160514::363700_rep2_fold0_smac_roc_auc_cv,0.06297685688405823,0.12393142645903604,0.09369710245942448
56,0.21361496991963524,0.2721628679962014,0.28663342830009486,19,-0.7937271363823136,363700,2,0,smac,roc_auc,binary,LGBM,,False,cv,0.0,78,3,3,LGBM_363700_20260405_160514,363700_rep2_fold0_smac_roc_auc_cv,LGBM_363700_20260405_160514::363700_rep2_fold0_smac_roc_auc_cv,0.08070405344202924,0.07605933182385267,0.10514786418400866
57,0.20851134997629683,0.27637701804368475,0.2741690408357075,19,-0.7937271363823739,363700,2,0,smac,roc_auc,binary,LGBM,,False,cv,0.0,78,3,3,LGBM_363700_20260405_160514,363700_rep2_fold0_smac_roc_auc_cv,LGBM_363700_20260405_160514::363700_rep2_fold0_smac_roc_auc_cv,0.06432143342391294,0.0924633796959473,0.05287264761525466
58,0.5,0.2991927825261158,0.5,19,-0.7937271363826719,363700,2,0,smac,roc_auc,binary,LGBM,,False,cv,0.0,78,3,3,LGBM_363700_20260405_160514,363700_rep2_fold0_smac_roc_auc_cv,LGBM_363700_20260405_160514::363700_rep2_fold0_smac_roc_auc_cv,1.0,0.18127628113303393,1.0
59,0.21047329485811994,0.27680436847103507,0.28133903133903126,19,-0.7937271363826989,363700,2,0,smac,roc_auc,binary,LGBM,,False,cv,0.0,78,3,3,LGBM_363700_20260405_160514,363700_rep2_fold0_smac_roc_auc_cv,LGBM_363700_20260405_160514::363700_rep2_fold0_smac_roc_auc_cv,0.07061927649456512,0.09412688877593392,0.08294334362242362
60,0.21985631758205781,0.26820987654320994,0.26682098765432094,19,-0.7937271363826176,363700,2,0,smac,roc_auc,binary,LGBM,,False,cv,0.0,78,3,3,LGBM_363700_20260405_160514,363700_rep2_fold0_smac_roc_auc_cv,LGBM_363700_20260405_160514::363700_rep2_fold0_smac_roc_auc_cv,0.10073877943840569,0.060671872833972414,0.022055162799960344
61,0.3130045303964061,0.36602564102564106,0.3725546058879392,19,-0.7937271363826152,363700,2,0,smac,roc_auc,binary,LGBM,,False,cv,0.0,78,3,3,LGBM_363700_20260405_160514,363700_rep2_fold0_smac_roc_auc_cv,LGBM_363700_20260405_160514::363700_rep2_fold0_smac_roc_auc_cv,0.39974454257246356,0.4414306178087885,0.4654983570646223
62,0.212807632398754,0.2632003798670466,0.2672958214624881,19,-0.7937271363826195,363700,2,0,smac,roc_auc,binary,LGBM,,False,cv,0.0,78,3,3,LGBM_363700_20260405_160514,363700_rep2_fold0_smac_roc_auc_cv,LGBM_363700_20260405_160514::363700_rep2_fold0_smac_roc_auc_cv,0.07811250000000043,0.04117184972967962,0.02404659962162722
63,0.20921775531626696,0.2839624881291548,0.28386752136752125,19,-0.7937271363826561,363700,2,0,smac,roc_auc,binary,LGBM,,False,cv,0.0,78,3,3,LGBM_363700_20260405_160514,363700_rep2_fold0_smac_roc_auc_cv,LGBM_363700_20260405_160514::363700_rep2_fold0_smac_roc_auc_cv,0.06658899456521705,0.12199066586571752,0.0935477446977993
64,0.21245712278206696,0.2628679962013296,0.2692545109211776,19,-0.7937271363826479,363700,2,0,smac,roc_auc,binary,LGBM,,False,cv,0.0,78,3,3,LGBM_363700_20260405_160514,363700_rep2_fold0_smac_roc_auc_cv,LGBM_363700_20260405_160514::363700_rep2_fold0_smac_roc_auc_cv,0.07698736413043505,0.039878009334134226,0.03226127651100303
65,0.2878222704749651,0.31096866096866094,0.33239553656220333,19,-0.79372713638264,363700,2,0,smac,roc_auc,binary,LGBM,,False,cv,0.0,78,3,3,LGBM_363700_20260405_160514,363700_rep2_fold0_smac_roc_auc_cv,LGBM_363700_20260405_160514::363700_rep2_fold0_smac_roc_auc_cv,0.3189094882246381,0.22711519800378857,0.29707258787215046
66,0.20999366153663823,0.2673433048433048,0.27230531813865144,19,-0.793727136382638,363700,2,0,smac,roc_auc,binary,LGBM,,False,cv,0.0,78,3,3,LGBM_363700_20260405_160514,363700_rep2_fold0_smac_roc_auc_cv,LGBM_363700_20260405_160514::363700_rep2_fold0_smac_roc_auc_cv,0.06907965353260882,0.057298646088442776,0.045056258090212326
67,0.24573379441509768,0.29652184235517576,0.2974358974358975,19,-0.7937271363826411,363700,2,0,smac,roc_auc,binary,LGBM,,False,cv,0.0,78,3,3,LGBM_363700_20260405_160514,363700_rep2_fold0_smac_roc_auc_cv,LGBM_363700_20260405_160514::363700_rep2_fold0_smac_roc_auc_cv,0.18380548007246367,0.17087934938311525,0.15045305187692976
68,0.2276593769047135,0.28989791073124405,0.29622507122507113,19,-0.7937271363826437,363700,2,0,smac,roc_auc,binary,LGBM,,False,cv,0.0,78,3,3,LGBM_363700_20260405_160514,363700_rep2_fold0_smac_roc_auc_cv,LGBM_363700_20260405_160514::363700_rep2_fold0_smac_roc_auc_cv,0.1257865998641304,0.14509495864331548,0.14537488798167872
69,0.20878994607544354,0.28569563152896493,0.28903133903133904,19,-0.793727136382628,363700,2,0,smac,roc_auc,binary,LGBM,,False,cv,0.0,78,3,3,LGBM_363700_20260405_160514,363700_rep2_fold0_smac_roc_auc_cv,LGBM_363700_20260405_160514::363700_rep2_fold0_smac_roc_auc_cv,0.06521572690217388,0.12873711935677637,0.11520462013342664
70,0.2033023499932276,0.27057217473884143,0.2719848053181386,70,-0.796697650006434,363700,2,0,smac,roc_auc,binary,LGBM,,False,cv,0.0,78,3,3,LGBM_363700_20260405_160514,363700_rep2_fold0_smac_roc_auc_cv,LGBM_363700_20260405_160514::363700_rep2_fold0_smac_roc_auc_cv,0.04760054347826072,0.06986738135945632,0.04371203823558722
71,0.20237840873177126,0.2719966761633428,0.27405033238366583,71,-0.7976215912680337,363700,2,0,smac,roc_auc,binary,LGBM,,False,cv,0.0,78,3,3,LGBM_363700_20260405_160514,363700_rep2_fold0_smac_roc_auc_cv,LGBM_363700_20260405_160514::363700_rep2_fold0_smac_roc_auc_cv,0.044634692028985866,0.07541241162607955,0.05237478840983853
72,0.21745271372296715,0.2715099715099716,0.27483380816714154,71,-0.7976215912680252,363700,2,0,smac,roc_auc,binary,LGBM,,False,cv,0.0,78,3,3,LGBM_363700_20260405_160514,363700_rep2_fold0_smac_roc_auc_cv,LGBM_363700_20260405_160514::363700_rep2_fold0_smac_roc_auc_cv,0.09302321105072466,0.073517859618317,0.055660659165588475
73,0.21790142895841813,0.27226970560303887,0.27667378917378915,71,-0.7976215912680117,363700,2,0,smac,roc_auc,binary,LGBM,,False,cv,0.0,78,3,3,LGBM_363700_20260405_160514,363700_rep2_fold0_smac_roc_auc_cv,LGBM_363700_20260405_160514::363700_rep2_fold0_smac_roc_auc_cv,0.0944635869565223,0.07647520909384901,0.06337747684954721
74,0.21053109233204648,0.2903371320037986,0.28481718898385555,71,-0.7976215912680323,363700,2,0,smac,roc_auc,binary,LGBM,,False,cv,0.0,78,3,3,LGBM_363700_20260405_160514,363700_rep2_fold0_smac_roc_auc_cv,LGBM_363700_20260405_160514::363700_rep2_fold0_smac_roc_auc_cv,0.07080480638586929,0.14680467630885763,0.09753061834113305
75,0.2152884759187772,0.27344491927825265,0.27602089268755936,71,-0.7976215912680514,363700,2,0,smac,roc_auc,binary,LGBM,,False,cv,0.0,78,3,3,LGBM_363700_20260405_160514,363700_rep2_fold0_smac_roc_auc_cv,LGBM_363700_20260405_160514::363700_rep2_fold0_smac_roc_auc_cv,0.08607600769927491,0.08104985906381384,0.060639251219755434
76,0.21595893331809557,0.28457977207977214,0.2937321937321937,71,-0.7976215912680915,363700,2,0,smac,roc_auc,binary,LGBM,,False,cv,0.0,78,3,3,LGBM_363700_20260405_160514,363700_rep2_fold0_smac_roc_auc_cv,LGBM_363700_20260405_160514::363700_rep2_fold0_smac_roc_auc_cv,0.08822817595108688,0.12439351231458791,0.1349198446679282
77,0.20903159778658176,0.2855294396961062,0.2836182336182336,71,-0.7976215912681237,363700,2,0,smac,roc_auc,binary,LGBM,,False,cv,0.0,78,3,3,LGBM_363700_20260405_160514,363700_rep2_fold0_smac_roc_auc_cv,LGBM_363700_20260405_160514::363700_rep2_fold0_smac_roc_auc_cv,0.06599142889492754,0.12809019915900283,0.09250224036642453
78,0.2147338515565037,0.26394824311490983,0.2671296296296295,71,-0.7976215912681393,363700,2,0,smac,roc_auc,binary,LGBM,,False,cv,0.0,78,3,3,LGBM_363700_20260405_160514,363700_rep2_fold0_smac_roc_auc_cv,LGBM_363700_20260405_160514::363700_rep2_fold0_smac_roc_auc_cv,0.084295663496377,0.04408299061965696,0.023349596734043417
79,0.21017997602882743,0.27841880341880343,0.2790004748338082,71,-0.797621591268134,363700,2,0,smac,roc_auc,binary,LGBM,,False,cv,0.0,78,3,3,LGBM_363700_20260405_160514,363700_rep2_fold0_smac_roc_auc_cv,LGBM_363700_20260405_160514::363700_rep2_fold0_smac_roc_auc_cv,0.06967772305253615,0.10041125641144091,0.07313551727571486
80,0.2140239260237482,0.27110636277302935,0.2751068376068375,71,-0.7976215912681354,363700,2,0,smac,roc_auc,binary,LGBM,,False,cv,0.0,78,3,3,LGBM_363700_20260405_160514,363700_rep2_fold0_smac_roc_auc_cv,LGBM_363700_20260405_160514::363700_rep2_fold0_smac_roc_auc_cv,0.08201680253623182,0.07194676770943971,0.056805735338046386
81,0.25753192511512935,0.31251187084520415,0.3096747388414055,71,-0.7976215912681052,363700,2,0,smac,roc_auc,binary,LGBM,,False,cv,0.0,78,3,3,LGBM_363700_20260405_160514,363700_rep2_fold0_smac_roc_auc_cv,LGBM_363700_20260405_160514::363700_rep2_fold0_smac_roc_auc_cv,0.2216774796195653,0.2331223141259641,0.2017823359553921
82,0.2222098997838503,0.29158357075023744,0.2964268755935423,71,-0.7976215912681286,363700,2,0,smac,roc_auc,binary,LGBM,,False,cv,0.0,78,3,3,LGBM_363700_20260405_160514,363700_rep2_fold0_smac_roc_auc_cv,LGBM_363700_20260405_160514::363700_rep2_fold0_smac_roc_auc_cv,0.10829377830615958,0.1516565777921535,0.1462212486308877
83,0.2071200167050431,0.2727801519468187,0.27260208926875595,71,-0.7976215912681194,363700,2,0,smac,roc_auc,binary,LGBM,,False,cv,0.0,78,3,3,LGBM_363700_20260405_160514,363700_rep2_fold0_smac_roc_auc_cv,LGBM_363700_20260405_160514::363700_rep2_fold0_smac_roc_auc_cv,0.05985525362318845,0.07846217827272306,0.0463009061037543
84,0.5,0.3069919278252612,0.5,71,-0.7976215912678803,363700,2,0,smac,roc_auc,binary,LGBM,,False,cv,0.0,78,3,3,LGBM_363700_20260405_160514,363700_rep2_fold0_smac_roc_auc_cv,LGBM_363700_20260405_160514::363700_rep2_fold0_smac_roc_auc_cv,1.0,0.2116353218427981,1.0
85,0.20886152097724486,0.282312440645774,0.28344017094017093,71,-0.7976215912679513,363700,2,0,smac,roc_auc,binary,LGBM,,False,cv,0.0,78,3,3,LGBM_363700_20260405_160514,363700_rep2_fold0_smac_roc_auc_cv,LGBM_363700_20260405_160514::363700_rep2_fold0_smac_roc_auc_cv,0.06544548233695612,0.11556767247354524,0.09175545155829963
86,0.20671427568682554,0.28272792022792026,0.2842592592592592,71,-0.7976215912679852,363700,2,0,smac,roc_auc,binary,LGBM,,False,cv,0.0,78,3,3,LGBM_363700_20260405_160514,363700_rep2_fold0_smac_roc_auc_cv,LGBM_363700_20260405_160514::363700_rep2_fold0_smac_roc_auc_cv,0.0585528249547101,0.1171849729679772,0.09519068007567474
87,0.210068202853402,0.2887464387464387,0.2882597340930674,71,-0.7976215912679883,363700,2,0,smac,roc_auc,binary,LGBM,,False,cv,0.0,78,3,3,LGBM_363700_20260405_160514,363700_rep2_fold0_smac_roc_auc_cv,LGBM_363700_20260405_160514::363700_rep2_fold0_smac_roc_auc_cv,0.06931893115942052,0.14061272584446127,0.11196853529821779
88,0.23058398869587793,0.2771486229819563,0.27216286799620126,71,-0.7976215912679997,363700,2,0,smac,roc_auc,binary,LGBM,,False,cv,0.0,78,3,3,LGBM_363700_20260405_160514,363700_rep2_fold0_smac_roc_auc_cv,LGBM_363700_20260405_160514::363700_rep2_fold0_smac_roc_auc_cv,0.13517460371376824,0.09546693775703484,0.044458827043712124
89,0.2156873776045194,0.29136989553656223,0.28938746438746443,71,-0.7976215912680147,363700,2,0,smac,roc_auc,binary,LGBM,,False,cv,0.0,78,3,3,LGBM_363700_20260405_160514,363700_rep2_fold0_smac_roc_auc_cv,LGBM_363700_20260405_160514::363700_rep2_fold0_smac_roc_auc_cv,0.08735648211050735,0.15082482325215996,0.11669819774967692
90,0.21964110082565802,0.28707264957264955,0.2944444444444445,71,-0.7976215912680374,363700,2,0,smac,roc_auc,binary,LGBM,,False,cv,0.0,78,3,3,LGBM_363700_20260405_160514,363700_rep2_fold0_smac_roc_auc_cv,LGBM_363700_20260405_160514::363700_rep2_fold0_smac_roc_auc_cv,0.10004793365036234,0.13409731528117877,0.13790699990042876
91,0.5,0.5,0.5,71,-0.7976215912678792,363700,2,0,smac,roc_auc,binary,LGBM,,False,cv,0.0,78,3,3,LGBM_363700_20260405_160514,363700_rep2_fold0_smac_roc_auc_cv,LGBM_363700_20260405_160514::363700_rep2_fold0_smac_roc_auc_cv,1.0,0.962940714384732,1.0
92,0.23059821055691,0.2712606837606839,0.27159306742640077,71,-0.7976215912678718,363700,2,0,smac,roc_auc,binary,LGBM,,False,cv,0.0,78,3,3,LGBM_363700_20260405_160514,363700_rep2_fold0_smac_roc_auc_cv,LGBM_363700_20260405_160514::363700_rep2_fold0_smac_roc_auc_cv,0.13522025588768116,0.07254747932165817,0.042069102857712246
93,0.21188682686012916,0.2750356125356126,0.2769230769230768,71,-0.7976215912678677,363700,2,0,smac,roc_auc,binary,LGBM,,False,cv,0.0,78,3,3,LGBM_363700_20260405_160514,363700_rep2_fold0_smac_roc_auc_cv,LGBM_363700_20260405_160514::363700_rep2_fold0_smac_roc_auc_cv,0.07515671422101472,0.0872418095282102,0.06442298118092199
94,0.21742122951374765,0.27181861348528014,0.2769586894586895,71,-0.7976215912678649,363700,2,0,smac,roc_auc,binary,LGBM,,False,cv,0.0,78,3,3,LGBM_363700_20260405_160514,363700_rep2_fold0_smac_roc_auc_cv,LGBM_363700_20260405_160514::363700_rep2_fold0_smac_roc_auc_cv,0.09292214673913006,0.07471928284275176,0.06457233894254762
95,0.20762756113424985,0.2820987654320988,0.2817426400759734,71,-0.7976215912678664,363700,2,0,smac,roc_auc,binary,LGBM,,False,cv,0.0,78,3,3,LGBM_363700_20260405_160514,363700_rep2_fold0_smac_roc_auc_cv,LGBM_363700_20260405_160514::363700_rep2_fold0_smac_roc_auc_cv,0.06148447124094212,0.11473591793355171,0.08463606492084062
96,0.21031324424917597,0.2867877492877493,0.28622981956315297,71,-0.7976215912678725,363700,2,0,smac,roc_auc,binary,LGBM,,False,cv,0.0,78,3,3,LGBM_363700_20260405_160514,363700_rep2_fold0_smac_roc_auc_cv,LGBM_363700_20260405_160514::363700_rep2_fold0_smac_roc_auc_cv,0.07010551403985496,0.1329883092278542,0.10345514288559259
97,0.21781695138606705,0.27236467236467243,0.27425213675213667,71,-0.7976215912678716,363700,2,0,smac,roc_auc,binary,LGBM,,False,cv,0.0,78,3,3,LGBM_363700_20260405_160514,363700_rep2_fold0_smac_roc_auc_cv,LGBM_363700_20260405_160514::363700_rep2_fold0_smac_roc_auc_cv,0.09419241394927533,0.0768448777782911,0.0532211490590461
98,0.2078931681452888,0.281386514719848,0.27873931623931625,71,-0.797621591267867,363700,2,0,smac,roc_auc,binary,LGBM,,False,cv,0.0,78,3,3,LGBM_363700_20260405_160514,363700_rep2_fold0_smac_roc_auc_cv,LGBM_363700_20260405_160514::363700_rep2_fold0_smac_roc_auc_cv,0.06233706974637714,0.11196340280023966,0.07204022702379806
99,0.21700056294866588,0.2573005698005698,0.2615622032288698,71,-0.7976215912678676,363700,2,0,smac,roc_auc,binary,LGBM,,False,cv,0.0,78,3,3,LGBM_363700_20260405_160514,363700_rep2_fold0_smac_roc_auc_cv,LGBM_363700_20260405_160514::363700_rep2_fold0_smac_roc_auc_cv,0.09157180706521756,0.018206182708746976,0.0
100,0.20767352822079999,0.2830959164292498,0.2860754985754985,71,-0.7976215912678657,363700,2,0,smac,roc_auc,binary,LGBM,,False,cv,0.0,78,3,3,LGBM_363700_20260405_160514,363700_rep2_fold0_smac_roc_auc_cv,LGBM_363700_20260405_160514::363700_rep2_fold0_smac_roc_auc_cv,0.061632025588768055,0.11861743912018831,0.10280792591855034
101,0.20980446528342134,0.2875830959164293,0.28536324786324785,71,-0.7976215912678687,363700,2,0,smac,roc_auc,binary,LGBM,,False,cv,0.0,78,3,3,LGBM_363700_20260405_160514,363700_rep2_fold0_smac_roc_auc_cv,LGBM_363700_20260405_160514::363700_rep2_fold0_smac_roc_auc_cv,0.06847233355978259,0.13608428446005238,0.09982077068605026
102,0.2117356349327284,0.27537986704653383,0.27561728395061724,71,-0.797621591267889,363700,2,0,smac,roc_auc,binary,LGBM,,False,cv,0.0,78,3,3,LGBM_363700_20260405_160514,363700_rep2_fold0_smac_roc_auc_cv,LGBM_363700_20260405_160514::363700_rep2_fold0_smac_roc_auc_cv,0.07467138813405827,0.08858185850931112,0.05894652992133843
103,0.21157604639317795,0.2878205128205127,0.2907288698955366,71,-0.7976215912678909,363700,2,0,smac,roc_auc,binary,LGBM,,False,cv,0.0,78,3,3,LGBM_363700_20260405_160514,363700_rep2_fold0_smac_roc_auc_cv,LGBM_363700_20260405_160514::363700_rep2_fold0_smac_roc_auc_cv,0.07415910892210133,0.1370084561711557,0.12232400677088565
104,0.21398866413269224,0.27262583095916426,0.2773148148148148,71,-0.7976215912678858,363700,2,0,smac,roc_auc,binary,LGBM,,False,cv,0.0,78,3,3,LGBM_363700_20260405_160514,363700_rep2_fold0_smac_roc_auc_cv,LGBM_363700_20260405_160514::363700_rep2_fold0_smac_roc_auc_cv,0.0819036118659422,0.07786146666050503,0.06606591655879743
105,0.2233343826893991,0.2960232668566002,0.2891737891737891,71,-0.7976215912678867,363700,2,0,smac,roc_auc,binary,LGBM,,False,cv,0.0,78,3,3,LGBM_363700_20260405_160514,363700_rep2_fold0_smac_roc_auc_cv,LGBM_363700_20260405_160514::363700_rep2_fold0_smac_roc_auc_cv,0.11190336843297118,0.16893858878979673,0.11580205117992638
106,0.22511672190335896,0.3115147198480531,0.29624881291547955,71,-0.7976215912678517,363700,2,0,smac,roc_auc,binary,LGBM,,False,cv,0.0,78,3,3,LGBM_363700_20260405_160514,363700_rep2_fold0_smac_roc_auc_cv,LGBM_363700_20260405_160514::363700_rep2_fold0_smac_roc_auc_cv,0.11762467730978236,0.22924079293932748,0.14547445982276233
107,0.20861450079574706,0.28580246913580243,0.2864434947768282,71,-0.7976215912678513,363700,2,0,smac,roc_auc,binary,LGBM,,False,cv,0.0,78,3,3,LGBM_363700_20260405_160514,363700_rep2_fold0_smac_roc_auc_cv,LGBM_363700_20260405_160514::363700_rep2_fold0_smac_roc_auc_cv,0.06465254755434817,0.1291529966267727,0.10435128945534265
108,0.2229032719451216,0.2822768281101613,0.29934710351377025,71,-0.7976215912678511,363700,2,0,smac,roc_auc,binary,LGBM,,False,cv,0.0,78,3,3,LGBM_363700_20260405_160514,363700_rep2_fold0_smac_roc_auc_cv,LGBM_363700_20260405_160514::363700_rep2_fold0_smac_roc_auc_cv,0.11051950294384046,0.11542904671687908,0.15846858508413883
109,0.26198842921802323,0.3761633428300095,0.3448361823361824,71,-0.7976215912678519,363700,2,0,smac,roc_auc,binary,LGBM,,False,cv,0.0,78,3,3,LGBM_363700_20260405_160514,363700_rep2_fold0_smac_roc_auc_cv,LGBM_363700_20260405_160514::363700_rep2_fold0_smac_roc_auc_cv,0.23598285778985467,0.48089274987292596,0.3492482325998213
110,0.2236220561594202,0.29135802469135796,0.2849358974358974,71,-0.7976215912678235,363700,2,0,smac,roc_auc,binary,LGBM,,False,cv,0.0,78,3,3,LGBM_363700_20260405_160514,363700_rep2_fold0_smac_roc_auc_cv,LGBM_363700_20260405_160514::363700_rep2_fold0_smac_roc_auc_cv,0.11282680027173898,0.15077861466660442,0.09802847754655013
111,0.22550970839541296,0.2703584995251662,0.27355175688509026,71,-0.7976215912678247,363700,2,0,smac,roc_auc,binary,LGBM,,False,cv,0.0,78,3,3,LGBM_363700_20260405_160514,363700_rep2_fold0_smac_roc_auc_cv,LGBM_363700_20260405_160514::363700_rep2_fold0_smac_roc_auc_cv,0.11888616394927569,0.06903562681946279,0.05028377974708805
112,0.21151371993374402,0.2820868945868946,0.2844729344729344,71,-0.7976215912678227,363700,2,0,smac,roc_auc,binary,LGBM,,False,cv,0.0,78,3,3,LGBM_363700_20260405_160514,363700_rep2_fold0_smac_roc_auc_cv,LGBM_363700_20260405_160514::363700_rep2_fold0_smac_roc_auc_cv,0.0739590409873184,0.1146897093479966,0.09608682664542481
113,0.2575819908630187,0.2921415004748338,0.2930555555555556,71,-0.7976215912678245,363700,2,0,smac,roc_auc,binary,LGBM,,False,cv,0.0,78,3,3,LGBM_363700_20260405_160514,363700_rep2_fold0_smac_roc_auc_cv,LGBM_363700_20260405_160514::363700_rep2_fold0_smac_roc_auc_cv,0.2218381906702901,0.1538283813132475,0.1320820471970533
114,0.26439602239378757,0.2995963912630578,0.2922245963912631,71,-0.7976215912678256,363700,2,0,smac,roc_auc,binary,LGBM,,False,cv,0.0,78,3,3,LGBM_363700_20260405_160514,363700_rep2_fold0_smac_roc_auc_cv,LGBM_363700_20260405_160514::363700_rep2_fold0_smac_roc_auc_cv,0.24371123188405816,0.18284737304191034,0.12859703275913614
115,0.2092207358402185,0.28772554605887934,0.28485280151946824,71,-0.7976215912678232,363700,2,0,smac,roc_auc,binary,LGBM,,False,cv,0.0,78,3,3,LGBM_363700_20260405_160514,363700_rep2_fold0_smac_roc_auc_cv,LGBM_363700_20260405_160514::363700_rep2_fold0_smac_roc_auc_cv,0.06659856204710148,0.13663878748671446,0.09767997610275869
116,0.21525852958937197,0.28992165242165246,0.28342830009496667,71,-0.7976215912678223,363700,2,0,smac,roc_auc,binary,LGBM,,False,cv,0.0,78,3,3,LGBM_363700_20260405_160514,363700_rep2_fold0_smac_roc_auc_cv,LGBM_363700_20260405_160514::363700_rep2_fold0_smac_roc_auc_cv,0.08597987998188412,0.1451873758144261,0.09170566563775759
117,0.2139490654911056,0.2978395061728395,0.2865503323836657,71,-0.7976215912678223,363700,2,0,smac,roc_auc,binary,LGBM,,False,cv,0.0,78,3,3,LGBM_363700_20260405_160514,363700_rep2_fold0_smac_roc_auc_cv,LGBM_363700_20260405_160514::363700_rep2_fold0_smac_roc_auc_cv,0.08177650022644906,0.17600850237974172,0.10479936274021723
118,0.2080200061938462,0.2827991452991453,0.2854819563152897,71,-0.7976215912678786,363700,2,0,smac,roc_auc,binary,LGBM,,False,cv,0.0,78,3,3,LGBM_363700_20260405_160514,363700_rep2_fold0_smac_roc_auc_cv,LGBM_363700_20260405_160514::363700_rep2_fold0_smac_roc_auc_cv,0.06274421988224639,0.11746222448130822,0.10031862989146734
119,0.20752791287134864,0.28351139601139597,0.2856956315289648,71,-0.7976215912678474,363700,2,0,smac,roc_auc,binary,LGBM,,False,cv,0.0,78,3,3,LGBM_363700_20260405_160514,363700_rep2_fold0_smac_roc_auc_cv,LGBM_363700_20260405_160514::363700_rep2_fold0_smac_roc_auc_cv,0.06116460031702924,0.12023473961461983,0.10121477646121695
120,0.5,0.30097340930674255,0.5,71,-0.7976215912680772,363700,2,0,smac,roc_auc,binary,LGBM,,False,cv,0.0,78,3,3,LGBM_363700_20260405_160514,363700_rep2_fold0_smac_roc_auc_cv,LGBM_363700_20260405_160514::363700_rep2_fold0_smac_roc_auc_cv,1.0,0.18820756896631316,1.0
121,0.28053946072621794,0.29584520417853755,0.30206552706552714,71,-0.7976215912680766,363700,2,0,smac,roc_auc,binary,LGBM,,False,cv,0.0,78,3,3,LGBM_363700_20260405_160514,363700_rep2_fold0_smac_roc_auc_cv,LGBM_363700_20260405_160514::363700_rep2_fold0_smac_roc_auc_cv,0.2955316689311597,0.16824546000646895,0.16986956088818145
122,0.22845551012461063,0.2723171889838557,0.27333808167141505,71,-0.7976215912680733,363700,2,0,smac,roc_auc,binary,LGBM,,False,cv,0.0,78,3,3,LGBM_363700_20260405_160514,363700_rep2_fold0_smac_roc_auc_cv,LGBM_363700_20260405_160514::363700_rep2_fold0_smac_roc_auc_cv,0.1283421875000002,0.07666004343607027,0.04938763317733798
123,0.21220151022619527,0.29046771130104476,0.28641975308641976,71,-0.7976215912680809,363700,2,0,smac,roc_auc,binary,LGBM,,False,cv,0.0,78,3,3,LGBM_363700_20260405_160514,363700_rep2_fold0_smac_roc_auc_cv,LGBM_363700_20260405_160514::363700_rep2_fold0_smac_roc_auc_cv,0.0761668478260869,0.14731297074996544,0.10425171761425905
124,0.20788911181091707,0.28530389363722697,0.28525641025641035,71,-0.7976215912680727,363700,2,0,smac,roc_auc,binary,LGBM,,False,cv,0.0,78,3,3,LGBM_363700_20260405_160514,363700_rep2_fold0_smac_roc_auc_cv,LGBM_363700_20260405_160514::363700_rep2_fold0_smac_roc_auc_cv,0.062324048913043904,0.12721223603345463,0.0993726974011757
125,0.214353568445528,0.2638414055080722,0.2646961063627731,71,-0.7976215912681324,363700,2,0,smac,roc_auc,binary,LGBM,,False,cv,0.0,78,3,3,LGBM_363700_20260405_160514,363700_rep2_fold0_smac_roc_auc_cv,LGBM_363700_20260405_160514::363700_rep2_fold0_smac_roc_auc_cv,0.08307495471014498,0.0436671133496602,0.013143483023001664
126,0.22445184813648467,0.2923789173789173,0.2928418803418802,71,-0.7976215912681236,363700,2,0,smac,roc_auc,binary,LGBM,,False,cv,0.0,78,3,3,LGBM_363700_20260405_160514,363700_rep2_fold0_smac_roc_auc_cv,LGBM_363700_20260405_160514::363700_rep2_fold0_smac_roc_auc_cv,0.11549043251811587,0.15475255302435123,0.1311859006273023
127,0.20765977372003241,0.2759259259259259,0.27822886989553663,71,-0.7976215912681214,363700,2,0,smac,roc_auc,binary,LGBM,,False,cv,0.0,78,3,3,LGBM_363700_20260405_160514,363700_rep2_fold0_smac_roc_auc_cv,LGBM_363700_20260405_160514::363700_rep2_fold0_smac_roc_auc_cv,0.06158787364130416,0.09070745344484961,0.06989943244050648
128,0.20793380556119911,0.27127255460588784,0.2751661918328585,71,-0.7976215912681215,363700,2,0,smac,roc_auc,binary,LGBM,,False,cv,0.0,78,3,3,LGBM_363700_20260405_160514,363700_rep2_fold0_smac_roc_auc_cv,LGBM_363700_20260405_160514::363700_rep2_fold0_smac_roc_auc_cv,0.06246751585144926,0.0725936879072124,0.05705466494075515
129,0.20945820776333002,0.2853988603988604,0.2830484330484331,71,-0.7976215912676724,363700,2,0,smac,roc_auc,binary,LGBM,,False,cv,0.0,78,3,3,LGBM_363700_20260405_160514,363700_rep2_fold0_smac_roc_auc_cv,LGBM_363700_20260405_160514::363700_rep2_fold0_smac_roc_auc_cv,0.06736084692028946,0.1275819047178963,0.09011251618042465
130,0.28455017015440875,0.31728395061728387,0.29788698955365633,71,-0.797621591267672,363700,2,0,smac,roc_auc,binary,LGBM,,False,cv,0.0,78,3,3,LGBM_363700_20260405_160514,363700_rep2_fold0_smac_roc_auc_cv,LGBM_363700_20260405_160514::363700_rep2_fold0_smac_roc_auc_cv,0.3084060461956522,0.25169816551915275,0.1523449168575135
131,0.21712139938597674,0.27835944919278244,0.28424738841405517,71,-0.7976215912676722,363700,2,0,smac,roc_auc,binary,LGBM,,False,cv,0.0,78,3,3,LGBM_363700_20260405_160514,363700_rep2_fold0_smac_roc_auc_cv,LGBM_363700_20260405_160514::363700_rep2_fold0_smac_roc_auc_cv,0.09195969202898545,0.10018021348366454,0.09514089415513365
132,0.21860746041017642,0.28346391263057913,0.2826923076923078,71,-0.7976215912676735,363700,2,0,smac,roc_auc,binary,LGBM,,False,cv,0.0,78,3,3,LGBM_363700_20260405_160514,363700_rep2_fold0_smac_roc_auc_cv,LGBM_363700_20260405_160514::363700_rep2_fold0_smac_roc_auc_cv,0.09672994791666642,0.12004990527239857,0.08861893856417484
133,0.20959385334834535,0.2882241215574548,0.28460351377018034,71,-0.7976215912676754,363700,2,0,smac,roc_auc,binary,LGBM,,False,cv,0.0,78,3,3,LGBM_363700_20260405_160514,363700_rep2_fold0_smac_roc_auc_cv,LGBM_363700_20260405_160514::363700_rep2_fold0_smac_roc_auc_cv,0.06779626924818867,0.13857954808003253,0.09663447177138298
134,0.2116461645418528,0.274869420702754,0.28495963912630584,71,-0.7976215912676774,363700,2,0,smac,roc_auc,binary,LGBM,,False,cv,0.0,78,3,3,LGBM_363700_20260405_160514,363700_rep2_fold0_smac_roc_auc_cv,LGBM_363700_20260405_160514::363700_rep2_fold0_smac_roc_auc_cv,0.07438418817934762,0.08659488933043707,0.09812804938763373
135,0.21293961141022177,0.27420465337132005,0.274928774928775,71,-0.7976215912676795,363700,2,0,smac,roc_auc,binary,LGBM,,False,cv,0.0,78,3,3,LGBM_363700_20260405_160514,363700_rep2_fold0_smac_roc_auc_cv,LGBM_363700_20260405_160514::363700_rep2_fold0_smac_roc_auc_cv,0.078536152626812,0.08400720853934629,0.056058946529921945
136,0.2129224830974309,0.2756291547958216,0.27781339031339036,71,-0.7976215912676811,363700,2,0,smac,roc_auc,binary,LGBM,,False,cv,0.0,78,3,3,LGBM_363700_20260405_160514,363700_rep2_fold0_smac_roc_auc_cv,LGBM_363700_20260405_160514::363700_rep2_fold0_smac_roc_auc_cv,0.07848117074275326,0.08955223880597038,0.06815692522154791
137,0.2111331281886315,0.2693019943019943,0.2700617283950618,71,-0.7976215912676825,363700,2,0,smac,roc_auc,binary,LGBM,,False,cv,0.0,78,3,3,LGBM_363700_20260405_160514,363700_rep2_fold0_smac_roc_auc_cv,LGBM_363700_20260405_160514::363700_rep2_fold0_smac_roc_auc_cv,0.07273734148550723,0.06492306270505026,0.035646719107837045
138,0.28872488952661524,0.3027302943969611,0.3227920227920227,71,-0.7976215912681296,363700,2,0,smac,roc_auc,binary,LGBM,,False,cv,0.0,78,3,3,LGBM_363700_20260405_160514,363700_rep2_fold0_smac_roc_auc_cv,LGBM_363700_20260405_160514::363700_rep2_fold0_smac_roc_auc_cv,0.321806895380435,0.19504643962848264,0.2567957781539379
139,0.21133962029888476,0.28772554605887946,0.2855413105413105,71,-0.7976215912681277,363700,2,0,smac,roc_auc,binary,LGBM,,False,cv,0.0,78,3,3,LGBM_363700_20260405_160514,363700_rep2_fold0_smac_roc_auc_cv,LGBM_363700_20260405_160514::363700_rep2_fold0_smac_roc_auc_cv,0.07340018115942017,0.1366387874867149,0.10056755949417517
140,0.2037221347464897,0.2700617283950617,0.2714506172839506,71,-0.7976215912681441,363700,2,0,smac,roc_auc,binary,LGBM,,False,cv,0.0,78,3,3,LGBM_363700_20260405_160514,363700_rep2_fold0_smac_roc_auc_cv,LGBM_363700_20260405_160514::363700_rep2_fold0_smac_roc_auc_cv,0.04894805253623205,0.0678804121805827,0.04147167181121204
141,0.20971813766987224,0.2821937321937321,0.2850189933523266,71,-0.797621591268139,363700,2,0,smac,roc_auc,binary,LGBM,,False,cv,0.0,78,3,3,LGBM_363700_20260405_160514,363700_rep2_fold0_smac_roc_auc_cv,LGBM_363700_20260405_160514::363700_rep2_fold0_smac_roc_auc_cv,0.06819522192029,0.11510558661799294,0.09837697899034156
142,0.2234387415910426,0.2974596391263058,0.29329297245963915,71,-0.7976215912681385,363700,2,0,smac,roc_auc,binary,LGBM,,False,cv,0.0,78,3,3,LGBM_363700_20260405_160514,363700_rep2_fold0_smac_roc_auc_cv,LGBM_363700_20260405_160514::363700_rep2_fold0_smac_roc_auc_cv,0.11223836050724685,0.1745298276419755,0.1330777656078865
143,0.20850927242764894,0.28221747388414054,0.28506647673314334,71,-0.797621591267687,363700,2,0,smac,roc_auc,binary,LGBM,,False,cv,0.0,78,3,3,LGBM_363700_20260405_160514,363700_rep2_fold0_smac_roc_auc_cv,LGBM_363700_20260405_160514::363700_rep2_fold0_smac_roc_auc_cv,0.0643147644927532,0.11519800378910357,0.09857612267250829
144,0.20848807014425041,0.2811965811965812,0.2845322886989554,71,-0.7976215912677272,363700,2,0,smac,roc_auc,binary,LGBM,,False,cv,0.0,78,3,3,LGBM_363700_20260405_160514,363700_rep2_fold0_smac_roc_auc_cv,LGBM_363700_20260405_160514::363700_rep2_fold0_smac_roc_auc_cv,0.06424670516304394,0.11122406543135677,0.09633575624813358
145,0.20734364418258155,0.28314339981006653,0.286170465337132,71,-0.7976215912677274,363700,2,0,smac,roc_auc,binary,LGBM,,False,cv,0.0,78,3,3,LGBM_363700_20260405_160514,363700_rep2_fold0_smac_roc_auc_cv,LGBM_363700_20260405_160514::363700_rep2_fold0_smac_roc_auc_cv,0.06057309782608689,0.11880227346240915,0.10320621328288382
146,0.5,0.5,0.5,71,-0.7976215912677675,363700,2,0,smac,roc_auc,binary,LGBM,,False,cv,0.0,78,3,3,LGBM_363700_20260405_160514,363700_rep2_fold0_smac_roc_auc_cv,LGBM_363700_20260405_160514::363700_rep2_fold0_smac_roc_auc_cv,1.0,0.962940714384732,1.0
147,0.21532387360885363,0.2793803418803418,0.2879510921177588,71,-0.7976215912677682,363700,2,0,smac,roc_auc,binary,LGBM,,False,cv,0.0,78,3,3,LGBM_363700_20260405_160514,363700_rep2_fold0_smac_roc_auc_cv,LGBM_363700_20260405_160514::363700_rep2_fold0_smac_roc_auc_cv,0.08618963428442027,0.10415415184141134,0.11067410136413472
148,0.21145666318174638,0.28110161443494774,0.2827991452991452,71,-0.7976215912682232,363700,2,0,smac,roc_auc,binary,LGBM,,False,cv,0.0,78,3,3,LGBM_363700_20260405_160514,363700_rep2_fold0_smac_roc_auc_cv,LGBM_363700_20260405_160514::363700_rep2_fold0_smac_roc_auc_cv,0.073775888813406,0.11085439674691511,0.08906701184904894
149,0.28140695192220877,0.3293328584995252,0.3246438746438747,71,-0.7976215912682137,363700,2,0,smac,roc_auc,binary,LGBM,,False,cv,0.0,78,3,3,LGBM_363700_20260405_160514,363700_rep2_fold0_smac_roc_auc_cv,LGBM_363700_20260405_160514::363700_rep2_fold0_smac_roc_auc_cv,0.2983163156702902,0.2985998798576773,0.2645623817584391
150,0.21647374916756967,0.2900403608736941,0.290159069325736,71,-0.7976215912681563,363700,2,0,smac,roc_auc,binary,LGBM,,False,cv,0.0,78,3,3,LGBM_363700_20260405_160514,363700_rep2_fold0_smac_roc_auc_cv,LGBM_363700_20260405_160514::363700_rep2_fold0_smac_roc_auc_cv,0.08988073482789875,0.14564946166997753,0.1199342825848853
151,0.22470345726669372,0.2884496676163343,0.2818257359924027,71,-0.7976215912680669,363700,2,0,smac,roc_auc,binary,LGBM,,False,cv,0.0,78,3,3,LGBM_363700_20260405_160514,363700_rep2_fold0_smac_roc_auc_cv,LGBM_363700_20260405_160514::363700_rep2_fold0_smac_roc_auc_cv,0.11629809782608694,0.1394575112055816,0.08498456636463253
152,0.210750665238837,0.2898385565052233,0.28867521367521365,71,-0.7976215912680668,363700,2,0,smac,roc_auc,binary,LGBM,,False,cv,0.0,78,3,3,LGBM_363700_20260405_160514,363700_rep2_fold0_smac_roc_auc_cv,LGBM_363700_20260405_160514::363700_rep2_fold0_smac_roc_auc_cv,0.0715096354166669,0.14486391571553997,0.11371104251717637
153,0.20838971109022963,0.2836063627730294,0.2851020892687559,71,-0.7976215912680409,363700,2,0,smac,roc_auc,binary,LGBM,,False,cv,0.0,78,3,3,LGBM_363700_20260405_160514,363700_rep2_fold0_smac_roc_auc_cv,LGBM_363700_20260405_160514::363700_rep2_fold0_smac_roc_auc_cv,0.06393097259963723,0.12060440829906151,0.09872548043413346
154,0.21030861650074484,0.28717948717948727,0.28688271604938265,71,-0.7976215912680431,363700,2,0,smac,roc_auc,binary,LGBM,,False,cv,0.0,78,3,3,LGBM_363700_20260405_160514,363700_rep2_fold0_smac_roc_auc_cv,LGBM_363700_20260405_160514::363700_rep2_fold0_smac_roc_auc_cv,0.07009065896739103,0.13451319255117597,0.1061933685153839
155,0.218627556901553,0.2880579297245963,0.290693257359924,71,-0.7976215912680389,363700,2,0,smac,roc_auc,binary,LGBM,,False,cv,0.0,78,3,3,LGBM_363700_20260405_160514,363700_rep2_fold0_smac_roc_auc_cv,LGBM_363700_20260405_160514::363700_rep2_fold0_smac_roc_auc_cv,0.09679445765398523,0.13793262788225985,0.12217464900926048
156,0.21020661732753188,0.2845679012345679,0.28547008547008557,71,-0.7976215912680461,363700,2,0,smac,roc_auc,binary,LGBM,,False,cv,0.0,78,3,3,LGBM_363700_20260405_160514,363700_rep2_fold0_smac_roc_auc_cv,LGBM_363700_20260405_160514::363700_rep2_fold0_smac_roc_auc_cv,0.06976324162137743,0.12434730372903238,0.10026884397092577
157,0.22460772953914387,0.2924620132953466,0.29293684710351364,71,-0.7976215912680419,363700,2,0,smac,roc_auc,binary,LGBM,,False,cv,0.0,78,3,3,LGBM_363700_20260405_160514,363700_rep2_fold0_smac_roc_auc_cv,LGBM_363700_20260405_160514::363700_rep2_fold0_smac_roc_auc_cv,0.11599081182065193,0.1550760131232378,0.13158418799163576
158,0.2097513749209896,0.28313152896486216,0.2878679962013294,71,-0.7976215912680442,363700,2,0,smac,roc_auc,binary,LGBM,,False,cv,0.0,78,3,3,LGBM_363700_20260405_160514,363700_rep2_fold0_smac_roc_auc_cv,LGBM_363700_20260405_160514::363700_rep2_fold0_smac_roc_auc_cv,0.06830191349637675,0.11875606487685318,0.11032559992034235
159,0.2045196559381912,0.27754036087369416,0.2773029439696105,71,-0.7976215912680484,363700,2,0,smac,roc_auc,binary,LGBM,,False,cv,0.0,78,3,3,LGBM_363700_20260405_160514,363700_rep2_fold0_smac_roc_auc_cv,LGBM_363700_20260405_160514::363700_rep2_fold0_smac_roc_auc_cv,0.0515080955615939,0.09699182108035617,0.0660161306382554
160,0.21510903074066545,0.2694444444444445,0.2667260208926876,71,-0.7976215912680502,363700,2,0,smac,roc_auc,binary,LGBM,,False,cv,0.0,78,3,3,LGBM_363700_20260405_160514,363700_rep2_fold0_smac_roc_auc_cv,LGBM_363700_20260405_160514::363700_rep2_fold0_smac_roc_auc_cv,0.0854999886775362,0.06547756573171275,0.02165687543562734
161,0.22355676681227143,0.2798076923076923,0.2845916429249763,71,-0.7976215912680508,363700,2,0,smac,roc_auc,binary,LGBM,,False,cv,0.0,78,3,3,LGBM_363700_20260405_160514,363700_rep2_fold0_smac_roc_auc_cv,LGBM_363700_20260405_160514::363700_rep2_fold0_smac_roc_auc_cv,0.1126172214673914,0.10581766092139884,0.09658468585084189
162,0.209996273463249,0.28641975308641976,0.2877967711301045,71,-0.7976215912680521,363700,2,0,smac,roc_auc,binary,LGBM,,False,cv,0.0,78,3,3,LGBM_363700_20260405_160514,363700_rep2_fold0_smac_roc_auc_cv,LGBM_363700_20260405_160514::363700_rep2_fold0_smac_roc_auc_cv,0.06908803781702941,0.13155584307564308,0.11002688439709295
163,0.22458116407625628,0.2923789173789173,0.2928656220322887,71,-0.7976215912680494,363700,2,0,smac,roc_auc,binary,LGBM,,False,cv,0.0,78,3,3,LGBM_363700_20260405_160514,363700_rep2_fold0_smac_roc_auc_cv,LGBM_363700_20260405_160514::363700_rep2_fold0_smac_roc_auc_cv,0.11590553668478275,0.15475255302435123,0.13128547246838634
164,0.2095560059850332,0.28441358024691343,0.2839150047483381,71,-0.7976215912680504,363700,2,0,smac,roc_auc,binary,LGBM,,False,cv,0.0,78,3,3,LGBM_363700_20260405_160514,363700_rep2_fold0_smac_roc_auc_cv,LGBM_363700_20260405_160514::363700_rep2_fold0_smac_roc_auc_cv,0.0676747792119567,0.12374659211681435,0.0937468883799665
165,0.2206883246704141,0.2825023741690408,0.28612298195631536,71,-0.7976215912680478,363700,2,0,smac,roc_auc,binary,LGBM,,False,cv,0.0,78,3,3,LGBM_363700_20260405_160514,363700_rep2_fold0_smac_roc_auc_cv,LGBM_363700_20260405_160514::363700_rep2_fold0_smac_roc_auc_cv,0.10340952219202937,0.11630700984242813,0.10300706960071755
166,0.2070614996726714,0.2698717948717948,0.27504748338081675,71,-0.7976215912680384,363700,2,0,smac,roc_auc,binary,LGBM,,False,cv,0.0,78,3,3,LGBM_363700_20260405_160514,363700_rep2_fold0_smac_roc_auc_cv,LGBM_363700_20260405_160514::363700_rep2_fold0_smac_roc_auc_cv,0.0596674139492753,0.06714107481169937,0.05655680573533855
167,0.22328531691611353,0.29641500474833804,0.29304368471035136,71,-0.7976215912680397,363700,2,0,smac,roc_auc,binary,LGBM,,False,cv,0.0,78,3,3,LGBM_363700_20260405_160514,363700_rep2_fold0_smac_roc_auc_cv,LGBM_363700_20260405_160514::363700_rep2_fold0_smac_roc_auc_cv,0.11174586730072453,0.17046347211311805,0.13203226127651127
168,0.2506388021186058,0.27336182336182335,0.27540360873694203,71,-0.7976215912680357,363700,2,0,smac,roc_auc,binary,LGBM,,False,cv,0.0,78,3,3,LGBM_363700_20260405_160514,363700_rep2_fold0_smac_roc_auc_cv,LGBM_363700_20260405_160514::363700_rep2_fold0_smac_roc_auc_cv,0.19955055480072467,0.08072639896492728,0.05805038335158836
169,0.21107221615535676,0.28563627730294394,0.2870251661918328,71,-0.7976215912680358,363700,2,0,smac,roc_auc,binary,LGBM,,False,cv,0.0,78,3,3,LGBM_363700_20260405_160514,363700_rep2_fold0_smac_roc_auc_cv,LGBM_363700_20260405_160514::363700_rep2_fold0_smac_roc_auc_cv,0.0725418138586953,0.12850607642900003,0.1067907995618841
170,0.21209937172671445,0.2844254510921178,0.2837962962962963,71,-0.797621591268034,363700,2,0,smac,roc_auc,binary,LGBM,,False,cv,0.0,78,3,3,LGBM_363700_20260405_160514,363700_rep2_fold0_smac_roc_auc_cv,LGBM_363700_20260405_160514::363700_rep2_fold0_smac_roc_auc_cv,0.07583898324275348,0.12379280070237031,0.0932490291745499
171,0.221745583533681,0.2897198480531813,0.296213200379867,71,-0.797621591268032,363700,2,0,smac,roc_auc,binary,LGBM,,False,cv,0.0,78,3,3,LGBM_363700_20260405_160514,363700_rep2_fold0_smac_roc_auc_cv,LGBM_363700_20260405_160514::363700_rep2_fold0_smac_roc_auc_cv,0.10680332314311615,0.14440182985998723,0.14532510206113716
172,0.5,0.30802469135802457,0.5,71,-0.7976215912679918,363700,2,0,smac,roc_auc,binary,LGBM,,False,cv,0.0,78,3,3,LGBM_363700_20260405_160514,363700_rep2_fold0_smac_roc_auc_cv,LGBM_363700_20260405_160514::363700_rep2_fold0_smac_roc_auc_cv,1.0,0.2156554687860996,1.0
173,0.22643300417061707,0.2770892687559354,0.2862535612535613,71,-0.7976215912679149,363700,2,0,smac,roc_auc,binary,LGBM,,False,cv,0.0,78,3,3,LGBM_363700_20260405_160514,363700_rep2_fold0_smac_roc_auc_cv,LGBM_363700_20260405_160514::363700_rep2_fold0_smac_roc_auc_cv,0.12184994338768089,0.09523589482925891,0.10355471472667571
174,0.23127442971465972,0.29456315289648627,0.29557217473884134,71,-0.7976215912678963,363700,2,0,smac,roc_auc,binary,LGBM,,False,cv,0.0,78,3,3,LGBM_363700_20260405_160514,363700_rep2_fold0_smac_roc_auc_cv,LGBM_363700_20260405_160514::363700_rep2_fold0_smac_roc_auc_cv,0.1373909193840578,0.16325493276650777,0.14263666235188693
175,0.2166964719061809,0.29076448243114905,0.2908831908831909,71,-0.7976215912678614,363700,2,0,smac,roc_auc,binary,LGBM,,False,cv,0.0,78,3,3,LGBM_363700_20260405_160514,363700_rep2_fold0_smac_roc_auc_cv,LGBM_363700_20260405_160514::363700_rep2_fold0_smac_roc_auc_cv,0.09059567481884082,0.14846818538884468,0.12297122373792742
176,0.2127273734141497,0.2679962013295346,0.27640075973409295,71,-0.7976215912678863,363700,2,0,smac,roc_auc,binary,LGBM,,False,cv,0.0,78,3,3,LGBM_363700_20260405_160514,363700_rep2_fold0_smac_roc_auc_cv,LGBM_363700_20260405_160514::363700_rep2_fold0_smac_roc_auc_cv,0.07785486865942068,0.05984011829397846,0.06223240067708838
177,0.23259710159036528,0.3097103513770181,0.2808404558404558,71,-0.7976215912678806,363700,2,0,smac,roc_auc,binary,LGBM,,False,cv,0.0,78,3,3,LGBM_363700_20260405_160514,363700_rep2_fold0_smac_roc_auc_cv,LGBM_363700_20260405_160514::363700_rep2_fold0_smac_roc_auc_cv,0.14163669610507265,0.22221708793493802,0.0808523349596736
178,0.2197482533071471,0.27105887939221274,0.2848646723646723,71,-0.7976215912679088,363700,2,0,smac,roc_auc,binary,LGBM,,False,cv,0.0,78,3,3,LGBM_363700_20260405_160514,363700_rep2_fold0_smac_roc_auc_cv,LGBM_363700_20260405_160514::363700_rep2_fold0_smac_roc_auc_cv,0.10039189311594227,0.07176193336721931,0.09772976202329979
179,0.21809589844631816,0.2770655270655271,0.2763057929724597,71,-0.7976215912679139,363700,2,0,smac,roc_auc,binary,LGBM,,False,cv,0.0,78,3,3,LGBM_363700_20260405_160514,363700_rep2_fold0_smac_roc_auc_cv,LGBM_363700_20260405_160514::363700_rep2_fold0_smac_roc_auc_cv,0.0950878340126814,0.0951434776581487,0.06183411331275584
180,0.20942918557271195,0.2870607787274454,0.28656220322886994,71,-0.7976215912679241,363700,2,0,smac,roc_auc,binary,LGBM,,False,cv,0.0,78,3,3,LGBM_363700_20260405_160514,363700_rep2_fold0_smac_roc_auc_cv,LGBM_363700_20260405_160514::363700_rep2_fold0_smac_roc_auc_cv,0.06726768568840547,0.13405110669562367,0.10484914866075926
181,0.20535555710754427,0.2732075023741689,0.275391737891738,71,-0.7976215912679231,363700,2,0,smac,roc_auc,binary,LGBM,,False,cv,0.0,78,3,3,LGBM_363700_20260405_160514,363700_rep2_fold0_smac_roc_auc_cv,LGBM_363700_20260405_160514::363700_rep2_fold0_smac_roc_auc_cv,0.05419133831521722,0.08012568735270925,0.058000597431047254
182,0.21498306568580983,0.27094017094017087,0.2666666666666667,71,-0.797621591267914,363700,2,0,smac,roc_auc,binary,LGBM,,False,cv,0.0,78,3,3,LGBM_363700_20260405_160514,363700_rep2_fold0_smac_roc_auc_cv,LGBM_363700_20260405_160514::363700_rep2_fold0_smac_roc_auc_cv,0.08509564085144965,0.07129984751166701,0.02140794583291904
183,0.21297679036017425,0.28595679012345676,0.28669278252611585,71,-0.7976215912679073,363700,2,0,smac,roc_auc,binary,LGBM,,False,cv,0.0,78,3,3,LGBM_363700_20260405_160514,363700_rep2_fold0_smac_roc_auc_cv,LGBM_363700_20260405_160514::363700_rep2_fold0_smac_roc_auc_cv,0.07865549705615944,0.1297537082389903,0.10539679378671743
184,0.22253816481556732,0.26619183285849957,0.27412155745489075,71,-0.7976215912680998,363700,2,0,smac,roc_auc,binary,LGBM,,False,cv,0.0,78,3,3,LGBM_363700_20260405_160514,363700_rep2_fold0_smac_roc_auc_cv,LGBM_363700_20260405_160514::363700_rep2_fold0_smac_roc_auc_cv,0.10934750905797119,0.052816413289589005,0.05267350393308793
185,0.22512509558840121,0.29516856600189934,0.2891263057929725,71,-0.7976215912680946,363700,2,0,smac,roc_auc,binary,LGBM,,False,cv,0.0,78,3,3,LGBM_363700_20260405_160514,363700_rep2_fold0_smac_roc_auc_cv,LGBM_363700_20260405_160514::363700_rep2_fold0_smac_roc_auc_cv,0.11765155683876799,0.16561157062982262,0.11560290749776012
186,0.21208912507336675,0.2752018043684711,0.2766263057929723,71,-0.7976215912680996,363700,2,0,smac,roc_auc,binary,LGBM,,False,cv,0.0,78,3,3,LGBM_363700_20260405_160514,363700_rep2_fold0_smac_roc_auc_cv,LGBM_363700_20260405_160514::363700_rep2_fold0_smac_roc_auc_cv,0.07580609148550736,0.0878887297259829,0.06317833316738002
187,0.22613979292236663,0.29234330484330484,0.3038342830009497,71,-0.7976215912681012,363700,2,0,smac,roc_auc,binary,LGBM,,False,cv,0.0,78,3,3,LGBM_363700_20260405_160514,363700_rep2_fold0_smac_roc_auc_cv,LGBM_363700_20260405_160514::363700_rep2_fold0_smac_roc_auc_cv,0.12090873528079699,0.15461392726768594,0.17728766304889032
188,0.21415527718520022,0.26956315289648625,0.2695512820512821,71,-0.7976215912681025,363700,2,0,smac,roc_auc,binary,LGBM,,False,cv,0.0,78,3,3,LGBM_363700_20260405_160514,363700_rep2_fold0_smac_roc_auc_cv,LGBM_363700_20260405_160514::363700_rep2_fold0_smac_roc_auc_cv,0.08243843976449282,0.06593965158726461,0.033505924524545
189,0.20850598856043157,0.2807811016144349,0.28038936372269707,71,-0.797621591268071,363700,2,0,smac,roc_auc,binary,LGBM,,False,cv,0.0,78,3,3,LGBM_363700_20260405_160514,363700_rep2_fold0_smac_roc_auc_cv,LGBM_363700_20260405_160514::363700_rep2_fold0_smac_roc_auc_cv,0.06430422327898543,0.10960676493692481,0.07896046997909033
190,0.21023709803489998,0.29358974358974355,0.29084757834757824,71,-0.7976215912680629,363700,2,0,smac,roc_auc,binary,LGBM,,False,cv,0.0,78,3,3,LGBM_363700_20260405_160514,363700_rep2_fold0_smac_roc_auc_cv,LGBM_363700_20260405_160514::363700_rep2_fold0_smac_roc_auc_cv,0.06986108469202905,0.15946582875098136,0.12282186597630178
191,0.20796891754424585,0.28264482431149096,0.28582621082621085,71,-0.797621591268112,363700,2,0,smac,roc_auc,binary,LGBM,,False,cv,0.0,78,3,3,LGBM_363700_20260405_160514,363700_rep2_fold0_smac_roc_auc_cv,LGBM_363700_20260405_160514::363700_rep2_fold0_smac_roc_auc_cv,0.06258022531702927,0.11686151286909063,0.10176242158717558
192,0.2204428035690098,0.2842355175688509,0.2922245963912631,71,-0.7976215912681062,363700,2,0,smac,roc_auc,binary,LGBM,,False,cv,0.0,78,3,3,LGBM_363700_20260405_160514,363700_rep2_fold0_smac_roc_auc_cv,LGBM_363700_20260405_160514::363700_rep2_fold0_smac_roc_auc_cv,0.10262139945652157,0.12305346333348699,0.12859703275913614
193,0.20881964020666843,0.28538698955365616,0.2844848053181387,71,-0.797621591268115,363700,2,0,smac,roc_auc,binary,LGBM,,False,cv,0.0,78,3,3,LGBM_363700_20260405_160514,363700_rep2_fold0_smac_roc_auc_cv,LGBM_363700_20260405_160514::363700_rep2_fold0_smac_roc_auc_cv,0.06531104506340578,0.12753569613234075,0.09613661256596685
194,0.2273965282010474,0.2974358974358974,0.28892450142450155,71,-0.7976215912681098,363700,2,0,smac,roc_auc,binary,LGBM,,False,cv,0.0,78,3,3,LGBM_363700_20260405_160514,363700_rep2_fold0_smac_roc_auc_cv,LGBM_363700_20260405_160514::363700_rep2_fold0_smac_roc_auc_cv,0.12494285552536222,0.17443741047086486,0.11475654684855208
195,0.20941252638380958,0.28574311490978155,0.2844254510921178,71,-0.7976215912681085,363700,2,0,smac,roc_auc,binary,LGBM,,False,cv,0.0,78,3,3,LGBM_363700_20260405_160514,363700_rep2_fold0_smac_roc_auc_cv,LGBM_363700_20260405_160514::363700_rep2_fold0_smac_roc_auc_cv,0.06721420969202886,0.12892195369899678,0.09588768296325854
196,0.27595195113210536,0.31006647673314336,0.3102682811016144,71,-0.7976215912681193,363700,2,0,smac,roc_auc,binary,LGBM,,False,cv,0.0,78,3,3,LGBM_363700_20260405_160514,363700_rep2_fold0_smac_roc_auc_cv,LGBM_363700_20260405_160514::363700_rep2_fold0_smac_roc_auc_cv,0.28080576313405825,0.22360334550159364,0.20427163198247558
197,0.22458116407625628,0.2923789173789173,0.2928774928774929,71,-0.7976215912680609,363700,2,0,smac,roc_auc,binary,LGBM,,False,cv,0.0,78,3,3,LGBM_363700_20260405_160514,363700_rep2_fold0_smac_roc_auc_cv,LGBM_363700_20260405_160514::363700_rep2_fold0_smac_roc_auc_cv,0.11590553668478275,0.15475255302435123,0.13133525838892793
198,0.2178582342882297,0.2863010446343779,0.2929724596391263,71,-0.79762159126806,363700,2,0,smac,roc_auc,binary,LGBM,,False,cv,0.0,78,3,3,LGBM_363700_20260405_160514,363700_rep2_fold0_smac_roc_auc_cv,LGBM_363700_20260405_160514::363700_rep2_fold0_smac_roc_auc_cv,0.09432493206521744,0.13109375722009078,0.13173354575326138
199,0.2096429984846946,0.2843186134852802,0.2842830009496675,71,-0.7976215912680914,363700,2,0,smac,roc_auc,binary,LGBM,,False,cv,0.0,78,3,3,LGBM_363700_20260405_160514,363700_rep2_fold0_smac_roc_auc_cv,LGBM_363700_20260405_160514::363700_rep2_fold0_smac_roc_auc_cv,0.06795402513586973,0.12337692343237355,0.09529025191675787
200,0.2099817288590906,0.28679962013295346,0.2858380816714149,71,-0.7976215912681037,363700,2,0,smac,roc_auc,binary,LGBM,,False,cv,0.0,78,3,3,LGBM_363700_20260405_160514,363700_rep2_fold0_smac_roc_auc_cv,LGBM_363700_20260405_160514::363700_rep2_fold0_smac_roc_auc_cv,0.06904134963768097,0.1330345178134093,0.10181220750771668
201,0.210685028457831,0.2859686609686609,0.2867283950617284,71,-0.797621591268109,363700,2,0,smac,roc_auc,binary,LGBM,,False,cv,0.0,78,3,3,LGBM_363700_20260405_160514,363700_rep2_fold0_smac_roc_auc_cv,LGBM_363700_20260405_160514::363700_rep2_fold0_smac_roc_auc_cv,0.07129894134963759,0.12979991682454542,0.1055461515483426
202,0.21204820900492116,0.28067426400759743,0.28335707502374163,71,-0.7976215912681048,363700,2,0,smac,roc_auc,binary,LGBM,,False,cv,0.0,78,3,3,LGBM_363700_20260405_160514,363700_rep2_fold0_smac_roc_auc_cv,LGBM_363700_20260405_160514::363700_rep2_fold0_smac_roc_auc_cv,0.07567475090579703,0.10919088766692849,0.09140695011450772
203,0.20739304504435874,0.2831790123456791,0.28598053181386507,71,-0.7976215912681109,363700,2,0,smac,roc_auc,binary,LGBM,,False,cv,0.0,78,3,3,LGBM_363700_20260405_160514,363700_rep2_fold0_smac_roc_auc_cv,LGBM_363700_20260405_160514::363700_rep2_fold0_smac_roc_auc_cv,0.06073167459239165,0.11894089921907489,0.10240963855421688
204,0.2190278589044652,0.27930911680911685,0.29424264007597345,71,-0.797621591268105,363700,2,0,smac,roc_auc,binary,LGBM,,False,cv,0.0,78,3,3,LGBM_363700_20260405_160514,363700_rep2_fold0_smac_roc_auc_cv,LGBM_363700_20260405_160514::363700_rep2_fold0_smac_roc_auc_cv,0.09807942708333335,0.10387690032808075,0.13706063925122025
205,0.2073826855190979,0.2837725546058879,0.2856244064577398,71,-0.7976215912681113,363700,2,0,smac,roc_auc,binary,LGBM,,False,cv,0.0,78,3,3,LGBM_363700_20260405_160514,363700_rep2_fold0_smac_roc_auc_cv,LGBM_363700_20260405_160514::363700_rep2_fold0_smac_roc_auc_cv,0.06069842051630432,0.1212513284968342,0.10091606093796707
206,0.22398635025847669,0.27236467236467243,0.28707264957264955,71,-0.79762159126812,363700,2,0,smac,roc_auc,binary,LGBM,,False,cv,0.0,78,3,3,LGBM_363700_20260405_160514,363700_rep2_fold0_smac_roc_auc_cv,LGBM_363700_20260405_160514::363700_rep2_fold0_smac_roc_auc_cv,0.11399618432971026,0.0768448777782911,0.10698994324405084
207,0.32412985631405467,0.29627255460588797,0.2847222222222222,71,-0.7976215912681381,363700,2,0,smac,roc_auc,binary,LGBM,,False,cv,0.0,78,3,3,LGBM_363700_20260405_160514,363700_rep2_fold0_smac_roc_auc_cv,LGBM_363700_20260405_160514::363700_rep2_fold0_smac_roc_auc_cv,0.43545683876811553,0.169908969086456,0.09713233097680005
208,0.5,0.297602089268756,0.5,71,-0.7976215912678285,363700,2,0,smac,roc_auc,binary,LGBM,,False,cv,0.0,78,3,3,LGBM_363700_20260405_160514,363700_rep2_fold0_smac_roc_auc_cv,LGBM_363700_20260405_160514::363700_rep2_fold0_smac_roc_auc_cv,1.0,0.175084330668638,1.0
209,0.21005861932254266,0.2748100664767331,0.277587844254511,71,-0.7976215912678859,363700,2,0,smac,roc_auc,binary,LGBM,,False,cv,0.0,78,3,3,LGBM_363700_20260405_160514,363700_rep2_fold0_smac_roc_auc_cv,LGBM_363700_20260405_160514::363700_rep2_fold0_smac_roc_auc_cv,0.06928816802536204,0.08636384640266113,0.06721099273125626
210,0.24141182305070197,0.29451566951566954,0.28970797720797714,71,-0.7976215912677335,363700,2,0,smac,roc_auc,binary,LGBM,,False,cv,0.0,78,3,3,LGBM_363700_20260405_160514,363700_rep2_fold0_smac_roc_auc_cv,LGBM_363700_20260405_160514::363700_rep2_fold0_smac_roc_auc_cv,0.1699319519927534,0.16307009842428694,0.11804241760430155
211,0.21058767114203802,0.27263770180436864,0.2728276353276353,71,-0.797621591267733,363700,2,0,smac,roc_auc,binary,LGBM,,False,cv,0.0,78,3,3,LGBM_363700_20260405_160514,363700_rep2_fold0_smac_roc_auc_cv,LGBM_363700_20260405_160514::363700_rep2_fold0_smac_roc_auc_cv,0.07098642436594216,0.077907675246061,0.04724683859404594
212,0.2088779015136123,0.28384377967711294,0.2861704653371321,71,-0.79762159126779,363700,2,0,smac,roc_auc,binary,LGBM,,False,cv,0.0,78,3,3,LGBM_363700_20260405_160514,363700_rep2_fold0_smac_roc_auc_cv,LGBM_363700_20260405_160514::363700_rep2_fold0_smac_roc_auc_cv,0.06549806385869557,0.12152858001016523,0.10320621328288428
213,0.25627946309652805,0.28340455840455836,0.27599715099715105,71,-0.7976215912677913,363700,2,0,smac,roc_auc,binary,LGBM,,False,cv,0.0,78,3,3,LGBM_363700_20260405_160514,363700_rep2_fold0_smac_roc_auc_cv,LGBM_363700_20260405_160514::363700_rep2_fold0_smac_roc_auc_cv,0.2176570765398551,0.11981886234462308,0.0605396793786723
214,0.20873365120885823,0.2861348528015195,0.2854582146248812,71,-0.7976215912677895,363700,2,0,smac,roc_auc,binary,LGBM,,False,cv,0.0,78,3,3,LGBM_363700_20260405_160514,363700_rep2_fold0_smac_roc_auc_cv,LGBM_363700_20260405_160514::363700_rep2_fold0_smac_roc_auc_cv,0.06503502038043502,0.13044683702231855,0.10021905805038327
215,0.3048564974716691,0.29320987654320985,0.3053300094966762,71,-0.7976215912677944,363700,2,0,smac,roc_auc,binary,LGBM,,False,cv,0.0,78,3,3,LGBM_363700_20260405_160514,363700_rep2_fold0_smac_roc_auc_cv,LGBM_363700_20260405_160514::363700_rep2_fold0_smac_roc_auc_cv,0.37358935688405787,0.15798715401321514,0.18356068903714082
216,0.20821840150796866,0.2782407407407407,0.2770892687559354,71,-0.7976215912677903,363700,2,0,smac,roc_auc,binary,LGBM,,False,cv,0.0,78,3,3,LGBM_363700_20260405_160514,363700_rep2_fold0_smac_roc_auc_cv,LGBM_363700_20260405_160514::363700_rep2_fold0_smac_roc_auc_cv,0.06338106884057952,0.09971812762811268,0.06511998406850579
217,0.20942152086437316,0.2865147198480531,0.2879867046533713,71,-0.7976215912677866,363700,2,0,smac,roc_auc,binary,LGBM,,False,cv,0.0,78,3,3,LGBM_363700_20260405_160514,363700_rep2_fold0_smac_roc_auc_cv,LGBM_363700_20260405_160514::363700_rep2_fold0_smac_roc_auc_cv,0.06724308197463794,0.13192551176008432,0.11082345912575942
218,0.21218367999119603,0.2804368471035137,0.28186134852801514,71,-0.7976215912677871,363700,2,0,smac,roc_auc,binary,LGBM,,False,cv,0.0,78,3,3,LGBM_363700_20260405_160514,363700_rep2_fold0_smac_roc_auc_cv,LGBM_363700_20260405_160514::363700_rep2_fold0_smac_roc_auc_cv,0.07610961277173935,0.10826671595582389,0.08513392412625723
219,0.21354864532540963,0.28799857549857544,0.28696581196581195,71,-0.797621591267692,363700,2,0,smac,roc_auc,binary,LGBM,,False,cv,0.0,78,3,3,LGBM_363700_20260405_160514,363700_rep2_fold0_smac_roc_auc_cv,LGBM_363700_20260405_160514::363700_rep2_fold0_smac_roc_auc_cv,0.080491151494565,0.13770158495448392,0.1065418699591758
220,0.5,0.5,0.5,71,-0.7976215912677111,363700,2,0,smac,roc_auc,binary,LGBM,,False,cv,0.0,78,3,3,LGBM_363700_20260405_160514,363700_rep2_fold0_smac_roc_auc_cv,LGBM_363700_20260405_160514::363700_rep2_fold0_smac_roc_auc_cv,1.0,0.962940714384732,1.0
221,0.23281739581922423,0.2853276353276353,0.2829534662867996,71,-0.7976215912681509,363700,2,0,smac,roc_auc,binary,LGBM,,False,cv,0.0,78,3,3,LGBM_363700_20260405_160514,363700_rep2_fold0_smac_roc_auc_cv,LGBM_363700_20260405_160514::363700_rep2_fold0_smac_roc_auc_cv,0.14234384057970986,0.12730465320456483,0.08971422881609119
222,0.20798979003002405,0.27403846153846156,0.27257834757834765,71,-0.7976215912681476,363700,2,0,smac,roc_auc,binary,LGBM,,False,cv,0.0,78,3,3,LGBM_363700_20260405_160514,363700_rep2_fold0_smac_roc_auc_cv,LGBM_363700_20260405_160514::363700_rep2_fold0_smac_roc_auc_cv,0.06264722599637729,0.0833602883415736,0.046201334262671166
223,0.20805270906700069,0.28411680911680914,0.285375118708452,71,-0.797621591268153,363700,2,0,smac,roc_auc,binary,LGBM,,False,cv,0.0,78,3,3,LGBM_363700_20260405_160514,363700_rep2_fold0_smac_roc_auc_cv,LGBM_363700_20260405_160514::363700_rep2_fold0_smac_roc_auc_cv,0.06284919610507231,0.12259137747793512,0.09987055660659183
224,0.2120452461172062,0.2694681861348528,0.2720797720797721,71,-0.7976215912681466,363700,2,0,smac,roc_auc,binary,LGBM,,False,cv,0.0,78,3,3,LGBM_363700_20260405_160514,363700_rep2_fold0_smac_roc_auc_cv,LGBM_363700_20260405_160514::363700_rep2_fold0_smac_roc_auc_cv,0.07566524003623204,0.06556998290282295,0.04411032559992069
225,0.29661532405526203,0.294088319088319,0.3011514719848053,71,-0.7976215912681354,363700,2,0,smac,roc_auc,binary,LGBM,,False,cv,0.0,78,3,3,LGBM_363700_20260405_160514,363700_rep2_fold0_smac_roc_auc_cv,LGBM_363700_20260405_160514::363700_rep2_fold0_smac_roc_auc_cv,0.3471351902173912,0.16140658934429947,0.1660360450064724
226,0.2157482914014177,0.27061965811965816,0.27235280151946817,71,-0.7976215912681307,363700,2,0,smac,roc_auc,binary,LGBM,,False,cv,0.0,78,3,3,LGBM_363700_20260405_160514,363700_rep2_fold0_smac_roc_auc_cv,LGBM_363700_20260405_160514::363700_rep2_fold0_smac_roc_auc_cv,0.08755201539855097,0.07005221570167715,0.04525540177237906
227,0.2114666347098063,0.28335707502374174,0.2853513770180436,71,-0.7976215912681475,363700,2,0,smac,roc_auc,binary,LGBM,,False,cv,0.0,78,3,3,LGBM_363700_20260405_160514,363700_rep2_fold0_smac_roc_auc_cv,LGBM_363700_20260405_160514::363700_rep2_fold0_smac_roc_auc_cv,0.07380789741847836,0.11963402800240268,0.09977098476550823
228,0.20738050920752626,0.2751068376068375,0.2780151946818613,71,-0.7976215912681534,363700,2,0,smac,roc_auc,binary,LGBM,,False,cv,0.0,78,3,3,LGBM_363700_20260405_160514,363700_rep2_fold0_smac_roc_auc_cv,LGBM_363700_20260405_160514::363700_rep2_fold0_smac_roc_auc_cv,0.06069143455615941,0.0875190610415408,0.06900328587075595
229,0.22269728246760578,0.2802943969610636,0.27694681861348525,71,-0.7976215912681318,363700,2,0,smac,roc_auc,binary,LGBM,,False,cv,0.0,78,3,3,LGBM_363700_20260405_160514,363700_rep2_fold0_smac_roc_auc_cv,LGBM_363700_20260405_160514::363700_rep2_fold0_smac_roc_auc_cv,0.10985827672101467,0.10771221292916182,0.06452255302200559
230,0.20574503222493123,0.27509496676163336,0.2819325735992402,71,-0.7976215912681324,363700,2,0,smac,roc_auc,binary,LGBM,,False,cv,0.0,78,3,3,LGBM_363700_20260405_160514,363700_rep2_fold0_smac_roc_auc_cv,LGBM_363700_20260405_160514::363700_rep2_fold0_smac_roc_auc_cv,0.05544155344202937,0.0874728524559857,0.08543263964950709
231,0.20914498644126134,0.2837488129154796,0.2858380816714151,71,-0.7976215912681391,363700,2,0,smac,roc_auc,binary,LGBM,,False,cv,0.0,78,3,3,LGBM_363700_20260405_160514,363700_rep2_fold0_smac_roc_auc_cv,LGBM_363700_20260405_160514::363700_rep2_fold0_smac_roc_auc_cv,0.066355406476449,0.121158911325724,0.1018122075077176
232,0.22548597707571427,0.2672720797720798,0.2736942070275403,71,-0.7976215912681366,363700,2,0,smac,roc_auc,binary,LGBM,,False,cv,0.0,78,3,3,LGBM_363700_20260405_160514,363700_rep2_fold0_smac_roc_auc_cv,LGBM_363700_20260405_160514::363700_rep2_fold0_smac_roc_auc_cv,0.11880998641304291,0.05702139457511174,0.05088121079358779
233,0.21464431767517733,0.2719610636277304,0.27827635327635325,71,-0.7976215912681363,363700,2,0,smac,roc_auc,binary,LGBM,,False,cv,0.0,78,3,3,LGBM_363700_20260405_160514,363700_rep2_fold0_smac_roc_auc_cv,LGBM_363700_20260405_160514::363700_rep2_fold0_smac_roc_auc_cv,0.08400825973731933,0.07527378586941467,0.07009857612267276
234,0.21860239704670636,0.28734567901234565,0.2875474833808167,71,-0.7976215912681326,363700,2,0,smac,roc_auc,binary,LGBM,,False,cv,0.0,78,3,3,LGBM_363700_20260405_160514,363700_rep2_fold0_smac_roc_auc_cv,LGBM_363700_20260405_160514::363700_rep2_fold0_smac_roc_auc_cv,0.09671369451992753,0.13516011274894824,0.10898138006571771
235,0.2100164175724638,0.2772910731244064,0.28561253561253563,71,-0.7976215912681395,363700,2,0,smac,roc_auc,binary,LGBM,,False,cv,0.0,78,3,3,LGBM_363700_20260405_160514,363700_rep2_fold0_smac_roc_auc_cv,LGBM_363700_20260405_160514::363700_rep2_fold0_smac_roc_auc_cv,0.06915270040760893,0.09602144078369691,0.1008662750174255
236,0.22402105484446244,0.2770417853751186,0.27867996201329537,71,-0.7976215912681616,363700,2,0,smac,roc_auc,binary,LGBM,,False,cv,0.0,78,3,3,LGBM_363700_20260405_160514,363700_rep2_fold0_smac_roc_auc_cv,LGBM_363700_20260405_160514::363700_rep2_fold0_smac_roc_auc_cv,0.11410758605072453,0.09505106048703765,0.07179129742108976
237,0.20897396432965354,0.2848884140550807,0.28639601139601145,71,-0.7976215912681675,363700,2,0,smac,roc_auc,binary,LGBM,,False,cv,0.0,78,3,3,LGBM_363700_20260405_160514,363700_rep2_fold0_smac_roc_auc_cv,LGBM_363700_20260405_160514::363700_rep2_fold0_smac_roc_auc_cv,0.06580642549818796,0.12559493553902268,0.10415214577317591
238,0.20924541775305883,0.27188983855650517,0.2738010446343778,71,-0.797621591268167,363700,2,0,smac,roc_auc,binary,LGBM,,False,cv,0.0,78,3,3,LGBM_363700_20260405_160514,363700_rep2_fold0_smac_roc_auc_cv,LGBM_363700_20260405_160514::363700_rep2_fold0_smac_roc_auc_cv,0.06667779098731894,0.07499653435608278,0.05132928407846236
239,0.21301298697175952,0.2865384615384615,0.28734567901234565,71,-0.7976215912681603,363700,2,0,smac,roc_auc,binary,LGBM,,False,cv,0.0,78,3,3,LGBM_363700_20260405_160514,363700_rep2_fold0_smac_roc_auc_cv,LGBM_363700_20260405_160514::363700_rep2_fold0_smac_roc_auc_cv,0.07877168817934817,0.13201792893119496,0.1081350194165092
240,0.2213760955630052,0.2755698005698006,0.2766856600189933,71,-0.7976215912681579,363700,2,0,smac,roc_auc,binary,LGBM,,False,cv,0.0,78,3,3,LGBM_363700_20260405_160514,363700_rep2_fold0_smac_roc_auc_cv,LGBM_363700_20260405_160514::363700_rep2_fold0_smac_roc_auc_cv,0.10561726675724677,0.08932119587819402,0.06342726277008878
241,0.20991731074202002,0.2606481481481482,0.2662867996201329,71,-0.7976215912681515,363700,2,0,smac,roc_auc,binary,LGBM,,False,cv,0.0,78,3,3,LGBM_363700_20260405_160514,363700_rep2_fold0_smac_roc_auc_cv,LGBM_363700_20260405_160514::363700_rep2_fold0_smac_roc_auc_cv,0.06883456748188438,0.031237003835312385,0.019814796375585166
242,0.20992980072463774,0.2707977207977208,0.2764126305792972,71,-0.7976215912681477,363700,2,0,smac,roc_auc,binary,LGBM,,False,cv,0.0,78,3,3,LGBM_363700_20260405_160514,363700_rep2_fold0_smac_roc_auc_cv,LGBM_363700_20260405_160514::363700_rep2_fold0_smac_roc_auc_cv,0.06887466032608724,0.07074534448500494,0.062282186597630414
243,0.25685214696487413,0.3002255460588794,0.31655982905982916,71,-0.7976215912681534,363700,2,0,smac,roc_auc,binary,LGBM,,False,cv,0.0,78,3,3,LGBM_363700_20260405_160514,363700_rep2_fold0_smac_roc_auc_cv,LGBM_363700_20260405_160514::363700_rep2_fold0_smac_roc_auc_cv,0.21949539175724603,0.18529642807633626,0.23065816986956159
244,0.22458116407625628,0.2923789173789173,0.2928656220322887,71,-0.7976215912681499,363700,2,0,smac,roc_auc,binary,LGBM,,False,cv,0.0,78,3,3,LGBM_363700_20260405_160514,363700_rep2_fold0_smac_roc_auc_cv,LGBM_363700_20260405_160514::363700_rep2_fold0_smac_roc_auc_cv,0.11590553668478275,0.15475255302435123,0.13128547246838634
245,0.20849540329134508,0.2827754036087369,0.2837250712250712,71,-0.7976215912681516,363700,2,0,smac,roc_auc,binary,LGBM,,False,cv,0.0,78,3,3,LGBM_363700_20260405_160514,363700_rep2_fold0_smac_roc_auc_cv,LGBM_363700_20260405_160514::363700_rep2_fold0_smac_roc_auc_cv,0.06427024456521782,0.1173698073101976,0.09295031365129956
246,0.20944538445584437,0.28509021842355176,0.2839862298195631,71,-0.7976215912681534,363700,2,0,smac,roc_auc,binary,LGBM,,False,cv,0.0,78,3,3,LGBM_363700_20260405_160514,363700_rep2_fold0_smac_roc_auc_cv,LGBM_363700_20260405_160514::363700_rep2_fold0_smac_roc_auc_cv,0.06731968410326054,0.1263804814934611,0.09404560390321637
247,0.24006228413246644,0.3068850902184236,0.3034544159544159,71,-0.797621591268105,363700,2,0,smac,roc_auc,binary,LGBM,,False,cv,0.0,78,3,3,LGBM_363700_20260405_160514,363700_rep2_fold0_smac_roc_auc_cv,LGBM_363700_20260405_160514::363700_rep2_fold0_smac_roc_auc_cv,0.16559993206521736,0.21121944457280134,0.17569451359155644
248,0.2099362379509232,0.2830959164292498,0.2847340930674265,71,-0.7976215912681178,363700,2,0,smac,roc_auc,binary,LGBM,,False,cv,0.0,78,3,3,LGBM_363700_20260405_160514,363700_rep2_fold0_smac_roc_auc_cv,LGBM_363700_20260405_160514::363700_rep2_fold0_smac_roc_auc_cv,0.06889532382246358,0.11861743912018831,0.09718211689734209
249,0.2470304493148674,0.31474358974358974,0.3079415954415955,71,-0.7976215912680741,363700,2,0,smac,roc_auc,binary,LGBM,,False,cv,0.0,78,3,3,LGBM_363700_20260405_160514,363700_rep2_fold0_smac_roc_auc_cv,LGBM_363700_20260405_160514::363700_rep2_fold0_smac_roc_auc_cv,0.18796774230072444,0.24180952821034105,0.1945135915563084
0,0.2471160811716624,0.22985837009519383,0.2278004094813939,0,-0.7528839188283376,363700,0,0,smac,roc_auc,binary,LGBM,,False,cv,0.0,78,3,3,LGBM_363700_20260405_160514,363700_rep0_fold0_smac_roc_auc_cv,LGBM_363700_20260405_160514::363700_rep0_fold0_smac_roc_auc_cv,0.18154801407975668,0.020636094674556335,0.014299900695133736
1,0.3373812425993362,0.29985013825273865,0.27862675982016594,0,-0.7528839188283376,363700,0,0,smac,roc_auc,binary,LGBM,,False,cv,0.0,78,3,3,LGBM_363700_20260405_160514,363700_rep0_fold0_smac_roc_auc_cv,LGBM_363700_20260405_160514::363700_rep0_fold0_smac_roc_auc_cv,0.4568373862278469,0.2659023668639054,0.1737173121482951
2,0.24946019760641658,0.26922346286172616,0.2687802098064461,0,-0.7528839188283376,363700,0,0,smac,roc_auc,binary,LGBM,,False,cv,0.0,78,3,3,LGBM_363700_20260405_160514,363700_rep0_fold0_smac_roc_auc_cv,LGBM_363700_20260405_160514::363700_rep0_fold0_smac_roc_auc_cv,0.1886970661764791,0.15857988165680495,0.14283349884144284
3,0.26376701891400456,0.3062773075542984,0.3009266099584186,0,-0.7528839188283376,363700,0,0,smac,roc_auc,binary,LGBM,,False,cv,0.0,78,3,3,LGBM_363700_20260405_160514,363700_rep0_fold0_smac_roc_auc_cv,LGBM_363700_20260405_160514::363700_rep0_fold0_smac_roc_auc_cv,0.23232980103129464,0.2884245562130175,0.2436610393909297
4,0.239542048311442,0.24077083817042033,0.24332482006036682,4,-0.760457951688558,363700,0,0,smac,roc_auc,binary,LGBM,,False,cv,0.0,78,3,3,LGBM_363700_20260405_160514,363700_rep0_fold0_smac_roc_auc_cv,LGBM_363700_20260405_160514::363700_rep0_fold0_smac_roc_auc_cv,0.1584488391850244,0.058875739644970955,0.06299238662694438
5,0.27570044415953787,0.27925997847056583,0.26156151719188636,4,-0.760457951688558,363700,0,0,smac,roc_auc,binary,LGBM,,False,cv,0.0,78,3,3,LGBM_363700_20260405_160514,363700_rep0_fold0_smac_roc_auc_cv,LGBM_363700_20260405_160514::363700_rep0_fold0_smac_roc_auc_cv,0.2687241872093031,0.19374999999999998,0.12019198940748071
6,0.5,0.5,0.5,4,-0.760457951688558,363700,0,0,smac,roc_auc,binary,LGBM,,False,cv,0.0,78,3,3,LGBM_363700_20260405_160514,363700_rep0_fold0_smac_roc_auc_cv,LGBM_363700_20260405_160514::363700_rep0_fold0_smac_roc_auc_cv,0.9527896995708156,0.9672707100591715,0.8680569347898045
7,0.30222826913527867,0.3179179770774848,0.3056440889038985,4,-0.760457951688558,363700,0,0,smac,roc_auc,binary,LGBM,,False,cv,0.0,78,3,3,LGBM_363700_20260405_160514,363700_rep0_fold0_smac_roc_auc_cv,LGBM_363700_20260405_160514::363700_rep0_fold0_smac_roc_auc_cv,0.3496283607190087,0.32921597633136096,0.25845746441575607
8,0.2642829856501894,0.29524874939316537,0.28037866475293916,4,-0.760457951688558,363700,0,0,smac,roc_auc,binary,LGBM,,False,cv,0.0,78,3,3,LGBM_363700_20260405_160514,363700_rep0_fold0_smac_roc_auc_cv,LGBM_363700_20260405_160514::363700_rep0_fold0_smac_roc_auc_cv,0.23390338885418274,0.24977810650887558,0.17921218139688808
9,0.2425527289813546,0.26987778880047275,0.27048990016252605,4,-0.760457951688558,363700,0,0,smac,roc_auc,binary,LGBM,,False,cv,0.0,78,3,3,LGBM_363700_20260405_160514,363700_rep0_fold0_smac_roc_auc_cv,LGBM_363700_20260405_160514::363700_rep0_fold0_smac_roc_auc_cv,0.16763076915944458,0.1608727810650888,0.14819596160211804
10,0.49846762793177246,0.5093399750933998,0.512548282922093,4,-0.760457951688558,363700,0,0,smac,roc_auc,binary,LGBM,,False,cv,0.0,78,3,3,LGBM_363700_20260405_160514,363700_rep0_fold0_smac_roc_auc_cv,LGBM_363700_20260405_160514::363700_rep0_fold0_smac_roc_auc_cv,0.9481162935979294,1.0,0.9074147633234025
11,0.2474058390824062,0.23994765392490025,0.2483378010427001,4,-0.760457951688558,363700,0,0,smac,roc_auc,binary,LGBM,,False,cv,0.0,78,3,3,LGBM_363700_20260405_160514,363700_rep0_fold0_smac_roc_auc_cv,LGBM_363700_20260405_160514::363700_rep0_fold0_smac_roc_auc_cv,0.18243171352771614,0.05599112426035521,0.07871565706719617
12,0.30341832665628377,0.2964729721172721,0.27749751989361926,4,-0.760457951688558,363700,0,0,smac,roc_auc,binary,LGBM,,False,cv,0.0,78,3,3,LGBM_363700_20260405_160514,363700_rep0_fold0_smac_roc_auc_cv,LGBM_363700_20260405_160514::363700_rep0_fold0_smac_roc_auc_cv,0.35325778078092385,0.2540680473372782,0.17017543859649095
13,0.24282735588605064,0.2383012854338603,0.24004263672246018,4,-0.760457951688558,363700,0,0,smac,roc_auc,binary,LGBM,,False,cv,0.0,78,3,3,LGBM_363700_20260405_160514,363700_rep0_fold0_smac_roc_auc_cv,LGBM_363700_20260405_160514::363700_rep0_fold0_smac_roc_auc_cv,0.16846832228595535,0.0502218934911245,0.05269778219132684
14,0.3025559144163086,0.28675306583363236,0.27620997530447267,4,-0.760457951688558,363700,0,0,smac,roc_auc,binary,LGBM,,False,cv,0.0,78,3,3,LGBM_363700_20260405_160514,363700_rep0_fold0_smac_roc_auc_cv,LGBM_363700_20260405_160514::363700_rep0_fold0_smac_roc_auc_cv,0.35062760851600383,0.22000739644970435,0.16613704071499488
15,0.24381021192225227,0.25509213331363323,0.2586276041116997,4,-0.760457951688558,363700,0,0,smac,roc_auc,binary,LGBM,,False,cv,0.0,78,3,3,LGBM_363700_20260405_160514,363700_rep0_fold0_smac_roc_auc_cv,LGBM_363700_20260405_160514::363700_rep0_fold0_smac_roc_auc_cv,0.17146582228305782,0.1090606508875743,0.11098973849718594
16,0.29987017319386944,0.28589822065559234,0.293401861662832,4,-0.760457951688558,363700,0,0,smac,roc_auc,binary,LGBM,,False,cv,0.0,78,3,3,LGBM_363700_20260405_160514,363700_rep0_fold0_smac_roc_auc_cv,LGBM_363700_20260405_160514::363700_rep0_fold0_smac_roc_auc_cv,0.34243667412688256,0.21701183431952667,0.22005958291956224
17,0.23492101094198037,0.24108744749562028,0.23636996855014036,17,-0.7650789890580196,363700,0,0,smac,roc_auc,binary,LGBM,,False,cv,0.0,78,3,3,LGBM_363700_20260405_160514,363700_rep0_fold0_smac_roc_auc_cv,LGBM_363700_20260405_160514::363700_rep0_fold0_smac_roc_auc_cv,0.14435566684708695,0.059985207100592096,0.041178417742469116
18,0.28804611378835776,0.2994490997741519,0.28506448276589913,17,-0.7650789890580196,363700,0,0,smac,roc_auc,binary,LGBM,,False,cv,0.0,78,3,3,LGBM_363700_20260405_160514,363700_rep0_fold0_smac_roc_auc_cv,LGBM_363700_20260405_160514::363700_rep0_fold0_smac_roc_auc_cv,0.3063758302918757,0.2644970414201181,0.19390930155577618
19,0.22277535067716903,0.2400426367224603,0.2405914262194735,19,-0.777224649322831,363700,0,0,smac,roc_auc,binary,LGBM,,False,cv,0.0,78,3,3,LGBM_363700_20260405_160514,363700_rep0_fold0_smac_roc_auc_cv,LGBM_363700_20260405_160514::363700_rep0_fold0_smac_roc_auc_cv,0.10731400940427603,0.056323964497041745,0.054419066534259625
20,0.2828459045270951,0.265318614517593,0.29147054477911216,19,-0.777224649322831,363700,0,0,smac,roc_auc,binary,LGBM,,False,cv,0.0,78,3,3,LGBM_363700_20260405_160514,363700_rep0_fold0_smac_roc_auc_cv,LGBM_363700_20260405_160514::363700_rep0_fold0_smac_roc_auc_cv,0.29051630796975886,0.1448964497041424,0.21400198609731833
21,0.2519885178409059,0.2474724022204866,0.25655908985372655,19,-0.777224649322831,363700,0,0,smac,roc_auc,binary,LGBM,,False,cv,0.0,78,3,3,LGBM_363700_20260405_160514,363700_rep0_fold0_smac_roc_auc_cv,LGBM_363700_20260405_160514::363700_rep0_fold0_smac_roc_auc_cv,0.19640790033368136,0.0823594674556211,0.1045018205892088
22,0.30196807587643737,0.3001667475779387,0.3008632880933786,19,-0.777224649322831,363700,0,0,smac,roc_auc,binary,LGBM,,False,cv,0.0,78,3,3,LGBM_363700_20260405_160514,363700_rep0_fold0_smac_roc_auc_cv,LGBM_363700_20260405_160514::363700_rep0_fold0_smac_roc_auc_cv,0.348834827115006,0.26701183431952696,0.24346242965905288
23,0.2590504926023195,0.2575933469827131,0.2567912700255398,19,-0.777224649322831,363700,0,0,smac,roc_auc,binary,LGBM,,False,cv,0.0,78,3,3,LGBM_363700_20260405_160514,363700_rep0_fold0_smac_roc_auc_cv,LGBM_363700_20260405_160514::363700_rep0_fold0_smac_roc_auc_cv,0.21794540791076497,0.11782544378698229,0.10523005627275707
24,0.27735768360581803,0.2812651708634991,0.27026827363488615,19,-0.777224649322831,363700,0,0,smac,roc_auc,binary,LGBM,,False,cv,0.0,78,3,3,LGBM_363700_20260405_160514,363700_rep0_fold0_smac_roc_auc_cv,LGBM_363700_20260405_160514::363700_rep0_fold0_smac_roc_auc_cv,0.2737784118896751,0.2007766272189349,0.1475008275405493
25,0.3036230237249159,0.3059079300082319,0.28646811744095235,19,-0.7772246493219649,363700,0,0,smac,roc_auc,binary,LGBM,,False,cv,0.0,78,3,3,LGBM_363700_20260405_160514,363700_rep0_fold0_smac_roc_auc_cv,LGBM_363700_20260405_160514::363700_rep0_fold0_smac_roc_auc_cv,0.3538820629138423,0.2871301775147933,0.1983118172790464
26,0.2460555597316938,0.2281064651624206,0.23012221119952725,19,-0.7772246493220112,363700,0,0,smac,roc_auc,binary,LGBM,,False,cv,0.0,78,3,3,LGBM_363700_20260405_160514,363700_rep0_fold0_smac_roc_auc_cv,LGBM_363700_20260405_160514::363700_rep0_fold0_smac_roc_auc_cv,0.1783136512675606,0.014497041420118706,0.0215822575306189
27,0.23953235367463976,0.23447031259894047,0.23138864850032714,19,-0.7772246493219462,363700,0,0,smac,roc_auc,binary,LGBM,,False,cv,0.0,78,3,3,LGBM_363700_20260405_160514,363700_rep0_fold0_smac_roc_auc_cv,LGBM_363700_20260405_160514::363700_rep0_fold0_smac_roc_auc_cv,0.15841927262317176,0.03679733727810695,0.02555445216815591
28,0.25683446242345853,0.23747810118834034,0.23367878928594044,19,-0.7772246493219489,363700,0,0,smac,roc_auc,binary,LGBM,,False,cv,0.0,78,3,3,LGBM_363700_20260405_160514,363700_rep0_fold0_smac_roc_auc_cv,LGBM_363700_20260405_160514::363700_rep0_fold0_smac_roc_auc_cv,0.21118699140819588,0.047337278106509145,0.03273750413770248
29,0.23318303732704992,0.2345652953965005,0.2326867467336471,19,-0.7772246493220456,363700,0,0,smac,roc_auc,binary,LGBM,,False,cv,0.0,78,3,3,LGBM_363700_20260405_160514,363700_rep0_fold0_smac_roc_auc_cv,LGBM_363700_20260405_160514::363700_rep0_fold0_smac_roc_auc_cv,0.13905522027726044,0.03713017751479348,0.02962595167163152
30,0.24797838890261648,0.2662156742723263,0.2642315891677396,19,-0.7772246493219213,363700,0,0,smac,roc_auc,binary,LGBM,,False,cv,0.0,78,3,3,LGBM_363700_20260405_160514,363700_rep0_fold0_smac_roc_auc_cv,LGBM_363700_20260405_160514::363700_rep0_fold0_smac_roc_auc_cv,0.18417786761458915,0.14803994082840274,0.1285666997682883
31,0.25053691414428125,0.2537307132152734,0.2468602908584332,19,-0.7772246493216854,363700,0,0,smac,roc_auc,binary,LGBM,,False,cv,0.0,78,3,3,LGBM_363700_20260405_160514,363700_rep0_fold0_smac_roc_auc_cv,LGBM_363700_20260405_160514::363700_rep0_fold0_smac_roc_auc_cv,0.19198082056191532,0.10428994082840319,0.07408142999006856
32,0.243969945409808,0.23671823880786036,0.2332566435190071,19,-0.7772246493215247,363700,0,0,smac,roc_auc,binary,LGBM,,False,cv,0.0,78,3,3,LGBM_363700_20260405_160514,363700_rep0_fold0_smac_roc_auc_cv,LGBM_363700_20260405_160514::363700_rep0_fold0_smac_roc_auc_cv,0.1719529751425303,0.04467455621301802,0.031413439258523364
33,0.30021981857386004,0.2935812736137787,0.2749329843594993,19,-0.77722464932154,363700,0,0,smac,roc_auc,binary,LGBM,,False,cv,0.0,78,3,3,LGBM_363700_20260405_160514,363700_rep0_fold0_smac_roc_auc_cv,LGBM_363700_20260405_160514::363700_rep0_fold0_smac_roc_auc_cv,0.34350301750465645,0.24393491124260333,0.16213174445547798
34,0.22851365028423787,0.2390400405259936,0.2382801781455136,19,-0.7772246493216527,363700,0,0,smac,roc_auc,binary,LGBM,,False,cv,0.0,78,3,3,LGBM_363700_20260405_160514,363700_rep0_fold0_smac_roc_auc_cv,LGBM_363700_20260405_160514::363700_rep0_fold0_smac_roc_auc_cv,0.12481459181107053,0.05281065088757409,0.047169811320754346
35,0.24866831185400595,0.236359414905967,0.23509297760516712,19,-0.7772246493214762,363700,0,0,smac,roc_auc,binary,LGBM,,False,cv,0.0,78,3,3,LGBM_363700_20260405_160514,363700_rep0_fold0_smac_roc_auc_cv,LGBM_363700_20260405_160514::363700_rep0_fold0_smac_roc_auc_cv,0.18628198456419157,0.0434171597633138,0.03717312148295258
36,0.5,0.5,0.5,19,-0.7772246493219115,363700,0,0,smac,roc_auc,binary,LGBM,,False,cv,0.0,78,3,3,LGBM_363700_20260405_160514,363700_rep0_fold0_smac_roc_auc_cv,LGBM_363700_20260405_160514::363700_rep0_fold0_smac_roc_auc_cv,0.9527896995708156,0.9672707100591715,0.8680569347898045
37,0.2335283218306271,0.25044852987736665,0.2491293243557,19,-0.7772246493218791,363700,0,0,smac,roc_auc,binary,LGBM,,False,cv,0.0,78,3,3,LGBM_363700_20260405_160514,363700_rep0_fold0_smac_roc_auc_cv,LGBM_363700_20260405_160514::363700_rep0_fold0_smac_roc_auc_cv,0.1401082639177838,0.09278846153846176,0.08119827871565677
38,0.2751257699559596,0.24868607130041998,0.2381218734829137,19,-0.7772246493219114,363700,0,0,smac,roc_auc,binary,LGBM,,False,cv,0.0,78,3,3,LGBM_363700_20260405_160514,363700_rep0_fold0_smac_roc_auc_cv,LGBM_363700_20260405_160514::363700_rep0_fold0_smac_roc_auc_cv,0.26697155420903396,0.08661242603550298,0.046673286991062435
39,0.29614000682082875,0.34516748633303074,0.3309833885640713,19,-0.7772246493216984,363700,0,0,smac,roc_auc,binary,LGBM,,False,cv,0.0,78,3,3,LGBM_363700_20260405_160514,363700_rep0_fold0_smac_roc_auc_cv,LGBM_363700_20260405_160514::363700_rep0_fold0_smac_roc_auc_cv,0.3310604671539954,0.4247041420118342,0.3379344587884807
40,0.2790510147673906,0.299449099774152,0.31030879962851177,19,-0.777224649322396,363700,0,0,smac,roc_auc,binary,LGBM,,False,cv,0.0,78,3,3,LGBM_363700_20260405_160514,363700_rep0_fold0_smac_roc_auc_cv,LGBM_363700_20260405_160514::363700_rep0_fold0_smac_roc_auc_cv,0.2789427085566857,0.2644970414201185,0.2730883813306851
41,0.2372856111448115,0.24042256791270034,0.2383012854338603,19,-0.777224649322274,363700,0,0,smac,roc_auc,binary,LGBM,,False,cv,0.0,78,3,3,LGBM_363700_20260405_160514,363700_rep0_fold0_smac_roc_auc_cv,LGBM_363700_20260405_160514::363700_rep0_fold0_smac_roc_auc_cv,0.15156719004078567,0.05765532544378751,0.0472360145647134
42,0.23144471978243275,0.24265994047744677,0.24197395360618035,19,-0.7772246493222933,363700,0,0,smac,roc_auc,binary,LGBM,,False,cv,0.0,78,3,3,LGBM_363700_20260405_160514,363700_rep0_fold0_smac_roc_auc_cv,LGBM_363700_20260405_160514::363700_rep0_fold0_smac_roc_auc_cv,0.13375372479569408,0.06549556213017742,0.05875537901357182
43,0.2463160038121851,0.24754627772970006,0.2460265529687401,19,-0.7772246493221736,363700,0,0,smac,roc_auc,binary,LGBM,,False,cv,0.0,78,3,3,LGBM_363700_20260405_160514,363700_rep0_fold0_smac_roc_auc_cv,LGBM_363700_20260405_160514::363700_rep0_fold0_smac_roc_auc_cv,0.17910794982377143,0.08261834319526648,0.07146640185369055
44,0.22896658287956773,0.23873398484496688,0.23852291196150022,19,-0.7772246493222327,363700,0,0,smac,roc_auc,binary,LGBM,,False,cv,0.0,78,3,3,LGBM_363700_20260405_160514,363700_rep0_fold0_smac_roc_auc_cv,LGBM_363700_20260405_160514::363700_rep0_fold0_smac_roc_auc_cv,0.1261959390309907,0.051738165680473326,0.047931148626282144
45,0.2324812497515536,0.2341959178504338,0.23469193912658048,19,-0.7772246493222008,363700,0,0,smac,roc_auc,binary,LGBM,,False,cv,0.0,78,3,3,LGBM_363700_20260405_160514,363700_rep0_fold0_smac_roc_auc_cv,LGBM_363700_20260405_160514::363700_rep0_fold0_smac_roc_auc_cv,0.13691491877018883,0.035835798816568495,0.035915259847732514
46,0.22948672617625665,0.24966756020853997,0.24766236781560647,19,-0.7772246493221918,363700,0,0,smac,roc_auc,binary,LGBM,,False,cv,0.0,78,3,3,LGBM_363700_20260405_160514,363700_rep0_fold0_smac_roc_auc_cv,LGBM_363700_20260405_160514::363700_rep0_fold0_smac_roc_auc_cv,0.12778226446715873,0.0900517751479291,0.07659715326050867
47,0.5,0.2531608164299133,0.5,19,-0.7772246493214112,363700,0,0,smac,roc_auc,binary,LGBM,,False,cv,0.0,78,3,3,LGBM_363700_20260405_160514,363700_rep0_fold0_smac_roc_auc_cv,LGBM_363700_20260405_160514::363700_rep0_fold0_smac_roc_auc_cv,0.9527896995708156,0.10229289940828437,0.8680569347898045
48,0.23271135961371647,0.23762585220676702,0.23747810118834034,19,-0.7772246493211595,363700,0,0,smac,roc_auc,binary,LGBM,,False,cv,0.0,78,3,3,LGBM_363700_20260405_160514,363700_rep0_fold0_smac_roc_auc_cv,LGBM_363700_20260405_160514::363700_rep0_fold0_smac_roc_auc_cv,0.13761670446998683,0.04785502958579914,0.04465408805031422
49,0.2353290464619745,0.23888173586339367,0.2383435000105536,19,-0.777224649320648,363700,0,0,smac,roc_auc,binary,LGBM,,False,cv,0.0,78,3,3,LGBM_363700_20260405_160514,363700_rep0_fold0_smac_roc_auc_cv,LGBM_363700_20260405_160514::363700_rep0_fold0_smac_roc_auc_cv,0.14560008762179866,0.052255917159763715,0.04736842105263118
50,0.24949324145862972,0.25437448550984654,0.2522954176076999,19,-0.7772246493206081,363700,0,0,smac,roc_auc,binary,LGBM,,False,cv,0.0,78,3,3,LGBM_363700_20260405_160514,363700_rep0_fold0_smac_roc_auc_cv,LGBM_363700_20260405_160514::363700_rep0_fold0_smac_roc_auc_cv,0.18879784283477377,0.10654585798816586,0.09112876530949983
51,0.2291728798863003,0.24942482639255337,0.2475779386622199,19,-0.7772246493202062,363700,0,0,smac,roc_auc,binary,LGBM,,False,cv,0.0,78,3,3,LGBM_363700_20260405_160514,363700_rep0_fold0_smac_roc_auc_cv,LGBM_363700_20260405_160514::363700_rep0_fold0_smac_roc_auc_cv,0.12682510063178112,0.08920118343195296,0.07633234028467313
52,0.23078144283101953,0.2418578635202735,0.23759419127424697,19,-0.7772246493201742,363700,0,0,smac,roc_auc,binary,LGBM,,False,cv,0.0,78,3,3,LGBM_363700_20260405_160514,363700_rep0_fold0_smac_roc_auc_cv,LGBM_363700_20260405_160514::363700_rep0_fold0_smac_roc_auc_cv,0.1317308724279935,0.0626849112426036,0.04501820589208836
53,0.23061268926488654,0.2308504126474873,0.23251788842687382,19,-0.7772246493201175,363700,0,0,smac,roc_auc,binary,LGBM,,False,cv,0.0,78,3,3,LGBM_363700_20260405_160514,363700_rep0_fold0_smac_roc_auc_cv,LGBM_363700_20260405_160514::363700_rep0_fold0_smac_roc_auc_cv,0.13121621026449948,0.024112426035503613,0.029096325719960077
54,0.2303922189347697,0.23767862042763355,0.23435422251303373,19,-0.7772246493200564,363700,0,0,smac,roc_auc,binary,LGBM,,False,cv,0.0,78,3,3,LGBM_363700_20260405_160514,363700_rep0_fold0_smac_roc_auc_cv,LGBM_363700_20260405_160514::363700_rep0_fold0_smac_roc_auc_cv,0.13054382306887274,0.04803994082840221,0.034856007944388936
55,0.2844635407549838,0.2682103130210862,0.27612554615108587,19,-0.7772246493201395,363700,0,0,smac,roc_auc,binary,LGBM,,False,cv,0.0,78,3,3,LGBM_363700_20260405_160514,363700_rep0_fold0_smac_roc_auc_cv,LGBM_363700_20260405_160514::363700_rep0_fold0_smac_roc_auc_cv,0.29544975133258156,0.15502958579881693,0.16587222773915863
56,0.5,0.5,0.5,19,-0.7772246493214393,363700,0,0,smac,roc_auc,binary,LGBM,,False,cv,0.0,78,3,3,LGBM_363700_20260405_160514,363700_rep0_fold0_smac_roc_auc_cv,LGBM_363700_20260405_160514::363700_rep0_fold0_smac_roc_auc_cv,0.9527896995708156,0.9672707100591715,0.8680569347898045
57,0.23328484811494987,0.2346286172615405,0.23183190155560718,19,-0.7772246493214021,363700,0,0,smac,roc_auc,binary,LGBM,,False,cv,0.0,78,3,3,LGBM_363700_20260405_160514,363700_rep0_fold0_smac_roc_auc_cv,LGBM_363700_20260405_160514::363700_rep0_fold0_smac_roc_auc_cv,0.1393657213325467,0.03735207100591771,0.026944720291294095
58,0.22845829660632988,0.24981531122696665,0.2473985267112735,19,-0.7772246493210754,363700,0,0,smac,roc_auc,binary,LGBM,,False,cv,0.0,78,3,3,LGBM_363700_20260405_160514,363700_rep0_fold0_smac_roc_auc_cv,LGBM_363700_20260405_160514::363700_rep0_fold0_smac_roc_auc_cv,0.12464577497192283,0.0905695266272191,0.07576961271102287
59,0.23545103509154497,0.23633830761762042,0.23588450091816715,19,-0.7772246493209667,363700,0,0,smac,roc_auc,binary,LGBM,,False,cv,0.0,78,3,3,LGBM_363700_20260405_160514,363700_rep0_fold0_smac_roc_auc_cv,LGBM_363700_20260405_160514::363700_rep0_fold0_smac_roc_auc_cv,0.14597212676417107,0.04334319526627265,0.03965574313141351
60,0.23314784438933622,0.22742047829115397,0.22948899254912725,19,-0.7772246493209539,363700,0,0,smac,roc_auc,binary,LGBM,,False,cv,0.0,78,3,3,LGBM_363700_20260405_160514,363700_rep0_fold0_smac_roc_auc_cv,LGBM_363700_20260405_160514::363700_rep0_fold0_smac_roc_auc_cv,0.1389478893693662,0.012093195266272576,0.01959616021185022
61,0.23225865693823233,0.23161027502796716,0.2315786140954471,19,-0.7772246493209058,363700,0,0,smac,roc_auc,binary,LGBM,,False,cv,0.0,78,3,3,LGBM_363700_20260405_160514,363700_rep0_fold0_smac_roc_auc_cv,LGBM_363700_20260405_160514::363700_rep0_fold0_smac_roc_auc_cv,0.13623605845625708,0.02677514792899435,0.02615028136378641
62,0.23552580844568172,0.24152014690672696,0.24221668742216673,19,-0.7772246493208514,363700,0,0,smac,roc_auc,binary,LGBM,,False,cv,0.0,78,3,3,LGBM_363700_20260405_160514,363700_rep0_fold0_smac_roc_auc_cv,LGBM_363700_20260405_160514::363700_rep0_fold0_smac_roc_auc_cv,0.146200169448504,0.06150147928994131,0.059516716319098925
63,0.23794337382025477,0.23183190155560718,0.22773708761635392,19,-0.7772246493207946,363700,0,0,smac,roc_auc,binary,LGBM,,False,cv,0.0,78,3,3,LGBM_363700_20260405_160514,363700_rep0_fold0_smac_roc_auc_cv,LGBM_363700_20260405_160514::363700_rep0_fold0_smac_roc_auc_cv,0.1535732250500989,0.027551775147929343,0.014101290963256904
64,0.24220916412621085,0.24849610570530012,0.23663380965447378,19,-0.7772246493207939,363700,0,0,smac,roc_auc,binary,LGBM,,False,cv,0.0,78,3,3,LGBM_363700_20260405_160514,363700_rep0_fold0_smac_roc_auc_cv,LGBM_363700_20260405_160514::363700_rep0_fold0_smac_roc_auc_cv,0.1665829700776199,0.08594674556213068,0.04200595829195633
65,0.2865558341533807,0.3027207294678852,0.3009477172467654,19,-0.7772246493207716,363700,0,0,smac,roc_auc,binary,LGBM,,False,cv,0.0,78,3,3,LGBM_363700_20260405_160514,363700_rep0_fold0_smac_roc_auc_cv,LGBM_363700_20260405_160514::363700_rep0_fold0_smac_roc_auc_cv,0.30183079720769246,0.27596153846153837,0.24372724263488912
66,0.25237755742124635,0.23306667792388702,0.24760959959474005,19,-0.7772246493207903,363700,0,0,smac,roc_auc,binary,LGBM,,False,cv,0.0,78,3,3,LGBM_363700_20260405_160514,363700_rep0_fold0_smac_roc_auc_cv,LGBM_363700_20260405_160514::363700_rep0_fold0_smac_roc_auc_cv,0.19759438756883116,0.03187869822485199,0.07643164515061207
67,0.23098395661119886,0.23665491694282037,0.23557844523714033,19,-0.7772246493207,363700,0,0,smac,roc_auc,binary,LGBM,,False,cv,0.0,78,3,3,LGBM_363700_20260405_160514,363700_rep0_fold0_smac_roc_auc_cv,LGBM_363700_20260405_160514::363700_rep0_fold0_smac_roc_auc_cv,0.1323484959996477,0.04445266272189379,0.03869579609400818
68,0.23587621389127833,0.24175232707854022,0.23833294636638036,19,-0.7772246493206577,363700,0,0,smac,roc_auc,binary,LGBM,,False,cv,0.0,78,3,3,LGBM_363700_20260405_160514,363700_rep0_fold0_smac_roc_auc_cv,LGBM_363700_20260405_160514::363700_rep0_fold0_smac_roc_auc_cv,0.14726883086327205,0.062315088757396685,0.047335319430651994
69,0.24312016356003785,0.24566772906684675,0.2515777698039132,19,-0.7772246493205424,363700,0,0,smac,roc_auc,binary,LGBM,,False,cv,0.0,78,3,3,LGBM_363700_20260405_160514,363700_rep0_fold0_smac_roc_auc_cv,LGBM_363700_20260405_160514::363700_rep0_fold0_smac_roc_auc_cv,0.1693613228573515,0.07603550295858001,0.08887785501489524
70,0.2350078180348214,0.23938831078371348,0.23628553939675367,19,-0.7772246493204483,363700,0,0,smac,roc_auc,binary,LGBM,,False,cv,0.0,78,3,3,LGBM_363700_20260405_160514,363700_rep0_fold0_smac_roc_auc_cv,LGBM_363700_20260405_160514::363700_rep0_fold0_smac_roc_auc_cv,0.14462040985212057,0.05403106508875715,0.04091360476663322
71,0.23547639848081126,0.23302446334719373,0.23500854845178043,19,-0.7772246493204051,363700,0,0,smac,roc_auc,binary,LGBM,,False,cv,0.0,78,3,3,LGBM_363700_20260405_160514,363700_rep0_fold0_smac_roc_auc_cv,LGBM_363700_20260405_160514::363700_rep0_fold0_smac_roc_auc_cv,0.14604947965864587,0.0317307692307693,0.03690830850711668
72,0.24589858718245117,0.25026911792642004,0.24824281824513994,19,-0.7772246493212682,363700,0,0,smac,roc_auc,binary,LGBM,,False,cv,0.0,78,3,3,LGBM_363700_20260405_160514,363700_rep0_fold0_smac_roc_auc_cv,LGBM_363700_20260405_160514::363700_rep0_fold0_smac_roc_auc_cv,0.17783491867746698,0.09215976331360985,0.07841774246938041
73,0.2493498170788111,0.26472761044388626,0.267851489119193,19,-0.7772246493213213,363700,0,0,smac,roc_auc,binary,LGBM,,False,cv,0.0,78,3,3,LGBM_363700_20260405_160514,363700_rep0_fold0_smac_roc_auc_cv,LGBM_363700_20260405_160514::363700_rep0_fold0_smac_roc_auc_cv,0.18836042925409088,0.14282544378698242,0.1399205561072494
74,0.23385871474882225,0.23363657470924704,0.2319690989298604,19,-0.7772246493212819,363700,0,0,smac,roc_auc,binary,LGBM,,False,cv,0.0,78,3,3,LGBM_363700_20260405_160514,363700_rep0_fold0_smac_roc_auc_cv,LGBM_363700_20260405_160514::363700_rep0_fold0_smac_roc_auc_cv,0.14111589141851114,0.03387573964497043,0.027375041377026944
75,0.23594448108382926,0.23665491694282026,0.23364712835342039,19,-0.7772246493212287,363700,0,0,smac,roc_auc,binary,LGBM,,False,cv,0.0,78,3,3,LGBM_363700_20260405_160514,363700_rep0_fold0_smac_roc_auc_cv,LGBM_363700_20260405_160514::363700_rep0_fold0_smac_roc_auc_cv,0.14747703115094027,0.0444526627218934,0.032638199271763896
76,0.23648404785707489,0.24086582096798015,0.24166789792515364,19,-0.7772246493211429,363700,0,0,smac,roc_auc,binary,LGBM,,False,cv,0.0,78,3,3,LGBM_363700_20260405_160514,363700_rep0_fold0_smac_roc_auc_cv,LGBM_363700_20260405_160514::363700_rep0_fold0_smac_roc_auc_cv,0.1491225940224782,0.05920857988165672,0.057795431976166836
77,0.23810309970715426,0.22901407856132705,0.22921459780062048,19,-0.7772246493211107,363700,0,0,smac,roc_auc,binary,LGBM,,False,cv,0.0,78,3,3,LGBM_363700_20260405_160514,363700_rep0_fold0_smac_roc_auc_cv,LGBM_363700_20260405_160514::363700_rep0_fold0_smac_roc_auc_cv,0.154060354729201,0.01767751479289905,0.018735518040383477
78,0.5,0.5,0.5,19,-0.7772246493219023,363700,0,0,smac,roc_auc,binary,LGBM,,False,cv,0.0,78,3,3,LGBM_363700_20260405_160514,363700_rep0_fold0_smac_roc_auc_cv,LGBM_363700_20260405_160514::363700_rep0_fold0_smac_roc_auc_cv,0.9527896995708156,0.9672707100591715,0.8680569347898045
79,0.23855737761860651,0.24470734744707356,0.24219558013382014,19,-0.777224649321676,363700,0,0,smac,roc_auc,binary,LGBM,,False,cv,0.0,78,3,3,LGBM_363700_20260405_160514,363700_rep0_fold0_smac_roc_auc_cv,LGBM_363700_20260405_160514::363700_rep0_fold0_smac_roc_auc_cv,0.1554458048746,0.07267011834319582,0.05945051307514022
80,0.24240341409309085,0.23348882369082036,0.22942567068408726,19,-0.7772246493216787,363700,0,0,smac,roc_auc,binary,LGBM,,False,cv,0.0,78,3,3,LGBM_363700_20260405_160514,363700_rep0_fold0_smac_roc_auc_cv,LGBM_363700_20260405_160514::363700_rep0_fold0_smac_roc_auc_cv,0.16717539079206167,0.03335798816568043,0.019397550479973387
81,0.25131184853351807,0.2513983578529666,0.25420562720307316,19,-0.7772246493223887,363700,0,0,smac,roc_auc,binary,LGBM,,False,cv,0.0,78,3,3,LGBM_363700_20260405_160514,363700_rep0_fold0_smac_roc_auc_cv,LGBM_363700_20260405_160514::363700_rep0_fold0_smac_roc_auc_cv,0.19434420415415427,0.09611686390532558,0.09712015888778505
82,0.24985110314781933,0.27417312197901933,0.276853747599046,19,-0.7772246493223882,363700,0,0,smac,roc_auc,binary,LGBM,,False,cv,0.0,78,3,3,LGBM_363700_20260405_160514,363700_rep0_fold0_smac_roc_auc_cv,LGBM_363700_20260405_160514::363700_rep0_fold0_smac_roc_auc_cv,0.18988924419244818,0.17592455621301786,0.16815623965574308
83,0.24170041421295319,0.23549401608375364,0.23333051902822055,19,-0.7772246493222137,363700,0,0,smac,roc_auc,binary,LGBM,,False,cv,0.0,78,3,3,LGBM_363700_20260405_160514,363700_rep0_fold0_smac_roc_auc_cv,LGBM_363700_20260405_160514::363700_rep0_fold0_smac_roc_auc_cv,0.16503139201598516,0.040384615384615366,0.031645150612380074
84,0.2303372471898284,0.24178398801106027,0.23791080059944691,19,-0.7772246493222087,363700,0,0,smac,roc_auc,binary,LGBM,,False,cv,0.0,78,3,3,LGBM_363700_20260405_160514,363700_rep0_fold0_smac_roc_auc_cv,LGBM_363700_20260405_160514::363700_rep0_fold0_smac_roc_auc_cv,0.1303761710433136,0.062426035502959,0.04601125455147252
85,0.5,0.5,0.5,19,-0.7772246493206171,363700,0,0,smac,roc_auc,binary,LGBM,,False,cv,0.0,78,3,3,LGBM_363700_20260405_160514,363700_rep0_fold0_smac_roc_auc_cv,LGBM_363700_20260405_160514::363700_rep0_fold0_smac_roc_auc_cv,0.9527896995708156,0.9672707100591715,0.8680569347898045
86,0.2710247447718698,0.2574878105409799,0.2554298499271799,19,-0.7772246493207453,363700,0,0,smac,roc_auc,binary,LGBM,,False,cv,0.0,78,3,3,LGBM_363700_20260405_160514,363700_rep0_fold0_smac_roc_auc_cv,LGBM_363700_20260405_160514::363700_rep0_fold0_smac_roc_auc_cv,0.2544643074458827,0.11745562130177575,0.10095994703740463
87,0.23305581184545532,0.23886062857504697,0.23724592101652697,19,-0.7772246493199633,363700,0,0,smac,roc_auc,binary,LGBM,,False,cv,0.0,78,3,3,LGBM_363700_20260405_160514,363700_rep0_fold0_smac_roc_auc_cv,LGBM_363700_20260405_160514::363700_rep0_fold0_smac_roc_auc_cv,0.1386672098600024,0.05218195266272217,0.0439258523667656
88,0.23874833650141347,0.23044937416890043,0.22967895814424721,19,-0.7772246493199357,363700,0,0,smac,roc_auc,binary,LGBM,,False,cv,0.0,78,3,3,LGBM_363700_20260405_160514,363700_rep0_fold0_smac_roc_auc_cv,LGBM_363700_20260405_160514::363700_rep0_fold0_smac_roc_auc_cv,0.15602818848886016,0.022707100591715927,0.02019198940748072
89,0.2405411602507883,0.22936234881904716,0.2283914135551005,19,-0.7772246493199075,363700,0,0,smac,roc_auc,binary,LGBM,,False,cv,0.0,78,3,3,LGBM_363700_20260405_160514,363700_rep0_fold0_smac_roc_auc_cv,LGBM_363700_20260405_160514::363700_rep0_fold0_smac_roc_auc_cv,0.16149591619832696,0.018897928994082887,0.016153591525984296
90,0.24024157659192513,0.22795871414399405,0.23040715959220726,19,-0.7772246493198834,363700,0,0,smac,roc_auc,binary,LGBM,,False,cv,0.0,78,3,3,LGBM_363700_20260405_160514,363700_rep0_fold0_smac_roc_auc_cv,LGBM_363700_20260405_160514::363700_rep0_fold0_smac_roc_auc_cv,0.16058225032713308,0.0139792899408291,0.022476001324064823
91,0.23937263348823223,0.2412035375815269,0.23748865483251358,19,-0.7772246493198665,363700,0,0,smac,roc_auc,binary,LGBM,,False,cv,0.0,78,3,3,LGBM_363700_20260405_160514,363700_rep0_fold0_smac_roc_auc_cv,LGBM_363700_20260405_160514::363700_rep0_fold0_smac_roc_auc_cv,0.15793216032934693,0.06039201183431978,0.044687189672293404
92,0.23732082498432938,0.23434366886886038,0.23433311522468714,19,-0.777224649319844,363700,0,0,smac,roc_auc,binary,LGBM,,False,cv,0.0,78,3,3,LGBM_363700_20260405_160514,363700_rep0_fold0_smac_roc_auc_cv,LGBM_363700_20260405_160514::363700_rep0_fold0_smac_roc_auc_cv,0.15167458469469727,0.0363535502958581,0.03478980470043023
93,0.23916801622648864,0.23097705637756727,0.22791649956730065,19,-0.7772246493198037,363700,0,0,smac,roc_auc,binary,LGBM,,False,cv,0.0,78,3,3,LGBM_363700_20260405_160514,363700_rep0_fold0_smac_roc_auc_cv,LGBM_363700_20260405_160514::363700_rep0_fold0_smac_roc_auc_cv,0.1573081215903126,0.024556213017752068,0.01466401853690822
94,0.23804305642445833,0.2309876100217405,0.2303543913713405,19,-0.7772246493197965,363700,0,0,smac,roc_auc,binary,LGBM,,False,cv,0.0,78,3,3,LGBM_363700_20260405_160514,363700_rep0_fold0_smac_roc_auc_cv,LGBM_363700_20260405_160514::363700_rep0_fold0_smac_roc_auc_cv,0.153877235601803,0.02459319526627245,0.02231049321416717
95,0.2402991667628782,0.23424868607130045,0.23014331848787384,19,-0.7772246493197594,363700,0,0,smac,roc_auc,binary,LGBM,,False,cv,0.0,78,3,3,LGBM_363700_20260405_160514,363700_rep0_fold0_smac_roc_auc_cv,LGBM_363700_20260405_160514::363700_rep0_fold0_smac_roc_auc_cv,0.16075788799013419,0.03602071005917195,0.02164846077457761
96,0.23897126754392928,0.23218017181332695,0.2322962618992338,19,-0.7772246493197997,363700,0,0,smac,roc_auc,binary,LGBM,,False,cv,0.0,78,3,3,LGBM_363700_20260405_160514,363700_rep0_fold0_smac_roc_auc_cv,LGBM_363700_20260405_160514::363700_rep0_fold0_smac_roc_auc_cv,0.15670808032925387,0.028772189349112014,0.028401191658390987
97,0.23946909341426714,0.23402705954366032,0.2319268843531671,19,-0.7772246493197967,363700,0,0,smac,roc_auc,binary,LGBM,,False,cv,0.0,78,3,3,LGBM_363700_20260405_160514,363700_rep0_fold0_smac_roc_auc_cv,LGBM_363700_20260405_160514::363700_rep0_fold0_smac_roc_auc_cv,0.15822634240419844,0.03524408284023657,0.02724263488910917
98,0.23757442467404022,0.24638537687063344,0.24394748506659347,19,-0.7772246493197837,363700,0,0,smac,roc_auc,binary,LGBM,,False,cv,0.0,78,3,3,LGBM_363700_20260405_160514,363700_rep0_fold0_smac_roc_auc_cv,LGBM_363700_20260405_160514::363700_rep0_fold0_smac_roc_auc_cv,0.15244800932778105,0.07855029585798845,0.06494538232373354
99,0.2420664694093736,0.23730924288156707,0.24319817633028684,19,-0.7772246493197371,363700,0,0,smac,roc_auc,binary,LGBM,,False,cv,0.0,78,3,3,LGBM_363700_20260405_160514,363700_rep0_fold0_smac_roc_auc_cv,LGBM_363700_20260405_160514::363700_rep0_fold0_smac_roc_auc_cv,0.16614778181245016,0.046745562130178,0.06259516716319072
100,0.4815526452981316,0.4605293707917345,0.4314751883825485,19,-0.7772246493200924,363700,0,0,smac,roc_auc,binary,LGBM,,False,cv,0.0,78,3,3,LGBM_363700_20260405_160514,363700_rep0_fold0_smac_roc_auc_cv,LGBM_363700_20260405_160514::363700_rep0_fold0_smac_roc_auc_cv,0.8965292263899242,0.8289571005917163,0.6531281032770604
101,0.24171986999229822,0.23412204234122047,0.23056546425480717,19,-0.7772246493201823,363700,0,0,smac,roc_auc,binary,LGBM,,False,cv,0.0,78,3,3,LGBM_363700_20260405_160514,363700_rep0_fold0_smac_roc_auc_cv,LGBM_363700_20260405_160514::363700_rep0_fold0_smac_roc_auc_cv,0.16509072796792756,0.03557692307692349,0.022972525653756733
102,0.23794357143731215,0.2313992021445005,0.2301749794203939,19,-0.7772246493201571,363700,0,0,smac,roc_auc,binary,LGBM,,False,cv,0.0,78,3,3,LGBM_363700_20260405_160514,363700_rep0_fold0_smac_roc_auc_cv,LGBM_363700_20260405_160514::363700_rep0_fold0_smac_roc_auc_cv,0.15357382773971684,0.026035502958580127,0.0217477656405162
103,0.240321964930725,0.23209574265994048,0.22863414737108712,19,-0.7772246493201243,363700,0,0,smac,roc_auc,binary,LGBM,,False,cv,0.0,78,3,3,LGBM_363700_20260405_160514,363700_rep0_fold0_smac_roc_auc_cv,LGBM_363700_20260405_160514::363700_rep0_fold0_smac_roc_auc_cv,0.16082741750975618,0.028476331360947026,0.016914928831512098
104,0.23421807756758328,0.2297422800092872,0.2280853578740739,19,-0.7772246493201074,363700,0,0,smac,roc_auc,binary,LGBM,,False,cv,0.0,78,3,3,LGBM_363700_20260405_160514,363700_rep0_fold0_smac_roc_auc_cv,LGBM_363700_20260405_160514::363700_rep0_fold0_smac_roc_auc_cv,0.14221187089924758,0.020229289940828645,0.01519364448857966
105,0.23925920509754728,0.23627498575258032,0.22956286805834059,19,-0.7772246493201043,363700,0,0,smac,roc_auc,binary,LGBM,,False,cv,0.0,78,3,3,LGBM_363700_20260405_160514,363700_rep0_fold0_smac_roc_auc_cv,LGBM_363700_20260405_160514::363700_rep0_fold0_smac_roc_auc_cv,0.15758622807861417,0.04312130177514803,0.019827871565706583
106,0.24095104273020418,0.2670071975853262,0.2638199970449797,19,-0.7772246493200899,363700,0,0,smac,roc_auc,binary,LGBM,,False,cv,0.0,78,3,3,LGBM_363700_20260405_160514,363700_rep0_fold0_smac_roc_auc_cv,LGBM_363700_20260405_160514::363700_rep0_fold0_smac_roc_auc_cv,0.16274596980293174,0.1508136094674558,0.12727573651108906
107,0.2305617515681483,0.26001013149840646,0.25424784177976645,19,-0.7772246493200795,363700,0,0,smac,roc_auc,binary,LGBM,,False,cv,0.0,78,3,3,LGBM_363700_20260405_160514,363700_rep0_fold0_smac_roc_auc_cv,LGBM_363700_20260405_160514::363700_rep0_fold0_smac_roc_auc_cv,0.13106086122028404,0.12629437869822527,0.09725256537570282
108,0.2585709368089817,0.289560335183739,0.29028853663169885,19,-0.7772246493200682,363700,0,0,smac,roc_auc,binary,LGBM,,False,cv,0.0,78,3,3,LGBM_363700_20260405_160514,363700_rep0_fold0_smac_roc_auc_cv,LGBM_363700_20260405_160514::363700_rep0_fold0_smac_roc_auc_cv,0.2164828656500532,0.22984467455621346,0.21029460443561684
109,0.318728577075859,0.34085104586613757,0.29249424826392545,19,-0.7772246493200343,363700,0,0,smac,roc_auc,binary,LGBM,,False,cv,0.0,78,3,3,LGBM_363700_20260405_160514,363700_rep0_fold0_smac_roc_auc_cv,LGBM_363700_20260405_160514::363700_rep0_fold0_smac_roc_auc_cv,0.3999507590991649,0.409578402366864,0.21721284342932753
110,0.2369984697599158,0.22468708445026075,0.2265128648922472,19,-0.7772246493200361,363700,0,0,smac,roc_auc,binary,LGBM,,False,cv,0.0,78,3,3,LGBM_363700_20260405_160514,363700_rep0_fold0_smac_roc_auc_cv,LGBM_363700_20260405_160514::363700_rep0_fold0_smac_roc_auc_cv,0.15069147043517667,0.002514792899408827,0.010261502813637314
111,0.23571950356466964,0.25182050361990005,0.23614834202250035,19,-0.7772246493200595,363700,0,0,smac,roc_auc,binary,LGBM,,False,cv,0.0,78,3,3,LGBM_363700_20260405_160514,363700_rep0_fold0_smac_roc_auc_cv,LGBM_363700_20260405_160514::363700_rep0_fold0_smac_roc_auc_cv,0.146790897995941,0.09759615384615442,0.040483283680900026
112,0.2563084913237371,0.25291808261392656,0.25410009076134,19,-0.7772246493200548,363700,0,0,smac,roc_auc,binary,LGBM,,False,cv,0.0,78,3,3,LGBM_363700_20260405_160514,363700_rep0_fold0_smac_roc_auc_cv,LGBM_363700_20260405_160514::363700_rep0_fold0_smac_roc_auc_cv,0.2095828924233803,0.10144230769230783,0.09678914266799078
113,0.2725230811022685,0.2879034130485255,0.2821094623973658,19,-0.7772246493200806,363700,0,0,smac,roc_auc,binary,LGBM,,False,cv,0.0,78,3,3,LGBM_363700_20260405_160514,363700_rep0_fold0_smac_roc_auc_cv,LGBM_363700_20260405_160514::363700_rep0_fold0_smac_roc_auc_cv,0.25903391172219753,0.22403846153846121,0.18464084740152234
114,0.27767472977197494,0.2843151740295925,0.2813918145935792,19,-0.7772246493201005,363700,0,0,smac,roc_auc,binary,LGBM,,False,cv,0.0,78,3,3,LGBM_363700_20260405_160514,363700_rep0_fold0_smac_roc_auc_cv,LGBM_363700_20260405_160514::363700_rep0_fold0_smac_roc_auc_cv,0.2747453346607957,0.2114644970414206,0.18238993710691812
115,0.24406867413167632,0.23373155750680719,0.2323806910526205,19,-0.7772246493201412,363700,0,0,smac,roc_auc,binary,LGBM,,False,cv,0.0,78,3,3,LGBM_363700_20260405_160514,363700_rep0_fold0_smac_roc_auc_cv,LGBM_363700_20260405_160514::363700_rep0_fold0_smac_roc_auc_cv,0.17225407655780772,0.034208579881657354,0.02866600463422688
116,0.23827929051524022,0.23307723156806048,0.2299639065369271,19,-0.7772246493201218,363700,0,0,smac,roc_auc,binary,LGBM,,False,cv,0.0,78,3,3,LGBM_363700_20260405_160514,363700_rep0_fold0_smac_roc_auc_cv,LGBM_363700_20260405_160514::363700_rep0_fold0_smac_roc_auc_cv,0.15459769888467684,0.03191568047337315,0.021085733200926295
117,0.2396135153801936,0.23549401608375375,0.23026996221795382,19,-0.7772246493201183,363700,0,0,smac,roc_auc,binary,LGBM,,False,cv,0.0,78,3,3,LGBM_363700_20260405_160514,363700_rep0_fold0_smac_roc_auc_cv,LGBM_363700_20260405_160514::363700_rep0_fold0_smac_roc_auc_cv,0.15866679840843595,0.040384615384615755,0.02204568023833128
118,0.23945843349414542,0.22954176076999389,0.23466027819406043,19,-0.7772246493201125,363700,0,0,smac,roc_auc,binary,LGBM,,False,cv,0.0,78,3,3,LGBM_363700_20260405_160514,363700_rep0_fold0_smac_roc_auc_cv,LGBM_363700_20260405_160514::363700_rep0_fold0_smac_roc_auc_cv,0.15819383193536368,0.019526627218935194,0.03581595498179392
119,0.23952938751861308,0.2300905502670072,0.22787428499060725,19,-0.7772246493200375,363700,0,0,smac,roc_auc,binary,LGBM,,False,cv,0.0,78,3,3,LGBM_363700_20260405_160514,363700_rep0_fold0_smac_roc_auc_cv,LGBM_363700_20260405_160514::363700_rep0_fold0_smac_roc_auc_cv,0.15841022648380457,0.021449704142012097,0.0145316120489901
120,0.2380570074286531,0.2407919454587668,0.23829073178968696,19,-0.7772246493200261,363700,0,0,smac,roc_auc,binary,LGBM,,False,cv,0.0,78,3,3,LGBM_363700_20260405_160514,363700_rep0_fold0_smac_roc_auc_cv,LGBM_363700_20260405_160514::363700_rep0_fold0_smac_roc_auc_cv,0.1539197831708193,0.058949704142011713,0.04720291294273387
121,0.3025337965071794,0.33351626316567107,0.27660046013888584,19,-0.7772246493200343,363700,0,0,smac,roc_auc,binary,LGBM,,False,cv,0.0,78,3,3,LGBM_363700_20260405_160514,363700_rep0_fold0_smac_roc_auc_cv,LGBM_363700_20260405_160514::363700_rep0_fold0_smac_roc_auc_cv,0.35056015363949217,0.3838757396449704,0.16736180072823506
122,0.24635072360905896,0.262120860333073,0.25732950587837977,19,-0.777224649319884,363700,0,0,smac,roc_auc,binary,LGBM,,False,cv,0.0,78,3,3,LGBM_363700_20260405_160514,363700_rep0_fold0_smac_roc_auc_cv,LGBM_363700_20260405_160514::363700_rep0_fold0_smac_roc_auc_cv,0.1792138377536365,0.13369082840236712,0.10691823899371034
123,0.2549081996561615,0.2374042256791269,0.2422272410663402,19,-0.7772246493199109,363700,0,0,smac,roc_auc,binary,LGBM,,False,cv,0.0,78,3,3,LGBM_363700_20260405_160514,363700_rep0_fold0_smac_roc_auc_cv,LGBM_363700_20260405_160514::363700_rep0_fold0_smac_roc_auc_cv,0.20531230332904885,0.04707840236686376,0.0595498179410788
124,0.24073710136364146,0.25527154526457996,0.2443274162568334,19,-0.7772246493199079,363700,0,0,smac,roc_auc,binary,LGBM,,False,cv,0.0,78,3,3,LGBM_363700_20260405_160514,363700_rep0_fold0_smac_roc_auc_cv,LGBM_363700_20260405_160514::363700_rep0_fold0_smac_roc_auc_cv,0.16209349454507996,0.1096893491124266,0.06613704071499453
125,0.23952367182525724,0.22863414737108712,0.2290879540705404,19,-0.7772246493198997,363700,0,0,smac,roc_auc,binary,LGBM,,False,cv,0.0,78,3,3,LGBM_363700_20260405_160514,363700_rep0_fold0_smac_roc_auc_cv,LGBM_363700_20260405_160514::363700_rep0_fold0_smac_roc_auc_cv,0.1583927948456129,0.01634615384615368,0.018338298576629462
126,0.2356501779807626,0.23470249277075372,0.23254954935939376,19,-0.7772246493198933,363700,0,0,smac,roc_auc,binary,LGBM,,False,cv,0.0,78,3,3,LGBM_363700_20260405_160514,363700_rep0_fold0_smac_roc_auc_cv,LGBM_363700_20260405_160514::363700_rep0_fold0_smac_roc_auc_cv,0.14657946984175926,0.03761094674556232,0.02919563058589832
127,0.24729128579462467,0.24225890199886013,0.23695041897967373,19,-0.7772246493198597,363700,0,0,smac,roc_auc,binary,LGBM,,False,cv,0.0,78,3,3,LGBM_363700_20260405_160514,363700_rep0_fold0_smac_roc_auc_cv,LGBM_363700_20260405_160514::363700_rep0_fold0_smac_roc_auc_cv,0.18208235058223304,0.06409023668639051,0.0429990069513405
128,0.2650974263494529,0.2578149735103531,0.260126221584313,19,-0.7772246493198728,363700,0,0,smac,roc_auc,binary,LGBM,,False,cv,0.0,78,3,3,LGBM_363700_20260405_160514,363700_rep0_fold0_smac_roc_auc_cv,LGBM_363700_20260405_160514::363700_rep0_fold0_smac_roc_auc_cv,0.2363872582142542,0.11860207100591727,0.11569016881827157
129,0.24346952961591817,0.23077653713827384,0.22857082550604724,19,-0.7772246493198799,363700,0,0,smac,roc_auc,binary,LGBM,,False,cv,0.0,78,3,3,LGBM_363700_20260405_160514,363700_rep0_fold0_smac_roc_auc_cv,LGBM_363700_20260405_160514::363700_rep0_fold0_smac_roc_auc_cv,0.17042681435652987,0.023853550295858224,0.016716319099635613
130,0.2795686840505326,0.3023407982776454,0.28495894632416574,19,-0.77722464932012,363700,0,0,smac,roc_auc,binary,LGBM,,False,cv,0.0,78,3,3,LGBM_363700_20260405_160514,363700_rep0_fold0_smac_roc_auc_cv,LGBM_363700_20260405_160514::363700_rep0_fold0_smac_roc_auc_cv,0.28052148878243977,0.2746301775147934,0.19357828533598123
131,0.23732954863732014,0.23824851721299356,0.23420647149460716,19,-0.7772246493201138,363700,0,0,smac,roc_auc,binary,LGBM,,False,cv,0.0,78,3,3,LGBM_363700_20260405_160514,363700_rep0_fold0_smac_roc_auc_cv,LGBM_363700_20260405_160514::363700_rep0_fold0_smac_roc_auc_cv,0.15170118996429055,0.050036982248520656,0.034392585236676564
132,0.24001828831857464,0.23169470418135385,0.2291090613588872,19,-0.777224649320117,363700,0,0,smac,roc_auc,binary,LGBM,,False,cv,0.0,78,3,3,LGBM_363700_20260405_160514,363700_rep0_fold0_smac_roc_auc_cv,LGBM_363700_20260405_160514::363700_rep0_fold0_smac_roc_auc_cv,0.15990126900935256,0.027071005917160117,0.01840450182058887
133,0.23255439656529386,0.2352196213352471,0.23239124469679384,19,-0.7772246493201214,363700,0,0,smac,roc_auc,binary,LGBM,,False,cv,0.0,78,3,3,LGBM_363700_20260405_160514,363700_rep0_fold0_smac_roc_auc_cv,LGBM_363700_20260405_160514::363700_rep0_fold0_smac_roc_auc_cv,0.1371380008553555,0.0394230769230773,0.028699106256206412
134,0.23355234180393514,0.24515060050235338,0.24015872680836692,19,-0.7772246493200896,363700,0,0,smac,roc_auc,binary,LGBM,,False,cv,0.0,78,3,3,LGBM_363700_20260405_160514,363700_rep0_fold0_smac_roc_auc_cv,LGBM_363700_20260405_160514::363700_rep0_fold0_smac_roc_auc_cv,0.1401815196818726,0.07422337278106503,0.05306190003310132
135,0.22960482326992537,0.24459125736116671,0.2358106254089537,19,-0.7772246493200204,363700,0,0,smac,roc_auc,binary,LGBM,,False,cv,0.0,78,3,3,LGBM_363700_20260405_160514,363700_rep0_fold0_smac_roc_auc_cv,LGBM_363700_20260405_160514::363700_rep0_fold0_smac_roc_auc_cv,0.12814243526012437,0.07226331360946735,0.0394240317775568
136,0.25684197947230003,0.2529708508347932,0.24573105093188663,19,-0.77722464932003,363700,0,0,smac,roc_auc,binary,LGBM,,False,cv,0.0,78,3,3,LGBM_363700_20260405_160514,363700_rep0_fold0_smac_roc_auc_cv,LGBM_363700_20260405_160514::363700_rep0_fold0_smac_roc_auc_cv,0.21120991679406184,0.10162721893491129,0.07053955643826475
137,0.25183497888803763,0.23383709394854046,0.24838001561939338,19,-0.7772246493200177,363700,0,0,smac,roc_auc,binary,LGBM,,False,cv,0.0,78,3,3,LGBM_363700_20260405_160514,363700_rep0_fold0_smac_roc_auc_cv,LGBM_363700_20260405_160514::363700_rep0_fold0_smac_roc_auc_cv,0.19593963947570622,0.034578402366864276,0.07884806355511395
138,0.30679557556690074,0.3154906389176183,0.2946366380311122,19,-0.777224649320017,363700,0,0,smac,roc_auc,binary,LGBM,,False,cv,0.0,78,3,3,LGBM_363700_20260405_160514,363700_rep0_fold0_smac_roc_auc_cv,LGBM_363700_20260405_160514::363700_rep0_fold0_smac_roc_auc_cv,0.36355766522677974,0.32071005917159795,0.2239324726911617
139,0.23509559041098194,0.2487177322329398,0.23667602423116696,19,-0.7772246493199808,363700,0,0,smac,roc_auc,binary,LGBM,,False,cv,0.0,78,3,3,LGBM_363700_20260405_160514,363700_rep0_fold0_smac_roc_auc_cv,LGBM_363700_20260405_160514::363700_rep0_fold0_smac_roc_auc_cv,0.14488809676413636,0.08672337278106451,0.04213836477987375
140,0.2550987348023931,0.23300335605884714,0.25109230217194,19,-0.7772246493199785,363700,0,0,smac,roc_auc,binary,LGBM,,False,cv,0.0,78,3,3,LGBM_363700_20260405_160514,363700_rep0_fold0_smac_roc_auc_cv,LGBM_363700_20260405_160514::363700_rep0_fold0_smac_roc_auc_cv,0.20589339463768472,0.03165680473372815,0.08735518040383965
141,0.2486200818909885,0.23813242712708693,0.23128311205859386,19,-0.7772246493199845,363700,0,0,smac,roc_auc,binary,LGBM,,False,cv,0.0,78,3,3,LGBM_363700_20260405_160514,363700_rep0_fold0_smac_roc_auc_cv,LGBM_363700_20260405_160514::363700_rep0_fold0_smac_roc_auc_cv,0.18613489352676582,0.04963017751479296,0.02522343594836131
142,0.23974558247969724,0.2411613230048335,0.23817464170378033,19,-0.777224649319934,363700,0,0,smac,roc_auc,binary,LGBM,,False,cv,0.0,78,3,3,LGBM_363700_20260405_160514,363700_rep0_fold0_smac_roc_auc_cv,LGBM_363700_20260405_160514::363700_rep0_fold0_smac_roc_auc_cv,0.15906957472134278,0.060244082840236704,0.046838795100959736
143,0.2391804071960275,0.25762500791523313,0.2424910821706735,19,-0.7772246493199408,363700,0,0,smac,roc_auc,binary,LGBM,,False,cv,0.0,78,3,3,LGBM_363700_20260405_160514,363700_rep0_fold0_smac_roc_auc_cv,LGBM_363700_20260405_160514::363700_rep0_fold0_smac_roc_auc_cv,0.15734591138839982,0.1179363905325446,0.06037735849056567
144,0.24624114875099556,0.2268611351499672,0.22470819173860734,19,-0.7772246493199495,363700,0,0,smac,roc_auc,binary,LGBM,,False,cv,0.0,78,3,3,LGBM_363700_20260405_160514,363700_rep0_fold0_smac_roc_auc_cv,LGBM_363700_20260405_160514::363700_rep0_fold0_smac_roc_auc_cv,0.17887965795046118,0.010133136094674514,0.0046011254551470435
145,0.2554702738721597,0.23214851088080724,0.25265424150959337,19,-0.7772246493199562,363700,0,0,smac,roc_auc,binary,LGBM,,False,cv,0.0,78,3,3,LGBM_363700_20260405_160514,363700_rep0_fold0_smac_roc_auc_cv,LGBM_363700_20260405_160514::363700_rep0_fold0_smac_roc_auc_cv,0.20702650907105877,0.028661242603550872,0.09225422045680245
146,0.2323519340895428,0.23062878611984705,0.22949954619330049,19,-0.7772246493199051,363700,0,0,smac,roc_auc,binary,LGBM,,False,cv,0.0,78,3,3,LGBM_363700_20260405_160514,363700_rep0_fold0_smac_roc_auc_cv,LGBM_363700_20260405_160514::363700_rep0_fold0_smac_roc_auc_cv,0.13652053375119794,0.023335798816567842,0.0196292618338294
147,0.2460351633711615,0.23845959009646034,0.24804229900584673,19,-0.7772246493199126,363700,0,0,smac,roc_auc,binary,LGBM,,False,cv,0.0,78,3,3,LGBM_363700_20260405_160514,363700_rep0_fold0_smac_roc_auc_cv,LGBM_363700_20260405_160514::363700_rep0_fold0_smac_roc_auc_cv,0.17825144674483848,0.050776627218935264,0.07778881165177072
148,0.2374751791075599,0.23038605230386056,0.23222238639002057,19,-0.7772246493198501,363700,0,0,smac,roc_auc,binary,LGBM,,False,cv,0.0,78,3,3,LGBM_363700_20260405_160514,363700_rep0_fold0_smac_roc_auc_cv,LGBM_363700_20260405_160514::363700_rep0_fold0_smac_roc_auc_cv,0.15214533164734792,0.022485207100592087,0.02816948030453497
149,0.31346549708784655,0.25363573041771315,0.25533486712961984,19,-0.7772246493198135,363700,0,0,smac,roc_auc,binary,LGBM,,False,cv,0.0,78,3,3,LGBM_363700_20260405_160514,363700_rep0_fold0_smac_roc_auc_cv,LGBM_363700_20260405_160514::363700_rep0_fold0_smac_roc_auc_cv,0.3838994945520333,0.10395710059171588,0.10066203243958921
150,0.24188905109533432,0.2306815543407139,0.23035439137134062,19,-0.777224649319786,363700,0,0,smac,roc_auc,binary,LGBM,,False,cv,0.0,78,3,3,LGBM_363700_20260405_160514,363700_rep0_fold0_smac_roc_auc_cv,LGBM_363700_20260405_160514::363700_rep0_fold0_smac_roc_auc_cv,0.16560669402722994,0.023520710059172077,0.02231049321416752
151,0.2385465884873319,0.24020094138506032,0.2342592397154737,19,-0.7772246493197331,363700,0,0,smac,roc_auc,binary,LGBM,,False,cv,0.0,78,3,3,LGBM_363700_20260405_160514,363700_rep0_fold0_smac_roc_auc_cv,LGBM_363700_20260405_160514::363700_rep0_fold0_smac_roc_auc_cv,0.15541290033947663,0.05687869822485251,0.03455809334657352
152,0.23471155206232797,0.24016928045254027,0.23792135424362026,19,-0.7772246493197474,363700,0,0,smac,roc_auc,binary,LGBM,,False,cv,0.0,78,3,3,LGBM_363700_20260405_160514,363700_rep0_fold0_smac_roc_auc_cv,LGBM_363700_20260405_160514::363700_rep0_fold0_smac_roc_auc_cv,0.14371686221240454,0.0567677514792902,0.04604435617345205
153,0.26189983224592006,0.25001583046625997,0.23374211115098043,19,-0.7772246493197472,363700,0,0,smac,roc_auc,binary,LGBM,,False,cv,0.0,78,3,3,LGBM_363700_20260405_160514,363700_rep0_fold0_smac_roc_auc_cv,LGBM_363700_20260405_160514::363700_rep0_fold0_smac_roc_auc_cv,0.22663528237747127,0.09127218934911255,0.03293611386957932
154,0.23100617142869306,0.23466027819406032,0.2355889988813138,19,-0.7772246493197099,363700,0,0,smac,roc_auc,binary,LGBM,,False,cv,0.0,78,3,3,LGBM_363700_20260405_160514,363700_rep0_fold0_smac_roc_auc_cv,LGBM_363700_20260405_160514::363700_rep0_fold0_smac_roc_auc_cv,0.13241624642587682,0.03746301775147924,0.03872889771598806
155,0.2325702762359636,0.23169470418135385,0.23028051586212706,19,-0.7772246493196905,363700,0,0,smac,roc_auc,binary,LGBM,,False,cv,0.0,78,3,3,LGBM_363700_20260405_160514,363700_rep0_fold0_smac_roc_auc_cv,LGBM_363700_20260405_160514::363700_rep0_fold0_smac_roc_auc_cv,0.13718643044324352,0.027071005917160117,0.02207878186031046
156,0.5,0.24601599932456675,0.5,19,-0.7772246493219491,363700,0,0,smac,roc_auc,binary,LGBM,,False,cv,0.0,78,3,3,LGBM_363700_20260405_160514,363700_rep0_fold0_smac_roc_auc_cv,LGBM_363700_20260405_160514::363700_rep0_fold0_smac_roc_auc_cv,0.9527896995708156,0.07725591715976346,0.8680569347898045
157,0.24214214534141731,0.23281339046372707,0.23118812926103383,19,-0.7772246493219515,363700,0,0,smac,roc_auc,binary,LGBM,,False,cv,0.0,78,3,3,LGBM_363700_20260405_160514,363700_rep0_fold0_smac_roc_auc_cv,LGBM_363700_20260405_160514::363700_rep0_fold0_smac_roc_auc_cv,0.16637857716571308,0.030991124260355076,0.024925521350545883
158,0.2444061071575454,0.2472296684045001,0.2446756865145534,19,-0.7772246493219486,363700,0,0,smac,roc_auc,binary,LGBM,,False,cv,0.0,78,3,3,LGBM_363700_20260405_160514,363700_rep0_fold0_smac_roc_auc_cv,LGBM_363700_20260405_160514::363700_rep0_fold0_smac_roc_auc_cv,0.17328317487618786,0.08150887573964534,0.06722939424031729
159,0.25208425380445143,0.227293834561074,0.2323173691875805,19,-0.7772246493219456,363700,0,0,smac,roc_auc,binary,LGBM,,False,cv,0.0,78,3,3,LGBM_363700_20260405_160514,363700_rep0_fold0_smac_roc_auc_cv,LGBM_363700_20260405_160514::363700_rep0_fold0_smac_roc_auc_cv,0.19669987447829698,0.01164940828402412,0.02846739490235005
160,0.24568359882551616,0.2514405724296599,0.25046963716571324,19,-0.7772246493216022,363700,0,0,smac,roc_auc,binary,LGBM,,False,cv,0.0,78,3,3,LGBM_363700_20260405_160514,363700_rep0_fold0_smac_roc_auc_cv,LGBM_363700_20260405_160514::363700_rep0_fold0_smac_roc_auc_cv,0.17717925032365575,0.09626479289940827,0.08540218470705015
161,0.2865170860087959,0.29235705088967223,0.28603541802984567,19,-0.7772246493216536,363700,0,0,smac,roc_auc,binary,LGBM,,False,cv,0.0,78,3,3,LGBM_363700_20260405_160514,363700_rep0_fold0_smac_roc_auc_cv,LGBM_363700_20260405_160514::363700_rep0_fold0_smac_roc_auc_cv,0.3017126236817612,0.23964497041420146,0.19695465077788774
162,0.24860249017254166,0.23703484813306042,0.25263313422124656,19,-0.7772246493213777,363700,0,0,smac,roc_auc,binary,LGBM,,False,cv,0.0,78,3,3,LGBM_363700_20260405_160514,363700_rep0_fold0_smac_roc_auc_cv,LGBM_363700_20260405_160514::363700_rep0_fold0_smac_roc_auc_cv,0.18608124256054984,0.04578402366863955,0.09218801721284305
163,0.2298943759629557,0.24286045971674008,0.24309263988855356,19,-0.7772246493213437,363700,0,0,smac,roc_auc,binary,LGBM,,False,cv,0.0,78,3,3,LGBM_363700_20260405_160514,363700_rep0_fold0_smac_roc_auc_cv,LGBM_363700_20260405_160514::363700_rep0_fold0_smac_roc_auc_cv,0.12902550883809583,0.06619822485207087,0.06226415094339611
164,0.24841828067231453,0.2368132216054204,0.23051269603394042,19,-0.7772246493213005,363700,0,0,smac,roc_auc,binary,LGBM,,False,cv,0.0,78,3,3,LGBM_363700_20260405_160514,363700_rep0_fold0_smac_roc_auc_cv,LGBM_363700_20260405_160514::363700_rep0_fold0_smac_roc_auc_cv,0.18551944311479276,0.045007396449704556,0.02280701754385908
165,0.23387718434304383,0.24526669058826012,0.24145682504168686,19,-0.7772246493212062,363700,0,0,smac,roc_auc,binary,LGBM,,False,cv,0.0,78,3,3,LGBM_363700_20260405_160514,363700_rep0_fold0_smac_roc_auc_cv,LGBM_363700_20260405_160514::363700_rep0_fold0_smac_roc_auc_cv,0.14117221971745472,0.0746301775147931,0.05713339953657693
166,0.5,0.5,0.5,19,-0.7772246493222911,363700,0,0,smac,roc_auc,binary,LGBM,,False,cv,0.0,78,3,3,LGBM_363700_20260405_160514,363700_rep0_fold0_smac_roc_auc_cv,LGBM_363700_20260405_160514::363700_rep0_fold0_smac_roc_auc_cv,0.9527896995708156,0.9672707100591715,0.8680569347898045
167,0.23988736511780762,0.23271840766616714,0.23077653713827395,19,-0.7772246493222406,363700,0,0,smac,roc_auc,binary,LGBM,,False,cv,0.0,78,3,3,LGBM_363700_20260405_160514,363700_rep0_fold0_smac_roc_auc_cv,LGBM_363700_20260405_160514::363700_rep0_fold0_smac_roc_auc_cv,0.1595019813421206,0.03065828402366893,0.02363455809334664
168,0.26522178068322133,0.27531291554973925,0.26199421660299305,19,-0.7772246493222275,363700,0,0,smac,roc_auc,binary,LGBM,,False,cv,0.0,78,3,3,LGBM_363700_20260405_160514,363700_rep0_fold0_smac_roc_auc_cv,LGBM_363700_20260405_160514::363700_rep0_fold0_smac_roc_auc_cv,0.23676651224676862,0.17991863905325436,0.12154915590863936
169,0.2431044796062617,0.22809591151824726,0.22769487303966052,19,-0.777224649322257,363700,0,0,smac,roc_auc,binary,LGBM,,False,cv,0.0,78,3,3,LGBM_363700_20260405_160514,363700_rep0_fold0_smac_roc_auc_cv,LGBM_363700_20260405_160514::363700_rep0_fold0_smac_roc_auc_cv,0.16931349016398956,0.014460059171597936,0.013968884475338781
170,0.243893199685424,0.2425121894590202,0.2435358929438335,19,-0.7772246493223176,363700,0,0,smac,roc_auc,binary,LGBM,,False,cv,0.0,78,3,3,LGBM_363700_20260405_160514,363700_rep0_fold0_smac_roc_auc_cv,LGBM_363700_20260405_160514::363700_rep0_fold0_smac_roc_auc_cv,0.17171891715219872,0.06497781065088781,0.06365441906653393
171,0.23776441447319974,0.23276062224286043,0.22958397534668717,19,-0.7772246493222948,363700,0,0,smac,roc_auc,binary,LGBM,,False,cv,0.0,78,3,3,LGBM_363700_20260405_160514,363700_rep0_fold0_smac_roc_auc_cv,LGBM_363700_20260405_160514::363700_rep0_fold0_smac_roc_auc_cv,0.15302743744487443,0.030806213017751615,0.019894074809665294
172,0.23141695268568818,0.2326867467336472,0.22997446018110046,19,-0.7772246493222823,363700,0,0,smac,roc_auc,binary,LGBM,,False,cv,0.0,78,3,3,LGBM_363700_20260405_160514,363700_rep0_fold0_smac_roc_auc_cv,LGBM_363700_20260405_160514::363700_rep0_fold0_smac_roc_auc_cv,0.1336690411092276,0.030547337278107007,0.021118834822905823
173,0.24085954983290336,0.24447516727526009,0.2491926462207399,19,-0.7772246493217326,363700,0,0,smac,roc_auc,binary,LGBM,,False,cv,0.0,78,3,3,LGBM_363700_20260405_160514,363700_rep0_fold0_smac_roc_auc_cv,LGBM_363700_20260405_160514::363700_rep0_fold0_smac_roc_auc_cv,0.1624669360998332,0.07185650887573966,0.08139688844753325
174,0.2306189997095789,0.23721426008400692,0.23609557380163382,19,-0.7772246493216952,363700,0,0,smac,roc_auc,binary,LGBM,,False,cv,0.0,78,3,3,LGBM_363700_20260405_160514,363700_rep0_fold0_smac_roc_auc_cv,LGBM_363700_20260405_160514::363700_rep0_fold0_smac_roc_auc_cv,0.13123545576663848,0.04641272189349108,0.04031777557100307
175,0.25095076226599566,0.26033729446777976,0.26199421660299294,19,-0.7772246493216974,363700,0,0,smac,roc_auc,binary,LGBM,,False,cv,0.0,78,3,3,LGBM_363700_20260405_160514,363700_rep0_fold0_smac_roc_auc_cv,LGBM_363700_20260405_160514::363700_rep0_fold0_smac_roc_auc_cv,0.19324296852453446,0.1274408284023672,0.12154915590863902
176,0.2346268959551513,0.23299280241467368,0.23149418494206053,19,-0.7772246493216957,363700,0,0,smac,roc_auc,binary,LGBM,,False,cv,0.0,78,3,3,LGBM_363700_20260405_160514,363700_rep0_fold0_smac_roc_auc_cv,LGBM_363700_20260405_160514::363700_rep0_fold0_smac_roc_auc_cv,0.1434586792520623,0.03161982248520699,0.025885468387950868
177,0.23834899993227832,0.23303501699136708,0.2313147729911138,19,-0.7772246493216981,363700,0,0,smac,roc_auc,binary,LGBM,,False,cv,0.0,78,3,3,LGBM_363700_20260405_160514,363700_rep0_fold0_smac_roc_auc_cv,LGBM_363700_20260405_160514::363700_rep0_fold0_smac_roc_auc_cv,0.15481029764754067,0.03176775147929007,0.025322740814299548
178,0.23213938174287452,0.23559955252548703,0.23374211115098054,19,-0.7772246493216933,363700,0,0,smac,roc_auc,binary,LGBM,,False,cv,0.0,78,3,3,LGBM_363700_20260405_160514,363700_rep0_fold0_smac_roc_auc_cv,LGBM_363700_20260405_160514::363700_rep0_fold0_smac_roc_auc_cv,0.13587229470595125,0.04075443786982267,0.03293611386957967
179,0.23015760758405612,0.23660214872195362,0.23660214872195362,19,-0.777224649321675,363700,0,0,smac,roc_auc,binary,LGBM,,False,cv,0.0,78,3,3,LGBM_363700_20260405_160514,363700_rep0_fold0_smac_roc_auc_cv,LGBM_363700_20260405_160514::363700_rep0_fold0_smac_roc_auc_cv,0.12982830879497978,0.04426775147928994,0.04190665342601739
180,0.22866943143064344,0.2316630432488338,0.23121979019355376,19,-0.7772246493216795,363700,0,0,smac,roc_auc,binary,LGBM,,False,cv,0.0,78,3,3,LGBM_363700_20260405_160514,363700_rep0_fold0_smac_roc_auc_cv,LGBM_363700_20260405_160514::363700_rep0_fold0_smac_roc_auc_cv,0.12528969087817698,0.02696005917159781,0.025024826216484126
181,0.23639814524230462,0.23326719716318034,0.23376321843932701,19,-0.777224649321686,363700,0,0,smac,roc_auc,binary,LGBM,,False,cv,0.0,78,3,3,LGBM_363700_20260405_160514,363700_rep0_fold0_smac_roc_auc_cv,LGBM_363700_20260405_160514::363700_rep0_fold0_smac_roc_auc_cv,0.1488606094814664,0.03258136094674544,0.03300231711353803
182,0.24043558333781134,0.24732465120206015,0.2422272410663402,19,-0.7772246493216243,363700,0,0,smac,roc_auc,binary,LGBM,,False,cv,0.0,78,3,3,LGBM_363700_20260405_160514,363700_rep0_fold0_smac_roc_auc_cv,LGBM_363700_20260405_160514::363700_rep0_fold0_smac_roc_auc_cv,0.16117392926973712,0.08184171597633189,0.0595498179410788
183,0.23115198621484212,0.23158916773962046,0.23108259281930044,19,-0.7772246493215873,363700,0,0,smac,roc_auc,binary,LGBM,,False,cv,0.0,78,3,3,LGBM_363700_20260405_160514,363700_rep0_fold0_smac_roc_auc_cv,LGBM_363700_20260405_160514::363700_rep0_fold0_smac_roc_auc_cv,0.13286095023290478,0.02670118343195281,0.02459450513075093
184,0.25248805195869284,0.25712898663908645,0.2519682546383266,19,-0.7772246493215739,363700,0,0,smac,roc_auc,binary,LGBM,,False,cv,0.0,78,3,3,LGBM_363700_20260405_160514,363700_rep0_fold0_smac_roc_auc_cv,LGBM_363700_20260405_160514::363700_rep0_fold0_smac_roc_auc_cv,0.19793137219676885,0.11619822485207115,0.09010261502813613
185,0.22921190355466725,0.23153639951875382,0.2323173691875805,19,-0.7772246493215462,363700,0,0,smac,roc_auc,binary,LGBM,,False,cv,0.0,78,3,3,LGBM_363700_20260405_160514,363700_rep0_fold0_smac_roc_auc_cv,LGBM_363700_20260405_160514::363700_rep0_fold0_smac_roc_auc_cv,0.12694411444612255,0.026516272189349353,0.02846739490235005
186,0.22971890911735937,0.23453363446398034,0.235156299470207,19,-0.7772246493215161,363700,0,0,smac,roc_auc,binary,LGBM,,False,cv,0.0,78,3,3,LGBM_363700_20260405_160514,363700_rep0_fold0_smac_roc_auc_cv,LGBM_363700_20260405_160514::363700_rep0_fold0_smac_roc_auc_cv,0.12849037261285653,0.03701923076923078,0.03737173121482906
187,0.22970465218675817,0.22999556746944716,0.22990058467188723,19,-0.7772246493214634,363700,0,0,smac,roc_auc,binary,LGBM,,False,cv,0.0,78,3,3,LGBM_363700_20260405_160514,363700_rep0_fold0_smac_roc_auc_cv,LGBM_363700_20260405_160514::363700_rep0_fold0_smac_roc_auc_cv,0.12844689203395007,0.02111686390532556,0.02088712346904981
188,0.23016512653306176,0.23535681870950043,0.23510353124934036,19,-0.7772246493214247,363700,0,0,smac,roc_auc,binary,LGBM,,False,cv,0.0,78,3,3,LGBM_363700_20260405_160514,363700_rep0_fold0_smac_roc_auc_cv,LGBM_363700_20260405_160514::363700_rep0_fold0_smac_roc_auc_cv,0.1298512399759386,0.039903846153846526,0.037206223104931754
189,0.268530308262088,0.2765899064947125,0.2704793465183528,19,-0.7772246493214336,363700,0,0,smac,roc_auc,binary,LGBM,,False,cv,0.0,78,3,3,LGBM_363700_20260405_160514,363700_rep0_fold0_smac_roc_auc_cv,LGBM_363700_20260405_160514::363700_rep0_fold0_smac_roc_auc_cv,0.246856811377853,0.18439349112426007,0.14816285998013887
190,0.2338619659294512,0.23357325284420716,0.2323595837642738,19,-0.7772246493214107,363700,0,0,smac,roc_auc,binary,LGBM,,False,cv,0.0,78,3,3,LGBM_363700_20260405_160514,363700_rep0_fold0_smac_roc_auc_cv,LGBM_363700_20260405_160514::363700_rep0_fold0_smac_roc_auc_cv,0.14112580682175116,0.03365384615384659,0.02859980139026782
191,0.2352159277980238,0.2358317326973003,0.23330941173987374,19,-0.7772246493213749,363700,0,0,smac,roc_auc,binary,LGBM,,False,cv,0.0,78,3,3,LGBM_363700_20260405_160514,363700_rep0_fold0_smac_roc_auc_cv,LGBM_363700_20260405_160514::363700_rep0_fold0_smac_roc_auc_cv,0.14525509997114044,0.04156804733727804,0.031578947368420665
192,0.2412486654198044,0.23987377841568702,0.240000422145767,19,-0.7772246493213864,363700,0,0,smac,roc_auc,binary,LGBM,,False,cv,0.0,78,3,3,LGBM_363700_20260405_160514,363700_rep0_fold0_smac_roc_auc_cv,LGBM_363700_20260405_160514::363700_rep0_fold0_smac_roc_auc_cv,0.16365365513868244,0.055732248520710605,0.05256537570340942
193,0.2502672466676633,0.23638052219431382,0.22787428499060725,19,-0.7772246493213679,363700,0,0,smac,roc_auc,binary,LGBM,,False,cv,0.0,78,3,3,LGBM_363700_20260405_160514,363700_rep0_fold0_smac_roc_auc_cv,LGBM_363700_20260405_160514::363700_rep0_fold0_smac_roc_auc_cv,0.1911583926267878,0.04349112426035573,0.0145316120489901
194,0.23436025543980854,0.2347658146357937,0.2340165058994872,19,-0.777224649321349,363700,0,0,smac,roc_auc,binary,LGBM,,False,cv,0.0,78,3,3,LGBM_363700_20260405_160514,363700_rep0_fold0_smac_roc_auc_cv,LGBM_363700_20260405_160514::363700_rep0_fold0_smac_roc_auc_cv,0.1426454828992616,0.037832840236686545,0.03379675604104606
195,0.24098842655702657,0.24248052852650026,0.23342550182578037,19,-0.7772246493213415,363700,0,0,smac,roc_auc,binary,LGBM,,False,cv,0.0,78,3,3,LGBM_363700_20260405_160514,363700_rep0_fold0_smac_roc_auc_cv,LGBM_363700_20260405_160514::363700_rep0_fold0_smac_roc_auc_cv,0.1628599824524596,0.0648668639053259,0.031943065210194806
196,0.24035642250496492,0.25996791692171317,0.2569390210439665,19,-0.7772246493213567,363700,0,0,smac,roc_auc,binary,LGBM,,False,cv,0.0,78,3,3,LGBM_363700_20260405_160514,363700_rep0_fold0_smac_roc_auc_cv,LGBM_363700_20260405_160514::363700_rep0_fold0_smac_roc_auc_cv,0.16093250571685871,0.1261464497041426,0.1056934789804698
197,0.2472734622561681,0.23365768199759374,0.23307723156806048,19,-0.7772246493213529,363700,0,0,smac,roc_auc,binary,LGBM,,False,cv,0.0,78,3,3,LGBM_363700_20260405_160514,363700_rep0_fold0_smac_roc_auc_cv,LGBM_363700_20260405_160514::363700_rep0_fold0_smac_roc_auc_cv,0.18202799261473412,0.03394970414201197,0.030850711684872394
198,0.23781804280218266,0.2392827743419803,0.23359436013255386,19,-0.7772246493213145,363700,0,0,smac,roc_auc,binary,LGBM,,False,cv,0.0,78,3,3,LGBM_363700_20260405_160514,363700_rep0_fold0_smac_roc_auc_cv,LGBM_363700_20260405_160514::363700_rep0_fold0_smac_roc_auc_cv,0.15319099234004724,0.053661242603550624,0.03247269116186694
199,0.26825675114973213,0.2404858897777402,0.25712898663908645,19,-0.7772246493213214,363700,0,0,smac,roc_auc,binary,LGBM,,False,cv,0.0,78,3,3,LGBM_363700_20260405_160514,363700_rep0_fold0_smac_roc_auc_cv,LGBM_363700_20260405_160514::363700_rep0_fold0_smac_roc_auc_cv,0.24602252088841056,0.057877218934911344,0.1062893081761003
200,0.2600819244313891,0.2598940414124997,0.2307870907824472,19,-0.77722464932132,363700,0,0,smac,roc_auc,binary,LGBM,,False,cv,0.0,78,3,3,LGBM_363700_20260405_160514,363700_rep0_fold0_smac_roc_auc_cv,LGBM_363700_20260405_160514::363700_rep0_fold0_smac_roc_auc_cv,0.22109105365212495,0.1258875739644972,0.023667659715325823
201,0.31810358082868284,0.2456149608459799,0.31307385440192503,19,-0.777224649321327,363700,0,0,smac,roc_auc,binary,LGBM,,False,cv,0.0,78,3,3,LGBM_363700_20260405_160514,363700_rep0_fold0_smac_roc_auc_cv,LGBM_363700_20260405_160514::363700_rep0_fold0_smac_roc_auc_cv,0.39804465466464395,0.07585059171597577,0.28176100628930806
202,0.22950597673788808,0.23451252717563376,0.23529349684446044,19,-0.7772246493212744,363700,0,0,smac,roc_auc,binary,LGBM,,False,cv,0.0,78,3,3,LGBM_363700_20260405_160514,363700_rep0_fold0_smac_roc_auc_cv,LGBM_363700_20260405_160514::363700_rep0_fold0_smac_roc_auc_cv,0.12784097454911278,0.036945266272189636,0.037802052300562605
203,0.23058130235569396,0.23406927412035372,0.23214851088080712,19,-0.7772246493212445,363700,0,0,smac,roc_auc,binary,LGBM,,False,cv,0.0,78,3,3,LGBM_363700_20260405_160514,363700_rep0_fold0_smac_roc_auc_cv,LGBM_363700_20260405_160514::363700_rep0_fold0_smac_roc_auc_cv,0.13112048692685038,0.03539201183431965,0.02793776895067826
204,0.3442047163742986,0.3487768326403107,0.2921987462270722,19,-0.777224649321243,363700,0,0,smac,roc_auc,binary,LGBM,,False,cv,0.0,78,3,3,LGBM_363700_20260405_160514,363700_rep0_fold0_smac_roc_auc_cv,LGBM_363700_20260405_160514::363700_rep0_fold0_smac_roc_auc_cv,0.47764751697672364,0.43735207100591716,0.21628599801390241
205,0.24438238741015172,0.2325389957152204,0.24939316546003332,19,-0.7772246493212508,363700,0,0,smac,roc_auc,binary,LGBM,,False,cv,0.0,78,3,3,LGBM_363700_20260405_160514,363700_rep0_fold0_smac_roc_auc_cv,LGBM_363700_20260405_160514::363700_rep0_fold0_smac_roc_auc_cv,0.1732108347367117,0.030029585798816625,0.08202581926514363
206,0.23455337670926413,0.24484454482132678,0.24138294953247352,19,-0.7772246493212396,363700,0,0,smac,roc_auc,binary,LGBM,,False,cv,0.0,78,3,3,LGBM_363700_20260405_160514,363700_rep0_fold0_smac_roc_auc_cv,LGBM_363700_20260405_160514::363700_rep0_fold0_smac_roc_auc_cv,0.14323446132876866,0.07315088757396465,0.05690168818272057
207,0.4488261166750869,0.33303079553369785,0.49269687823205344,19,-0.7772246493206602,363700,0,0,smac,roc_auc,binary,LGBM,,False,cv,0.0,78,3,3,LGBM_363700_20260405_160514,363700_rep0_fold0_smac_roc_auc_cv,LGBM_363700_20260405_160514::363700_rep0_fold0_smac_roc_auc_cv,0.7967203369498573,0.3821745562130181,0.8451506123800061
208,0.2578284363193093,0.23793190788779373,0.24363087574139342,19,-0.7772246493206639,363700,0,0,smac,roc_auc,binary,LGBM,,False,cv,0.0,78,3,3,LGBM_363700_20260405_160514,363700_rep0_fold0_smac_roc_auc_cv,LGBM_363700_20260405_160514::363700_rep0_fold0_smac_roc_auc_cv,0.21421839849142144,0.048927514792899904,0.06395233366434902
209,0.2334232750634102,0.23493467294256698,0.23588450091816704,19,-0.7772246493206142,363700,0,0,smac,roc_auc,binary,LGBM,,False,cv,0.0,78,3,3,LGBM_363700_20260405_160514,363700_rep0_fold0_smac_roc_auc_cv,LGBM_363700_20260405_160514::363700_rep0_fold0_smac_roc_auc_cv,0.13978789381999698,0.03842455621301769,0.039655743131413165
210,0.2391641854958353,0.23416425691791387,0.23401650589948708,19,-0.7772246493205639,363700,0,0,smac,roc_auc,binary,LGBM,,False,cv,0.0,78,3,3,LGBM_363700_20260405_160514,363700_rep0_fold0_smac_roc_auc_cv,LGBM_363700_20260405_160514::363700_rep0_fold0_smac_roc_auc_cv,0.1572964386838651,0.03572485207100657,0.03379675604104571
211,0.3153083901590049,0.29406674124575216,0.2776769318445659,19,-0.7772246493206144,363700,0,0,smac,roc_auc,binary,LGBM,,False,cv,0.0,78,3,3,LGBM_363700_20260405_160514,363700_rep0_fold0_smac_roc_auc_cv,LGBM_363700_20260405_160514::363700_rep0_fold0_smac_roc_auc_cv,0.3895199229484502,0.24563609467455638,0.17073816617014193
212,0.23440336826113484,0.23197965257403386,0.22815923338328736,19,-0.7772246493206357,363700,0,0,smac,roc_auc,binary,LGBM,,False,cv,0.0,78,3,3,LGBM_363700_20260405_160514,363700_rep0_fold0_smac_roc_auc_cv,LGBM_363700_20260405_160514::363700_rep0_fold0_smac_roc_auc_cv,0.1427769677526284,0.02806952662721934,0.015425355842436372
213,0.23831598648268926,0.23267619308947385,0.23152584587458047,19,-0.7772246493206113,363700,0,0,smac,roc_auc,binary,LGBM,,False,cv,0.0,78,3,3,LGBM_363700_20260405_160514,363700_rep0_fold0_smac_roc_auc_cv,LGBM_363700_20260405_160514::363700_rep0_fold0_smac_roc_auc_cv,0.15470961371072528,0.03051035502958624,0.02598477325388911
214,0.22989065164148725,0.23374211115098043,0.23499799480760708,19,-0.7772246493206056,363700,0,0,smac,roc_auc,binary,LGBM,,False,cv,0.0,78,3,3,LGBM_363700_20260405_160514,363700_rep0_fold0_smac_roc_auc_cv,LGBM_363700_20260405_160514::363700_rep0_fold0_smac_roc_auc_cv,0.12901415045682768,0.03424556213017774,0.03687520688513715
215,0.2671807813763253,0.24694472001182,0.25527154526457974,19,-0.7772246493206073,363700,0,0,smac,roc_auc,binary,LGBM,,False,cv,0.0,78,3,3,LGBM_363700_20260405_160514,363700_rep0_fold0_smac_roc_auc_cv,LGBM_363700_20260405_160514::363700_rep0_fold0_smac_roc_auc_cv,0.24274104397432084,0.08051035502958573,0.10046342270771202
216,0.5,0.26284906178103296,0.5,19,-0.7772246493206413,363700,0,0,smac,roc_auc,binary,LGBM,,False,cv,0.0,78,3,3,LGBM_363700_20260405_160514,363700_rep0_fold0_smac_roc_auc_cv,LGBM_363700_20260405_160514::363700_rep0_fold0_smac_roc_auc_cv,0.9527896995708156,0.13624260355029594,0.8680569347898045
217,0.24919677786907846,0.2556514764548199,0.2522743103193532,19,-0.7772246493206452,363700,0,0,smac,roc_auc,binary,LGBM,,False,cv,0.0,78,3,3,LGBM_363700_20260405_160514,363700_rep0_fold0_smac_roc_auc_cv,LGBM_363700_20260405_160514::363700_rep0_fold0_smac_roc_auc_cv,0.18789369250543844,0.11102071005917197,0.09106256206554077
218,0.27160868417518325,0.30103214640015197,0.2904890558709924,19,-0.7772246493206677,363700,0,0,smac,roc_auc,binary,LGBM,,False,cv,0.0,78,3,3,LGBM_363700_20260405_160514,363700_rep0_fold0_smac_roc_auc_cv,LGBM_363700_20260405_160514::363700_rep0_fold0_smac_roc_auc_cv,0.256245197317104,0.270044378698225,0.21092353525322757
219,0.23968162675929539,0.23455474175232705,0.23073432256158055,19,-0.7772246493206746,363700,0,0,smac,roc_auc,binary,LGBM,,False,cv,0.0,78,3,3,LGBM_363700_20260405_160514,363700_rep0_fold0_smac_roc_auc_cv,LGBM_363700_20260405_160514::363700_rep0_fold0_smac_roc_auc_cv,0.15887452349852063,0.037093195266272326,0.02350215160542852
220,0.23120082043001622,0.228908542119594,0.22756822930958054,19,-0.777224649320671,363700,0,0,smac,roc_auc,binary,LGBM,,False,cv,0.0,78,3,3,LGBM_363700_20260405_160514,363700_rep0_fold0_smac_roc_auc_cv,LGBM_363700_20260405_160514::363700_rep0_fold0_smac_roc_auc_cv,0.1330098841097405,0.017307692307692912,0.013571665011585115
221,0.5,0.24729299026954,0.5,19,-0.7772246493202619,363700,0,0,smac,roc_auc,binary,LGBM,,False,cv,0.0,78,3,3,LGBM_363700_20260405_160514,363700_rep0_fold0_smac_roc_auc_cv,LGBM_363700_20260405_160514::363700_rep0_fold0_smac_roc_auc_cv,0.9527896995708156,0.08173076923076918,0.8680569347898045
222,0.265864594768362,0.2600417924309264,0.25712898663908645,19,-0.7772246493202719,363700,0,0,smac,roc_auc,binary,LGBM,,False,cv,0.0,78,3,3,LGBM_363700_20260405_160514,363700_rep0_fold0_smac_roc_auc_cv,LGBM_363700_20260405_160514::363700_rep0_fold0_smac_roc_auc_cv,0.23872695726351092,0.1264053254437872,0.1062893081761003
223,0.27082838562293343,0.26924457015007275,0.2646642885788463,19,-0.7772246493202957,363700,0,0,smac,roc_auc,binary,LGBM,,False,cv,0.0,78,3,3,LGBM_363700_20260405_160514,363700_rep0_fold0_smac_roc_auc_cv,LGBM_363700_20260405_160514::363700_rep0_fold0_smac_roc_auc_cv,0.2538654541787833,0.15865384615384612,0.12992386626944694
224,0.24011688212879778,0.24225890199886013,0.24252274310319344,19,-0.7772246493202666,363700,0,0,smac,roc_auc,binary,LGBM,,False,cv,0.0,78,3,3,LGBM_363700_20260405_160514,363700_rep0_fold0_smac_roc_auc_cv,LGBM_363700_20260405_160514::363700_rep0_fold0_smac_roc_auc_cv,0.16020195897306314,0.06409023668639051,0.06047666335650391
225,0.29601491902375043,0.30054667876817864,0.29707452983515203,19,-0.7772246493202621,363700,0,0,smac,roc_auc,binary,LGBM,,False,cv,0.0,78,3,3,LGBM_363700_20260405_160514,363700_rep0_fold0_smac_roc_auc_cv,LGBM_363700_20260405_160514::363700_rep0_fold0_smac_roc_auc_cv,0.3306789762157814,0.2683431952662723,0.23157894736842066
226,0.22811407239427273,0.2309665027333938,0.23181079426726048,19,-0.7772246493202921,363700,0,0,smac,roc_auc,binary,LGBM,,False,cv,0.0,78,3,3,LGBM_363700_20260405_160514,363700_rep0_fold0_smac_roc_auc_cv,LGBM_363700_20260405_160514::363700_rep0_fold0_smac_roc_auc_cv,0.12359596499300518,0.02451923076923091,0.026878517047335033
227,0.25822205149459676,0.26875910251809954,0.27114422610127276,19,-0.7772246493203293,363700,0,0,smac,roc_auc,binary,LGBM,,False,cv,0.0,78,3,3,LGBM_363700_20260405_160514,363700_rep0_fold0_smac_roc_auc_cv,LGBM_363700_20260405_160514::363700_rep0_fold0_smac_roc_auc_cv,0.21541884030927239,0.15695266272189382,0.15024826216484577
228,0.2386240581742054,0.23230681554340715,0.2296156362792071,19,-0.777224649320306,363700,0,0,smac,roc_auc,binary,LGBM,,False,cv,0.0,78,3,3,LGBM_363700_20260405_160514,363700_rep0_fold0_smac_roc_auc_cv,LGBM_363700_20260405_160514::363700_rep0_fold0_smac_roc_auc_cv,0.1556491662600445,0.02921597633136125,0.019993379675603537
229,0.2495605680699936,0.23763640585094037,0.2522215420984867,19,-0.7772246493203218,363700,0,0,smac,roc_auc,binary,LGBM,,False,cv,0.0,78,3,3,LGBM_363700_20260405_160514,363700_rep0_fold0_smac_roc_auc_cv,LGBM_363700_20260405_160514::363700_rep0_fold0_smac_roc_auc_cv,0.18900317455166293,0.04789201183431991,0.0908970539556438
230,0.2444787067240496,0.23318276800979376,0.2492770753741267,19,-0.7772246493203272,363700,0,0,smac,roc_auc,binary,LGBM,,False,cv,0.0,78,3,3,LGBM_363700_20260405_160514,363700_rep0_fold0_smac_roc_auc_cv,LGBM_363700_20260405_160514::363700_rep0_fold0_smac_roc_auc_cv,0.17350458797471952,0.03228550295858006,0.0816617014233695
231,0.23764440201420434,0.2322751546108872,0.23067100069654045,19,-0.7772246493202563,363700,0,0,smac,roc_auc,binary,LGBM,,False,cv,0.0,78,3,3,LGBM_363700_20260405_160514,363700_rep0_fold0_smac_roc_auc_cv,LGBM_363700_20260405_160514::363700_rep0_fold0_smac_roc_auc_cv,0.15266142519868503,0.02910502958579933,0.02330354187355134
232,0.24245063316885263,0.236486058636047,0.24835890833104668,19,-0.7772246493202478,363700,0,0,smac,roc_auc,binary,LGBM,,False,cv,0.0,78,3,3,LGBM_363700_20260405_160514,363700_rep0_fold0_smac_roc_auc_cv,LGBM_363700_20260405_160514::363700_rep0_fold0_smac_roc_auc_cv,0.16731939884028618,0.043860946745562256,0.07878186031115489
233,0.24583357117052917,0.2418367562319268,0.25275977795132665,19,-0.7772246493202698,363700,0,0,smac,roc_auc,binary,LGBM,,False,cv,0.0,78,3,3,LGBM_363700_20260405_160514,363700_rep0_fold0_smac_roc_auc_cv,LGBM_363700_20260405_160514::363700_rep0_fold0_smac_roc_auc_cv,0.1776366337930388,0.06261094674556207,0.09258523667659706
234,0.24982506139999983,0.24180509529940686,0.23237013740844714,19,-0.7772246493203707,363700,0,0,smac,roc_auc,binary,LGBM,,False,cv,0.0,78,3,3,LGBM_363700_20260405_160514,363700_rep0_fold0_smac_roc_auc_cv,LGBM_363700_20260405_160514::363700_rep0_fold0_smac_roc_auc_cv,0.1898098224499566,0.06250000000000015,0.02863290301224735
235,0.27571046942487887,0.24176288072271346,0.2803681111087659,19,-0.7772246493203832,363700,0,0,smac,roc_auc,binary,LGBM,,False,cv,0.0,78,3,3,LGBM_363700_20260405_160514,363700_rep0_fold0_smac_roc_auc_cv,LGBM_363700_20260405_160514::363700_rep0_fold0_smac_roc_auc_cv,0.26875476211724864,0.06235207100591707,0.1791790797749089
236,0.2388378589286313,0.22981615551850054,0.2284547354201406,19,-0.7772246493203404,363700,0,0,smac,roc_auc,binary,LGBM,,False,cv,0.0,78,3,3,LGBM_363700_20260405_160514,363700_rep0_fold0_smac_roc_auc_cv,LGBM_363700_20260405_160514::363700_rep0_fold0_smac_roc_auc_cv,0.15630121268105324,0.020488165680473645,0.01635220125786148
237,0.22929291894759196,0.23155750680710052,0.23251788842687382,19,-0.7772246493203114,363700,0,0,smac,roc_auc,binary,LGBM,,False,cv,0.0,78,3,3,LGBM_363700_20260405_160514,363700_rep0_fold0_smac_roc_auc_cv,LGBM_363700_20260405_160514::363700_rep0_fold0_smac_roc_auc_cv,0.12719119400926546,0.026590236686390892,0.029096325719960077
238,0.23720534441650876,0.24038035333600694,0.2378369250902337,19,-0.7772246493202817,363700,0,0,smac,roc_auc,binary,LGBM,,False,cv,0.0,78,3,3,LGBM_363700_20260405_160514,363700_rep0_fold0_smac_roc_auc_cv,LGBM_363700_20260405_160514::363700_rep0_fold0_smac_roc_auc_cv,0.1513223937440821,0.05750739644970443,0.04577954319761651
239,0.2480146478323424,0.23843848280811364,0.24826392553348664,19,-0.7772246493203001,363700,0,0,smac,roc_auc,binary,LGBM,,False,cv,0.0,78,3,3,LGBM_363700_20260405_160514,363700_rep0_fold0_smac_roc_auc_cv,LGBM_363700_20260405_160514::363700_rep0_fold0_smac_roc_auc_cv,0.18428844956936702,0.05070266272189373,0.07848394571333947
240,0.2503688370365378,0.24935095088334003,0.24110855478396698,19,-0.7772246493203109,363700,0,0,smac,roc_auc,binary,LGBM,,False,cv,0.0,78,3,3,LGBM_363700_20260405_160514,363700_rep0_fold0_smac_roc_auc_cv,LGBM_363700_20260405_160514::363700_rep0_fold0_smac_roc_auc_cv,0.1914682214513466,0.08894230769230796,0.05604104601125452
241,0.2339441309216047,0.23966270553222024,0.23996876121324695,19,-0.7772246493203488,363700,0,0,smac,roc_auc,binary,LGBM,,False,cv,0.0,78,3,3,LGBM_363700_20260405_160514,363700_rep0_fold0_smac_roc_auc_cv,LGBM_363700_20260405_160514::363700_rep0_fold0_smac_roc_auc_cv,0.14137639241584685,0.05499260355029599,0.052466070837470825
242,0.24910395485696735,0.23923000612111367,0.24317706904194003,19,-0.7772246493203153,363700,0,0,smac,roc_auc,binary,LGBM,,False,cv,0.0,78,3,3,LGBM_363700_20260405_160514,363700_rep0_fold0_smac_roc_auc_cv,LGBM_363700_20260405_160514::363700_rep0_fold0_smac_roc_auc_cv,0.18761060223760087,0.05347633136094716,0.06252896391923131
243,0.24212372135113214,0.23650716592439358,0.2481267281592333,19,-0.7772246493203304,363700,0,0,smac,roc_auc,binary,LGBM,,False,cv,0.0,78,3,3,LGBM_363700_20260405_160514,363700_rep0_fold0_smac_roc_auc_cv,LGBM_363700_20260405_160514::363700_rep0_fold0_smac_roc_auc_cv,0.1663223879489893,0.0439349112426034,0.07805362462760627
244,0.23371636396167172,0.22914072229140725,0.22815923338328736,19,-0.7772246493202908,363700,0,0,smac,roc_auc,binary,LGBM,,False,cv,0.0,78,3,3,LGBM_363700_20260405_160514,363700_rep0_fold0_smac_roc_auc_cv,LGBM_363700_20260405_160514::363700_rep0_fold0_smac_roc_auc_cv,0.14068175206508127,0.018121301775148285,0.015425355842436372
245,0.2368506978048317,0.23935664985119365,0.24231167021972677,19,-0.7772246493200226,363700,0,0,smac,roc_auc,binary,LGBM,,False,cv,0.0,78,3,3,LGBM_363700_20260405_160514,363700_rep0_fold0_smac_roc_auc_cv,LGBM_363700_20260405_160514::363700_rep0_fold0_smac_roc_auc_cv,0.1502407976828902,0.05392011834319562,0.05981463091691435
246,0.24042013120404504,0.22980560187432708,0.2277581949047005,19,-0.7772246493200247,363700,0,0,smac,roc_auc,binary,LGBM,,False,cv,0.0,78,3,3,LGBM_363700_20260405_160514,363700_rep0_fold0_smac_roc_auc_cv,LGBM_363700_20260405_160514::363700_rep0_fold0_smac_roc_auc_cv,0.16112680357765843,0.020451183431952485,0.014167494207215615
247,0.26865779406615253,0.28138126094940585,0.27055322202756615,19,-0.7772246493200465,363700,0,0,smac,roc_auc,binary,LGBM,,False,cv,0.0,78,3,3,LGBM_363700_20260405_160514,363700_rep0_fold0_smac_roc_auc_cv,LGBM_363700_20260405_160514::363700_rep0_fold0_smac_roc_auc_cv,0.24724561572278111,0.201183431952663,0.14839457133399522
248,0.23488873855635728,0.24006374401080688,0.23440699073390037,19,-0.7772246493200518,363700,0,0,smac,roc_auc,binary,LGBM,,False,cv,0.0,78,3,3,LGBM_363700_20260405_160514,363700_rep0_fold0_smac_roc_auc_cv,LGBM_363700_20260405_160514::363700_rep0_fold0_smac_roc_auc_cv,0.14425724299634116,0.0563979289940829,0.035021516054286245
249,0.23040032883478367,0.2319902062182071,0.23257065664774046,19,-0.777224649320014,363700,0,0,smac,roc_auc,binary,LGBM,,False,cv,0.0,78,3,3,LGBM_363700_20260405_160514,363700_rep0_fold0_smac_roc_auc_cv,LGBM_363700_20260405_160514::363700_rep0_fold0_smac_roc_auc_cv,0.1305685565235935,0.02810650887573972,0.02926183382985738
0,0.24229126261262368,0.21105678504031566,0.2106707840109796,0,-0.7577087373873763,363700,1,0,hebo,roc_auc,binary,LGBM,,False,cv,0.0,78,3,3,LGBM_363700_20260405_160514,363700_rep1_fold0_hebo_roc_auc_cv,LGBM_363700_20260405_160514::363700_rep1_fold0_hebo_roc_auc_cv,0.27001898573602173,0.024938972092103065,0.017638805371818236
1,0.2937624284977782,0.253345342254246,0.28285297649682617,0,-0.7577087373873763,363700,1,0,hebo,roc_auc,binary,LGBM,,False,cv,0.0,78,3,3,LGBM_363700_20260405_160514,363700_rep1_fold0_hebo_roc_auc_cv,LGBM_363700_20260405_160514::363700_rep1_fold0_hebo_roc_auc_cv,0.4091728973526088,0.1550438741175697,0.18630988173982765
2,0.263009721847151,0.2209427002916452,0.22663621547435242,0,-0.7577087373873763,363700,1,0,hebo,roc_auc,binary,LGBM,,False,cv,0.0,78,3,3,LGBM_363700_20260405_160514,363700_rep1_fold0_hebo_roc_auc_cv,LGBM_363700_20260405_160514::363700_rep1_fold0_hebo_roc_auc_cv,0.32603199021286056,0.05535396186580489,0.05494588093806402
3,0.33872658532393884,0.2641533710756562,0.26549365242751755,0,-0.7577087373873763,363700,1,0,hebo,roc_auc,binary,LGBM,,False,cv,0.0,78,3,3,LGBM_363700_20260405_160514,363700_rep1_fold0_hebo_roc_auc_cv,LGBM_363700_20260405_160514::363700_rep1_fold0_hebo_roc_auc_cv,0.5307349058538882,0.18829583690703988,0.14574564040889965
4,0.33099084280558766,0.26812060387716585,0.2609688625836335,0,-0.7577087373873763,363700,1,0,hebo,roc_auc,binary,LGBM,,False,cv,0.0,78,3,3,LGBM_363700_20260405_160514,363700_rep1_fold0_hebo_roc_auc_cv,LGBM_363700_20260405_160514::363700_rep1_fold0_hebo_roc_auc_cv,0.5098210832859446,0.20050141848650804,0.13517237923431552
5,0.24956546289249493,0.22019214273460275,0.2209427002916452,0,-0.7577087373873763,363700,1,0,hebo,roc_auc,binary,LGBM,,False,cv,0.0,78,3,3,LGBM_363700_20260405_160514,363700_rep1_fold0_hebo_roc_auc_cv,LGBM_363700_20260405_160514::363700_rep1_fold0_hebo_roc_auc_cv,0.2896850143836943,0.053044797783202556,0.041641611545400005
6,0.2888211032823509,0.22555326814204846,0.2473516040487218,0,-0.7577087373873763,363700,1,0,hebo,roc_auc,binary,LGBM,,False,cv,0.0,78,3,3,LGBM_363700_20260405_160514,363700_rep1_fold0_hebo_roc_auc_cv,LGBM_363700_20260405_160514::363700_rep1_fold0_hebo_roc_auc_cv,0.3958138696237516,0.06953882694464665,0.10335237522549602
7,0.23906967323791517,0.218412249099331,0.22020286498541775,7,-0.7609303267620848,363700,1,0,hebo,roc_auc,binary,LGBM,,False,cv,0.0,78,3,3,LGBM_363700_20260405_160514,363700_rep1_fold0_hebo_roc_auc_cv,LGBM_363700_20260405_160514::363700_rep1_fold0_hebo_roc_auc_cv,0.2613093178005141,0.04756878010160379,0.039912808177991775
8,0.2510863427687624,0.2223580373992109,0.21841224909933088,7,-0.7609303267620848,363700,1,0,hebo,roc_auc,binary,LGBM,,False,cv,0.0,78,3,3,LGBM_363700_20260405_160514,363700_rep1_fold0_hebo_roc_auc_cv,LGBM_363700_20260405_160514::363700_rep1_fold0_hebo_roc_auc_cv,0.2937967608390551,0.059708385564426224,0.03572860292643822
9,0.3413098716028773,0.25883513467147024,0.25399939955395434,7,-0.7609303267620848,363700,1,0,hebo,roc_auc,binary,LGBM,,False,cv,0.0,78,3,3,LGBM_363700_20260405_160514,363700_rep1_fold0_hebo_roc_auc_cv,LGBM_363700_20260405_160514::363700_rep1_fold0_hebo_roc_auc_cv,0.5377189013464679,0.17193375997888796,0.11888655041090408
10,0.5,0.5,0.5,7,-0.7609303267620848,363700,1,0,hebo,roc_auc,binary,LGBM,,False,cv,0.0,78,3,3,LGBM_363700_20260405_160514,363700_rep1_fold0_hebo_roc_auc_cv,LGBM_363700_20260405_160514::363700_rep1_fold0_hebo_roc_auc_cv,0.9667426415638452,0.9139011677772645,0.6937261976347965
11,0.2917855301598212,0.2338308457711442,0.2425480356836507,7,-0.7609303267620848,363700,1,0,hebo,roc_auc,binary,LGBM,,False,cv,0.0,78,3,3,LGBM_363700_20260405_160514,363700_rep1_fold0_hebo_roc_auc_cv,LGBM_363700_20260405_160514::363700_rep1_fold0_hebo_roc_auc_cv,0.4038282906808103,0.09500560796991506,0.09212768089797566
12,0.3130066530822674,0.2520372276548294,0.2511365585863784,7,-0.7609303267620848,363700,1,0,hebo,roc_auc,binary,LGBM,,False,cv,0.0,78,3,3,LGBM_363700_20260405_160514,363700_rep1_fold0_hebo_roc_auc_cv,LGBM_363700_20260405_160514::363700_rep1_fold0_hebo_roc_auc_cv,0.4612002622064546,0.1510193310021778,0.11219683303267192
13,0.24132030540348126,0.21684680048035687,0.2204923657574197,7,-0.7609303267620848,363700,1,0,hebo,roc_auc,binary,LGBM,,False,cv,0.0,78,3,3,LGBM_363700_20260405_160514,363700_rep1_fold0_hebo_roc_auc_cv,LGBM_363700_20260405_160514::363700_rep1_fold0_hebo_roc_auc_cv,0.2673939724622606,0.0427525235864622,0.04058929645219479
14,0.3486798173471142,0.2619445874077886,0.25813818836850233,7,-0.7609303267620848,363700,1,0,hebo,roc_auc,binary,LGBM,,False,cv,0.0,78,3,3,LGBM_363700_20260405_160514,363700_rep1_fold0_hebo_roc_auc_cv,LGBM_363700_20260405_160514::363700_rep1_fold0_hebo_roc_auc_cv,0.55764378086058,0.18150029689252503,0.12855782721988393
15,0.269473154444799,0.24662249099330935,0.24256948018528046,7,-0.7609303267620848,363700,1,0,hebo,roc_auc,binary,LGBM,,False,cv,0.0,78,3,3,LGBM_363700_20260405_160514,363700_rep1_fold0_hebo_roc_auc_cv,LGBM_363700_20260405_160514::363700_rep1_fold0_hebo_roc_auc_cv,0.34350608299792984,0.13436036154911968,0.09217779114050921
16,0.3169181008027889,0.23029250300223025,0.2328765654486189,7,-0.7609303267620848,363700,1,0,hebo,roc_auc,binary,LGBM,,False,cv,0.0,78,3,3,LGBM_363700_20260405_160514,363700_rep1_fold0_hebo_roc_auc_cv,LGBM_363700_20260405_160514::363700_rep1_fold0_hebo_roc_auc_cv,0.4717749838206651,0.08411954872336258,0.06952796151533373
17,0.2462597893599784,0.22072825527534734,0.21889475038600104,7,-0.7609303267620848,363700,1,0,hebo,roc_auc,binary,LGBM,,False,cv,0.0,78,3,3,LGBM_363700_20260405_160514,363700_rep1_fold0_hebo_roc_auc_cv,LGBM_363700_20260405_160514::363700_rep1_fold0_hebo_roc_auc_cv,0.28074802228983986,0.05469420069934704,0.036856083383443775
18,0.3084967962094616,0.25240178418253556,0.26820638188368506,7,-0.7609303267620848,363700,1,0,hebo,roc_auc,binary,LGBM,,False,cv,0.0,78,3,3,LGBM_363700_20260405_160514,363700_rep1_fold0_hebo_roc_auc_cv,LGBM_363700_20260405_160514::363700_rep1_fold0_hebo_roc_auc_cv,0.44900772267699973,0.15214092498515558,0.1520845860893969
19,0.274102079395085,0.2246204323211528,0.2324369531652084,7,-0.7609303267620848,363700,1,0,hebo,roc_auc,binary,LGBM,,False,cv,0.0,78,3,3,LGBM_363700_20260405_160514,363700_rep1_fold0_hebo_roc_auc_cv,LGBM_363700_20260405_160514::363700_rep1_fold0_hebo_roc_auc_cv,0.35602052681000784,0.06666886587055508,0.06850070154339556
20,0.24455662484963048,0.21959169668896883,0.2253388231257506,7,-0.7609303267620848,363700,1,0,hebo,roc_auc,binary,LGBM,,False,cv,0.0,78,3,3,LGBM_363700_20260405_160514,363700_rep1_fold0_hebo_roc_auc_cv,LGBM_363700_20260405_160514::363700_rep1_fold0_hebo_roc_auc_cv,0.27614346360798925,0.05119746651712082,0.051914211264782795
21,0.3223866398252032,0.270972722593927,0.2769557385486363,7,-0.7609303267620848,363700,1,0,hebo,roc_auc,binary,LGBM,,False,cv,0.0,78,3,3,LGBM_363700_20260405_160514,363700_rep1_fold0_hebo_roc_auc_cv,LGBM_363700_20260405_160514::363700_rep1_fold0_hebo_roc_auc_cv,0.48655935061536354,0.20927624200039646,0.17252956504309536
22,0.2581917609800407,0.21651441070509514,0.21609624292331442,7,-0.7609303267620848,363700,1,0,hebo,roc_auc,binary,LGBM,,False,cv,0.0,78,3,3,LGBM_363700_20260405_160514,363700_rep1_fold0_hebo_roc_auc_cv,LGBM_363700_20260405_160514::363700_rep1_fold0_hebo_roc_auc_cv,0.31300648186960756,0.04172989377845236,0.03031669673281227
23,0.5,0.5,0.5,7,-0.7609303267620848,363700,1,0,hebo,roc_auc,binary,LGBM,,False,cv,0.0,78,3,3,LGBM_363700_20260405_160514,363700_rep1_fold0_hebo_roc_auc_cv,LGBM_363700_20260405_160514::363700_rep1_fold0_hebo_roc_auc_cv,0.9667426415638452,0.9139011677772645,0.6937261976347965
24,0.3045730734294061,0.23342340024017827,0.272838394235718,7,-0.7609303267620848,363700,1,0,hebo,roc_auc,binary,LGBM,,False,cv,0.0,78,3,3,LGBM_363700_20260405_160514,363700_rep1_fold0_hebo_roc_auc_cv,LGBM_363700_20260405_160514::363700_rep1_fold0_hebo_roc_auc_cv,0.4383998150542717,0.09375206175364509,0.1629083984766488
25,0.24729948690251158,0.21489535083204658,0.21609624292331453,7,-0.7604526877403259,363700,1,0,hebo,roc_auc,binary,LGBM,,False,cv,0.0,78,3,3,LGBM_363700_20260405_160514,363700_rep1_fold0_hebo_roc_auc_cv,LGBM_363700_20260405_160514::363700_rep1_fold0_hebo_roc_auc_cv,0.2835588772113013,0.036748696971696394,0.030316696732812527
26,0.2393802322441264,0.21433779378967233,0.21794047006347572,26,-0.7609615325927734,363700,1,0,hebo,roc_auc,binary,LGBM,,False,cv,0.0,78,3,3,LGBM_363700_20260405_160514,363700_rep1_fold0_hebo_roc_auc_cv,LGBM_363700_20260405_160514::363700_rep1_fold0_hebo_roc_auc_cv,0.2621489238160157,0.03503331793890651,0.03462617759069971
27,0.24137308815947756,0.20854777834963123,0.2197310859495626,26,-0.7607001066207886,363700,1,0,hebo,roc_auc,binary,LGBM,,False,cv,0.0,78,3,3,LGBM_363700_20260405_160514,363700_rep1_fold0_hebo_roc_auc_cv,LGBM_363700_20260405_160514::363700_rep1_fold0_hebo_roc_auc_cv,0.2675366722988871,0.017219766444547712,0.038810382842253265
28,0.23906967323791517,0.218412249099331,0.22020286498541775,7,-0.7607126832008362,363700,1,0,hebo,roc_auc,binary,LGBM,,False,cv,0.0,78,3,3,LGBM_363700_20260405_160514,363700_rep1_fold0_hebo_roc_auc_cv,LGBM_363700_20260405_160514::363700_rep1_fold0_hebo_roc_auc_cv,0.2613093178005141,0.04756878010160379,0.039912808177991775
29,0.24389008911693222,0.21929147366615187,0.22143592382913024,7,-0.7606953978538513,363700,1,0,hebo,roc_auc,binary,LGBM,,False,cv,0.0,78,3,3,LGBM_363700_20260405_160514,363700_rep1_fold0_hebo_roc_auc_cv,LGBM_363700_20260405_160514::363700_rep1_fold0_hebo_roc_auc_cv,0.27434146334547055,0.050273800884079956,0.042794147123672334
30,0.27927969950654263,0.228834276891405,0.2302388917481557,7,-0.7607499361038208,363700,1,0,hebo,roc_auc,binary,LGBM,,False,cv,0.0,78,3,3,LGBM_363700_20260405_160514,363700_rep1_fold0_hebo_roc_auc_cv,LGBM_363700_20260405_160514::363700_rep1_fold0_hebo_roc_auc_cv,0.3700183852028336,0.07963317279144976,0.06336440168370416
31,0.2485098077725677,0.21640718819694627,0.2172649682621376,7,-0.7607035040855408,363700,1,0,hebo,roc_auc,binary,LGBM,,False,cv,0.0,78,3,3,LGBM_363700_20260405_160514,363700_rep1_fold0_hebo_roc_auc_cv,LGBM_363700_20260405_160514::363700_rep1_fold0_hebo_roc_auc_cv,0.2868310176511602,0.04140001319522361,0.033047704950892154
32,0.24062983330469145,0.21054211700120085,0.2182299708354778,7,-0.7607660889625549,363700,1,0,hebo,roc_auc,binary,LGBM,,False,cv,0.0,78,3,3,LGBM_363700_20260405_160514,363700_rep1_fold0_hebo_roc_auc_cv,LGBM_363700_20260405_160514::363700_rep1_fold0_hebo_roc_auc_cv,0.26552725948313166,0.02335554529260434,0.03530266586490299
33,0.2430891414823363,0.21607479842168476,0.223130039457883,7,-0.7607423067092896,363700,1,0,hebo,roc_auc,binary,LGBM,,False,cv,0.0,78,3,3,LGBM_363700_20260405_160514,363700_rep1_fold0_hebo_roc_auc_cv,LGBM_363700_20260405_160514::363700_rep1_fold0_hebo_roc_auc_cv,0.27217607628968166,0.04037738338721445,0.04675285628382462
34,0.24064026710529562,0.21730785726539725,0.2226153714187682,7,-0.760760486125946,363700,1,0,hebo,roc_auc,binary,LGBM,,False,cv,0.0,78,3,3,LGBM_363700_20260405_160514,363700_rep1_fold0_hebo_roc_auc_cv,LGBM_363700_20260405_160514::363700_rep1_fold0_hebo_roc_auc_cv,0.26555546759037246,0.04417101009434655,0.045550210463018735
35,0.23938698352687005,0.21820852633384802,0.22273331617773207,7,-0.7608253359794617,363700,1,0,hebo,roc_auc,binary,LGBM,,False,cv,0.0,78,3,3,LGBM_363700_20260405_160514,363700_rep1_fold0_hebo_roc_auc_cv,LGBM_363700_20260405_160514::363700_rep1_fold0_hebo_roc_auc_cv,0.26216717612070023,0.04694200699346881,0.04582581679695356
36,0.240898657108487,0.21658946646079946,0.22132870132098126,7,-0.7607869505882263,363700,1,0,hebo,roc_auc,binary,LGBM,,False,cv,0.0,78,3,3,LGBM_363700_20260405_160514,363700_rep1_fold0_hebo_roc_auc_cv,LGBM_363700_20260405_160514::363700_rep1_fold0_hebo_roc_auc_cv,0.26625403306967266,0.041960810186712834,0.04254359591100429
37,0.24985024427368463,0.22072825527534734,0.21658946646079946,26,-0.7606990337371826,363700,1,0,hebo,roc_auc,binary,LGBM,,False,cv,0.0,78,3,3,LGBM_363700_20260405_160514,363700_rep1_fold0_hebo_roc_auc_cv,LGBM_363700_20260405_160514::363700_rep1_fold0_hebo_roc_auc_cv,0.2904549297813082,0.05469420069934704,0.031469232311084595
38,0.254587803500847,0.21794047006347572,0.21632141019042717,7,-0.7607247829437256,363700,1,0,hebo,roc_auc,binary,LGBM,,False,cv,0.0,78,3,3,LGBM_363700_20260405_160514,363700_rep1_fold0_hebo_roc_auc_cv,LGBM_363700_20260405_160514::363700_rep1_fold0_hebo_roc_auc_cv,0.30326306976876943,0.046117305535396565,0.030842854279414876
39,0.23822514914197335,0.219087750900669,0.21754374678332467,39,-0.7619269490242004,363700,1,0,hebo,roc_auc,binary,LGBM,,False,cv,0.0,78,3,3,LGBM_363700_20260405_160514,363700_rep1_fold0_hebo_roc_auc_cv,LGBM_363700_20260405_160514::363700_rep1_fold0_hebo_roc_auc_cv,0.25902612041448675,0.04964702777594531,0.033699138103828394
40,0.24332911889622655,0.22029936524275184,0.2237626522559616,39,-0.7619872093200684,363700,1,0,hebo,roc_auc,binary,LGBM,,False,cv,0.0,78,3,3,LGBM_363700_20260405_160514,363700_rep1_fold0_hebo_roc_auc_cv,LGBM_363700_20260405_160514::363700_rep1_fold0_hebo_roc_auc_cv,0.27282486275620493,0.053374678366432,0.04823110843856507
41,0.24636596862494786,0.20631755018013376,0.21281523417395776,39,-0.7619799971580505,363700,1,0,hebo,roc_auc,binary,LGBM,,False,cv,0.0,78,3,3,LGBM_363700_20260405_160514,363700_rep1_fold0_hebo_roc_auc_cv,LGBM_363700_20260405_160514::363700_rep1_fold0_hebo_roc_auc_cv,0.2810350812635193,0.010358250313386792,0.022649829625175477
42,0.2387787543269584,0.2150776290958999,0.22379481900840614,39,-0.7620882987976074,363700,1,0,hebo,roc_auc,binary,LGBM,,False,cv,0.0,78,3,3,LGBM_363700_20260405_160514,363700_rep1_fold0_hebo_roc_auc_cv,LGBM_363700_20260405_160514::363700_rep1_fold0_hebo_roc_auc_cv,0.2605228093986411,0.03730949396318597,0.04830627380236514
43,0.24295902585127538,0.22205781437639394,0.21948447418081996,39,-0.7620665431022644,363700,1,0,hebo,roc_auc,binary,LGBM,,False,cv,0.0,78,3,3,LGBM_363700_20260405_160514,363700_rep1_fold0_hebo_roc_auc_cv,LGBM_363700_20260405_160514::363700_rep1_fold0_hebo_roc_auc_cv,0.2718243045993923,0.05878471993138536,0.03823411505311684
44,0.24259384283013774,0.2120646766169153,0.21546363012523595,39,-0.7620935440063477,363700,1,0,hebo,roc_auc,binary,LGBM,,False,cv,0.0,78,3,3,LGBM_363700_20260405_160514,363700_rep1_fold0_hebo_roc_auc_cv,LGBM_363700_20260405_160514::363700_rep1_fold0_hebo_roc_auc_cv,0.27083702084598654,0.028039849574454084,0.02883844457807208
45,0.2547774531706478,0.22540315663063992,0.22053525476067926,39,-0.7620806694030762,363700,1,0,hebo,roc_auc,binary,LGBM,,False,cv,0.0,78,3,3,LGBM_363700_20260405_160514,363700_rep1_fold0_hebo_roc_auc_cv,LGBM_363700_20260405_160514::363700_rep1_fold0_hebo_roc_auc_cv,0.30377579360036994,0.06907699412812605,0.04068951693726191
46,0.23901504922298877,0.21043489449305197,0.21205395436610053,39,-0.7620614171028137,363700,1,0,hebo,roc_auc,binary,LGBM,,False,cv,0.0,78,3,3,LGBM_363700_20260405_160514,363700_rep1_fold0_hebo_roc_auc_cv,LGBM_363700_20260405_160514::363700_rep1_fold0_hebo_roc_auc_cv,0.2611616400626099,0.023025664709375577,0.02087091601523369
47,0.24081150418579533,0.22053525476067937,0.22276548293017662,39,-0.7619385719299316,363700,1,0,hebo,roc_auc,binary,LGBM,,False,cv,0.0,78,3,3,LGBM_363700_20260405_160514,363700_rep1_fold0_hebo_roc_auc_cv,LGBM_363700_20260405_160514::363700_rep1_fold0_hebo_roc_auc_cv,0.266018412409196,0.054100415649535265,0.04590098216075364
48,0.2421323005916579,0.21825141533710757,0.21920569565963288,39,-0.7617802619934082,363700,1,0,hebo,roc_auc,binary,LGBM,,False,cv,0.0,78,3,3,LGBM_363700_20260405_160514,363700_rep1_fold0_hebo_roc_auc_cv,LGBM_363700_20260405_160514::363700_rep1_fold0_hebo_roc_auc_cv,0.26958922692571574,0.04707395922676031,0.0375826819001806
49,0.2399896889499914,0.21459512780922974,0.21938797392348608,39,-0.7617912292480469,363700,1,0,hebo,roc_auc,binary,LGBM,,False,cv,0.0,78,3,3,LGBM_363700_20260405_160514,363700_rep1_fold0_hebo_roc_auc_cv,LGBM_363700_20260405_160514::363700_rep1_fold0_hebo_roc_auc_cv,0.2637966091389264,0.03582503133865587,0.0380086189617161
50,0.24410244764687117,0.22115714530794306,0.21650368845428036,39,-0.7618023157119751,363700,1,0,hebo,roc_auc,binary,LGBM,,False,cv,0.0,78,3,3,LGBM_363700_20260405_160514,363700_rep1_fold0_hebo_roc_auc_cv,LGBM_363700_20260405_160514::363700_rep1_fold0_hebo_roc_auc_cv,0.27491558129282945,0.056013723032262756,0.03126879134095037
51,0.23986816586060455,0.21886258363355637,0.22231514839595112,39,-0.7617523670196533,363700,1,0,hebo,roc_auc,binary,LGBM,,False,cv,0.0,78,3,3,LGBM_363700_20260405_160514,363700_rep1_fold0_hebo_roc_auc_cv,LGBM_363700_20260405_160514::363700_rep1_fold0_hebo_roc_auc_cv,0.2634680676546001,0.048954278551164916,0.04484866706754843
52,0.24355191122676945,0.21502401784182534,0.2184015268485161,39,-0.761780858039856,363700,1,0,hebo,roc_auc,binary,LGBM,,False,cv,0.0,78,3,3,LGBM_363700_20260405_160514,363700_rep1_fold0_hebo_roc_auc_cv,LGBM_363700_20260405_160514::363700_rep1_fold0_hebo_roc_auc_cv,0.273427188810804,0.03714455367157125,0.0357035478051717
53,0.2394164436697518,0.2153242408646423,0.22144664607994513,39,-0.7617998123168945,363700,1,0,hebo,roc_auc,binary,LGBM,,False,cv,0.0,78,3,3,LGBM_363700_20260405_160514,363700_rep1_fold0_hebo_roc_auc_cv,LGBM_363700_20260405_160514::363700_rep1_fold0_hebo_roc_auc_cv,0.2622468225411432,0.038068219304612114,0.04281920224493911
54,0.5,0.5,0.5,39,-0.7618719339370728,363700,1,0,hebo,roc_auc,binary,LGBM,,False,cv,0.0,78,3,3,LGBM_363700_20260405_160514,363700_rep1_fold0_hebo_roc_auc_cv,LGBM_363700_20260405_160514::363700_rep1_fold0_hebo_roc_auc_cv,0.9667426415638452,0.9139011677772645,0.6937261976347965
55,0.24956730415142514,0.22123220106364727,0.22969205695659634,39,-0.761852502822876,363700,1,0,hebo,roc_auc,binary,LGBM,,False,cv,0.0,78,3,3,LGBM_363700_20260405_160514,363700_rep1_fold0_hebo_roc_auc_cv,LGBM_363700_20260405_160514::363700_rep1_fold0_hebo_roc_auc_cv,0.2896899922849723,0.05624463944052289,0.062086590499098204
56,0.2468723148307269,0.20393721049922808,0.21019900497512445,39,-0.7618361711502075,363700,1,0,hebo,roc_auc,binary,LGBM,,False,cv,0.0,78,3,3,LGBM_363700_20260405_160514,363700_rep1_fold0_hebo_roc_auc_cv,LGBM_363700_20260405_160514::363700_rep1_fold0_hebo_roc_auc_cv,0.2824040041148801,0.0030349013657062908,0.016536380036079726
57,0.2438698352687011,0.21798335906673527,0.21828358208955223,39,-0.7616568207740784,363700,1,0,hebo,roc_auc,binary,LGBM,,False,cv,0.0,78,3,3,LGBM_363700_20260405_160514,363700_rep1_fold0_hebo_roc_auc_cv,LGBM_363700_20260405_160514::363700_rep1_fold0_hebo_roc_auc_cv,0.2742867064314162,0.046249257768688073,0.03542794147123688
58,0.24237657427638515,0.2220149253731344,0.2207711442786069,39,-0.7615600228309631,363700,1,0,hebo,roc_auc,binary,LGBM,,False,cv,0.0,78,3,3,LGBM_363700_20260405_160514,363700_rep1_fold0_hebo_roc_auc_cv,LGBM_363700_20260405_160514::363700_rep1_fold0_hebo_roc_auc_cv,0.27024962849522044,0.05865276769809385,0.041240729605131296
59,0.24010691576854148,0.21850874935666498,0.22317292846114256,39,-0.7616178393363953,363700,1,0,hebo,roc_auc,binary,LGBM,,False,cv,0.0,78,3,3,LGBM_363700_20260405_160514,363700_rep1_fold0_hebo_roc_auc_cv,LGBM_363700_20260405_160514::363700_rep1_fold0_hebo_roc_auc_cv,0.26411353552027184,0.047865672626509675,0.046853076768891735
60,0.23787101367441632,0.2124292331446217,0.21608552067249953,39,-0.7615215182304382,363700,1,0,hebo,roc_auc,binary,LGBM,,False,cv,0.0,78,3,3,LGBM_363700_20260405_160514,363700_rep1_fold0_hebo_roc_auc_cv,LGBM_363700_20260405_160514::363700_rep1_fold0_hebo_roc_auc_cv,0.258068704068747,0.029161443557432547,0.03029164161154549
61,0.24124297252841675,0.22221864813861725,0.22008492022645387,39,-0.7614045739173889,363700,1,0,hebo,roc_auc,binary,LGBM,,False,cv,0.0,78,3,3,LGBM_363700_20260405_160514,363700_rep1_fold0_hebo_roc_auc_cv,LGBM_363700_20260405_160514::363700_rep1_fold0_hebo_roc_auc_cv,0.267184900608598,0.05927954080622849,0.03963720184405695
62,0.23899111285689734,0.217522302281695,0.2167395779722079,39,-0.7614419460296631,363700,1,0,hebo,roc_auc,binary,LGBM,,False,cv,0.0,78,3,3,LGBM_363700_20260405_160514,363700_rep1_fold0_hebo_roc_auc_cv,LGBM_363700_20260405_160514::363700_rep1_fold0_hebo_roc_auc_cv,0.261096927346,0.044830771260804064,0.03182000400881949
63,0.24331929884859937,0.2205888660147538,0.2252423228684166,46,-0.7614088654518127,363700,1,0,hebo,roc_auc,binary,LGBM,,False,cv,0.0,78,3,3,LGBM_363700_20260405_160514,363700_rep1_fold0_hebo_roc_auc_cv,LGBM_363700_20260405_160514::363700_rep1_fold0_hebo_roc_auc_cv,0.2727983139493908,0.054265355941149646,0.051688715173381784
64,0.24174440871038227,0.21757591353576944,0.22251887116143432,39,-0.7614699006080627,363700,1,0,hebo,roc_auc,binary,LGBM,,False,cv,0.0,78,3,3,LGBM_363700_20260405_160514,363700_rep1_fold0_hebo_roc_auc_cv,LGBM_363700_20260405_160514::363700_rep1_fold0_hebo_roc_auc_cv,0.26854054905655195,0.044995711552418445,0.04532471437161799
65,0.2372075467066015,0.21099245153542634,0.218401526848516,65,-0.7624402642250061,363700,1,0,hebo,roc_auc,binary,LGBM,,False,cv,0.0,78,3,3,LGBM_363700_20260405_160514,363700_rep1_fold0_hebo_roc_auc_cv,LGBM_363700_20260405_160514::363700_rep1_fold0_hebo_roc_auc_cv,0.25627500030835754,0.02474104374216581,0.035703547805171446
66,0.23660975130729378,0.21643935494939093,0.21898052839252014,66,-0.7637625932693481,363700,1,0,hebo,roc_auc,binary,LGBM,,False,cv,0.0,78,3,3,LGBM_363700_20260405_160514,363700_rep1_fold0_hebo_roc_auc_cv,LGBM_363700_20260405_160514::363700_rep1_fold0_hebo_roc_auc_cv,0.2546588416935386,0.04149897737019223,0.037056524353578
67,0.237599734858714,0.21397323726196604,0.2201492537313432,66,-0.763663113117218,363700,1,0,hebo,roc_auc,binary,LGBM,,False,cv,0.0,78,3,3,LGBM_363700_20260405_160514,363700_rep1_fold0_hebo_roc_auc_cv,LGBM_363700_20260405_160514::363700_rep1_fold0_hebo_roc_auc_cv,0.2573352932805025,0.03391172395592838,0.039787532571657624
68,0.23513858542213928,0.21139989706639217,0.21729713501458225,68,-0.764693021774292,363700,1,0,hebo,roc_auc,binary,LGBM,,False,cv,0.0,78,3,3,LGBM_363700_20260405_160514,363700_rep1_fold0_hebo_roc_auc_cv,LGBM_363700_20260405_160514::363700_rep1_fold0_hebo_roc_auc_cv,0.2506814985726754,0.025994589958435434,0.03312287031469249
69,0.23794650529055072,0.21403757076685537,0.2217468691027622,68,-0.7647569179534912,363700,1,0,hebo,roc_auc,binary,LGBM,,False,cv,0.0,78,3,3,LGBM_363700_20260405_160514,363700_rep1_fold0_hebo_roc_auc_cv,LGBM_363700_20260405_160514::363700_rep1_fold0_hebo_roc_auc_cv,0.2582727980211319,0.03410965230586564,0.043520745640409426
70,0.2364342179559571,0.21097100703379645,0.21721135700806316,68,-0.7646635174751282,363700,1,0,hebo,roc_auc,binary,LGBM,,False,cv,0.0,78,3,3,LGBM_363700_20260405_160514,363700_rep1_fold0_hebo_roc_auc_cv,LGBM_363700_20260405_160514::363700_rep1_fold0_hebo_roc_auc_cv,0.25418428177173363,0.024675067625519714,0.03292242934455826
71,0.24140684457319617,0.21999914221993477,0.21670741121976334,68,-0.764653205871582,363700,1,0,hebo,roc_auc,binary,LGBM,,False,cv,0.0,78,3,3,LGBM_363700_20260405_160514,363700_rep1_fold0_hebo_roc_auc_cv,LGBM_363700_20260405_160514::363700_rep1_fold0_hebo_roc_auc_cv,0.2676279338223112,0.05245101273339079,0.03174483864501942
72,0.23521407703827368,0.2114642305712815,0.21604263166923987,68,-0.7647261619567871,363700,1,0,hebo,roc_auc,binary,LGBM,,False,cv,0.0,78,3,3,LGBM_363700_20260405_160514,363700_rep1_fold0_hebo_roc_auc_cv,LGBM_363700_20260405_160514::363700_rep1_fold0_hebo_roc_auc_cv,0.2508855925250603,0.02619251830837269,0.030191421126478116
73,0.23928510053273766,0.2091911133985247,0.2122469548807686,72,-0.7647058367729187,363700,1,0,hebo,roc_auc,binary,LGBM,,False,cv,0.0,78,3,3,LGBM_363700_20260405_160514,363700_rep1_fold0_hebo_roc_auc_cv,LGBM_363700_20260405_160514::363700_rep1_fold0_hebo_roc_auc_cv,0.2618917322500025,0.019199049943920948,0.02132190819803596
74,0.23975523531289133,0.21292245668210674,0.2238377080116658,68,-0.7647179961204529,363700,1,0,hebo,roc_auc,binary,LGBM,,False,cv,0.0,78,3,3,LGBM_363700_20260405_160514,363700_rep1_fold0_hebo_roc_auc_cv,LGBM_363700_20260405_160514::363700_rep1_fold0_hebo_roc_auc_cv,0.2631627563762358,0.03067889424028552,0.04840649428743252
75,0.24950654260673166,0.21221478812832384,0.21835863784525644,68,-0.7647832036018372,363700,1,0,hebo,roc_auc,binary,LGBM,,False,cv,0.0,78,3,3,LGBM_363700_20260405_160514,363700_rep1_fold0_hebo_roc_auc_cv,LGBM_363700_20260405_160514::363700_rep1_fold0_hebo_roc_auc_cv,0.289525721542809,0.028501682390974687,0.03560332732010433
76,0.23761753369503846,0.21131411905987307,0.2162034654314633,72,-0.7643297910690308,363700,1,0,hebo,roc_auc,binary,LGBM,,False,cv,0.0,78,3,3,LGBM_363700_20260405_160514,363700_rep1_fold0_hebo_roc_auc_cv,LGBM_363700_20260405_160514::363700_rep1_fold0_hebo_roc_auc_cv,0.25738341299285367,0.025730685491852427,0.030567247945480054
77,0.23511096653818764,0.213480013724481,0.2190019728941499,77,-0.7648999094963074,363700,1,0,hebo,roc_auc,binary,LGBM,,False,cv,0.0,78,3,3,LGBM_363700_20260405_160514,363700_rep1_fold0_hebo_roc_auc_cv,LGBM_363700_20260405_160514::363700_rep1_fold0_hebo_roc_auc_cv,0.25060683005351014,0.03239427327307541,0.037106634596111555
78,0.23322244862887587,0.21307256819351506,0.21658946646079946,78,-0.7665187120437622,363700,1,0,hebo,roc_auc,binary,LGBM,,False,cv,0.0,78,3,3,LGBM_363700_20260405_160514,363700_rep1_fold0_hebo_roc_auc_cv,LGBM_363700_20260405_160514::363700_rep1_fold0_hebo_roc_auc_cv,0.24550116264304045,0.031140727056805442,0.031469232311084595
79,0.23496182456484904,0.21896980614170525,0.22211142563046837,78,-0.7663514018058777,363700,1,0,hebo,roc_auc,binary,LGBM,,False,cv,0.0,78,3,3,LGBM_363700_20260405_160514,363700_rep1_fold0_hebo_roc_auc_cv,LGBM_363700_20260405_160514::363700_rep1_fold0_hebo_roc_auc_cv,0.2502036200500183,0.04928415913439368,0.04437261976347989
80,0.5,0.5,0.5,78,-0.7663324475288391,363700,1,0,hebo,roc_auc,binary,LGBM,,False,cv,0.0,78,3,3,LGBM_363700_20260405_160514,363700_rep1_fold0_hebo_roc_auc_cv,LGBM_363700_20260405_160514::363700_rep1_fold0_hebo_roc_auc_cv,0.9667426415638452,0.9139011677772645,0.6937261976347965
81,0.23532639383301013,0.22354820723966373,0.2212965345685366,78,-0.7663214206695557,363700,1,0,hebo,roc_auc,binary,LGBM,,False,cv,0.0,78,3,3,LGBM_363700_20260405_160514,363700_rep1_fold0_hebo_roc_auc_cv,LGBM_363700_20260405_160514::363700_rep1_fold0_hebo_roc_auc_cv,0.2511892445029985,0.06337006003826647,0.04246843054720396
82,0.22645336704883023,0.21388745925544694,0.21066006176016472,82,-0.7731401324272156,363700,1,0,hebo,roc_auc,binary,LGBM,,False,cv,0.0,78,3,3,LGBM_363700_20260405_160514,363700_rep1_fold0_hebo_roc_auc_cv,LGBM_363700_20260405_160514::363700_rep1_fold0_hebo_roc_auc_cv,0.22720073824587683,0.03364781948934538,0.01761375025055146
83,0.23632435617312741,0.22870560988162636,0.22373048550351682,82,-0.7731954455375671,363700,1,0,hebo,roc_auc,binary,LGBM,,False,cv,0.0,78,3,3,LGBM_363700_20260405_160514,363700_rep1_fold0_hebo_roc_auc_cv,LGBM_363700_20260405_160514::363700_rep1_fold0_hebo_roc_auc_cv,0.2538872669954989,0.07923731609157525,0.04815594307476447
84,0.22554562639628783,0.21078872876994337,0.2086657231085951,84,-0.7747340202331543,363700,1,0,hebo,roc_auc,binary,LGBM,,False,cv,0.0,78,3,3,LGBM_363700_20260405_160514,363700_rep1_fold0_hebo_roc_auc_cv,LGBM_363700_20260405_160514::363700_rep1_fold0_hebo_roc_auc_cv,0.22474663291598182,0.024114270634030825,0.012953497694929374
85,0.2348175926153241,0.2240950420312231,0.22108208955223874,84,-0.77415931224823,363700,1,0,hebo,roc_auc,binary,LGBM,,False,cv,0.0,78,3,3,LGBM_363700_20260405_160514,363700_rep1_fold0_hebo_roc_auc_cv,LGBM_363700_20260405_160514::363700_rep1_fold0_hebo_roc_auc_cv,0.24981368444993365,0.06505245101273348,0.041967328121868125
86,0.25498060540593614,0.20295076342425789,0.21026333848001366,84,-0.7740926146507263,363700,1,0,hebo,roc_auc,binary,LGBM,,False,cv,0.0,78,3,3,LGBM_363700_20260405_160514,363700_rep1_fold0_hebo_roc_auc_cv,LGBM_363700_20260405_160514::363700_rep1_fold0_hebo_roc_auc_cv,0.30432502204134015,0.0,0.016686710763680137
87,0.27841553531534624,0.24594698919197122,0.23207239663750223,82,-0.7728508710861206,363700,1,0,hebo,roc_auc,binary,LGBM,,False,cv,0.0,78,3,3,LGBM_363700_20260405_160514,363700_rep1_fold0_hebo_roc_auc_cv,LGBM_363700_20260405_160514::363700_rep1_fold0_hebo_roc_auc_cv,0.3676820902031773,0.1322821138747778,0.06764882742032509
88,0.22593842830137711,0.20729327500428885,0.20978083719334362,88,-0.7737897634506226,363700,1,0,hebo,roc_auc,binary,LGBM,,False,cv,0.0,78,3,3,LGBM_363700_20260405_160514,363700_rep1_fold0_hebo_roc_auc_cv,LGBM_363700_20260405_160514::363700_rep1_fold0_hebo_roc_auc_cv,0.22580858518855285,0.013360163620769522,0.015559230306674849
89,0.24137308815947756,0.21019900497512434,0.20989878195230738,88,-0.7734836935997009,363700,1,0,hebo,roc_auc,binary,LGBM,,False,cv,0.0,78,3,3,LGBM_363700_20260405_160514,363700_rep1_fold0_hebo_roc_auc_cv,LGBM_363700_20260405_160514::363700_rep1_fold0_hebo_roc_auc_cv,0.2675366722988871,0.022299927426271966,0.01583483664060941
90,0.2280024795620259,0.2090088351346714,0.20886944587407785,88,-0.7750762104988098,363700,1,0,hebo,roc_auc,binary,LGBM,,False,cv,0.0,78,3,3,LGBM_363700_20260405_160514,363700_rep1_fold0_hebo_roc_auc_cv,LGBM_363700_20260405_160514::363700_rep1_fold0_hebo_roc_auc_cv,0.23138881252082838,0.018638252952431374,0.013429544998997905
91,0.24782608695652175,0.21635357694287194,0.22627165894664603,88,-0.7754756212234497,363700,1,0,hebo,roc_auc,binary,LGBM,,False,cv,0.0,78,3,3,LGBM_363700_20260405_160514,363700_rep1_fold0_hebo_roc_auc_cv,LGBM_363700_20260405_160514::363700_rep1_fold0_hebo_roc_auc_cv,0.2849825569767165,0.04123507290360957,0.05409400681499303
92,0.22632509267669954,0.2094484474180821,0.21327629095899814,88,-0.7753918766975403,363700,1,0,hebo,roc_auc,binary,LGBM,,False,cv,0.0,78,3,3,LGBM_363700_20260405_160514,363700_rep1_fold0_hebo_roc_auc_cv,LGBM_363700_20260405_160514::363700_rep1_fold0_hebo_roc_auc_cv,0.2268539444568654,0.019990763343670313,0.023727199839647467
93,0.2844585471239536,0.23438840281351858,0.22999227997941318,88,-0.7751350402832031,363700,1,0,hebo,roc_auc,binary,LGBM,,False,cv,0.0,78,3,3,LGBM_363700_20260405_160514,363700_rep1_fold0_hebo_roc_auc_cv,LGBM_363700_20260405_160514::363700_rep1_fold0_hebo_roc_auc_cv,0.3840195621965109,0.09672098700270527,0.062788133894568
94,0.22590651314658872,0.2069930519814719,0.20655343969806128,94,-0.7755879163742065,363700,1,0,hebo,roc_auc,binary,LGBM,,False,cv,0.0,78,3,3,LGBM_363700_20260405_160514,363700_rep1_fold0_hebo_roc_auc_cv,LGBM_363700_20260405_160514::363700_rep1_fold0_hebo_roc_auc_cv,0.22572230156640674,0.012436497987728655,0.00801763880537169
95,0.22689526919205572,0.20885872362326297,0.2089337793789673,94,-0.775402843952179,363700,1,0,hebo,roc_auc,binary,LGBM,,False,cv,0.0,78,3,3,LGBM_363700_20260405_160514,363700_rep1_fold0_hebo_roc_auc_cv,LGBM_363700_20260405_160514::363700_rep1_fold0_hebo_roc_auc_cv,0.22839543455251937,0.01817642013591111,0.013579875726598835
96,0.22995912405175156,0.21201106536284098,0.2132119574541088,94,-0.7751592993736267,363700,1,0,hebo,roc_auc,binary,LGBM,,False,cv,0.0,78,3,3,LGBM_363700_20260405_160514,363700_rep1_fold0_hebo_roc_auc_cv,LGBM_363700_20260405_160514::363700_rep1_fold0_hebo_roc_auc_cv,0.23667866227857198,0.027874909282840043,0.0235768691120468
97,0.24861475953158374,0.22242237090410022,0.2209319780408302,94,-0.7755288481712341,363700,1,0,hebo,roc_auc,binary,LGBM,,False,cv,0.0,78,3,3,LGBM_363700_20260405_160514,363700_rep1_fold0_hebo_roc_auc_cv,LGBM_363700_20260405_160514::363700_rep1_fold0_hebo_roc_auc_cv,0.2871147580239878,0.059906313914363477,0.04161655642413297
98,0.2437980261704269,0.2204280322525305,0.22451320981300382,94,-0.7750046849250793,363700,1,0,hebo,roc_auc,binary,LGBM,,False,cv,0.0,78,3,3,LGBM_363700_20260405_160514,363700_rep1_fold0_hebo_roc_auc_cv,LGBM_363700_20260405_160514::363700_rep1_fold0_hebo_roc_auc_cv,0.2740925682815867,0.05377053506630651,0.04998496692723982
99,0.288868362261557,0.24305198147195062,0.23554640590152676,94,-0.7747319340705872,363700,1,0,hebo,roc_auc,binary,LGBM,,False,cv,0.0,78,3,3,LGBM_363700_20260405_160514,363700_rep1_fold0_hebo_roc_auc_cv,LGBM_363700_20260405_160514::363700_rep1_fold0_hebo_roc_auc_cv,0.39594163575654545,0.12337533812759824,0.07576668671076363
100,0.23195443497900958,0.21074583976668393,0.20974867044089895,94,-0.7748209238052368,363700,1,0,hebo,roc_auc,binary,LGBM,,False,cv,0.0,78,3,3,LGBM_363700_20260405_160514,363700_rep1_fold0_hebo_roc_auc_cv,LGBM_363700_20260405_160514::363700_rep1_fold0_hebo_roc_auc_cv,0.2420730479631472,0.023982318400739663,0.015484064942874513
101,0.23882846831807125,0.22019214273460297,0.219977697718305,94,-0.7749870419502258,363700,1,0,hebo,roc_auc,binary,LGBM,,False,cv,0.0,78,3,3,LGBM_363700_20260405_160514,363700_rep1_fold0_hebo_roc_auc_cv,LGBM_363700_20260405_160514::363700_rep1_fold0_hebo_roc_auc_cv,0.26065721273313835,0.053044797783203236,0.03938665063138917
102,0.2352226695799473,0.21913063990392856,0.21907702864985423,94,-0.774692177772522,363700,1,0,hebo,roc_auc,binary,LGBM,,False,cv,0.0,78,3,3,LGBM_363700_20260405_160514,363700_rep1_fold0_hebo_roc_auc_cv,LGBM_363700_20260405_160514::363700_rep1_fold0_hebo_roc_auc_cv,0.2509088227310223,0.04977898000923682,0.03728202044497927
103,0.24624690054746767,0.2200527534740092,0.22333376222336598,94,-0.7747272849082947,363700,1,0,hebo,roc_auc,binary,LGBM,,False,cv,0.0,78,3,3,LGBM_363700_20260405_160514,363700_rep1_fold0_hebo_roc_auc_cv,LGBM_363700_20260405_160514::363700_rep1_fold0_hebo_roc_auc_cv,0.28071317698089615,0.05261595302500517,0.047228903587893674
104,0.22875003068764876,0.21331917996225758,0.21361940298507454,94,-0.7749189138412476,363700,1,0,hebo,roc_auc,binary,LGBM,,False,cv,0.0,78,3,3,LGBM_363700_20260405_160514,363700_rep1_fold0_hebo_roc_auc_cv,LGBM_363700_20260405_160514::363700_rep1_fold0_hebo_roc_auc_cv,0.23340984043956467,0.03189945239823193,0.024528963720184378
105,0.2350495912405176,0.21350145822611077,0.21325484645736825,94,-0.7752590179443359,363700,1,0,hebo,roc_auc,binary,LGBM,,False,cv,0.0,78,3,3,LGBM_363700_20260405_160514,363700_rep1_fold0_hebo_roc_auc_cv,LGBM_363700_20260405_160514::363700_rep1_fold0_hebo_roc_auc_cv,0.25044090001092134,0.03246024938972116,0.023677089597113652
106,0.26374008788942627,0.2275154400411734,0.2291023331617773,94,-0.7752213478088379,363700,1,0,hebo,roc_auc,binary,LGBM,,False,cv,0.0,78,3,3,LGBM_363700_20260405_160514,363700_rep1_fold0_hebo_roc_auc_cv,LGBM_363700_20260405_160514::363700_rep1_fold0_hebo_roc_auc_cv,0.3280065577196721,0.07557564161773465,0.06070855882942487
107,0.22737890653769666,0.21157145307943037,0.2131261794475896,94,-0.7751114368438721,363700,1,0,hebo,roc_auc,binary,LGBM,,False,cv,0.0,78,3,3,LGBM_363700_20260405_160514,363700_rep1_fold0_hebo_roc_auc_cv,LGBM_363700_20260405_160514::363700_rep1_fold0_hebo_roc_auc_cv,0.22970296328812181,0.026522398891601448,0.02337642814191231
108,0.23471509586821493,0.2206853662720878,0.21358723623262987,94,-0.7750730514526367,363700,1,0,hebo,roc_auc,binary,LGBM,,False,cv,0.0,78,3,3,LGBM_363700_20260405_160514,363700_rep1_fold0_hebo_roc_auc_cv,LGBM_363700_20260405_160514::363700_rep1_fold0_hebo_roc_auc_cv,0.24953658127880984,0.05456224846605553,0.024453798356384043
109,0.22721626199887068,0.2113784525647624,0.21314762394921938,94,-0.7751588821411133,363700,1,0,hebo,roc_auc,binary,LGBM,,False,cv,0.0,78,3,3,LGBM_363700_20260405_160514,363700_rep1_fold0_hebo_roc_auc_cv,LGBM_363700_20260405_160514::363700_rep1_fold0_hebo_roc_auc_cv,0.22926324867526052,0.025928613841789683,0.023426538384445868
110,0.2400578155304054,0.21721135700806304,0.21855163835992453,94,-0.7751502990722656,363700,1,0,hebo,roc_auc,binary,LGBM,,False,cv,0.0,78,3,3,LGBM_363700_20260405_160514,363700_rep1_fold0_hebo_roc_auc_cv,LGBM_363700_20260405_160514::363700_rep1_fold0_hebo_roc_auc_cv,0.2639807914862006,0.04387411756943998,0.0360543195029066
111,0.2363059435838264,0.21843369360096077,0.21606407617086976,94,-0.775079607963562,363700,1,0,hebo,roc_auc,binary,LGBM,,False,cv,0.0,78,3,3,LGBM_363700_20260405_160514,363700_rep1_fold0_hebo_roc_auc_cv,LGBM_363700_20260405_160514::363700_rep1_fold0_hebo_roc_auc_cv,0.2538374879827222,0.047634756218249544,0.030241531369011934
112,0.23806802837993768,0.2250707668553783,0.21978469720363691,94,-0.7747752666473389,363700,1,0,hebo,roc_auc,binary,LGBM,,False,cv,0.0,78,3,3,LGBM_363700_20260405_160514,363700_rep1_fold0_hebo_roc_auc_cv,LGBM_363700_20260405_160514::363700_rep1_fold0_hebo_roc_auc_cv,0.25860133950545844,0.06805436432011655,0.0389356584485869
113,0.2327523138487222,0.21498112883856568,0.21002744896208614,94,-0.7749505639076233,363700,1,0,hebo,roc_auc,binary,LGBM,,False,cv,0.0,78,3,3,LGBM_363700_20260405_160514,363700_rep1_fold0_hebo_roc_auc_cv,LGBM_363700_20260405_160514::363700_rep1_fold0_hebo_roc_auc_cv,0.24423013851680714,0.037012601438279405,0.01613549809581101
114,0.2266970269805808,0.21088522902727747,0.20691799622576768,94,-0.775079607963562,363700,1,0,hebo,roc_auc,binary,LGBM,,False,cv,0.0,78,3,3,LGBM_363700_20260405_160514,363700_rep1_fold0_hebo_roc_auc_cv,LGBM_363700_20260405_160514::363700_rep1_fold0_hebo_roc_auc_cv,0.22785948051495572,0.02441116315893705,0.008869512928442675
115,0.23647411189944267,0.21227912163321316,0.21450934980271064,94,-0.7748391628265381,363700,1,0,hebo,roc_auc,binary,LGBM,,False,cv,0.0,78,3,3,LGBM_363700_20260405_160514,363700_rep1_fold0_hebo_roc_auc_cv,LGBM_363700_20260405_160514::363700_rep1_fold0_hebo_roc_auc_cv,0.2542921362994165,0.02869961074091194,0.026608538785328026
116,0.23452483244543731,0.22158603534053867,0.21920569565963288,94,-0.7751721739768982,363700,1,0,hebo,roc_auc,binary,LGBM,,False,cv,0.0,78,3,3,LGBM_363700_20260405_160514,363700_rep1_fold0_hebo_roc_auc_cv,LGBM_363700_20260405_160514::363700_rep1_fold0_hebo_roc_auc_cv,0.24902219814678325,0.05733324536517813,0.0375826819001806
117,0.24039844843247482,0.2250814891061932,0.22414865328529765,94,-0.7750958800315857,363700,1,0,hebo,roc_auc,binary,LGBM,,False,cv,0.0,78,3,3,LGBM_363700_20260405_160514,363700_rep1_fold0_hebo_roc_auc_cv,LGBM_363700_20260405_160514::363700_rep1_fold0_hebo_roc_auc_cv,0.26490170322257034,0.06808735237843944,0.04913309280416935
118,0.22781712616306193,0.20949133642134155,0.20966289243437986,94,-0.7750637531280518,363700,1,0,hebo,roc_auc,binary,LGBM,,False,cv,0.0,78,3,3,LGBM_363700_20260405_160514,363700_rep1_fold0_hebo_roc_auc_cv,LGBM_363700_20260405_160514::363700_rep1_fold0_hebo_roc_auc_cv,0.23088770379220902,0.020122715576961474,0.015283623972740286
119,0.23622738320280845,0.21490607308286158,0.2154850746268656,94,-0.7750614285469055,363700,1,0,hebo,roc_auc,binary,LGBM,,False,cv,0.0,78,3,3,LGBM_363700_20260405_160514,363700_rep1_fold0_hebo_roc_auc_cv,LGBM_363700_20260405_160514::363700_rep1_fold0_hebo_roc_auc_cv,0.2536250975282078,0.03678168503001961,0.02888855482060538
120,0.23170770628237558,0.21442357179619154,0.2145307943043403,94,-0.7748922109603882,363700,1,0,hebo,roc_auc,binary,LGBM,,False,cv,0.0,78,3,3,LGBM_363700_20260405_160514,363700_rep1_fold0_hebo_roc_auc_cv,LGBM_363700_20260405_160514::363700_rep1_fold0_hebo_roc_auc_cv,0.24140600919193905,0.03529722240548985,0.02665864902786132
121,0.2832077185574351,0.23769085606450502,0.2372834105335393,94,-0.7749311923980713,363700,1,0,hebo,roc_auc,binary,LGBM,,False,cv,0.0,78,3,3,LGBM_363700_20260405_160514,363700_rep1_fold0_hebo_roc_auc_cv,LGBM_363700_20260405_160514::363700_rep1_fold0_hebo_roc_auc_cv,0.380637907928543,0.10688130896615447,0.07982561635598355
122,0.24122824245697583,0.21860524961399896,0.2180476925716247,94,-0.7749456763267517,363700,1,0,hebo,roc_auc,binary,LGBM,,False,cv,0.0,78,3,3,LGBM_363700_20260405_160514,363700_rep1_fold0_hebo_roc_auc_cv,LGBM_363700_20260405_160514::363700_rep1_fold0_hebo_roc_auc_cv,0.2671450773983764,0.04816256515141556,0.03487672880336776
123,0.24170083224903638,0.20708955223880587,0.20992022645393726,94,-0.7744370698928833,363700,1,0,hebo,roc_auc,binary,LGBM,,False,cv,0.0,78,3,3,LGBM_363700_20260405_160514,363700_rep1_fold0_hebo_roc_auc_cv,LGBM_363700_20260405_160514::363700_rep1_fold0_hebo_roc_auc_cv,0.26842273872631345,0.01273339051263454,0.01588494688314323
124,0.23937348096138267,0.21995625321667522,0.2171577457539886,94,-0.7750141024589539,363700,1,0,hebo,roc_auc,binary,LGBM,,False,cv,0.0,78,3,3,LGBM_363700_20260405_160514,363700_rep1_fold0_hebo_roc_auc_cv,LGBM_363700_20260405_160514::363700_rep1_fold0_hebo_roc_auc_cv,0.2621306715113308,0.05231906050009929,0.03279715373822411
125,0.2350759826185157,0.21958097443815405,0.21776891405043752,94,-0.7745513916015625,363700,1,0,hebo,roc_auc,binary,LGBM,,False,cv,0.0,78,3,3,LGBM_363700_20260405_160514,363700_rep1_fold0_hebo_roc_auc_cv,LGBM_363700_20260405_160514::363700_rep1_fold0_hebo_roc_auc_cv,0.2505122499292345,0.05116447845879829,0.03422529565043126
126,0.232923550929222,0.22034225424601128,0.22236875965002578,94,-0.7746362686157227,363700,1,0,hebo,roc_auc,binary,LGBM,,False,cv,0.0,78,3,3,LGBM_363700_20260405_160514,363700_rep1_fold0_hebo_roc_auc_cv,LGBM_363700_20260405_160514::363700_rep1_fold0_hebo_roc_auc_cv,0.24469308333563097,0.05350663059972316,0.044973942673882834
127,0.2339215132693393,0.2177045805455482,0.21692185623606108,94,-0.7746202349662781,363700,1,0,hebo,roc_auc,binary,LGBM,,False,cv,0.0,78,3,3,LGBM_363700_20260405_160514,363700_rep1_fold0_hebo_roc_auc_cv,LGBM_363700_20260405_160514::363700_rep1_fold0_hebo_roc_auc_cv,0.2473911058281313,0.0453915682522933,0.032245941070354986
128,0.2479740014239068,0.22162892434379822,0.21745796877680568,94,-0.7746613621711731,363700,1,0,hebo,roc_auc,binary,LGBM,,False,cv,0.0,78,3,3,LGBM_363700_20260405_160514,363700_rep1_fold0_hebo_roc_auc_cv,LGBM_363700_20260405_160514::363700_rep1_fold0_hebo_roc_auc_cv,0.2853824483793561,0.05746519759846964,0.033498697133694424
129,0.2447695971325461,0.2118287870989879,0.2189269171384457,94,-0.7746277451515198,363700,1,0,hebo,roc_auc,binary,LGBM,,False,cv,0.0,78,3,3,LGBM_363700_20260405_160514,363700_rep1_fold0_hebo_roc_auc_cv,LGBM_363700_20260405_160514::363700_rep1_fold0_hebo_roc_auc_cv,0.2767192408557739,0.027314112291351153,0.03693124874724411
130,0.23658458743524913,0.22124292331446216,0.2185087493566651,94,-0.7745742797851562,363700,1,0,hebo,roc_auc,binary,LGBM,,False,cv,0.0,78,3,3,LGBM_363700_20260405_160514,363700_rep1_fold0_hebo_roc_auc_cv,LGBM_363700_20260405_160514::363700_rep1_fold0_hebo_roc_auc_cv,0.2545908103760774,0.05627762749884576,0.03595409901783975
131,0.2474572214175239,0.21688968948361642,0.21546363012523573,94,-0.774591863155365,363700,1,0,hebo,roc_auc,binary,LGBM,,False,cv,0.0,78,3,3,LGBM_363700_20260405_160514,363700_rep1_fold0_hebo_roc_auc_cv,LGBM_363700_20260405_160514::363700_rep1_fold0_hebo_roc_auc_cv,0.2839853174207554,0.0428844758197537,0.028838444578071564
132,0.2354006579431911,0.2163857436953165,0.21589252015783156,94,-0.7740417718887329,363700,1,0,hebo,roc_auc,binary,LGBM,,False,cv,0.0,78,3,3,LGBM_363700_20260405_160514,363700_rep1_fold0_hebo_roc_auc_cv,LGBM_363700_20260405_160514::363700_rep1_fold0_hebo_roc_auc_cv,0.2513900198545316,0.04133403707857785,0.02984064942874348
133,0.23966071735447902,0.20914822439526504,0.21474523932063816,94,-0.773937463760376,363700,1,0,hebo,roc_auc,binary,LGBM,,False,cv,0.0,78,3,3,LGBM_363700_20260405_160514,363700_rep1_fold0_hebo_roc_auc_cv,LGBM_363700_20260405_160514::363700_rep1_fold0_hebo_roc_auc_cv,0.2629072241106479,0.019067097710629102,0.02715975145319715
134,0.24859511943632928,0.21618202092983352,0.21504546234345523,94,-0.773890495300293,363700,1,0,hebo,roc_auc,binary,LGBM,,False,cv,0.0,78,3,3,LGBM_363700_20260405_160514,363700_rep1_fold0_hebo_roc_auc_cv,LGBM_363700_20260405_160514::363700_rep1_fold0_hebo_roc_auc_cv,0.28706166041035924,0.04070726397044287,0.027861294848667464
135,0.22699837969214154,0.20862283410533544,0.20738977526162294,94,-0.7738621830940247,363700,1,0,hebo,roc_auc,binary,LGBM,,False,cv,0.0,78,3,3,LGBM_363700_20260405_160514,363700_rep1_fold0_hebo_roc_auc_cv,LGBM_363700_20260405_160514::363700_rep1_fold0_hebo_roc_auc_cv,0.22867419702406896,0.017450682852807844,0.009971938264181444
136,0.23422532099280668,0.2079473323039973,0.20764710928118024,94,-0.7734655737876892,363700,1,0,hebo,roc_auc,binary,LGBM,,False,cv,0.0,78,3,3,LGBM_363700_20260405_160514,363700_rep1_fold0_hebo_roc_auc_cv,LGBM_363700_20260405_160514::363700_rep1_fold0_hebo_roc_auc_cv,0.2482124595389477,0.015372435178465978,0.010573261174584127
137,0.27184346844082197,0.23275862068965514,0.22897366615199855,94,-0.7740541100502014,363700,1,0,hebo,roc_auc,binary,LGBM,,False,cv,0.0,78,3,3,LGBM_363700_20260405_160514,363700_rep1_fold0_hebo_roc_auc_cv,LGBM_363700_20260405_160514::363700_rep1_fold0_hebo_roc_auc_cv,0.3499143012427252,0.09170680213762644,0.06040789737422327
138,0.25060638794098156,0.21616057642820385,0.21720063475724838,94,-0.7739244699478149,363700,1,0,hebo,roc_auc,binary,LGBM,,False,cv,0.0,78,3,3,LGBM_363700_20260405_160514,363700_rep1_fold0_hebo_roc_auc_cv,LGBM_363700_20260405_160514::363700_rep1_fold0_hebo_roc_auc_cv,0.29249918790600765,0.04064128785379746,0.032897374223291746
139,0.238654162472688,0.21054211700120096,0.21710413449991417,94,-0.7738771438598633,363700,1,0,hebo,roc_auc,binary,LGBM,,False,cv,0.0,78,3,3,LGBM_363700_20260405_160514,363700_rep1_fold0_hebo_roc_auc_cv,LGBM_363700_20260405_160514::363700_rep1_fold0_hebo_roc_auc_cv,0.2601859714121853,0.02335554529260468,0.032671878131890215
140,0.2291459013576217,0.20986661519986272,0.2093626694115629,94,-0.7739141583442688,363700,1,0,hebo,roc_auc,binary,LGBM,,False,cv,0.0,78,3,3,LGBM_363700_20260405_160514,363700_rep1_fold0_hebo_roc_auc_cv,LGBM_363700_20260405_160514::363700_rep1_fold0_hebo_roc_auc_cv,0.23448008921426552,0.021277297618262473,0.01458208057727023
141,0.2356848255714039,0.21825141533710757,0.2174258020243609,94,-0.7739735841751099,363700,1,0,hebo,roc_auc,binary,LGBM,,False,cv,0.0,78,3,3,LGBM_363700_20260405_160514,363700_rep1_fold0_hebo_roc_auc_cv,LGBM_363700_20260405_160514::363700_rep1_fold0_hebo_roc_auc_cv,0.2521582759517191,0.04707395922676031,0.03342353176989383
142,0.22307036064124908,0.21035983873734776,0.20737905301080806,94,-0.7746049165725708,363700,1,0,hebo,roc_auc,binary,LGBM,,False,cv,0.0,78,3,3,LGBM_363700_20260405_160514,363700_rep1_fold0_hebo_roc_auc_cv,LGBM_363700_20260405_160514::363700_rep1_fold0_hebo_roc_auc_cv,0.2180546742983595,0.02279474830111545,0.009946883142914666
143,0.2349685758475928,0.21818708183221824,0.21699691199176518,94,-0.7744019031524658,363700,1,0,hebo,roc_auc,binary,LGBM,,False,cv,0.0,78,3,3,LGBM_363700_20260405_160514,363700_rep1_fold0_hebo_roc_auc_cv,LGBM_363700_20260405_160514::363700_rep1_fold0_hebo_roc_auc_cv,0.25022187235470317,0.04687603087682305,0.03242132691922218
144,0.22455687035082117,0.21212901012180474,0.21228984388402816,144,-0.774516224861145,363700,1,0,hebo,roc_auc,binary,LGBM,,False,cv,0.0,78,3,3,LGBM_363700_20260405_160514,363700_rep1_fold0_hebo_roc_auc_cv,LGBM_363700_20260405_160514::363700_rep1_fold0_hebo_roc_auc_cv,0.2220734999298701,0.02823777792439168,0.021422128683103076
145,0.24732649203348633,0.21367301423914908,0.21757591353576944,107,-0.7735437154769897,363700,1,0,hebo,roc_auc,binary,LGBM,,False,cv,0.0,78,3,3,LGBM_363700_20260405_160514,363700_rep1_fold0_hebo_roc_auc_cv,LGBM_363700_20260405_160514::363700_rep1_fold0_hebo_roc_auc_cv,0.2836318864300402,0.032988058322887516,0.03377430346762899
146,0.23895244641936508,0.2045376565448619,0.20933050265911823,107,-0.7735400795936584,363700,1,0,hebo,roc_auc,binary,LGBM,,False,cv,0.0,78,3,3,LGBM_363700_20260405_160514,363700_rep1_fold0_hebo_roc_auc_cv,LGBM_363700_20260405_160514::363700_rep1_fold0_hebo_roc_auc_cv,0.2609923914191687,0.004882232631787683,0.014506915213469895
147,0.23483416394569512,0.2156673528907188,0.21960241893978383,107,-0.7735411524772644,363700,1,0,hebo,roc_auc,binary,LGBM,,False,cv,0.0,78,3,3,LGBM_363700_20260405_160514,363700_rep1_fold0_hebo_roc_auc_cv,LGBM_363700_20260405_160514::363700_rep1_fold0_hebo_roc_auc_cv,0.24985848556143295,0.03912383717094448,0.038509721387051665
148,0.22399099010630208,0.20853705609881623,0.20842983359066736,107,-0.7730606198310852,363700,1,0,hebo,roc_auc,binary,LGBM,,False,cv,0.0,78,3,3,LGBM_363700_20260405_160514,363700_rep1_fold0_hebo_roc_auc_cv,LGBM_363700_20260405_160514::363700_rep1_fold0_hebo_roc_auc_cv,0.22054362493719787,0.017186778386224493,0.01240228502705973
149,0.23322858615864295,0.21290101218047697,0.21432707153885744,107,-0.7731765508651733,363700,1,0,hebo,roc_auc,binary,LGBM,,False,cv,0.0,78,3,3,LGBM_363700_20260405_160514,363700_rep1_fold0_hebo_roc_auc_cv,LGBM_363700_20260405_160514::363700_rep1_fold0_hebo_roc_auc_cv,0.24551775564729952,0.030612918123639768,0.026182601723792533
150,0.23484643900522917,0.2188411391319265,0.21700763424258018,107,-0.7731888890266418,363700,1,0,hebo,roc_auc,binary,LGBM,,False,cv,0.0,78,3,3,LGBM_363700_20260405_160514,363700_rep1_fold0_hebo_roc_auc_cv,LGBM_363700_20260405_160514::363700_rep1_fold0_hebo_roc_auc_cv,0.24989167156995082,0.048888302434518825,0.03244638204048921
151,0.23737326001031112,0.21683607822954198,0.21517412935323366,107,-0.7734498977661133,363700,1,0,hebo,roc_auc,binary,LGBM,,False,cv,0.0,78,3,3,LGBM_363700_20260405_160514,363700_rep1_fold0_hebo_roc_auc_cv,LGBM_363700_20260405_160514::363700_rep1_fold0_hebo_roc_auc_cv,0.2567230114233487,0.04271953552813933,0.028161956303868287
152,0.23551481599685764,0.21827285983873734,0.21800480356836505,107,-0.7731155753135681,363700,1,0,hebo,roc_auc,binary,LGBM,,False,cv,0.0,78,3,3,LGBM_363700_20260405_160514,363700_rep1_fold0_hebo_roc_auc_cv,LGBM_363700_20260405_160514::363700_rep1_fold0_hebo_roc_auc_cv,0.25169864973374745,0.04713993534340606,0.034776508318300384
153,0.2251374806667813,0.2099845599588266,0.2096307256819352,153,-0.7749069333076477,363700,1,0,hebo,roc_auc,binary,LGBM,,False,cv,0.0,78,3,3,LGBM_363700_20260405_160514,363700_rep1_fold0_hebo_roc_auc_cv,LGBM_363700_20260405_160514::363700_rep1_fold0_hebo_roc_auc_cv,0.22364319813276426,0.02164016625981445,0.01520845860893995
154,0.22904524586944253,0.2119896208612111,0.20974867044089895,153,-0.774829626083374,363700,1,0,hebo,roc_auc,binary,LGBM,,False,cv,0.0,78,3,3,LGBM_363700_20260405_160514,363700_rep1_fold0_hebo_roc_auc_cv,LGBM_363700_20260405_160514::363700_rep1_fold0_hebo_roc_auc_cv,0.2342079639444191,0.027808933166193952,0.015484064942874513
155,0.2377433530552624,0.21661091096242924,0.21889475038600104,153,-0.7747691869735718,363700,1,0,hebo,roc_auc,binary,LGBM,,False,cv,0.0,78,3,3,LGBM_363700_20260405_160514,363700_rep1_fold0_hebo_roc_auc_cv,LGBM_363700_20260405_160514::363700_rep1_fold0_hebo_roc_auc_cv,0.2577235695801616,0.04202678630335859,0.036856083383443775
156,0.23500724228512504,0.2217361468519472,0.21772602504717797,153,-0.7749584913253784,363700,1,0,hebo,roc_auc,binary,LGBM,,False,cv,0.0,78,3,3,LGBM_363700_20260405_160514,363700_rep1_fold0_hebo_roc_auc_cv,LGBM_363700_20260405_160514::363700_rep1_fold0_hebo_roc_auc_cv,0.25032640828153446,0.05779507818169873,0.034125075165364144
157,0.2426263717379029,0.21573168639560814,0.21994553096586045,153,-0.774650514125824,363700,1,0,hebo,roc_auc,binary,LGBM,,False,cv,0.0,78,3,3,LGBM_363700_20260405_160514,363700_rep1_fold0_hebo_roc_auc_cv,LGBM_363700_20260405_160514::363700_rep1_fold0_hebo_roc_auc_cv,0.27092496376855874,0.03932176552088174,0.0393114852675891
158,0.2325669604497581,0.21467018356493384,0.21405901526848514,153,-0.7746961116790771,363700,1,0,hebo,roc_auc,binary,LGBM,,False,cv,0.0,78,3,3,LGBM_363700_20260405_160514,363700_rep1_fold0_hebo_roc_auc_cv,LGBM_363700_20260405_160514::363700_rep1_fold0_hebo_roc_auc_cv,0.24372902978818747,0.03605594774691566,0.025556223692122813
159,0.22736970024304615,0.2132119574541087,0.2132226797049237,153,-0.7748855948448181,363700,1,0,hebo,roc_auc,binary,LGBM,,False,cv,0.0,78,3,3,LGBM_363700_20260405_160514,363700_rep1_fold0_hebo_roc_auc_cv,LGBM_363700_20260405_160514::363700_rep1_fold0_hebo_roc_auc_cv,0.2296780737817335,0.03156957181500317,0.023601924233313577
160,0.23781761716544325,0.20878366786755875,0.21086378452564758,153,-0.7749956846237183,363700,1,0,hebo,roc_auc,binary,LGBM,,False,cv,0.0,78,3,3,LGBM_363700_20260405_160514,363700_rep1_fold0_hebo_roc_auc_cv,LGBM_363700_20260405_160514::363700_rep1_fold0_hebo_roc_auc_cv,0.25792434493169436,0.017945503727650983,0.018089797554620247
161,0.22679768246875998,0.21411262652255958,0.21503474009264023,153,-0.7749569416046143,363700,1,0,hebo,roc_auc,binary,LGBM,,False,cv,0.0,78,3,3,LGBM_363700_20260405_160514,363700_rep1_fold0_hebo_roc_auc_cv,LGBM_363700_20260405_160514::363700_rep1_fold0_hebo_roc_auc_cv,0.22813160578480216,0.03434056871412577,0.027836239727400427
162,0.2354264355682124,0.21469162806656383,0.21513124034997422,153,-0.7748163342475891,363700,1,0,hebo,roc_auc,binary,LGBM,,False,cv,0.0,78,3,3,LGBM_363700_20260405_160514,363700_rep1_fold0_hebo_roc_auc_cv,LGBM_363700_20260405_160514::363700_rep1_fold0_hebo_roc_auc_cv,0.2514597104724186,0.0361219238635621,0.028061735818801434
163,0.2415817641715562,0.2169111339852462,0.21321195745410892,153,-0.7749292254447937,363700,1,0,hebo,roc_auc,binary,LGBM,,False,cv,0.0,78,3,3,LGBM_363700_20260405_160514,363700_rep1_fold0_hebo_roc_auc_cv,LGBM_363700_20260405_160514::363700_rep1_fold0_hebo_roc_auc_cv,0.2681008344436904,0.04295045193639946,0.023576869112047056
164,0.2636897601453366,0.21309401269514494,0.2154207411219763,153,-0.7748985290527344,363700,1,0,hebo,roc_auc,binary,LGBM,,False,cv,0.0,78,3,3,LGBM_363700_20260405_160514,363700_rep1_fold0_hebo_roc_auc_cv,LGBM_363700_20260405_160514::363700_rep1_fold0_hebo_roc_auc_cv,0.3278704950847487,0.031206703173451533,0.028738224093004708
165,0.2245452090442639,0.2069716074798421,0.2065534396980614,153,-0.7757195830345154,363700,1,0,hebo,roc_auc,binary,LGBM,,False,cv,0.0,78,3,3,LGBM_363700_20260405_160514,363700_rep1_fold0_hebo_roc_auc_cv,LGBM_363700_20260405_160514::363700_rep1_fold0_hebo_roc_auc_cv,0.22204197322177832,0.012370521871082904,0.008017638805371948
166,0.23779490830530536,0.20966289243437986,0.21359795848344487,153,-0.7760310769081116,363700,1,0,hebo,roc_auc,binary,LGBM,,False,cv,0.0,78,3,3,LGBM_363700_20260405_160514,363700_rep1_fold0_hebo_roc_auc_cv,LGBM_363700_20260405_160514::363700_rep1_fold0_hebo_roc_auc_cv,0.2578629508159366,0.02065052451012783,0.02447885347765108
167,0.2277876660201802,0.21293317893292152,0.2122683993823984,153,-0.7756012082099915,363700,1,0,hebo,roc_auc,binary,LGBM,,False,cv,0.0,78,3,3,LGBM_363700_20260405_160514,363700_rep1_fold0_hebo_roc_auc_cv,LGBM_363700_20260405_160514::363700_rep1_fold0_hebo_roc_auc_cv,0.23080805737176605,0.030711882298608054,0.021372018440569518
168,0.2428755554464439,0.2109281180305369,0.21483101732715726,153,-0.7759589552879333,363700,1,0,hebo,roc_auc,binary,LGBM,,False,cv,0.0,78,3,3,LGBM_363700_20260405_160514,363700_rep1_fold0_hebo_roc_auc_cv,LGBM_363700_20260405_160514::363700_rep1_fold0_hebo_roc_auc_cv,0.2715986397414709,0.024543115392228212,0.027360192423331375
169,0.23235091940195907,0.2201492537313432,0.2187339166237776,153,-0.7759984135627747,363700,1,0,hebo,roc_auc,binary,LGBM,,False,cv,0.0,78,3,3,LGBM_363700_20260405_160514,363700_rep1_fold0_hebo_roc_auc_cv,LGBM_363700_20260405_160514::363700_rep1_fold0_hebo_roc_auc_cv,0.24314495603827357,0.052912845549911054,0.036480256564441836
170,0.22516878206859303,0.21028478298164355,0.20876222336592898,153,-0.775640070438385,363700,1,0,hebo,roc_auc,binary,LGBM,,False,cv,0.0,78,3,3,LGBM_363700_20260405_160514,363700_rep1_fold0_hebo_roc_auc_cv,LGBM_363700_20260405_160514::363700_rep1_fold0_hebo_roc_auc_cv,0.22372782245448458,0.022563831892855317,0.01317899378633012
171,0.2404119509979623,0.2180369703208097,0.2229692056956596,153,-0.7757713794708252,363700,1,0,hebo,roc_auc,binary,LGBM,,False,cv,0.0,78,3,3,LGBM_363700_20260405_160514,363700_rep1_fold0_hebo_roc_auc_cv,LGBM_363700_20260405_160514::363700_rep1_fold0_hebo_roc_auc_cv,0.2649382078319401,0.04641419806030245,0.04637702946482269
172,0.237488645569931,0.21552796363012516,0.2154957968776806,153,-0.7757810354232788,363700,1,0,hebo,roc_auc,binary,LGBM,,False,cv,0.0,78,3,3,LGBM_363700_20260405_160514,363700_rep1_fold0_hebo_roc_auc_cv,LGBM_363700_20260405_160514::363700_rep1_fold0_hebo_roc_auc_cv,0.2570349599034161,0.03869499241274676,0.028913609941872417
173,0.24331377507180907,0.21442357179619143,0.21210756562017496,153,-0.7758137583732605,363700,1,0,hebo,roc_auc,binary,LGBM,,False,cv,0.0,78,3,3,LGBM_363700_20260405_160514,363700_rep1_fold0_hebo_roc_auc_cv,LGBM_363700_20260405_160514::363700_rep1_fold0_hebo_roc_auc_cv,0.2727833802455578,0.03529722240548951,0.020996191621567583
174,0.2437661110156385,0.21598902041516554,0.2177903585520672,153,-0.7756302952766418,363700,1,0,hebo,roc_auc,binary,LGBM,,False,cv,0.0,78,3,3,LGBM_363700_20260405_160514,363700_rep1_fold0_hebo_roc_auc_cv,LGBM_363700_20260405_160514::363700_rep1_fold0_hebo_roc_auc_cv,0.27400628465944055,0.0401134789206311,0.03427540589296456
175,0.23018007512336436,0.21344784697203623,0.21262223365928978,153,-0.7755563259124756,363700,1,0,hebo,roc_auc,binary,LGBM,,False,cv,0.0,78,3,3,LGBM_363700_20260405_160514,363700_rep1_fold0_hebo_roc_auc_cv,LGBM_363700_20260405_160514::363700_rep1_fold0_hebo_roc_auc_cv,0.23727601043189342,0.03229530909810644,0.022198837442373467
176,0.23594505683352573,0.20989878195230738,0.20969505918682452,170,-0.7755152583122253,363700,1,0,hebo,roc_auc,binary,LGBM,,False,cv,0.0,78,3,3,LGBM_363700_20260405_160514,363700_rep1_fold0_hebo_roc_auc_cv,LGBM_363700_20260405_160514::363700_rep1_fold0_hebo_roc_auc_cv,0.2528618193322979,0.0213762617932311,0.015358789336540621
177,0.24684285468784517,0.21581746440212735,0.21826213758792246,170,-0.775687575340271,363700,1,0,hebo,roc_auc,binary,LGBM,,False,cv,0.0,78,3,3,LGBM_363700_20260405_160514,363700_rep1_fold0_hebo_roc_auc_cv,LGBM_363700_20260405_160514::363700_rep1_fold0_hebo_roc_auc_cv,0.28232435769443714,0.039585669987465086,0.035377831228703326
178,0.2373640537156605,0.21605335392005498,0.21957025218733917,170,-0.7757097482681274,363700,1,0,hebo,roc_auc,binary,LGBM,,False,cv,0.0,78,3,3,LGBM_363700_20260405_160514,363700_rep1_fold0_hebo_roc_auc_cv,LGBM_363700_20260405_160514::363700_rep1_fold0_hebo_roc_auc_cv,0.25669812191696006,0.0403114072705687,0.03843455602325133
179,0.23866766503817538,0.21661091096242935,0.2218326471092812,170,-0.7756689190864563,363700,1,0,hebo,roc_auc,binary,LGBM,,False,cv,0.0,78,3,3,LGBM_363700_20260405_160514,363700_rep1_fold0_hebo_roc_auc_cv,LGBM_363700_20260405_160514::363700_rep1_fold0_hebo_roc_auc_cv,0.26022247602155474,0.04202678630335893,0.043721186610543396
180,0.23950421034542013,0.209362669411563,0.21802624806999493,170,-0.7756869196891785,363700,1,0,hebo,roc_auc,binary,LGBM,,False,cv,0.0,78,3,3,LGBM_363700_20260405_160514,363700_rep1_fold0_hebo_roc_auc_cv,LGBM_363700_20260405_160514::363700_rep1_fold0_hebo_roc_auc_cv,0.2624841025020457,0.019726858877087305,0.0348266185608342
181,0.2275292760169887,0.21239706639217704,0.21354434722937032,170,-0.7756279110908508,363700,1,0,hebo,roc_auc,binary,LGBM,,False,cv,0.0,78,3,3,LGBM_363700_20260405_160514,363700_rep1_fold0_hebo_roc_auc_cv,LGBM_363700_20260405_160514::363700_rep1_fold0_hebo_roc_auc_cv,0.23010949189246555,0.029062479382463917,0.02435357787131693
182,0.22828664719023883,0.21041344999142209,0.21371590324240863,170,-0.7755833864212036,363700,1,0,hebo,roc_auc,binary,LGBM,,False,cv,0.0,78,3,3,LGBM_363700_20260405_160514,363700_rep1_fold0_hebo_roc_auc_cv,LGBM_363700_20260405_160514::363700_rep1_fold0_hebo_roc_auc_cv,0.23215706861801622,0.022959688592729486,0.024754459811585642
183,0.23166106105614614,0.2126865671641791,0.213480013724481,170,-0.7756550908088684,363700,1,0,hebo,roc_auc,binary,LGBM,,False,cv,0.0,78,3,3,LGBM_363700_20260405_160514,363700_rep1_fold0_hebo_roc_auc_cv,LGBM_363700_20260405_160514::363700_rep1_fold0_hebo_roc_auc_cv,0.24127990235957103,0.02995315695718191,0.02420324714371626
184,0.23061952225468296,0.21455223880596996,0.21415551552581924,170,-0.7755933403968811,363700,1,0,hebo,roc_auc,binary,LGBM,,False,cv,0.0,78,3,3,LGBM_363700_20260405_160514,363700_rep1_fold0_hebo_roc_auc_cv,LGBM_363700_20260405_160514::363700_rep1_fold0_hebo_roc_auc_cv,0.2384640695368322,0.035693079105363686,0.025781719783524077
185,0.23395895220091822,0.21843369360096065,0.2183157488419969,170,-0.7757150530815125,363700,1,0,hebo,roc_auc,binary,LGBM,,False,cv,0.0,78,3,3,LGBM_363700_20260405_160514,363700_rep1_fold0_hebo_roc_auc_cv,LGBM_363700_20260405_160514::363700_rep1_fold0_hebo_roc_auc_cv,0.24749232315411102,0.0476347562182492,0.03550310683503722
186,0.2421887658655144,0.21564590838908904,0.2240092640247041,170,-0.7757262587547302,363700,1,0,hebo,roc_auc,binary,LGBM,,False,cv,0.0,78,3,3,LGBM_363700_20260405_160514,363700_rep1_fold0_hebo_roc_auc_cv,LGBM_363700_20260405_160514::363700_rep1_fold0_hebo_roc_auc_cv,0.2697418825648976,0.03905786105429873,0.04880737622770123
187,0.2348648515945302,0.21932364041859664,0.21844441585177565,153,-0.774299144744873,363700,1,0,hebo,roc_auc,binary,LGBM,,False,cv,0.0,78,3,3,LGBM_363700_20260405_160514,363700_rep1_fold0_hebo_roc_auc_cv,LGBM_363700_20260405_160514::363700_rep1_fold0_hebo_roc_auc_cv,0.24994145058272746,0.050372765059048925,0.03580376829023882
188,0.23768320526354547,0.21859452736318408,0.2169004117344313,153,-0.7743496894836426,363700,1,0,hebo,roc_auc,binary,LGBM,,False,cv,0.0,78,3,3,LGBM_363700_20260405_160514,363700_rep1_fold0_hebo_roc_auc_cv,LGBM_363700_20260405_160514::363700_rep1_fold0_hebo_roc_auc_cv,0.25756095813842383,0.04812957709309268,0.03219583082782143
189,0.22943375150369483,0.21513124034997422,0.21397323726196604,153,-0.7743074893951416,363700,1,0,hebo,roc_auc,binary,LGBM,,False,cv,0.0,78,3,3,LGBM_363700_20260405_160514,363700_rep1_fold0_hebo_roc_auc_cv,LGBM_363700_20260405_160514::363700_rep1_fold0_hebo_roc_auc_cv,0.23525830111400872,0.03747443425480001,0.025355782721988584
190,0.2677632386517075,0.21899125064333502,0.224009264024704,153,-0.7744321227073669,363700,1,0,hebo,roc_auc,binary,LGBM,,False,cv,0.0,78,3,3,LGBM_363700_20260405_160514,363700_rep1_fold0_hebo_roc_auc_cv,LGBM_363700_20260405_160514::363700_rep1_fold0_hebo_roc_auc_cv,0.3388832720113947,0.04935013525103943,0.04880737622770097
191,0.22938833378341883,0.21009178246697546,0.2104027277406073,153,-0.7744417786598206,363700,1,0,hebo,roc_auc,binary,LGBM,,False,cv,0.0,78,3,3,LGBM_363700_20260405_160514,363700_rep1_fold0_hebo_roc_auc_cv,LGBM_363700_20260405_160514::363700_rep1_fold0_hebo_roc_auc_cv,0.23513551288249254,0.021970046843043208,0.017012427340148517
192,0.22876230574718293,0.21060645050609006,0.21396251501115104,153,-0.774450421333313,363700,1,0,hebo,roc_auc,binary,LGBM,,False,cv,0.0,78,3,3,LGBM_363700_20260405_160514,363700_rep1_fold0_hebo_roc_auc_cv,LGBM_363700_20260405_160514::363700_rep1_fold0_hebo_roc_auc_cv,0.23344302644808282,0.02355347364254125,0.025330727600721546
193,0.23893833010090093,0.2181441928289587,0.21692185623606108,153,-0.774422287940979,363700,1,0,hebo,roc_auc,binary,LGBM,,False,cv,0.0,78,3,3,LGBM_363700_20260405_160514,363700_rep1_fold0_hebo_roc_auc_cv,LGBM_363700_20260405_160514::363700_rep1_fold0_hebo_roc_auc_cv,0.26095422750937314,0.04674407864353155,0.032245941070354986
194,0.22804114599955816,0.21282595642477264,0.21386601475381706,153,-0.774516761302948,363700,1,0,hebo,roc_auc,binary,LGBM,,False,cv,0.0,78,3,3,LGBM_363700_20260405_160514,363700_rep1_fold0_hebo_roc_auc_cv,LGBM_363700_20260405_160514::363700_rep1_fold0_hebo_roc_auc_cv,0.23149334844765967,0.030382001715379296,0.02510523150932054
195,0.23421856971006316,0.2168253559787271,0.21727569051295248,153,-0.7739219665527344,363700,1,0,hebo,roc_auc,binary,LGBM,,False,cv,0.0,78,3,3,LGBM_363700_20260405_160514,363700_rep1_fold0_hebo_roc_auc_cv,LGBM_363700_20260405_160514::363700_rep1_fold0_hebo_roc_auc_cv,0.24819420723426341,0.04268654746981645,0.03307276007215893
196,0.22478395895220094,0.21041344999142209,0.2075077200205867,170,-0.7742218971252441,363700,1,0,hebo,roc_auc,binary,LGBM,,False,cv,0.0,78,3,3,LGBM_363700_20260405_160514,363700_rep1_fold0_hebo_roc_auc_cv,LGBM_363700_20260405_160514::363700_rep1_fold0_hebo_roc_auc_cv,0.2226874410874503,0.022959688592729486,0.010247544598116007
197,0.2439115704711169,0.21277234517069832,0.21643935494939104,170,-0.7742300629615784,363700,1,0,hebo,roc_auc,binary,LGBM,,False,cv,0.0,78,3,3,LGBM_363700_20260405_160514,363700_rep1_fold0_hebo_roc_auc_cv,LGBM_363700_20260405_160514::363700_rep1_fold0_hebo_roc_auc_cv,0.27439953886037705,0.03021706142376526,0.031118460613349698
198,0.22464340952053607,0.21073511751586882,0.21043489449305186,170,-0.7743058204650879,363700,1,0,hebo,roc_auc,binary,LGBM,,False,cv,0.0,78,3,3,LGBM_363700_20260405_160514,363700_rep1_fold0_hebo_roc_auc_cv,LGBM_363700_20260405_160514::363700_rep1_fold0_hebo_roc_auc_cv,0.2223074612899207,0.023949330342416104,0.017087592703948593
199,0.23572349200893616,0.21753302453250978,0.2176831360439182,153,-0.7743257880210876,363700,1,0,hebo,roc_auc,binary,LGBM,,False,cv,0.0,78,3,3,LGBM_363700_20260405_160514,363700_rep1_fold0_hebo_roc_auc_cv,LGBM_363700_20260405_160514::363700_rep1_fold0_hebo_roc_auc_cv,0.2522628118785504,0.044863759319126596,0.034024854680296514
200,0.2342197972160165,0.21573168639560814,0.2183157488419969,153,-0.7741494178771973,363700,1,0,hebo,roc_auc,binary,LGBM,,False,cv,0.0,78,3,3,LGBM_363700_20260405_160514,363700_rep1_fold0_hebo_roc_auc_cv,LGBM_363700_20260405_160514::363700_rep1_fold0_hebo_roc_auc_cv,0.248197525835115,0.03932176552088174,0.03550310683503722
201,0.2359266442442246,0.2173614685194717,0.2179511923142905,153,-0.7741469144821167,363700,1,0,hebo,roc_auc,binary,LGBM,,False,cv,0.0,78,3,3,LGBM_363700_20260405_160514,363700_rep1_fold0_hebo_roc_auc_cv,LGBM_363700_20260405_160514::363700_rep1_fold0_hebo_roc_auc_cv,0.2528120403195209,0.04433595038596093,0.03465123271196623
202,0.2354988584194635,0.2220685366272087,0.22064247726882824,153,-0.7742398977279663,363700,1,0,hebo,roc_auc,binary,LGBM,,False,cv,0.0,78,3,3,LGBM_363700_20260405_160514,363700_rep1_fold0_hebo_roc_auc_cv,LGBM_363700_20260405_160514::363700_rep1_fold0_hebo_roc_auc_cv,0.25165550792267455,0.05881770798970789,0.04094006814992995
203,0.23642930793214345,0.21380168124892773,0.21825141533710757,153,-0.7739472389221191,363700,1,0,hebo,roc_auc,binary,LGBM,,False,cv,0.0,78,3,3,LGBM_363700_20260405_160514,363700_rep1_fold0_hebo_roc_auc_cv,LGBM_363700_20260405_160514::363700_rep1_fold0_hebo_roc_auc_cv,0.25417100736832643,0.03338391502276203,0.03535277610743655
204,0.2387634105025409,0.22074969977697723,0.2233873734774403,153,-0.7740834951400757,363700,1,0,hebo,roc_auc,binary,LGBM,,False,cv,0.0,78,3,3,LGBM_363700_20260405_160514,363700_rep1_fold0_hebo_roc_auc_cv,LGBM_363700_20260405_160514::363700_rep1_fold0_hebo_roc_auc_cv,0.26048132688799397,0.05476017681599313,0.047354179194227304
205,0.23479856627304652,0.21775819179962252,0.21738291302110135,170,-0.7736649513244629,363700,1,0,hebo,roc_auc,binary,LGBM,,False,cv,0.0,78,3,3,LGBM_363700_20260405_160514,363700_rep1_fold0_hebo_roc_auc_cv,LGBM_363700_20260405_160514::363700_rep1_fold0_hebo_roc_auc_cv,0.2497622461367315,0.04555650854390734,0.03332331128482672
206,0.22771524316892955,0.21309401269514494,0.21424129353233823,170,-0.7736926674842834,363700,1,0,hebo,roc_auc,binary,LGBM,,False,cv,0.0,78,3,3,LGBM_363700_20260405_160514,363700_rep1_fold0_hebo_roc_auc_cv,LGBM_363700_20260405_160514::363700_rep1_fold0_hebo_roc_auc_cv,0.2306122599215113,0.031206703173451533,0.025982160753658046
207,0.23506063879409822,0.21790830331103117,0.21817635958140336,153,-0.7734476327896118,363700,1,0,hebo,roc_auc,binary,LGBM,,False,cv,0.0,78,3,3,LGBM_363700_20260405_160514,363700_rep1_fold0_hebo_roc_auc_cv,LGBM_363700_20260405_160514::363700_rep1_fold0_hebo_roc_auc_cv,0.25047076741858737,0.04601834136042828,0.0351773902585691
208,0.23495016325829188,0.21766169154228865,0.21709341224909928,170,-0.77291339635849,363700,1,0,hebo,roc_auc,binary,LGBM,,False,cv,0.0,78,3,3,LGBM_363700_20260405_160514,363700_rep1_fold0_hebo_roc_auc_cv,LGBM_363700_20260405_160514::363700_rep1_fold0_hebo_roc_auc_cv,0.2501720933419268,0.045259616019001796,0.03264682301062344
209,0.24036591952470976,0.21467018356493384,0.21750085778006523,170,-0.773094117641449,363700,1,0,hebo,roc_auc,binary,LGBM,,False,cv,0.0,78,3,3,LGBM_363700_20260405_160514,363700_rep1_fold0_hebo_roc_auc_cv,LGBM_363700_20260405_160514::363700_rep1_fold0_hebo_roc_auc_cv,0.2648137602999984,0.03605594774691566,0.03359891761876154
210,0.22446664866324595,0.21069222851260927,0.2077757762909589,210,-0.7748873233795166,363700,1,0,hebo,roc_auc,binary,LGBM,,False,cv,0.0,78,3,3,LGBM_363700_20260405_160514,363700_rep1_fold0_hebo_roc_auc_cv,LGBM_363700_20260405_160514::363700_rep1_fold0_hebo_roc_auc_cv,0.22182958276726386,0.0238173781091246,0.010873922629785468
211,0.23491886185648014,0.21751158003088011,0.2162034654314634,210,-0.7748383283615112,363700,1,0,hebo,roc_auc,binary,LGBM,,False,cv,0.0,78,3,3,LGBM_363700_20260405_160514,363700_rep1_fold0_hebo_roc_auc_cv,LGBM_363700_20260405_160514::363700_rep1_fold0_hebo_roc_auc_cv,0.25008746902020645,0.04479778320248119,0.03056724794548031
212,0.22466059460388377,0.20978083719334362,0.20765783153199524,210,-0.7750930786132812,363700,1,0,hebo,roc_auc,binary,LGBM,,False,cv,0.0,78,3,3,LGBM_363700_20260405_160514,363700_rep1_fold0_hebo_roc_auc_cv,LGBM_363700_20260405_160514::363700_rep1_fold0_hebo_roc_auc_cv,0.22235392170184579,0.021013393151679466,0.010598316295851165
213,0.22357241057619126,0.21027406073082844,0.20686438497169313,210,-0.7750387191772461,363700,1,0,hebo,roc_auc,binary,LGBM,,False,cv,0.0,78,3,3,LGBM_363700_20260405_160514,363700_rep1_fold0_hebo_roc_auc_cv,LGBM_363700_20260405_160514::363700_rep1_fold0_hebo_roc_auc_cv,0.2194119820467392,0.022530843834531758,0.008744237322108524
214,0.2432057545479096,0.22083547778349644,0.2210392005489792,165,-0.7767484784126282,363700,1,0,hebo,roc_auc,binary,LGBM,,False,cv,0.0,78,3,3,LGBM_363700_20260405_160514,363700_rep1_fold0_hebo_roc_auc_cv,LGBM_363700_20260405_160514::363700_rep1_fold0_hebo_roc_auc_cv,0.272491343370601,0.05502408128257648,0.041867107636801015
215,0.22545479095573617,0.20784010979584844,0.20651055069480184,165,-0.7768294811248779,363700,1,0,hebo,roc_auc,binary,LGBM,,False,cv,0.0,78,3,3,LGBM_363700_20260405_160514,363700_rep1_fold0_hebo_roc_auc_cv,LGBM_363700_20260405_160514::363700_rep1_fold0_hebo_roc_auc_cv,0.2245010564529504,0.015042554595237219,0.007917418320304835
216,0.22505401026194982,0.20866572310859488,0.2074326642648825,165,-0.776752769947052,363700,1,0,hebo,roc_auc,binary,LGBM,,False,cv,0.0,78,3,3,LGBM_363700_20260405_160514,363700_rep1_fold0_hebo_roc_auc_cv,LGBM_363700_20260405_160514::363700_rep1_fold0_hebo_roc_auc_cv,0.2234175332748429,0.017582635086099006,0.010072158749248558
217,0.22760476763312298,0.2109495625321668,0.21405901526848514,165,-0.7767516374588013,363700,1,0,hebo,roc_auc,binary,LGBM,,False,cv,0.0,78,3,3,LGBM_363700_20260405_160514,363700_rep1_fold0_hebo_roc_auc_cv,LGBM_363700_20260405_160514::363700_rep1_fold0_hebo_roc_auc_cv,0.23031358584485015,0.024609091508874303,0.025556223692122813
218,0.22550204993494227,0.20925544690341402,0.20834405558414826,142,-0.7767615914344788,363700,1,0,hebo,roc_auc,binary,LGBM,,False,cv,0.0,78,3,3,LGBM_363700_20260405_160514,363700_rep1_fold0_hebo_roc_auc_cv,LGBM_363700_20260405_160514::363700_rep1_fold0_hebo_roc_auc_cv,0.22462882258574424,0.019396978293858204,0.012201844056925502
219,0.230186826406108,0.2111211185452051,0.2079366100531823,165,-0.776762843132019,363700,1,0,hebo,roc_auc,binary,LGBM,,False,cv,0.0,78,3,3,LGBM_363700_20260405_160514,363700_rep1_fold0_hebo_roc_auc_cv,LGBM_363700_20260405_160514::363700_rep1_fold0_hebo_roc_auc_cv,0.23729426273657797,0.02513690044204066,0.011249749448787403
220,0.22545172219085252,0.2060173271573169,0.20841911133985236,165,-0.7768177390098572,363700,1,0,hebo,roc_auc,binary,LGBM,,False,cv,0.0,78,3,3,LGBM_363700_20260405_160514,363700_rep1_fold0_hebo_roc_auc_cv,LGBM_363700_20260405_160514::363700_rep1_fold0_hebo_roc_auc_cv,0.22449275995082055,0.009434584680346267,0.01237722990579269
221,0.22736540397220928,0.21035983873734776,0.20897666838222673,142,-0.7768097519874573,363700,1,0,hebo,roc_auc,binary,LGBM,,False,cv,0.0,78,3,3,LGBM_363700_20260405_160514,363700_rep1_fold0_hebo_roc_auc_cv,LGBM_363700_20260405_160514::363700_rep1_fold0_hebo_roc_auc_cv,0.22966645867875238,0.02279474830111545,0.013680096211665688
222,0.24207522156482464,0.21320123520329393,0.20968433693600974,142,-0.7768227458000183,363700,1,0,hebo,roc_auc,binary,LGBM,,False,cv,0.0,78,3,3,LGBM_363700_20260405_160514,363700_rep1_fold0_hebo_roc_auc_cv,LGBM_363700_20260405_160514::363700_rep1_fold0_hebo_roc_auc_cv,0.2694349119861078,0.031536583756680635,0.015333734215274102
223,0.2408047529030516,0.20433393377937892,0.2082904443300737,165,-0.776769757270813,363700,1,0,hebo,roc_auc,binary,LGBM,,False,cv,0.0,78,3,3,LGBM_363700_20260405_160514,363700_rep1_fold0_hebo_roc_auc_cv,LGBM_363700_20260405_160514::363700_rep1_fold0_hebo_roc_auc_cv,0.2660001601045111,0.0042554595236527,0.01207656845059135
224,0.22815837281810813,0.2131369016984046,0.21385529250300217,142,-0.7767898440361023,363700,1,0,hebo,roc_auc,binary,LGBM,,False,cv,0.0,78,3,3,LGBM_363700_20260405_160514,363700_rep1_fold0_hebo_roc_auc_cv,LGBM_363700_20260405_160514::363700_rep1_fold0_hebo_roc_auc_cv,0.2318102748290048,0.03133865540674338,0.025080176388053762
225,0.22857695234821895,0.21245067764625147,0.20832261108251848,165,-0.776799201965332,363700,1,0,hebo,roc_auc,binary,LGBM,,False,cv,0.0,78,3,3,LGBM_363700_20260405_160514,363700_rep1_fold0_hebo_roc_auc_cv,LGBM_363700_20260405_160514::363700_rep1_fold0_hebo_roc_auc_cv,0.23294191771946346,0.029227419674078298,0.012151733814391946
226,0.22783185623450275,0.21029550523245844,0.21043489449305197,142,-0.7767335176467896,363700,1,0,hebo,roc_auc,binary,LGBM,,False,cv,0.0,78,3,3,LGBM_363700_20260405_160514,363700_rep1_fold0_hebo_roc_auc_cv,LGBM_363700_20260405_160514::363700_rep1_fold0_hebo_roc_auc_cv,0.23092752700243033,0.022596819951178192,0.017087592703948853
227,0.23745611666216582,0.219977697718305,0.21693257848687597,165,-0.776777446269989,363700,1,0,hebo,roc_auc,binary,LGBM,,False,cv,0.0,78,3,3,LGBM_363700_20260405_160514,363700_rep1_fold0_hebo_roc_auc_cv,LGBM_363700_20260405_160514::363700_rep1_fold0_hebo_roc_auc_cv,0.25694701698084393,0.05238503661674504,0.03227099619162176
228,0.2307852355583926,0.21213973237261963,0.2068965517241379,165,-0.776792049407959,363700,1,0,hebo,roc_auc,binary,LGBM,,False,cv,0.0,78,3,3,LGBM_363700_20260405_160514,363700_rep1_fold0_hebo_roc_auc_cv,LGBM_363700_20260405_160514::363700_rep1_fold0_hebo_roc_auc_cv,0.23891208065182332,0.028270765982714555,0.008819402685909118
229,0.22416897846954564,0.2081188883170355,0.20676788471435925,142,-0.7767582535743713,363700,1,0,hebo,roc_auc,binary,LGBM,,False,cv,0.0,78,3,3,LGBM_363700_20260405_160514,363700_rep1_fold0_hebo_roc_auc_cv,LGBM_363700_20260405_160514::363700_rep1_fold0_hebo_roc_auc_cv,0.2210248220607066,0.015900244111631993,0.008518741230707777
230,0.23498637468391725,0.22080331103105155,0.2185730828615542,142,-0.7766855955123901,363700,1,0,hebo,roc_auc,binary,LGBM,,False,cv,0.0,78,3,3,LGBM_363700_20260405_160514,363700_rep1_fold0_hebo_roc_auc_cv,LGBM_363700_20260405_160514::363700_rep1_fold0_hebo_roc_auc_cv,0.2502699920670543,0.05492511710760717,0.0361044297454399
231,0.22384675815677701,0.20895522388059706,0.20649982844398695,165,-0.7767494320869446,363700,1,0,hebo,roc_auc,binary,LGBM,,False,cv,0.0,78,3,3,LGBM_363700_20260405_160514,363700_rep1_fold0_hebo_roc_auc_cv,LGBM_363700_20260405_160514::363700_rep1_fold0_hebo_roc_auc_cv,0.22015368933711293,0.018473312660817337,0.007892363199038056
232,0.2271217440404586,0.2098987819523075,0.20720749699776986,165,-0.776573657989502,363700,1,0,hebo,roc_auc,binary,LGBM,,False,cv,0.0,78,3,3,LGBM_363700_20260405_160514,363700_rep1_fold0_hebo_roc_auc_cv,LGBM_363700_20260405_160514::363700_rep1_fold0_hebo_roc_auc_cv,0.22900771640967316,0.021376261793231443,0.00954600120264621
233,0.22778521100827342,0.20556699262309142,0.2031223194372962,142,-0.776569664478302,363700,1,0,hebo,roc_auc,binary,LGBM,,False,cv,0.0,78,3,3,LGBM_363700_20260405_160514,363700_rep1_fold0_hebo_roc_auc_cv,LGBM_363700_20260405_160514::363700_rep1_fold0_hebo_roc_auc_cv,0.2308014201700626,0.008049086230784794,0.0
234,0.2226284584980236,0.21033839423571787,0.20755060902384626,142,-0.7769855856895447,363700,1,0,hebo,roc_auc,binary,LGBM,,False,cv,0.0,78,3,3,LGBM_363700_20260405_160514,363700_rep1_fold0_hebo_roc_auc_cv,LGBM_363700_20260405_160514::363700_rep1_fold0_hebo_roc_auc_cv,0.21685997799171697,0.022728772184469354,0.01034776508318312
235,0.22282117693270798,0.20528821410190434,0.2054061588608681,142,-0.7770727276802063,363700,1,0,hebo,roc_auc,binary,LGBM,,False,cv,0.0,78,3,3,LGBM_363700_20260405_160514,363700_rep1_fold0_hebo_roc_auc_cv,LGBM_363700_20260405_160514::363700_rep1_fold0_hebo_roc_auc_cv,0.217380998325447,0.007191396714390021,0.005336740829825879
236,0.2218968649497951,0.21031694973408832,0.2066392177045806,235,-0.7772641777992249,363700,1,0,hebo,roc_auc,binary,LGBM,,False,cv,0.0,78,3,3,LGBM_363700_20260405_160514,363700_rep1_fold0_hebo_roc_auc_cv,LGBM_363700_20260405_160514::363700_rep1_fold0_hebo_roc_auc_cv,0.2148820918840542,0.022662796067824283,0.008218079775506437
237,0.2250184125893011,0.2082046663235546,0.20704666323554632,235,-0.7771525979042053,363700,1,0,hebo,roc_auc,binary,LGBM,,False,cv,0.0,78,3,3,LGBM_363700_20260405_160514,363700_rep1_fold0_hebo_roc_auc_cv,LGBM_363700_20260405_160514::363700_rep1_fold0_hebo_roc_auc_cv,0.22332129385014116,0.016164148578215,0.009170174383644016
238,0.22471399111285684,0.2101561159718648,0.2095342254246011,235,-0.7772184610366821,363700,1,0,hebo,roc_auc,binary,LGBM,,False,cv,0.0,78,3,3,LGBM_363700_20260405_160514,363700_rep1_fold0_hebo_roc_auc_cv,LGBM_363700_20260405_160514::363700_rep1_fold0_hebo_roc_auc_cv,0.2224982808388984,0.022167975192980464,0.014982962517538686
239,0.22969152775390955,0.21132484131068785,0.21320123520329382,235,-0.7771972417831421,363700,1,0,hebo,roc_auc,binary,LGBM,,False,cv,0.0,78,3,3,LGBM_363700_20260405_160514,363700_rep1_fold0_hebo_roc_auc_cv,LGBM_363700_20260405_160514::363700_rep1_fold0_hebo_roc_auc_cv,0.23595520729288313,0.025763673550174962,0.023551813990779758
240,0.24013146588760947,0.22003130897237932,0.22124292331446216,235,-0.7772327661514282,363700,1,0,hebo,roc_auc,binary,LGBM,,False,cv,0.0,78,3,3,LGBM_363700_20260405_160514,363700_rep1_fold0_hebo_roc_auc_cv,LGBM_363700_20260405_160514::363700_rep1_fold0_hebo_roc_auc_cv,0.26417990753730725,0.052549976908359074,0.04234315494087006
241,0.22785272383571065,0.20990950420312227,0.20712171899125065,142,-0.7768774032592773,363700,1,0,hebo,roc_auc,binary,LGBM,,False,cv,0.0,78,3,3,LGBM_363700_20260405_160514,363700_rep1_fold0_hebo_roc_auc_cv,LGBM_363700_20260405_160514::363700_rep1_fold0_hebo_roc_auc_cv,0.23098394321691076,0.021409249851553975,0.009345560232511724
242,0.2216611838067415,0.20646766169154218,0.20521315834620013,242,-0.7774436473846436,363700,1,0,hebo,roc_auc,binary,LGBM,,False,cv,0.0,78,3,3,LGBM_363700_20260405_160514,363700_rep1_fold0_hebo_roc_auc_cv,LGBM_363700_20260405_160514::363700_rep1_fold0_hebo_roc_auc_cv,0.21424492052051144,0.010820083129907053,0.004885748647023868
243,0.22825595954140376,0.20889089037570763,0.20740049751243783,142,-0.7770893573760986,363700,1,0,hebo,roc_auc,binary,LGBM,,False,cv,0.0,78,3,3,LGBM_363700_20260405_160514,363700_rep1_fold0_hebo_roc_auc_cv,LGBM_363700_20260405_160514::363700_rep1_fold0_hebo_roc_auc_cv,0.2320741035967217,0.01827538431087974,0.009996993385448223
244,0.25800456632214663,0.21974180820037748,0.22765482930176706,142,-0.7767870426177979,363700,1,0,hebo,roc_auc,binary,LGBM,,False,cv,0.0,78,3,3,LGBM_363700_20260405_160514,363700_rep1_fold0_hebo_roc_auc_cv,LGBM_363700_20260405_160514::363700_rep1_fold0_hebo_roc_auc_cv,0.3125003952397105,0.051659299333641766,0.057326117458408744
245,0.22754339233545284,0.21090667352890713,0.20603877165894657,142,-0.7769762873649597,363700,1,0,hebo,roc_auc,binary,LGBM,,False,cv,0.0,78,3,3,LGBM_363700_20260405_160514,363700_rep1_fold0_hebo_roc_auc_cv,LGBM_363700_20260405_160514::363700_rep1_fold0_hebo_roc_auc_cv,0.23014765580226107,0.024477139275582458,0.006814992984566066
246,0.23220423244052735,0.20870861211185443,0.2114749528220965,235,-0.7768334746360779,363700,1,0,hebo,roc_auc,binary,LGBM,,False,cv,0.0,78,3,3,LGBM_363700_20260405_160514,363700_rep1_fold0_hebo_roc_auc_cv,LGBM_363700_20260405_160514::363700_rep1_fold0_hebo_roc_auc_cv,0.24274838323648548,0.017714587319390507,0.019517939466827394
247,0.22978727321827497,0.21276162291988332,0.2100488934637159,142,-0.7771262526512146,363700,1,0,hebo,roc_auc,binary,LGBM,,False,cv,0.0,78,3,3,LGBM_363700_20260405_160514,363700_rep1_fold0_hebo_roc_auc_cv,LGBM_363700_20260405_160514::363700_rep1_fold0_hebo_roc_auc_cv,0.2362140581593221,0.03018407336544204,0.01618560833834457
248,0.24010384700365806,0.21528135186138264,0.21960241893978383,142,-0.7771437764167786,363700,1,0,hebo,roc_auc,binary,LGBM,,False,cv,0.0,78,3,3,LGBM_363700_20260405_160514,363700_rep1_fold0_hebo_roc_auc_cv,LGBM_363700_20260405_160514::363700_rep1_fold0_hebo_roc_auc_cv,0.2641052390181426,0.03793626707132027,0.038509721387051665
249,0.24412699776593916,0.20912677989363526,0.21335134671470235,142,-0.7771214842796326,363700,1,0,hebo,roc_auc,binary,LGBM,,False,cv,0.0,78,3,3,LGBM_363700_20260405_160514,363700_rep1_fold0_hebo_roc_auc_cv,LGBM_363700_20260405_160514::363700_rep1_fold0_hebo_roc_auc_cv,0.27498195330986486,0.01900112159398335,0.023902585688514916
0,0.21643681396003378,0.23005888933448726,0.2333410726723938,0,-0.7835631860399662,363700,0,0,smac,roc_auc,binary,LGBM,,False,holdout,0.0,78,3,3,LGBM_363700_20260405_160514,363700_rep0_fold0_smac_roc_auc_holdout,LGBM_363700_20260405_160514::363700_rep0_fold0_smac_roc_auc_holdout,0.0879828326180258,0.021338757396450178,0.03167825223435926
1,0.34773430903461866,0.2744475167275259,0.2864153492200857,0,-0.7835631860399662,363700,0,0,smac,roc_auc,binary,LGBM,,False,holdout,0.0,78,3,3,LGBM_363700_20260405_160514,363700_rep0_fold0_smac_roc_auc_holdout,LGBM_363700_20260405_160514::363700_rep0_fold0_smac_roc_auc_holdout,0.48841201716738214,0.17688609467455593,0.1981463091691491
2,0.23388685617787786,0.2728750237456994,0.266521729953353,0,-0.7835631860399662,363700,0,0,smac,roc_auc,binary,LGBM,,False,holdout,0.0,78,3,3,LGBM_363700_20260405_160514,363700_rep0_fold0_smac_roc_auc_holdout,LGBM_363700_20260405_160514::363700_rep0_fold0_smac_roc_auc_holdout,0.14120171673819748,0.1713757396449706,0.1357497517378352
3,0.2654095130875316,0.3004939105473119,0.3002300694429786,0,-0.7835631860399662,363700,0,0,smac,roc_auc,binary,LGBM,,False,holdout,0.0,78,3,3,LGBM_363700_20260405_160514,363700_rep0_fold0_smac_roc_auc_holdout,LGBM_363700_20260405_160514::363700_rep0_fold0_smac_roc_auc_holdout,0.2373390557939912,0.2681582840236685,0.2414763323402842
4,0.20630453138193072,0.2435570002321802,0.2406336407961669,4,-0.7936954686180693,363700,0,0,smac,roc_auc,binary,LGBM,,False,holdout,0.0,78,3,3,LGBM_363700_20260405_160514,363700_rep0_fold0_smac_roc_auc_holdout,LGBM_363700_20260405_160514::363700_rep0_fold0_smac_roc_auc_holdout,0.05708154506437758,0.06863905325443816,0.05455147302217775
5,0.24078243737686478,0.27815184583236596,0.273624332482006,4,-0.7936954686180693,363700,0,0,smac,roc_auc,binary,LGBM,,False,holdout,0.0,78,3,3,LGBM_363700_20260405_160514,363700_rep0_fold0_smac_roc_auc_holdout,LGBM_363700_20260405_160514::363700_rep0_fold0_smac_roc_auc_holdout,0.16223175965665287,0.1898668639053258,0.15802714333002285
6,0.5,0.5,0.5,4,-0.7936954686180693,363700,0,0,smac,roc_auc,binary,LGBM,,False,holdout,0.0,78,3,3,LGBM_363700_20260405_160514,363700_rep0_fold0_smac_roc_auc_holdout,LGBM_363700_20260405_160514::363700_rep0_fold0_smac_roc_auc_holdout,0.9527896995708156,0.9672707100591715,0.8680569347898045
7,0.29031804109203485,0.28851552441057904,0.29345462988369875,4,-0.7936954686180693,363700,0,0,smac,roc_auc,binary,LGBM,,False,holdout,0.0,78,3,3,LGBM_363700_20260405_160514,363700_rep0_fold0_smac_roc_auc_holdout,LGBM_363700_20260405_160514::363700_rep0_fold0_smac_roc_auc_holdout,0.3133047210300428,0.22618343195266313,0.2202250910294599
8,0.252884886011821,0.283639740802499,0.27262173628553943,4,-0.7936954686180693,363700,0,0,smac,roc_auc,binary,LGBM,,False,holdout,0.0,78,3,3,LGBM_363700_20260405_160514,363700_rep0_fold0_smac_roc_auc_holdout,LGBM_363700_20260405_160514::363700_rep0_fold0_smac_roc_auc_holdout,0.19914163090128767,0.20909763313609445,0.1548824892419727
9,0.2276949057134816,0.2745213922367393,0.27310720391751275,4,-0.7936954686180693,363700,0,0,smac,roc_auc,binary,LGBM,,False,holdout,0.0,78,3,3,LGBM_363700_20260405_160514,363700_rep0_fold0_smac_roc_auc_holdout,LGBM_363700_20260405_160514::363700_rep0_fold0_smac_roc_auc_holdout,0.12231759656652377,0.1771449704142013,0.15640516385302866
10,0.5077399380804954,0.5031133250311333,0.49962006880976007,4,-0.7936954686180693,363700,0,0,smac,roc_auc,binary,LGBM,,False,holdout,0.0,78,3,3,LGBM_363700_20260405_160514,363700_rep0_fold0_smac_roc_auc_holdout,LGBM_363700_20260405_160514::363700_rep0_fold0_smac_roc_auc_holdout,0.9763948497854081,0.978180473372781,0.8668652763985435
11,0.2509147199549677,0.23804799797370046,0.25304472634400654,4,-0.7936954686180693,363700,0,0,smac,roc_auc,binary,LGBM,,False,holdout,0.0,78,3,3,LGBM_363700_20260405_160514,363700_rep0_fold0_smac_roc_auc_holdout,LGBM_363700_20260405_160514::363700_rep0_fold0_smac_roc_auc_holdout,0.19313304721030075,0.04933431952662798,0.09347898047004263
12,0.3162820151984238,0.3077442640943918,0.32172784262405807,4,-0.7936954686180693,363700,0,0,smac,roc_auc,binary,LGBM,,False,holdout,0.0,78,3,3,LGBM_363700_20260405_160514,363700_rep0_fold0_smac_roc_auc_holdout,LGBM_363700_20260405_160514::363700_rep0_fold0_smac_roc_auc_holdout,0.39248927038626596,0.2935650887573967,0.308904336312479
13,0.20475654376583174,0.23125145112607381,0.2395888300230069,13,-0.7952434562341683,363700,0,0,smac,roc_auc,binary,LGBM,,False,holdout,0.0,78,3,3,LGBM_363700_20260405_160514,363700_rep0_fold0_smac_roc_auc_holdout,LGBM_363700_20260405_160514::363700_rep0_fold0_smac_roc_auc_holdout,0.05236051502145941,0.02551775147929013,0.05127441244620948
14,0.3011539544047285,0.29384511471811214,0.2838613673301391,13,-0.7952434562341683,363700,0,0,smac,roc_auc,binary,LGBM,,False,holdout,0.0,78,3,3,LGBM_363700_20260405_160514,363700_rep0_fold0_smac_roc_auc_holdout,LGBM_363700_20260405_160514::363700_rep0_fold0_smac_roc_auc_holdout,0.3463519313304724,0.2448594674556214,0.19013571665011567
15,0.2262876442443007,0.2621103066888997,0.2546910948350466,13,-0.7952434562341683,363700,0,0,smac,roc_auc,binary,LGBM,,False,holdout,0.0,78,3,3,LGBM_363700_20260405_160514,363700_rep0_fold0_smac_roc_auc_holdout,LGBM_363700_20260405_160514::363700_rep0_fold0_smac_roc_auc_holdout,0.11802575107296173,0.13365384615384635,0.09864283349884134
16,0.2852518998029834,0.3281550119256178,0.30364945015513856,13,-0.7952434562341683,363700,0,0,smac,roc_auc,binary,LGBM,,False,holdout,0.0,78,3,3,LGBM_363700_20260405_160514,363700_rep0_fold0_smac_roc_auc_holdout,LGBM_363700_20260405_160514::363700_rep0_fold0_smac_roc_auc_holdout,0.2978540772532189,0.3650887573964494,0.25220125786163494
17,0.2134112018012947,0.2412668594465669,0.23887118221922043,13,-0.7952434562341683,363700,0,0,smac,roc_auc,binary,LGBM,,False,holdout,0.0,78,3,3,LGBM_363700_20260405_160514,363700_rep0_fold0_smac_roc_auc_holdout,LGBM_363700_20260405_160514::363700_rep0_fold0_smac_roc_auc_holdout,0.07875536480686701,0.060613905325444015,0.0490235021516056
18,0.2703349282296651,0.29341241530700557,0.29611414821537874,13,-0.7952434562341683,363700,0,0,smac,roc_auc,binary,LGBM,,False,holdout,0.0,78,3,3,LGBM_363700_20260405_160514,363700_rep0_fold0_smac_roc_auc_holdout,LGBM_363700_20260405_160514::363700_rep0_fold0_smac_roc_auc_holdout,0.25236051502145934,0.24334319526627257,0.22856669976828828
19,0.19926822403602584,0.24127741309074024,0.24453848914030007,19,-0.8007317759639742,363700,0,0,smac,roc_auc,binary,LGBM,,False,holdout,0.0,78,3,3,LGBM_363700_20260405_160514,363700_rep0_fold0_smac_roc_auc_holdout,LGBM_363700_20260405_160514::363700_rep0_fold0_smac_roc_auc_holdout,0.03562231759656639,0.06065088757396478,0.0667990731545841
20,0.28328173374612997,0.28532832387023244,0.2831859341030458,19,-0.8007317759639742,363700,0,0,smac,roc_auc,binary,LGBM,,False,holdout,0.0,78,3,3,LGBM_363700_20260405_160514,363700_rep0_fold0_smac_roc_auc_holdout,LGBM_363700_20260405_160514::363700_rep0_fold0_smac_roc_auc_holdout,0.2918454935622316,0.2150147928994086,0.1880172128434292
21,0.2376160990712074,0.24749350950883353,0.25173607446651336,19,-0.8007317759639742,363700,0,0,smac,roc_auc,binary,LGBM,,False,holdout,0.0,78,3,3,LGBM_363700_20260405_160514,363700_rep0_fold0_smac_roc_auc_holdout,LGBM_363700_20260405_160514::363700_rep0_fold0_smac_roc_auc_holdout,0.15257510729613727,0.08243343195266341,0.08937437934458785
22,0.27793414016324236,0.3052536040694852,0.286172615404099,19,-0.8007317759639742,363700,0,0,smac,roc_auc,binary,LGBM,,False,holdout,0.0,78,3,3,LGBM_363700_20260405_160514,363700_rep0_fold0_smac_roc_auc_holdout,LGBM_363700_20260405_160514::363700_rep0_fold0_smac_roc_auc_holdout,0.2755364806866954,0.28483727810650905,0.19738497186362094
23,0.22445820433436536,0.2563691242586066,0.25271756337463325,19,-0.8007317759639742,363700,0,0,smac,roc_auc,binary,LGBM,,False,holdout,0.0,78,3,3,LGBM_363700_20260405_160514,363700_rep0_fold0_smac_roc_auc_holdout,LGBM_363700_20260405_160514::363700_rep0_fold0_smac_roc_auc_holdout,0.11244635193133061,0.1135355029585804,0.09245283018867895
24,0.24978891077962284,0.2724001097578994,0.27749751989361915,19,-0.8007317759639742,363700,0,0,smac,roc_auc,binary,LGBM,,False,holdout,0.0,78,3,3,LGBM_363700_20260405_160514,363700_rep0_fold0_smac_roc_auc_holdout,LGBM_363700_20260405_160514::363700_rep0_fold0_smac_roc_auc_holdout,0.18969957081545064,0.1697115384615387,0.1701754385964906
25,0.27948212777934145,0.3027629440445786,0.2835342043607658,19,-0.8007317759629636,363700,0,0,smac,roc_auc,binary,LGBM,,False,holdout,0.0,78,3,3,LGBM_363700_20260405_160514,363700_rep0_fold0_smac_roc_auc_holdout,LGBM_363700_20260405_160514::363700_rep0_fold0_smac_roc_auc_holdout,0.2802575107296139,0.2761094674556215,0.18910956636875195
26,0.20714888826343936,0.23211684994828707,0.24195284631783354,19,-0.8007317759629609,363700,0,0,smac,roc_auc,binary,LGBM,,False,holdout,0.0,78,3,3,LGBM_363700_20260405_160514,363700_rep0_fold0_smac_roc_auc_holdout,LGBM_363700_20260405_160514::363700_rep0_fold0_smac_roc_auc_holdout,0.059656652360515074,0.028550295857988177,0.05868917576961241
27,0.21967351533915003,0.2308081980707939,0.23890284315174026,19,-0.8007317759629741,363700,0,0,smac,roc_auc,binary,LGBM,,False,holdout,0.0,78,3,3,LGBM_363700_20260405_160514,363700_rep0_fold0_smac_roc_auc_holdout,LGBM_363700_20260405_160514::363700_rep0_fold0_smac_roc_auc_holdout,0.09785407725321894,0.023964497041420535,0.04912280701754349
28,0.22502110892203764,0.23183190155560707,0.2308293053591406,19,-0.8007317759627774,363700,0,0,smac,roc_auc,binary,LGBM,,False,holdout,0.0,78,3,3,LGBM_363700_20260405_160514,363700_rep0_fold0_smac_roc_auc_holdout,LGBM_363700_20260405_160514::363700_rep0_fold0_smac_roc_auc_holdout,0.11416309012875515,0.027551775147928954,0.023800066203243944
29,0.21010413734871947,0.22603795090444734,0.236137788378327,19,-0.8007317759627763,363700,0,0,smac,roc_auc,binary,LGBM,,False,holdout,0.0,78,3,3,LGBM_363700_20260405_160514,363700_rep0_fold0_smac_roc_auc_holdout,LGBM_363700_20260405_160514::363700_rep0_fold0_smac_roc_auc_holdout,0.06866952789699596,0.007248520710059547,0.040450182058920495
30,0.24430059104981694,0.24811617451506007,0.26649006902083294,19,-0.8007317759622684,363700,0,0,smac,roc_auc,binary,LGBM,,False,holdout,0.0,78,3,3,LGBM_363700_20260405_160514,363700_rep0_fold0_smac_roc_auc_holdout,LGBM_363700_20260405_160514::363700_rep0_fold0_smac_roc_auc_holdout,0.17296137339055762,0.08461538461538493,0.13565044687189662
31,0.24092316352378274,0.2877873229626189,0.2818034067163391,19,-0.8007317759615931,363700,0,0,smac,roc_auc,binary,LGBM,,False,holdout,0.0,78,3,3,LGBM_363700_20260405_160514,363700_rep0_fold0_smac_roc_auc_holdout,LGBM_363700_20260405_160514::363700_rep0_fold0_smac_roc_auc_holdout,0.16266094420600866,0.22363165680473354,0.18368090036411736
32,0.21432592175626242,0.23588450091816704,0.2365704877894338,19,-0.8007317759615019,363700,0,0,smac,roc_auc,binary,LGBM,,False,holdout,0.0,78,3,3,LGBM_363700_20260405_160514,363700_rep0_fold0_smac_roc_auc_holdout,LGBM_363700_20260405_160514::363700_rep0_fold0_smac_roc_auc_holdout,0.08154506437768273,0.04175295857988189,0.0418073485600795
33,0.27117928511117373,0.2911328281655656,0.3188678050530849,19,-0.8007317759615272,363700,0,0,smac,roc_auc,binary,LGBM,,False,holdout,0.0,78,3,3,LGBM_363700_20260405_160514,363700_rep0_fold0_smac_roc_auc_holdout,LGBM_363700_20260405_160514::363700_rep0_fold0_smac_roc_auc_holdout,0.2549356223175968,0.23535502958579918,0.2999337967560409
34,0.23740500985083035,0.23994765392490025,0.2549338286510331,19,-0.8007317759615615,363700,0,0,smac,roc_auc,binary,LGBM,,False,holdout,0.0,78,3,3,LGBM_363700_20260405_160514,363700_rep0_fold0_smac_roc_auc_holdout,LGBM_363700_20260405_160514::363700_rep0_fold0_smac_roc_auc_holdout,0.15193133047210325,0.05599112426035521,0.09940417080436881
35,0.22551365043625105,0.23169470418135374,0.22534141038900735,19,-0.8007317759615498,363700,0,0,smac,roc_auc,binary,LGBM,,False,holdout,0.0,78,3,3,LGBM_363700_20260405_160514,363700_rep0_fold0_smac_roc_auc_holdout,LGBM_363700_20260405_160514::363700_rep0_fold0_smac_roc_auc_holdout,0.11566523605150214,0.02707100591715973,0.006587222773915724
36,0.2108077680833098,0.2522320957426599,0.2583426557190198,19,-0.8007317759616407,363700,0,0,smac,roc_auc,binary,LGBM,,False,holdout,0.0,78,3,3,LGBM_363700_20260405_160514,363700_rep0_fold0_smac_roc_auc_holdout,LGBM_363700_20260405_160514::363700_rep0_fold0_smac_roc_auc_holdout,0.07081545064377663,0.0990384615384617,0.11009599470374036
37,0.2248100197016606,0.2356839816788736,0.23197965257403375,19,-0.8007317759616186,363700,0,0,smac,roc_auc,binary,LGBM,,False,holdout,0.0,78,3,3,LGBM_363700_20260405_160514,363700_rep0_fold0_smac_roc_auc_holdout,LGBM_363700_20260405_160514::363700_rep0_fold0_smac_roc_auc_holdout,0.11351931330472112,0.04105029585798805,0.02740814299900647
38,0.2292428933295806,0.26654283724169947,0.2555037254363931,19,-0.8007317759614251,363700,0,0,smac,roc_auc,binary,LGBM,,False,holdout,0.0,78,3,3,LGBM_363700_20260405_160514,363700_rep0_fold0_smac_roc_auc_holdout,LGBM_363700_20260405_160514::363700_rep0_fold0_smac_roc_auc_holdout,0.12703862660944193,0.1491863905325443,0.10119165839126065
39,0.24268224036025887,0.2508706756442999,0.23929332798615366,19,-0.8007317759610177,363700,0,0,smac,roc_auc,binary,LGBM,,False,holdout,0.0,78,3,3,LGBM_363700_20260405_160514,363700_rep0_fold0_smac_roc_auc_holdout,LGBM_363700_20260405_160514::363700_rep0_fold0_smac_roc_auc_holdout,0.16802575107296122,0.09426775147928983,0.05034756703078437
40,0.23536448072051774,0.2324017983409672,0.24125630580239354,19,-0.8007317759609907,363700,0,0,smac,roc_auc,binary,LGBM,,False,holdout,0.0,78,3,3,LGBM_363700_20260405_160514,363700_rep0_fold0_smac_roc_auc_holdout,LGBM_363700_20260405_160514::363700_rep0_fold0_smac_roc_auc_holdout,0.1457081545064374,0.029548816568047788,0.0565044687189669
41,0.5,0.5,0.5,19,-0.800731775962004,363700,0,0,smac,roc_auc,binary,LGBM,,False,holdout,0.0,78,3,3,LGBM_363700_20260405_160514,363700_rep0_fold0_smac_roc_auc_holdout,LGBM_363700_20260405_160514::363700_rep0_fold0_smac_roc_auc_holdout,0.9527896995708156,0.9672707100591715,0.8680569347898045
42,0.209470869687588,0.22989003102771388,0.24009540494332693,19,-0.8007317759620911,363700,0,0,smac,roc_auc,binary,LGBM,,False,holdout,0.0,78,3,3,LGBM_363700_20260405_160514,363700_rep0_fold0_smac_roc_auc_holdout,LGBM_363700_20260405_160514::363700_rep0_fold0_smac_roc_auc_holdout,0.06673819742489284,0.020747041420118642,0.05286329030122449
43,0.20123839009287925,0.23171581146970055,0.23372100386263384,19,-0.8007317759618903,363700,0,0,smac,roc_auc,binary,LGBM,,False,holdout,0.0,78,3,3,LGBM_363700_20260405_160514,363700_rep0_fold0_smac_roc_auc_holdout,LGBM_363700_20260405_160514::363700_rep0_fold0_smac_roc_auc_holdout,0.04163090128755364,0.027144970414201657,0.032869910625620606
44,0.22164368139600343,0.22991113831606058,0.22766321210714058,19,-0.8007317759618943,363700,0,0,smac,roc_auc,binary,LGBM,,False,holdout,0.0,78,3,3,LGBM_363700_20260405_160514,363700_rep0_fold0_smac_roc_auc_holdout,LGBM_363700_20260405_160514::363700_rep0_fold0_smac_roc_auc_holdout,0.10386266094420621,0.02082100591716018,0.013869579609400539
45,0.20602307908809447,0.23473415370327377,0.24514004685818014,19,-0.8007317759606748,363700,0,0,smac,roc_auc,binary,LGBM,,False,holdout,0.0,78,3,3,LGBM_363700_20260405_160514,363700_rep0_fold0_smac_roc_auc_holdout,LGBM_363700_20260405_160514::363700_rep0_fold0_smac_roc_auc_holdout,0.05622317596566497,0.037721893491124626,0.06868586560741453
46,0.23205741626794252,0.226597294045634,0.22324123519851413,19,-0.8007317759606704,363700,0,0,smac,roc_auc,binary,LGBM,,False,holdout,0.0,78,3,3,LGBM_363700_20260405_160514,363700_rep0_fold0_smac_roc_auc_holdout,LGBM_363700_20260405_160514::363700_rep0_fold0_smac_roc_auc_holdout,0.13562231759656634,0.009208579881657221,0.0
47,0.25612158739093727,0.287502374569939,0.27568229309580594,19,-0.8007317759609582,363700,0,0,smac,roc_auc,binary,LGBM,,False,holdout,0.0,78,3,3,LGBM_363700_20260405_160514,363700_rep0_fold0_smac_roc_auc_holdout,LGBM_363700_20260405_160514::363700_rep0_fold0_smac_roc_auc_holdout,0.20901287553648082,0.2226331360946747,0.1644819596160208
48,0.22291021671826616,0.2441480043058868,0.24845389112860683,19,-0.8007317759609353,363700,0,0,smac,roc_auc,binary,LGBM,,False,holdout,0.0,78,3,3,LGBM_363700_20260405_160514,363700_rep0_fold0_smac_roc_auc_holdout,LGBM_363700_20260405_160514::363700_rep0_fold0_smac_roc_auc_holdout,0.10772532188841176,0.07071005917159776,0.07907977490897065
49,0.2119335772586547,0.24566772906684675,0.24678641534922008,19,-0.8007317759608147,363700,0,0,smac,roc_auc,binary,LGBM,,False,holdout,0.0,78,3,3,LGBM_363700_20260405_160514,363700_rep0_fold0_smac_roc_auc_holdout,LGBM_363700_20260405_160514::363700_rep0_fold0_smac_roc_auc_holdout,0.07424892703862673,0.07603550295858001,0.0738497186362129
50,0.20419363917815936,0.24071806994955347,0.24313485446524674,19,-0.8007317759608956,363700,0,0,smac,roc_auc,binary,LGBM,,False,holdout,0.0,78,3,3,LGBM_363700_20260405_160514,363700_rep0_fold0_smac_roc_auc_holdout,LGBM_363700_20260405_160514::363700_rep0_fold0_smac_roc_auc_holdout,0.05064377682403452,0.05869082840236672,0.06239655743131353
51,0.22312130593864343,0.24053865799860696,0.24463347193786011,19,-0.8007317759608823,363700,0,0,smac,roc_auc,binary,LGBM,,False,holdout,0.0,78,3,3,LGBM_363700_20260405_160514,363700_rep0_fold0_smac_roc_auc_holdout,LGBM_363700_20260405_160514::363700_rep0_fold0_smac_roc_auc_holdout,0.10836909871244647,0.058062130177515194,0.06709698775239951
52,0.25218125527723045,0.2795554805074192,0.285761023281339,19,-0.800731775960886,363700,0,0,smac,roc_auc,binary,LGBM,,False,holdout,0.0,78,3,3,LGBM_363700_20260405_160514,363700_rep0_fold0_smac_roc_auc_holdout,LGBM_363700_20260405_160514::363700_rep0_fold0_smac_roc_auc_holdout,0.19699570815450632,0.19478550295857996,0.19609400860642134
53,0.22361384745285673,0.23285560504042047,0.2339109694577537,19,-0.800731775960911,363700,0,0,smac,roc_auc,binary,LGBM,,False,holdout,0.0,78,3,3,LGBM_363700_20260405_160514,363700_rep0_fold0_smac_roc_auc_holdout,LGBM_363700_20260405_160514::363700_rep0_fold0_smac_roc_auc_holdout,0.10987124463519313,0.031139053254438154,0.033465739821250756
54,0.24697438784126102,0.24671253984000674,0.2568756991789265,19,-0.80073177596011,363700,0,0,smac,roc_auc,binary,LGBM,,False,holdout,0.0,78,3,3,LGBM_363700_20260405_160514,363700_rep0_fold0_smac_roc_auc_holdout,LGBM_363700_20260405_160514::363700_rep0_fold0_smac_roc_auc_holdout,0.18111587982832658,0.07969674556213036,0.10549486924859297
55,0.21446664790318037,0.24699748823268664,0.2482533718893134,19,-0.8007317759595708,363700,0,0,smac,roc_auc,binary,LGBM,,False,holdout,0.0,78,3,3,LGBM_363700_20260405_160514,363700_rep0_fold0_smac_roc_auc_holdout,LGBM_363700_20260405_160514::363700_rep0_fold0_smac_roc_auc_holdout,0.08197424892703854,0.08069526627218919,0.07845084409136029
56,0.5,0.5,0.5,19,-0.8007317759615936,363700,0,0,smac,roc_auc,binary,LGBM,,False,holdout,0.0,78,3,3,LGBM_363700_20260405_160514,363700_rep0_fold0_smac_roc_auc_holdout,LGBM_363700_20260405_160514::363700_rep0_fold0_smac_roc_auc_holdout,0.9527896995708156,0.9672707100591715,0.8680569347898045
57,0.23304249929636933,0.24680752263756678,0.24769402874812663,19,-0.8007317759618452,363700,0,0,smac,roc_auc,binary,LGBM,,False,holdout,0.0,78,3,3,LGBM_363700_20260405_160514,363700_rep0_fold0_smac_roc_auc_holdout,LGBM_363700_20260405_160514::363700_rep0_fold0_smac_roc_auc_holdout,0.13862660944206032,0.0800295857988169,0.07669645812644761
58,0.19814241486068118,0.23669713151951377,0.24549887076007337,58,-0.8018575851396522,363700,0,0,smac,roc_auc,binary,LGBM,,False,holdout,0.0,78,3,3,LGBM_363700_20260405_160514,363700_rep0_fold0_smac_roc_auc_holdout,LGBM_363700_20260405_160514::363700_rep0_fold0_smac_roc_auc_holdout,0.03218884120171696,0.04460059171597687,0.06981132075471647
59,0.24711511398817898,0.28148679739113913,0.2780463093906326,58,-0.8018575851397065,363700,0,0,smac,roc_auc,binary,LGBM,,False,holdout,0.0,78,3,3,LGBM_363700_20260405_160514,363700_rep0_fold0_smac_roc_auc_holdout,LGBM_363700_20260405_160514::363700_rep0_fold0_smac_roc_auc_holdout,0.18154506437768236,0.20155325443786992,0.17189672293942374
60,0.21446664790318037,0.22564746607003394,0.23369989657428714,58,-0.8018575851395522,363700,0,0,smac,roc_auc,binary,LGBM,,False,holdout,0.0,78,3,3,LGBM_363700_20260405_160514,363700_rep0_fold0_smac_roc_auc_holdout,LGBM_363700_20260405_160514::363700_rep0_fold0_smac_roc_auc_holdout,0.08197424892703854,0.005880177514793019,0.032803707381661544
61,0.23036870250492547,0.26409439179348626,0.2579521708846064,58,-0.8018575851392445,363700,0,0,smac,roc_auc,binary,LGBM,,False,holdout,0.0,78,3,3,LGBM_363700_20260405_160514,363700_rep0_fold0_smac_roc_auc_holdout,LGBM_363700_20260405_160514::363700_rep0_fold0_smac_roc_auc_holdout,0.13047210300429204,0.14060650887573975,0.10887123469049947
62,0.2424711511398817,0.23581062540895348,0.24186841716444696,58,-0.8018575851392603,363700,0,0,smac,roc_auc,binary,LGBM,,False,holdout,0.0,78,3,3,LGBM_363700_20260405_160514,363700_rep0_fold0_smac_roc_auc_holdout,LGBM_363700_20260405_160514::363700_rep0_fold0_smac_roc_auc_holdout,0.16738197424892684,0.04149408284023612,0.058424362793776864
63,0.22108077680833105,0.23308778521223394,0.23267619308947363,58,-0.8018575851392374,363700,0,0,smac,roc_auc,binary,LGBM,,False,holdout,0.0,78,3,3,LGBM_363700_20260405_160514,363700_rep0_fold0_smac_roc_auc_holdout,LGBM_363700_20260405_160514::363700_rep0_fold0_smac_roc_auc_holdout,0.10214592274678132,0.03195266272189431,0.029592850049651637
64,0.23205741626794252,0.27048990016252616,0.2631867783945797,58,-0.8018575851392735,363700,0,0,smac,roc_auc,binary,LGBM,,False,holdout,0.0,78,3,3,LGBM_363700_20260405_160514,363700_rep0_fold0_smac_roc_auc_holdout,LGBM_363700_20260405_160514::363700_rep0_fold0_smac_roc_auc_holdout,0.13562231759656634,0.1630177514792903,0.12528963919232036
65,0.2648466084998593,0.31511070772737826,0.28947590603035234,58,-0.8018575851392563,363700,0,0,smac,roc_auc,binary,LGBM,,False,holdout,0.0,78,3,3,LGBM_363700_20260405_160514,363700_rep0_fold0_smac_roc_auc_holdout,LGBM_363700_20260405_160514::363700_rep0_fold0_smac_roc_auc_holdout,0.23562231759656665,0.3193786982248522,0.20774577954319753
66,0.5,0.5,0.5,58,-0.8018575851381552,363700,0,0,smac,roc_auc,binary,LGBM,,False,holdout,0.0,78,3,3,LGBM_363700_20260405_160514,363700_rep0_fold0_smac_roc_auc_holdout,LGBM_363700_20260405_160514::363700_rep0_fold0_smac_roc_auc_holdout,0.9527896995708156,0.9672707100591715,0.8680569347898045
67,0.2296650717703349,0.2613504443084196,0.2524009540494333,58,-0.8018575851375689,363700,0,0,smac,roc_auc,binary,LGBM,,False,holdout,0.0,78,3,3,LGBM_363700_20260405_160514,363700_rep0_fold0_smac_roc_auc_holdout,LGBM_363700_20260405_160514::363700_rep0_fold0_smac_roc_auc_holdout,0.1283261802575107,0.13099112426035484,0.09145978152929478
68,0.22445820433436536,0.2289824176288071,0.2264917576039006,58,-0.8018575851375755,363700,0,0,smac,roc_auc,binary,LGBM,,False,holdout,0.0,78,3,3,LGBM_363700_20260405_160514,363700_rep0_fold0_smac_roc_auc_holdout,LGBM_363700_20260405_160514::363700_rep0_fold0_smac_roc_auc_holdout,0.11244635193133061,0.017566568047337132,0.0101952995696786
69,0.21868843231072332,0.23739367203495365,0.23847014374063358,58,-0.801857585136673,363700,0,0,smac,roc_auc,binary,LGBM,,False,holdout,0.0,78,3,3,LGBM_363700_20260405_160514,363700_rep0_fold0_smac_roc_auc_holdout,LGBM_363700_20260405_160514::363700_rep0_fold0_smac_roc_auc_holdout,0.09484978540772532,0.04704142011834338,0.04776564051638484
70,0.2555586828032649,0.2818245140046858,0.2770648204825127,58,-0.8018575851368008,363700,0,0,smac,roc_auc,binary,LGBM,,False,holdout,0.0,78,3,3,LGBM_363700_20260405_160514,363700_rep0_fold0_smac_roc_auc_holdout,LGBM_363700_20260405_160514::363700_rep0_fold0_smac_roc_auc_holdout,0.20729613733905594,0.20273668639053258,0.16881827209533265
71,0.24781874472276944,0.2463959305148068,0.2579627245287798,58,-0.8018575851384799,363700,0,0,smac,roc_auc,binary,LGBM,,False,holdout,0.0,78,3,3,LGBM_363700_20260405_160514,363700_rep0_fold0_smac_roc_auc_holdout,LGBM_363700_20260405_160514::363700_rep0_fold0_smac_roc_auc_holdout,0.18369098712446338,0.07858727810650921,0.108904336312479
72,0.25471432592175636,0.26930789201511285,0.2780463093906326,58,-0.8018575851384823,363700,0,0,smac,roc_auc,binary,LGBM,,False,holdout,0.0,78,3,3,LGBM_363700_20260405_160514,363700_rep0_fold0_smac_roc_auc_holdout,LGBM_363700_20260405_160514::363700_rep0_fold0_smac_roc_auc_holdout,0.20472103004291878,0.15887573964497073,0.17189672293942374
73,0.21221502955249083,0.2435781075205269,0.25064904911665997,58,-0.8018575851384955,363700,0,0,smac,roc_auc,binary,LGBM,,False,holdout,0.0,78,3,3,LGBM_363700_20260405_160514,363700_rep0_fold0_smac_roc_auc_holdout,LGBM_363700_20260405_160514::363700_rep0_fold0_smac_roc_auc_holdout,0.075107296137339,0.0687130177514797,0.08596491228070147
74,0.21699971854770617,0.23149418494206053,0.2331511070772737,58,-0.8018575851384797,363700,0,0,smac,roc_auc,binary,LGBM,,False,holdout,0.0,78,3,3,LGBM_363700_20260405_160514,363700_rep0_fold0_smac_roc_auc_holdout,LGBM_363700_20260405_160514::363700_rep0_fold0_smac_roc_auc_holdout,0.08969957081545067,0.026368343195266663,0.03108242303872841
75,0.2634393470306783,0.2958397534668721,0.2816767629862591,58,-0.8018575851385519,363700,0,0,smac,roc_auc,binary,LGBM,,False,holdout,0.0,78,3,3,LGBM_363700_20260405_160514,363700_rep0_fold0_smac_roc_auc_holdout,LGBM_363700_20260405_160514::363700_rep0_fold0_smac_roc_auc_holdout,0.23133047210300428,0.2518491124260356,0.18328368090036368
76,0.22305094286518434,0.23167359689300704,0.2311142537518205,58,-0.8018575851384435,363700,0,0,smac,roc_auc,binary,LGBM,,False,holdout,0.0,78,3,3,LGBM_363700_20260405_160514,363700_rep0_fold0_smac_roc_auc_holdout,LGBM_363700_20260405_160514::363700_rep0_fold0_smac_roc_auc_holdout,0.10815450643776824,0.02699704142011819,0.02469380999668952
77,0.23240923163523786,0.237467547544167,0.2399371002807269,58,-0.8018575851381896,363700,0,0,smac,roc_auc,binary,LGBM,,False,holdout,0.0,78,3,3,LGBM_363700_20260405_160514,363700_rep0_fold0_smac_roc_auc_holdout,LGBM_363700_20260405_160514::363700_rep0_fold0_smac_roc_auc_holdout,0.1366952789699572,0.047300295857988374,0.05236676597153223
78,0.23599774838164933,0.27819406040905914,0.27075374126685947,58,-0.8018575851377727,363700,0,0,smac,roc_auc,binary,LGBM,,False,holdout,0.0,78,3,3,LGBM_363700_20260405_160514,363700_rep0_fold0_smac_roc_auc_holdout,LGBM_363700_20260405_160514::363700_rep0_fold0_smac_roc_auc_holdout,0.14763948497854087,0.1900147928994081,0.14902350215160526
79,0.2351533915001408,0.25320303100660657,0.2484327838402599,58,-0.8018575851374175,363700,0,0,smac,roc_auc,binary,LGBM,,False,holdout,0.0,78,3,3,LGBM_363700_20260405_160514,363700_rep0_fold0_smac_roc_auc_holdout,LGBM_363700_20260405_160514::363700_rep0_fold0_smac_roc_auc_holdout,0.1450643776824037,0.10244082840236705,0.0790135716650109
80,0.21699971854770617,0.22552082233995396,0.22442324334592734,58,-0.8018575851374097,363700,0,0,smac,roc_auc,binary,LGBM,,False,holdout,0.0,78,3,3,LGBM_363700_20260405_160514,363700_rep0_fold0_smac_roc_auc_holdout,LGBM_363700_20260405_160514::363700_rep0_fold0_smac_roc_auc_holdout,0.08969957081545067,0.005436390532544563,0.0037073816617011197
81,0.5,0.2551132406019798,0.5,58,-0.8018575851378505,363700,0,0,smac,roc_auc,binary,LGBM,,False,holdout,0.0,78,3,3,LGBM_363700_20260405_160514,363700_rep0_fold0_smac_roc_auc_holdout,LGBM_363700_20260405_160514::363700_rep0_fold0_smac_roc_auc_holdout,0.9527896995708156,0.10913461538461544,0.8680569347898045
82,0.23290177314945115,0.27173523017497936,0.27149249635899275,58,-0.801857585137512,363700,0,0,smac,roc_auc,binary,LGBM,,False,holdout,0.0,78,3,3,LGBM_363700_20260405_160514,363700_rep0_fold0_smac_roc_auc_holdout,LGBM_363700_20260405_160514::363700_rep0_fold0_smac_roc_auc_holdout,0.13819742489270384,0.16738165680473371,0.15134061569016855
83,0.19715733183225437,0.22818034067163395,0.2348502437891804,83,-0.8028426681676313,363700,0,0,smac,roc_auc,binary,LGBM,,False,holdout,0.0,78,3,3,LGBM_363700_20260405_160514,363700_rep0_fold0_smac_roc_auc_holdout,LGBM_363700_20260405_160514::363700_rep0_fold0_smac_roc_auc_holdout,0.029184549356222993,0.014755917159763703,0.036411784177424425
84,0.21024486349563742,0.24687084450260677,0.25900753530193976,83,-0.8028426681676126,363700,0,0,smac,roc_auc,binary,LGBM,,False,holdout,0.0,78,3,3,LGBM_363700_20260405_160514,363700_rep0_fold0_smac_roc_auc_holdout,LGBM_363700_20260405_160514::363700_rep0_fold0_smac_roc_auc_holdout,0.06909871244635175,0.08025147928994113,0.11218139688844728
85,0.216858992400788,0.22519365937058056,0.22482428182451397,83,-0.8028426681675405,363700,0,0,smac,roc_auc,binary,LGBM,,False,holdout,0.0,78,3,3,LGBM_363700_20260405_160514,363700_rep0_fold0_smac_roc_auc_holdout,LGBM_363700_20260405_160514::363700_rep0_fold0_smac_roc_auc_holdout,0.0892703862660942,0.004289940828402263,0.00496524329692118
86,0.2262876442443006,0.23049158874559383,0.23512463853768706,83,-0.8028426681675412,363700,0,0,smac,roc_auc,binary,LGBM,,False,holdout,0.0,78,3,3,LGBM_363700_20260405_160514,363700_rep0_fold0_smac_roc_auc_holdout,LGBM_363700_20260405_160514::363700_rep0_fold0_smac_roc_auc_holdout,0.1180257510729614,0.022855029585799005,0.037272426348890816
87,0.21404446946242606,0.23175802604639384,0.23287671232876705,83,-0.8028426681675186,363700,0,0,smac,roc_auc,binary,LGBM,,False,holdout,0.0,78,3,3,LGBM_363700_20260405_160514,363700_rep0_fold0_smac_roc_auc_holdout,LGBM_363700_20260405_160514::363700_rep0_fold0_smac_roc_auc_holdout,0.0806866952789698,0.027292899408284346,0.030221780867262016
88,0.23747537292428944,0.2382590708571669,0.24142516410916692,83,-0.802842668167346,363700,0,0,smac,roc_auc,binary,LGBM,,False,holdout,0.0,78,3,3,LGBM_363700_20260405_160514,363700_rep0_fold0_smac_roc_auc_holdout,LGBM_363700_20260405_160514::363700_rep0_fold0_smac_roc_auc_holdout,0.1521459227467815,0.05007396449704142,0.057034094670638684
89,0.2272727272727273,0.27533402283808595,0.2723578951812061,83,-0.8028426681670533,363700,0,0,smac,roc_auc,binary,LGBM,,False,holdout,0.0,78,3,3,LGBM_363700_20260405_160514,363700_rep0_fold0_smac_roc_auc_holdout,LGBM_363700_20260405_160514::363700_rep0_fold0_smac_roc_auc_holdout,0.12103004291845502,0.1799926035502959,0.15405494869248584
90,0.20672670982268504,0.24961479198767333,0.2555248327247398,83,-0.802842668166979,363700,0,0,smac,roc_auc,binary,LGBM,,False,holdout,0.0,78,3,3,LGBM_363700_20260405_160514,363700_rep0_fold0_smac_roc_auc_holdout,LGBM_363700_20260405_160514::363700_rep0_fold0_smac_roc_auc_holdout,0.058369098712446325,0.08986686390532564,0.10125786163521971
91,0.22269912749788912,0.238955611372607,0.22959452899086052,83,-0.8028426681672517,363700,0,0,smac,roc_auc,binary,LGBM,,False,holdout,0.0,78,3,3,LGBM_363700_20260405_160514,363700_rep0_fold0_smac_roc_auc_holdout,LGBM_363700_20260405_160514::363700_rep0_fold0_smac_roc_auc_holdout,0.10708154506437773,0.05251479289940871,0.019927176431644825
92,0.21376301716858992,0.2579521708846064,0.25453279017244657,83,-0.8028426681672631,363700,0,0,smac,roc_auc,binary,LGBM,,False,holdout,0.0,78,3,3,LGBM_363700_20260405_160514,363700_rep0_fold0_smac_roc_auc_holdout,LGBM_363700_20260405_160514::363700_rep0_fold0_smac_roc_auc_holdout,0.07982832618025752,0.1190828402366865,0.0981463091691491
93,0.21601463551927946,0.23916668425607368,0.24331426641619347,83,-0.8028426681669744,363700,0,0,smac,roc_auc,binary,LGBM,,False,holdout,0.0,78,3,3,LGBM_363700_20260405_160514,363700_rep0_fold0_smac_roc_auc_holdout,LGBM_363700_20260405_160514::363700_rep0_fold0_smac_roc_auc_holdout,0.08669527896995705,0.05325443786982293,0.06295928500496485
94,0.24781874472276955,0.26799924013761955,0.2538573569453533,83,-0.8028426681669899,363700,0,0,smac,roc_auc,binary,LGBM,,False,holdout,0.0,78,3,3,LGBM_363700_20260405_160514,363700_rep0_fold0_smac_roc_auc_holdout,LGBM_363700_20260405_160514::363700_rep0_fold0_smac_roc_auc_holdout,0.18369098712446372,0.1542899408284027,0.09602780536246264
95,0.24781874472276944,0.25955632479895296,0.263735567891593,83,-0.8028426681670839,363700,0,0,smac,roc_auc,binary,LGBM,,False,holdout,0.0,78,3,3,LGBM_363700_20260405_160514,363700_rep0_fold0_smac_roc_auc_holdout,LGBM_363700_20260405_160514::363700_rep0_fold0_smac_roc_auc_holdout,0.18369098712446338,0.12470414201183413,0.12701092353525315
96,0.2238249366732339,0.23660214872195384,0.22918293686810054,83,-0.802842668167058,363700,0,0,smac,roc_auc,binary,LGBM,,False,holdout,0.0,78,3,3,LGBM_363700_20260405_160514,363700_rep0_fold0_smac_roc_auc_holdout,LGBM_363700_20260405_160514::363700_rep0_fold0_smac_roc_auc_holdout,0.1105150214592275,0.04426775147929072,0.018636213174445235
97,0.22502110892203775,0.2517255208223399,0.25064904911665997,83,-0.8028426681670177,363700,0,0,smac,roc_auc,binary,LGBM,,False,holdout,0.0,78,3,3,LGBM_363700_20260405_160514,363700_rep0_fold0_smac_roc_auc_holdout,LGBM_363700_20260405_160514::363700_rep0_fold0_smac_roc_auc_holdout,0.1141630901287555,0.0972633136094675,0.08596491228070147
98,0.24021953278919228,0.26622622791649964,0.2610971568482596,83,-0.8028426681670082,363700,0,0,smac,roc_auc,binary,LGBM,,False,holdout,0.0,78,3,3,LGBM_363700_20260405_160514,363700_rep0_fold0_smac_roc_auc_holdout,LGBM_363700_20260405_160514::363700_rep0_fold0_smac_roc_auc_holdout,0.16051502145922764,0.14807692307692352,0.11873551804038347
99,0.21517027863777094,0.23161027502796716,0.23639107583848706,83,-0.8028426681669971,363700,0,0,smac,roc_auc,binary,LGBM,,False,holdout,0.0,78,3,3,LGBM_363700_20260405_160514,363700_rep0_fold0_smac_roc_auc_holdout,LGBM_363700_20260405_160514::363700_rep0_fold0_smac_roc_auc_holdout,0.0841201716738199,0.02677514792899435,0.04124462098642818
100,0.21495918941739378,0.22850750364100714,0.24687084450260677,83,-0.8028426681669891,363700,0,0,smac,roc_auc,binary,LGBM,,False,holdout,0.0,78,3,3,LGBM_363700_20260405_160514,363700_rep0_fold0_smac_roc_auc_holdout,LGBM_363700_20260405_160514::363700_rep0_fold0_smac_roc_auc_holdout,0.08347639484978552,0.015902366863905223,0.07411453161204878
101,0.21699971854770617,0.2473774194229268,0.24241720666146027,83,-0.8028426681669812,363700,0,0,smac,roc_auc,binary,LGBM,,False,holdout,0.0,78,3,3,LGBM_363700_20260405_160514,363700_rep0_fold0_smac_roc_auc_holdout,LGBM_363700_20260405_160514::363700_rep0_fold0_smac_roc_auc_holdout,0.08969957081545067,0.08202662721893533,0.060145647136709654
102,0.2257247396566282,0.22951009983747372,0.22693501065918065,83,-0.802842668166786,363700,0,0,smac,roc_auc,binary,LGBM,,False,holdout,0.0,78,3,3,LGBM_363700_20260405_160514,363700_rep0_fold0_smac_roc_auc_holdout,LGBM_363700_20260405_160514::363700_rep0_fold0_smac_roc_auc_holdout,0.11630901287553651,0.019415680473372495,0.011585567692816783
103,0.21024486349563754,0.2638833189100196,0.2696667159170062,83,-0.8028426681666454,363700,0,0,smac,roc_auc,binary,LGBM,,False,holdout,0.0,78,3,3,LGBM_363700_20260405_160514,363700_rep0_fold0_smac_roc_auc_holdout,LGBM_363700_20260405_160514::363700_rep0_fold0_smac_roc_auc_holdout,0.06909871244635209,0.13986686390532552,0.1456140350877192
104,0.21207430340557287,0.25343521117841994,0.24787344069907336,83,-0.8028426681666414,363700,0,0,smac,roc_auc,binary,LGBM,,False,holdout,0.0,78,3,3,LGBM_363700_20260405_160514,363700_rep0_fold0_smac_roc_auc_holdout,LGBM_363700_20260405_160514::363700_rep0_fold0_smac_roc_auc_holdout,0.07467811158798321,0.10325443786982282,0.07725918570009893
105,0.2148184632704757,0.235789518120607,0.23464972454988697,83,-0.8028426681666228,363700,0,0,smac,roc_auc,binary,LGBM,,False,holdout,0.0,78,3,3,LGBM_363700_20260405_160514,363700_rep0_fold0_smac_roc_auc_holdout,LGBM_363700_20260405_160514::363700_rep0_fold0_smac_roc_auc_holdout,0.08304721030042939,0.04142011834319535,0.03578285335981404
106,0.3074866310160428,0.34062941933849766,0.3239652151888047,83,-0.8028426681666391,363700,0,0,smac,roc_auc,binary,LGBM,,False,holdout,0.0,78,3,3,LGBM_363700_20260405_160514,363700_rep0_fold0_smac_roc_auc_holdout,LGBM_363700_20260405_160514::363700_rep0_fold0_smac_roc_auc_holdout,0.36566523605150225,0.40880177514792937,0.3159218801721283
107,0.21742189698846048,0.2345441881081538,0.2402220486734069,83,-0.8028426681666389,363700,0,0,smac,roc_auc,binary,LGBM,,False,holdout,0.0,78,3,3,LGBM_363700_20260405_160514,363700_rep0_fold0_smac_roc_auc_holdout,LGBM_363700_20260405_160514::363700_rep0_fold0_smac_roc_auc_holdout,0.09098712446351942,0.03705621301775194,0.053260509764978155
108,0.2212918660287082,0.23118812926103383,0.2279481604998207,83,-0.80284266816664,363700,0,0,smac,roc_auc,binary,LGBM,,False,holdout,0.0,78,3,3,LGBM_363700_20260405_160514,363700_rep0_fold0_smac_roc_auc_holdout,LGBM_363700_20260405_160514::363700_rep0_fold0_smac_roc_auc_holdout,0.1027896995708157,0.025295857988165905,0.014763323402846812
109,0.21791443850267378,0.2348291365008338,0.23101927095426045,83,-0.8028426681666331,363700,0,0,smac,roc_auc,binary,LGBM,,False,holdout,0.0,78,3,3,LGBM_363700_20260405_160514,363700_rep0_fold0_smac_roc_auc_holdout,LGBM_363700_20260405_160514::363700_rep0_fold0_smac_roc_auc_holdout,0.09248927038626606,0.038054733727811166,0.024395895398874094
110,0.5154798761609907,0.4769508411254406,0.5420668256749056,83,-0.8028426681670672,363700,0,0,smac,roc_auc,binary,LGBM,,False,holdout,0.0,78,3,3,LGBM_363700_20260405_160514,363700_rep0_fold0_smac_roc_auc_holdout,LGBM_363700_20260405_160514::363700_rep0_fold0_smac_roc_auc_holdout,1.0,0.8865014792899407,1.0
111,0.20278637770897834,0.23862844840323372,0.23824851721299378,83,-0.802842668167049,363700,0,0,smac,roc_auc,binary,LGBM,,False,holdout,0.0,78,3,3,LGBM_363700_20260405_160514,363700_rep0_fold0_smac_roc_auc_holdout,LGBM_363700_20260405_160514::363700_rep0_fold0_smac_roc_auc_holdout,0.04635193133047215,0.0513683431952668,0.047070506454816446
112,0.22255840135097094,0.24582603372944667,0.2430609789560334,83,-0.8028426681670451,363700,0,0,smac,roc_auc,binary,LGBM,,False,holdout,0.0,78,3,3,LGBM_363700_20260405_160514,363700_rep0_fold0_smac_roc_auc_holdout,LGBM_363700_20260405_160514::363700_rep0_fold0_smac_roc_auc_holdout,0.10665236051502126,0.07659023668639038,0.06216484607745717
113,0.2980579791725303,0.2645165375604196,0.30005065749203197,83,-0.8028426681670388,363700,0,0,smac,roc_auc,binary,LGBM,,False,holdout,0.0,78,3,3,LGBM_363700_20260405_160514,363700_rep0_fold0_smac_roc_auc_holdout,LGBM_363700_20260405_160514::363700_rep0_fold0_smac_roc_auc_holdout,0.3369098712446354,0.1420857988165682,0.24091360476663323
114,0.20714888826343936,0.2383646072989002,0.24003208307828694,83,-0.8028426681670293,363700,0,0,smac,roc_auc,binary,LGBM,,False,holdout,0.0,78,3,3,LGBM_363700_20260405_160514,363700_rep0_fold0_smac_roc_auc_holdout,LGBM_363700_20260405_160514::363700_rep0_fold0_smac_roc_auc_holdout,0.059656652360515074,0.05044378698224834,0.05266468056934766
115,0.21714044469462424,0.25090233657681993,0.2516833062456467,83,-0.802842668167031,363700,0,0,smac,roc_auc,binary,LGBM,,False,holdout,0.0,78,3,3,LGBM_363700_20260405_160514,363700_rep0_fold0_smac_roc_auc_holdout,LGBM_363700_20260405_160514::363700_rep0_fold0_smac_roc_auc_holdout,0.09012875536480681,0.09437869822485213,0.08920887123469055
116,0.2223473121305939,0.22713552989847385,0.24496063490723352,83,-0.8028426681670394,363700,0,0,smac,roc_auc,binary,LGBM,,False,holdout,0.0,78,3,3,LGBM_363700_20260405_160514,363700_rep0_fold0_smac_roc_auc_holdout,LGBM_363700_20260405_160514::363700_rep0_fold0_smac_roc_auc_holdout,0.10600858369098722,0.011094674556212965,0.06812313803376356
117,0.21840698001688708,0.24955147012263335,0.24638537687063344,83,-0.8028426681670503,363700,0,0,smac,roc_auc,binary,LGBM,,False,holdout,0.0,78,3,3,LGBM_363700_20260405_160514,363700_rep0_fold0_smac_roc_auc_holdout,LGBM_363700_20260405_160514::363700_rep0_fold0_smac_roc_auc_holdout,0.09399141630901271,0.08964497041420141,0.07259185700099283
118,0.20982268505488322,0.2414462713975135,0.2460476602570868,83,-0.802842668166983,363700,0,0,smac,roc_auc,binary,LGBM,,False,holdout,0.0,78,3,3,LGBM_363700_20260405_160514,363700_rep0_fold0_smac_roc_auc_holdout,LGBM_363700_20260405_160514::363700_rep0_fold0_smac_roc_auc_holdout,0.06781115879828334,0.061242603550295927,0.07153260509764961
119,0.20574162679425834,0.23414314962956706,0.24017983409671373,83,-0.802842668166986,363700,0,0,smac,roc_auc,binary,LGBM,,False,holdout,0.0,78,3,3,LGBM_363700_20260405_160514,363700_rep0_fold0_smac_roc_auc_holdout,LGBM_363700_20260405_160514::363700_rep0_fold0_smac_roc_auc_holdout,0.0553648068669527,0.035650887573964646,0.05312810327706073
120,0.21249648184632697,0.23125145112607381,0.23955716909048697,83,-0.8028426681669901,363700,0,0,smac,roc_auc,binary,LGBM,,False,holdout,0.0,78,3,3,LGBM_363700_20260405_160514,363700_rep0_fold0_smac_roc_auc_holdout,LGBM_363700_20260405_160514::363700_rep0_fold0_smac_roc_auc_holdout,0.07596566523605128,0.02551775147929013,0.05117510758027123
121,0.21348156487475378,0.24274436963083335,0.24588935559448666,83,-0.8028426681669839,363700,0,0,smac,roc_auc,binary,LGBM,,False,holdout,0.0,78,3,3,LGBM_363700_20260405_160514,363700_rep0_fold0_smac_roc_auc_holdout,LGBM_363700_20260405_160514::363700_rep0_fold0_smac_roc_auc_holdout,0.07896995708154525,0.0657914201183428,0.071036080767957
122,0.28778497044750906,0.3135065538130316,0.30698440171391184,83,-0.8028426681669801,363700,0,0,smac,roc_auc,binary,LGBM,,False,holdout,0.0,78,3,3,LGBM_363700_20260405_160514,363700_rep0_fold0_smac_roc_auc_holdout,LGBM_363700_20260405_160514::363700_rep0_fold0_smac_roc_auc_holdout,0.3055793991416307,0.3137573964497042,0.26266137040714976
123,0.21573318322544321,0.2396732591763936,0.24465457922620681,83,-0.8028426681669791,363700,0,0,smac,roc_auc,binary,LGBM,,False,holdout,0.0,78,3,3,LGBM_363700_20260405_160514,363700_rep0_fold0_smac_roc_auc_holdout,LGBM_363700_20260405_160514::363700_rep0_fold0_smac_roc_auc_holdout,0.08583690987124444,0.05502958579881676,0.06716319099635858
124,0.22269912749788912,0.24252274310319344,0.2451083859256601,83,-0.8028426681669785,363700,0,0,smac,roc_auc,binary,LGBM,,False,holdout,0.0,78,3,3,LGBM_363700_20260405_160514,363700_rep0_fold0_smac_roc_auc_holdout,LGBM_363700_20260405_160514::363700_rep0_fold0_smac_roc_auc_holdout,0.10708154506437773,0.06501479289940819,0.06858656074147594
125,0.2203067830002815,0.23014331848787384,0.2294151170399139,83,-0.802842668166981,363700,0,0,smac,roc_auc,binary,LGBM,,False,holdout,0.0,78,3,3,LGBM_363700_20260405_160514,363700_rep0_fold0_smac_roc_auc_holdout,LGBM_363700_20260405_160514::363700_rep0_fold0_smac_roc_auc_holdout,0.09978540772532207,0.021634615384615554,0.019364448857993856
126,0.21699971854770606,0.23205352808324708,0.2341537032737404,83,-0.8028426681670078,363700,0,0,smac,roc_auc,binary,LGBM,,False,holdout,0.0,78,3,3,LGBM_363700_20260405_160514,363700_rep0_fold0_smac_roc_auc_holdout,LGBM_363700_20260405_160514::363700_rep0_fold0_smac_roc_auc_holdout,0.08969957081545034,0.028328402366863948,0.03422707712677891
127,0.21559245707852515,0.24215336555712685,0.24754627772970006,83,-0.8028426681670104,363700,0,0,smac,roc_auc,binary,LGBM,,False,holdout,0.0,78,3,3,LGBM_363700_20260405_160514,363700_rep0_fold0_smac_roc_auc_holdout,LGBM_363700_20260405_160514::363700_rep0_fold0_smac_roc_auc_holdout,0.0854077253218883,0.0637204142011836,0.07623303541873523
128,0.21545173093160708,0.2414884859742068,0.24593157017118017,83,-0.8028426681670029,363700,0,0,smac,roc_auc,binary,LGBM,,False,holdout,0.0,78,3,3,LGBM_363700_20260405_160514,363700_rep0_fold0_smac_roc_auc_holdout,LGBM_363700_20260405_160514::363700_rep0_fold0_smac_roc_auc_holdout,0.08497854077253217,0.061390532544378616,0.07116848725587546
129,0.2143259217562623,0.24101357198640694,0.2568545918905798,83,-0.8028426681669987,363700,0,0,smac,roc_auc,binary,LGBM,,False,holdout,0.0,78,3,3,LGBM_363700_20260405_160514,363700_rep0_fold0_smac_roc_auc_holdout,LGBM_363700_20260405_160514::363700_rep0_fold0_smac_roc_auc_holdout,0.0815450643776824,0.0597263313609471,0.10542866600463391
130,0.2302279763580073,0.2641471600143529,0.274605821390126,83,-0.8028426681669976,363700,0,0,smac,roc_auc,binary,LGBM,,False,holdout,0.0,78,3,3,LGBM_363700_20260405_160514,363700_rep0_fold0_smac_roc_auc_holdout,LGBM_363700_20260405_160514::363700_rep0_fold0_smac_roc_auc_holdout,0.13004291845493557,0.1407914201183432,0.1611055941741143
131,0.23191669012102445,0.23856512653819362,0.2439158241340733,83,-0.8028426681669999,363700,0,0,smac,roc_auc,binary,LGBM,,False,holdout,0.0,78,3,3,LGBM_363700_20260405_160514,363700_rep0_fold0_smac_roc_auc_holdout,LGBM_363700_20260405_160514::363700_rep0_fold0_smac_roc_auc_holdout,0.13519313304721023,0.051146449704142186,0.0648460774577946
132,0.21024486349563754,0.22547860776326056,0.22527808852396736,83,-0.802842668166988,363700,0,0,smac,roc_auc,binary,LGBM,,False,holdout,0.0,78,3,3,LGBM_363700_20260405_160514,363700_rep0_fold0_smac_roc_auc_holdout,LGBM_363700_20260405_160514::363700_rep0_fold0_smac_roc_auc_holdout,0.06909871244635209,0.005288461538461485,0.006388613042038891
133,0.21671826625387003,0.24066530172868683,0.24239609937311357,83,-0.8028426681669859,363700,0,0,smac,roc_auc,binary,LGBM,,False,holdout,0.0,78,3,3,LGBM_363700_20260405_160514,363700_rep0_fold0_smac_roc_auc_holdout,LGBM_363700_20260405_160514::363700_rep0_fold0_smac_roc_auc_holdout,0.0888412017167384,0.05850591715976326,0.06007944389275059
134,0.21108922037714606,0.26383055068915306,0.2720201785676595,83,-0.802842668166988,363700,0,0,smac,roc_auc,binary,LGBM,,False,holdout,0.0,78,3,3,LGBM_363700_20260405_160514,363700_rep0_fold0_smac_roc_auc_holdout,LGBM_363700_20260405_160514::363700_rep0_fold0_smac_roc_auc_holdout,0.07167381974248925,0.13968195266272246,0.1529956967891426
135,0.19729805797917255,0.23237013740844703,0.23289781961711387,83,-0.8028426681669556,363700,0,0,smac,roc_auc,binary,LGBM,,False,holdout,0.0,78,3,3,LGBM_363700_20260405_160514,363700_rep0_fold0_smac_roc_auc_holdout,LGBM_363700_20260405_160514::363700_rep0_fold0_smac_roc_auc_holdout,0.02961373390557947,0.02943786982248509,0.030287984111221425
136,0.20658598367576697,0.2504801908098866,0.2492981826624734,83,-0.802842668166953,363700,0,0,smac,roc_auc,binary,LGBM,,False,holdout,0.0,78,3,3,LGBM_363700_20260405_160514,363700_rep0_fold0_smac_roc_auc_holdout,LGBM_363700_20260405_160514::363700_rep0_fold0_smac_roc_auc_holdout,0.05793991416309019,0.09289940828402368,0.08172790466732856
137,0.2456374894455391,0.24324039090698013,0.2579416172404331,83,-0.8028426681669373,363700,0,0,smac,roc_auc,binary,LGBM,,False,holdout,0.0,78,3,3,LGBM_363700_20260405_160514,363700_rep0_fold0_smac_roc_auc_holdout,LGBM_363700_20260405_160514::363700_rep0_fold0_smac_roc_auc_holdout,0.17703862660944245,0.06752958579881663,0.10883813306851996
138,0.5,0.5,0.5,83,-0.8028426681668427,363700,0,0,smac,roc_auc,binary,LGBM,,False,holdout,0.0,78,3,3,LGBM_363700_20260405_160514,363700_rep0_fold0_smac_roc_auc_holdout,LGBM_363700_20260405_160514::363700_rep0_fold0_smac_roc_auc_holdout,0.9527896995708156,0.9672707100591715,0.8680569347898045
139,0.200956937799043,0.2341748105620871,0.2358528399856471,83,-0.8028426681668418,363700,0,0,smac,roc_auc,binary,LGBM,,False,holdout,0.0,78,3,3,LGBM_363700_20260405_160514,363700_rep0_fold0_smac_roc_auc_holdout,LGBM_363700_20260405_160514::363700_rep0_fold0_smac_roc_auc_holdout,0.04077253218884103,0.03576183431952695,0.03955643826547492
140,0.237123557556994,0.2873335162631656,0.27002553981889954,83,-0.8028426681668481,363700,0,0,smac,roc_auc,binary,LGBM,,False,holdout,0.0,78,3,3,LGBM_363700_20260405_160514,363700_rep0_fold0_smac_roc_auc_holdout,LGBM_363700_20260405_160514::363700_rep0_fold0_smac_roc_auc_holdout,0.1510729613733903,0.22204142011834316,0.1467394902350215
141,0.18899521531100472,0.23342550182578037,0.23207463537159367,141,-0.8110047846885797,363700,0,0,smac,roc_auc,binary,LGBM,,False,holdout,0.0,78,3,3,LGBM_363700_20260405_160514,363700_rep0_fold0_smac_roc_auc_holdout,LGBM_363700_20260405_160514::363700_rep0_fold0_smac_roc_auc_holdout,0.004291845493562036,0.03313609467455621,0.02770605759682155
142,0.20137911623979732,0.23163138231631386,0.22869746923612722,141,-0.8110047846886261,363700,0,0,smac,roc_auc,binary,LGBM,,False,holdout,0.0,78,3,3,LGBM_363700_20260405_160514,363700_rep0_fold0_smac_roc_auc_holdout,LGBM_363700_20260405_160514::363700_rep0_fold0_smac_roc_auc_holdout,0.042060085836909775,0.02684911242603589,0.01711353856338928
143,0.19335772586546585,0.23298224877050033,0.22844418177596726,141,-0.8110047846887085,363700,0,0,smac,roc_auc,binary,LGBM,,False,holdout,0.0,78,3,3,LGBM_363700_20260405_160514,363700_rep0_fold0_smac_roc_auc_holdout,LGBM_363700_20260405_160514::363700_rep0_fold0_smac_roc_auc_holdout,0.017596566523605296,0.03158284023668622,0.016319099635881948
144,0.1940613566000563,0.23443865166642042,0.23047048145724713,141,-0.8110047846887555,363700,0,0,smac,roc_auc,binary,LGBM,,False,holdout,0.0,78,3,3,LGBM_363700_20260405_160514,363700_rep0_fold0_smac_roc_auc_holdout,LGBM_363700_20260405_160514::363700_rep0_fold0_smac_roc_auc_holdout,0.019742489270386313,0.03668639053254463,0.022674611055941308
145,0.2347312130593865,0.2735715642611394,0.2624480233024463,141,-0.8110047846886052,363700,0,0,smac,roc_auc,binary,LGBM,,False,holdout,0.0,78,3,3,LGBM_363700_20260405_160514,363700_rep0_fold0_smac_roc_auc_holdout,LGBM_363700_20260405_160514::363700_rep0_fold0_smac_roc_auc_holdout,0.14377682403433498,0.1738165680473375,0.12297252565375673
146,0.19518716577540096,0.23317221436562052,0.23163138231631375,141,-0.8110047846885853,363700,0,0,smac,roc_auc,binary,LGBM,,False,holdout,0.0,78,3,3,LGBM_363700_20260405_160514,363700_rep0_fold0_smac_roc_auc_holdout,LGBM_363700_20260405_160514::363700_rep0_fold0_smac_roc_auc_holdout,0.023175965665235738,0.03224852071005968,0.026315789473683716
147,0.19377990430622016,0.23551512337210045,0.23165248960466045,141,-0.8110047846885277,363700,0,0,smac,roc_auc,binary,LGBM,,False,holdout,0.0,78,3,3,LGBM_363700_20260405_160514,363700_rep0_fold0_smac_roc_auc_holdout,LGBM_363700_20260405_160514::363700_rep0_fold0_smac_roc_auc_holdout,0.01888412017167404,0.04045857988165729,0.026381992717642775
148,0.1885730368702505,0.2384701437406337,0.23733035016991355,148,-0.8114269631294082,363700,0,0,smac,roc_auc,binary,LGBM,,False,holdout,0.0,78,3,3,LGBM_363700_20260405_160514,363700_rep0_fold0_smac_roc_auc_holdout,LGBM_363700_20260405_160514::363700_rep0_fold0_smac_roc_auc_holdout,0.003004291845493628,0.050813609467456035,0.044190665342601146
149,0.2900365887981986,0.26097051311817976,0.2799248580534859,148,-0.8114269631294078,363700,0,0,smac,roc_auc,binary,LGBM,,False,holdout,0.0,78,3,3,LGBM_363700_20260405_160514,363700_rep0_fold0_smac_roc_auc_holdout,LGBM_363700_20260405_160514::363700_rep0_fold0_smac_roc_auc_holdout,0.3124463519313302,0.12965976331360987,0.1777888116517707
150,0.1875879538418238,0.23475526099162036,0.23676045338455376,150,-0.812412046157922,363700,0,0,smac,roc_auc,binary,LGBM,,False,holdout,0.0,78,3,3,LGBM_363700_20260405_160514,363700_rep0_fold0_smac_roc_auc_holdout,LGBM_363700_20260405_160514::363700_rep0_fold0_smac_roc_auc_holdout,0.0,0.037795857988165774,0.042403177755709995
151,0.18998029833943142,0.23498744116343373,0.2332777508073538,150,-0.8124120461578237,363700,0,0,smac,roc_auc,binary,LGBM,,False,holdout,0.0,78,3,3,LGBM_363700_20260405_160514,363700_rep0_fold0_smac_roc_auc_holdout,LGBM_363700_20260405_160514::363700_rep0_fold0_smac_roc_auc_holdout,0.007296137339055664,0.03860946745562154,0.031479642502482426
152,0.2158739093723614,0.22636511387382052,0.2265128648922473,150,-0.8124120461577209,363700,0,0,smac,roc_auc,binary,LGBM,,False,holdout,0.0,78,3,3,LGBM_363700_20260405_160514,363700_rep0_fold0_smac_roc_auc_holdout,LGBM_363700_20260405_160514::363700_rep0_fold0_smac_roc_auc_holdout,0.08626609442060092,0.00839497041420107,0.010261502813637663
153,0.1940613566000563,0.2410663402072737,0.23885007493087362,150,-0.8124120461577693,363700,0,0,smac,roc_auc,binary,LGBM,,False,holdout,0.0,78,3,3,LGBM_363700_20260405_160514,363700_rep0_fold0_smac_roc_auc_holdout,LGBM_363700_20260405_160514::363700_rep0_fold0_smac_roc_auc_holdout,0.019742489270386313,0.05991124260355095,0.04895729890764619
154,0.19138755980861255,0.23863900204740696,0.23359436013255386,150,-0.8124120461577568,363700,0,0,smac,roc_auc,binary,LGBM,,False,holdout,0.0,78,3,3,LGBM_363700_20260405_160514,363700_rep0_fold0_smac_roc_auc_holdout,LGBM_363700_20260405_160514::363700_rep0_fold0_smac_roc_auc_holdout,0.011587982832618377,0.05140532544378718,0.03247269116186694
155,0.2117928511117365,0.22998501382527392,0.22873968381282062,150,-0.8124120461577268,363700,0,0,smac,roc_auc,binary,LGBM,,False,holdout,0.0,78,3,3,LGBM_363700_20260405_160514,363700_rep0_fold0_smac_roc_auc_holdout,LGBM_363700_20260405_160514::363700_rep0_fold0_smac_roc_auc_holdout,0.07381974248927026,0.021079881656805178,0.0172459450513074
156,0.5,0.5,0.5,150,-0.8124120461578036,363700,0,0,smac,roc_auc,binary,LGBM,,False,holdout,0.0,78,3,3,LGBM_363700_20260405_160514,363700_rep0_fold0_smac_roc_auc_holdout,LGBM_363700_20260405_160514::363700_rep0_fold0_smac_roc_auc_holdout,0.9527896995708156,0.9672707100591715,0.8680569347898045
157,0.20757106670419356,0.23809021255039364,0.2396521518880469,150,-0.8124120461577959,363700,0,0,smac,roc_auc,binary,LGBM,,False,holdout,0.0,78,3,3,LGBM_363700_20260405_160514,363700_rep0_fold0_smac_roc_auc_holdout,LGBM_363700_20260405_160514::363700_rep0_fold0_smac_roc_auc_holdout,0.06094420600858348,0.04948224852071028,0.05147302217808631
158,0.21896988460455946,0.2427971378517002,0.2448234375329802,150,-0.8124120461578133,363700,0,0,smac,roc_auc,binary,LGBM,,False,holdout,0.0,78,3,3,LGBM_363700_20260405_160514,363700_rep0_fold0_smac_roc_auc_holdout,LGBM_363700_20260405_160514::363700_rep0_fold0_smac_roc_auc_holdout,0.09570815450643759,0.06597633136094704,0.06769281694803037
159,0.20363073459048697,0.22993224560440728,0.23197965257403375,150,-0.8124120461577496,363700,0,0,smac,roc_auc,binary,LGBM,,False,holdout,0.0,78,3,3,LGBM_363700_20260405_160514,363700_rep0_fold0_smac_roc_auc_holdout,LGBM_363700_20260405_160514::363700_rep0_fold0_smac_roc_auc_holdout,0.048927038626609645,0.02089497041420172,0.02740814299900647
160,0.21270757106670424,0.22791649956730065,0.22709331532178056,150,-0.8124120461576467,363700,0,0,smac,roc_auc,binary,LGBM,,False,holdout,0.0,78,3,3,LGBM_363700_20260405_160514,363700_rep0_fold0_smac_roc_auc_holdout,LGBM_363700_20260405_160514::363700_rep0_fold0_smac_roc_auc_holdout,0.07660944206008599,0.013831360946746021,0.012082092022508692
161,0.21896988460455946,0.24133018131160688,0.2472507756928466,150,-0.8124120461576637,363700,0,0,smac,roc_auc,binary,LGBM,,False,holdout,0.0,78,3,3,LGBM_363700_20260405_160514,363700_rep0_fold0_smac_roc_auc_holdout,LGBM_363700_20260405_160514::363700_rep0_fold0_smac_roc_auc_holdout,0.09570815450643759,0.06083579881656824,0.07530619000330943
162,0.21854770616380537,0.22396943664647395,0.2248981573337273,150,-0.8124120461576649,363700,0,0,smac,roc_auc,binary,LGBM,,False,holdout,0.0,78,3,3,LGBM_363700_20260405_160514,363700_rep0_fold0_smac_roc_auc_holdout,LGBM_363700_20260405_160514::363700_rep0_fold0_smac_roc_auc_holdout,0.09442060085836952,0.0,0.005196954650777543
163,0.2119335772586547,0.2359583764273805,0.23666547058699372,150,-0.8124120461576794,363700,0,0,smac,roc_auc,binary,LGBM,,False,holdout,0.0,78,3,3,LGBM_363700_20260405_160514,363700_rep0_fold0_smac_roc_auc_holdout,LGBM_363700_20260405_160514::363700_rep0_fold0_smac_roc_auc_holdout,0.07424892703862673,0.04201183431952728,0.04210526315789457
164,0.19349845201238391,0.2359372691390338,0.23306667792388713,150,-0.8124120461575228,363700,0,0,smac,roc_auc,binary,LGBM,,False,holdout,0.0,78,3,3,LGBM_363700_20260405_160514,363700_rep0_fold0_smac_roc_auc_holdout,LGBM_363700_20260405_160514::363700_rep0_fold0_smac_roc_auc_holdout,0.018025751072961428,0.04193786982248574,0.030817610062892863
165,0.21348156487475367,0.22846528906431396,0.22513033750554057,150,-0.8124120461575013,363700,0,0,smac,roc_auc,binary,LGBM,,False,holdout,0.0,78,3,3,LGBM_363700_20260405_160514,363700_rep0_fold0_smac_roc_auc_holdout,LGBM_363700_20260405_160514::363700_rep0_fold0_smac_roc_auc_holdout,0.0789699570815449,0.015754437869822925,0.005925190334325816
166,0.21622572473965662,0.2489710196931001,0.25353019397598,150,-0.8124120461575012,363700,0,0,smac,roc_auc,binary,LGBM,,False,holdout,0.0,78,3,3,LGBM_363700_20260405_160514,363700_rep0_fold0_smac_roc_auc_holdout,LGBM_363700_20260405_160514::363700_rep0_fold0_smac_roc_auc_holdout,0.08733905579399141,0.08761094674556259,0.09500165508109894
167,0.2178440754292148,0.24046478248939362,0.24438018447770005,150,-0.81241204615742,363700,0,0,smac,roc_auc,binary,LGBM,,False,holdout,0.0,78,3,3,LGBM_363700_20260405_160514,363700_rep0_fold0_smac_roc_auc_holdout,LGBM_363700_20260405_160514::363700_rep0_fold0_smac_roc_auc_holdout,0.09227467811158817,0.0578032544378702,0.06630254882489184
168,0.22319166901210252,0.25767777613609966,0.25242206133778,150,-0.8124120461574117,363700,0,0,smac,roc_auc,binary,LGBM,,False,holdout,0.0,78,3,3,LGBM_363700_20260405_160514,363700_rep0_fold0_smac_roc_auc_holdout,LGBM_363700_20260405_160514::363700_rep0_fold0_smac_roc_auc_holdout,0.10858369098712471,0.11812130177514767,0.09152598477325384
169,0.2099634112018013,0.22790594592312718,0.2265550794689405,150,-0.8124120461573939,363700,0,0,smac,roc_auc,binary,LGBM,,False,holdout,0.0,78,3,3,LGBM_363700_20260405_160514,363700_rep0_fold0_smac_roc_auc_holdout,LGBM_363700_20260405_160514::363700_rep0_fold0_smac_roc_auc_holdout,0.06824034334763948,0.013794378698224863,0.010393909301555086
170,0.19490571348156482,0.23486079743335375,0.23156806045127398,150,-0.8124120461574069,363700,0,0,smac,roc_auc,binary,LGBM,,False,holdout,0.0,78,3,3,LGBM_363700_20260405_160514,363700_rep0_fold0_smac_roc_auc_holdout,LGBM_363700_20260405_160514::363700_rep0_fold0_smac_roc_auc_holdout,0.022317596566523466,0.038165680473373084,0.026117179741807578
171,0.19476498733464676,0.23686598982628704,0.23505076302847372,150,-0.8124120461573969,363700,0,0,smac,roc_auc,binary,LGBM,,False,holdout,0.0,78,3,3,LGBM_363700_20260405_160514,363700_rep0_fold0_smac_roc_auc_holdout,LGBM_363700_20260405_160514::363700_rep0_fold0_smac_roc_auc_holdout,0.02188841201716733,0.04519230769230801,0.03704071499503445
172,0.2307205178722207,0.23562065981383362,0.23140975578867373,150,-0.8124120461574008,363700,0,0,smac,roc_auc,binary,LGBM,,False,holdout,0.0,78,3,3,LGBM_363700_20260405_160514,363700_rep0_fold0_smac_roc_auc_holdout,LGBM_363700_20260405_160514::363700_rep0_fold0_smac_roc_auc_holdout,0.13154506437768254,0.040828402366863824,0.025620655412114626
173,0.2302279763580073,0.2380163370411803,0.24145682504168686,150,-0.8124120461574004,363700,0,0,smac,roc_auc,binary,LGBM,,False,holdout,0.0,78,3,3,LGBM_363700_20260405_160514,363700_rep0_fold0_smac_roc_auc_holdout,LGBM_363700_20260405_160514::363700_rep0_fold0_smac_roc_auc_holdout,0.13004291845493557,0.049223372781065276,0.05713339953657693
174,0.2262172811708416,0.2384701437406337,0.23250733478270047,150,-0.8124120461573942,363700,0,0,smac,roc_auc,binary,LGBM,,False,holdout,0.0,78,3,3,LGBM_363700_20260405_160514,363700_rep0_fold0_smac_roc_auc_holdout,LGBM_363700_20260405_160514::363700_rep0_fold0_smac_roc_auc_holdout,0.1178111587982835,0.050813609467456035,0.029063224097980546
175,0.25035181536729534,0.24461236464951353,0.2665639445300463,150,-0.8124120461574023,363700,0,0,smac,roc_auc,binary,LGBM,,False,holdout,0.0,78,3,3,LGBM_363700_20260405_160514,363700_rep0_fold0_smac_roc_auc_holdout,LGBM_363700_20260405_160514::363700_rep0_fold0_smac_roc_auc_holdout,0.19141630901287587,0.07233727810650928,0.13588215822575297
176,0.24887419082465512,0.2428393524283935,0.2612449078666865,150,-0.8124120461574057,363700,0,0,smac,roc_auc,binary,LGBM,,False,holdout,0.0,78,3,3,LGBM_363700_20260405_160514,363700_rep0_fold0_smac_roc_auc_holdout,LGBM_363700_20260405_160514::363700_rep0_fold0_smac_roc_auc_holdout,0.1869098712446349,0.06612426035502972,0.11919894074809691
177,0.19335772586546573,0.23606391286911366,0.23239124469679395,150,-0.8124120461574099,363700,0,0,smac,roc_auc,binary,LGBM,,False,holdout,0.0,78,3,3,LGBM_363700_20260405_160514,363700_rep0_fold0_smac_roc_auc_holdout,LGBM_363700_20260405_160514::363700_rep0_fold0_smac_roc_auc_holdout,0.017596566523604956,0.04238165680473381,0.02869910625620676
178,0.21221502955249083,0.22833864533423398,0.22597462903940713,150,-0.812412046157419,363700,0,0,smac,roc_auc,binary,LGBM,,False,holdout,0.0,78,3,3,LGBM_363700_20260405_160514,363700_rep0_fold0_smac_roc_auc_holdout,LGBM_363700_20260405_160514::363700_rep0_fold0_smac_roc_auc_holdout,0.075107296137339,0.015310650887574467,0.008573320092683709
179,0.21249648184632708,0.23140975578867384,0.23404816683200702,150,-0.8124120461574174,363700,0,0,smac,roc_auc,binary,LGBM,,False,holdout,0.0,78,3,3,LGBM_363700_20260405_160514,363700_rep0_fold0_smac_roc_auc_holdout,LGBM_363700_20260405_160514::363700_rep0_fold0_smac_roc_auc_holdout,0.07596566523605162,0.026072485207100895,0.03389606090698395
180,0.19321699971854767,0.2364860586360471,0.23752031576503363,150,-0.8124120461573441,363700,0,0,smac,roc_auc,binary,LGBM,,False,holdout,0.0,78,3,3,LGBM_363700_20260405_160514,363700_rep0_fold0_smac_roc_auc_holdout,LGBM_363700_20260405_160514::363700_rep0_fold0_smac_roc_auc_holdout,0.01716738197424882,0.043860946745562644,0.044786494538232
181,0.2019420208274697,0.2435147856554868,0.24239609937311357,150,-0.8124120461573523,363700,0,0,smac,roc_auc,binary,LGBM,,False,holdout,0.0,78,3,3,LGBM_363700_20260405_160514,363700_rep0_fold0_smac_roc_auc_holdout,LGBM_363700_20260405_160514::363700_rep0_fold0_smac_roc_auc_holdout,0.04377682403433466,0.06849112426035509,0.06007944389275059
182,0.28778497044750917,0.31425586254933824,0.2889904383983789,150,-0.8124120461573491,363700,0,0,smac,roc_auc,binary,LGBM,,False,holdout,0.0,78,3,3,LGBM_363700_20260405_160514,363700_rep0_fold0_smac_roc_auc_holdout,LGBM_363700_20260405_160514::363700_rep0_fold0_smac_roc_auc_holdout,0.305579399141631,0.31638313609467456,0.20622310493214124
183,0.2158739093723614,0.2415940224159402,0.24830614011018004,150,-0.8124120461573476,363700,0,0,smac,roc_auc,binary,LGBM,,False,holdout,0.0,78,3,3,LGBM_363700_20260405_160514,363700_rep0_fold0_smac_roc_auc_holdout,LGBM_363700_20260405_160514::363700_rep0_fold0_smac_roc_auc_holdout,0.08626609442060092,0.06176035502958592,0.07861635220125758
184,0.24542640022516182,0.25122949954619334,0.2650442197690863,150,-0.8124120461573512,363700,0,0,smac,roc_auc,binary,LGBM,,False,holdout,0.0,78,3,3,LGBM_363700_20260405_160514,363700_rep0_fold0_smac_roc_auc_holdout,LGBM_363700_20260405_160514::363700_rep0_fold0_smac_roc_auc_holdout,0.17639484978540773,0.09552514792899443,0.13111552466070828
185,0.19532789192231925,0.23608502015746047,0.23382654030436723,150,-0.8124120461573021,363700,0,0,smac,roc_auc,binary,LGBM,,False,holdout,0.0,78,3,3,LGBM_363700_20260405_160514,363700_rep0_fold0_smac_roc_auc_holdout,LGBM_363700_20260405_160514::363700_rep0_fold0_smac_roc_auc_holdout,0.02360515021459255,0.042455621301775735,0.03320092684541556
186,0.20813397129186606,0.2300905502670072,0.22736771007028722,150,-0.8124120461573053,363700,0,0,smac,roc_auc,binary,LGBM,,False,holdout,0.0,78,3,3,LGBM_363700_20260405_160514,363700_rep0_fold0_smac_roc_auc_holdout,LGBM_363700_20260405_160514::363700_rep0_fold0_smac_roc_auc_holdout,0.06266094420600869,0.021449704142012097,0.012942734193975085
187,0.22044750914719957,0.23146252400954048,0.22774764126052727,150,-0.8124120461573062,363700,0,0,smac,roc_auc,binary,LGBM,,False,holdout,0.0,78,3,3,LGBM_363700_20260405_160514,363700_rep0_fold0_smac_roc_auc_holdout,LGBM_363700_20260405_160514::363700_rep0_fold0_smac_roc_auc_holdout,0.1002145922746782,0.026257396449704356,0.014134392585236433
188,0.22269912749788912,0.239082255102687,0.22991113831606058,150,-0.8124120461573056,363700,0,0,smac,roc_auc,binary,LGBM,,False,holdout,0.0,78,3,3,LGBM_363700_20260405_160514,363700_rep0_fold0_smac_roc_auc_holdout,LGBM_363700_20260405_160514::363700_rep0_fold0_smac_roc_auc_holdout,0.10708154506437773,0.05295857988165717,0.020920225091029337
189,0.21362229102167196,0.22605905819279393,0.22605905819279393,150,-0.812412046157309,363700,0,0,smac,roc_auc,binary,LGBM,,False,holdout,0.0,78,3,3,LGBM_363700_20260405_160514,363700_rep0_fold0_smac_roc_auc_holdout,LGBM_363700_20260405_160514::363700_rep0_fold0_smac_roc_auc_holdout,0.07939914163090173,0.007322485207100697,0.008838133068519952
190,0.1934984520123838,0.2325178884268737,0.23040715959220714,150,-0.8124120461573061,363700,0,0,smac,roc_auc,binary,LGBM,,False,holdout,0.0,78,3,3,LGBM_363700_20260405_160514,363700_rep0_fold0_smac_roc_auc_holdout,LGBM_363700_20260405_160514::363700_rep0_fold0_smac_roc_auc_holdout,0.01802575107296109,0.029955621301775086,0.022476001324064476
191,0.1950464396284829,0.24383139498068684,0.24744074128796678,150,-0.812412046157279,363700,0,0,smac,roc_auc,binary,LGBM,,False,holdout,0.0,78,3,3,LGBM_363700_20260405_160514,363700_rep0_fold0_smac_roc_auc_holdout,LGBM_363700_20260405_160514::363700_rep0_fold0_smac_roc_auc_holdout,0.0227467811158796,0.06960059171597661,0.07590201919894063
192,0.19265409513087528,0.2345441881081537,0.2346075099731938,150,-0.8124120461572646,363700,0,0,smac,roc_auc,binary,LGBM,,False,holdout,0.0,78,3,3,LGBM_363700_20260405_160514,363700_rep0_fold0_smac_roc_auc_holdout,LGBM_363700_20260405_160514::363700_rep0_fold0_smac_roc_auc_holdout,0.015450643776823937,0.037056213017751555,0.03565044687189662
193,0.2029271038558964,0.23627498575258044,0.23918779154442027,150,-0.812412046157287,363700,0,0,smac,roc_auc,binary,LGBM,,False,holdout,0.0,78,3,3,LGBM_363700_20260405_160514,363700_rep0_fold0_smac_roc_auc_holdout,LGBM_363700_20260405_160514::363700_rep0_fold0_smac_roc_auc_holdout,0.046781115879828285,0.04312130177514842,0.050016550810989414
194,0.19659442724458198,0.22846528906431385,0.22848639635266044,150,-0.8124120461572836,363700,0,0,smac,roc_auc,binary,LGBM,,False,holdout,0.0,78,3,3,LGBM_363700_20260405_160514,363700_rep0_fold0_smac_roc_auc_holdout,LGBM_363700_20260405_160514::363700_rep0_fold0_smac_roc_auc_holdout,0.027467811158798112,0.015754437869822537,0.01645150612379937
195,0.22248803827751196,0.26287016906937966,0.2555670473014332,150,-0.8124120461572849,363700,0,0,smac,roc_auc,binary,LGBM,,False,holdout,0.0,78,3,3,LGBM_363700_20260405_160514,363700_rep0_fold0_smac_roc_auc_holdout,LGBM_363700_20260405_160514::363700_rep0_fold0_smac_roc_auc_holdout,0.10643776824034336,0.1363165680473375,0.10139026812313784
196,0.5,0.5,0.5,150,-0.8124120461572475,363700,0,0,smac,roc_auc,binary,LGBM,,False,holdout,0.0,78,3,3,LGBM_363700_20260405_160514,363700_rep0_fold0_smac_roc_auc_holdout,LGBM_363700_20260405_160514::363700_rep0_fold0_smac_roc_auc_holdout,0.9527896995708156,0.9672707100591715,0.8680569347898045
197,0.22206585983675764,0.2399371002807269,0.23516685311438046,150,-0.8124120461572472,363700,0,0,smac,roc_auc,binary,LGBM,,False,holdout,0.0,78,3,3,LGBM_363700_20260405_160514,363700_rep0_fold0_smac_roc_auc_holdout,LGBM_363700_20260405_160514::363700_rep0_fold0_smac_roc_auc_holdout,0.10515021459227461,0.05595414201183444,0.03740483283680894
198,0.22642837039121866,0.24139350317664687,0.24501340312810016,150,-0.8124120461572474,363700,0,0,smac,roc_auc,binary,LGBM,,False,holdout,0.0,78,3,3,LGBM_363700_20260405_160514,363700_rep0_fold0_smac_roc_auc_holdout,LGBM_363700_20260405_160514::363700_rep0_fold0_smac_roc_auc_holdout,0.11845493562231753,0.061057692307692465,0.06828864614366087
199,0.21826625386996912,0.25128226776706,0.25153555522721993,150,-0.8124120461572446,363700,0,0,smac,roc_auc,binary,LGBM,,False,holdout,0.0,78,3,3,LGBM_363700_20260405_160514,363700_rep0_fold0_smac_roc_auc_holdout,LGBM_363700_20260405_160514::363700_rep0_fold0_smac_roc_auc_holdout,0.09356223175965692,0.09571005917159789,0.08874544852697748
200,0.5,0.25232707854021996,0.5,150,-0.8124120461572499,363700,0,0,smac,roc_auc,binary,LGBM,,False,holdout,0.0,78,3,3,LGBM_363700_20260405_160514,363700_rep0_fold0_smac_roc_auc_holdout,LGBM_363700_20260405_160514::363700_rep0_fold0_smac_roc_auc_holdout,0.9527896995708156,0.09937130177514825,0.8680569347898045
201,0.2172811708415423,0.24352533929966014,0.24575215822023333,150,-0.8124120461572503,363700,0,0,smac,roc_auc,binary,LGBM,,False,holdout,0.0,78,3,3,LGBM_363700_20260405_160514,363700_rep0_fold0_smac_roc_auc_holdout,LGBM_363700_20260405_160514::363700_rep0_fold0_smac_roc_auc_holdout,0.09055793991416294,0.06852810650887585,0.0706057596822238
202,0.23128342245989297,0.237467547544167,0.2326867467336471,150,-0.8124120461572543,363700,0,0,smac,roc_auc,binary,LGBM,,False,holdout,0.0,78,3,3,LGBM_363700_20260405_160514,363700_rep0_fold0_smac_roc_auc_holdout,LGBM_363700_20260405_160514::363700_rep0_fold0_smac_roc_auc_holdout,0.13326180257510709,0.047300295857988374,0.02962595167163152
203,0.2619617224880382,0.2423327775080737,0.24621651856386007,150,-0.8124120461572581,363700,0,0,smac,roc_auc,binary,LGBM,,False,holdout,0.0,78,3,3,LGBM_363700_20260405_160514,363700_rep0_fold0_smac_roc_auc_holdout,LGBM_363700_20260405_160514::363700_rep0_fold0_smac_roc_auc_holdout,0.22682403433476367,0.06434911242603629,0.07206223104932104
204,0.24345623416830842,0.2351774067585537,0.2466386643307934,150,-0.8124120461572555,363700,0,0,smac,roc_auc,binary,LGBM,,False,holdout,0.0,78,3,3,LGBM_363700_20260405_160514,363700_rep0_fold0_smac_roc_auc_holdout,LGBM_363700_20260405_160514::363700_rep0_fold0_smac_roc_auc_holdout,0.17038626609442045,0.039275147928994225,0.07338629592850017
205,0.2094005066141289,0.24582603372944678,0.259429681068873,150,-0.8124120461572435,363700,0,0,smac,roc_auc,binary,LGBM,,False,holdout,0.0,78,3,3,LGBM_363700_20260405_160514,363700_rep0_fold0_smac_roc_auc_holdout,LGBM_363700_20260405_160514::363700_rep0_fold0_smac_roc_auc_holdout,0.0665236051502146,0.07659023668639077,0.11350546176762605
206,0.19392063045313823,0.23758363763007362,0.24701859552103334,150,-0.8124120461572409,363700,0,0,smac,roc_auc,binary,LGBM,,False,holdout,0.0,78,3,3,LGBM_363700_20260405_160514,363700_rep0_fold0_smac_roc_auc_holdout,LGBM_363700_20260405_160514::363700_rep0_fold0_smac_roc_auc_holdout,0.019313304721030176,0.04770710059171606,0.07457795431976116
207,0.22044750914719957,0.24245942123815356,0.2451717077907002,150,-0.8124120461572649,363700,0,0,smac,roc_auc,binary,LGBM,,False,holdout,0.0,78,3,3,LGBM_363700_20260405_160514,363700_rep0_fold0_smac_roc_auc_holdout,LGBM_363700_20260405_160514::363700_rep0_fold0_smac_roc_auc_holdout,0.1002145922746782,0.06479289940828435,0.06878517047335313
208,0.2519701660568533,0.2453300124533,0.26440044747451297,150,-0.8124120461572758,363700,0,0,smac,roc_auc,binary,LGBM,,False,holdout,0.0,78,3,3,LGBM_363700_20260405_160514,363700_rep0_fold0_smac_roc_auc_holdout,LGBM_363700_20260405_160514::363700_rep0_fold0_smac_roc_auc_holdout,0.19635193133047193,0.07485207100591694,0.12909632571996008
209,0.23459048691246842,0.24560440720180687,0.25577812018489987,150,-0.8124120461572873,363700,0,0,smac,roc_auc,binary,LGBM,,False,holdout,0.0,78,3,3,LGBM_363700_20260405_160514,363700_rep0_fold0_smac_roc_auc_holdout,LGBM_363700_20260405_160514::363700_rep0_fold0_smac_roc_auc_holdout,0.14334763948497883,0.07581360946745618,0.10205230056272739
210,0.21327047565437662,0.22998501382527392,0.23957827637883367,150,-0.8124120461572886,363700,0,0,smac,roc_auc,binary,LGBM,,False,holdout,0.0,78,3,3,LGBM_363700_20260405_160514,363700_rep0_fold0_smac_roc_auc_holdout,LGBM_363700_20260405_160514::363700_rep0_fold0_smac_roc_auc_holdout,0.07832618025751087,0.021079881656805178,0.05124131082423029
211,0.21960315226569094,0.24405302150832686,0.2332988580957005,150,-0.8124120461572921,363700,0,0,smac,roc_auc,binary,LGBM,,False,holdout,0.0,78,3,3,LGBM_363700_20260405_160514,363700_rep0_fold0_smac_roc_auc_holdout,LGBM_363700_20260405_160514::363700_rep0_fold0_smac_roc_auc_holdout,0.0976394849785407,0.07037721893491161,0.03154584574644149
212,0.20911905432029265,0.2343858834455539,0.23728813559322026,150,-0.8124120461572915,363700,0,0,smac,roc_auc,binary,LGBM,,False,holdout,0.0,78,3,3,LGBM_363700_20260405_160514,363700_rep0_fold0_smac_roc_auc_holdout,LGBM_363700_20260405_160514::363700_rep0_fold0_smac_roc_auc_holdout,0.06566523605150199,0.03650147928994157,0.044058258854683376
213,0.5,0.24607932118960685,0.5,150,-0.8124120461572316,363700,0,0,smac,roc_auc,binary,LGBM,,False,holdout,0.0,78,3,3,LGBM_363700_20260405_160514,363700_rep0_fold0_smac_roc_auc_holdout,LGBM_363700_20260405_160514::363700_rep0_fold0_smac_roc_auc_holdout,0.9527896995708156,0.07747781065088807,0.8680569347898045
214,0.19124683366169437,0.23277117588703378,0.23110370010764714,150,-0.8124120461572757,363700,0,0,smac,roc_auc,binary,LGBM,,False,holdout,0.0,78,3,3,LGBM_363700_20260405_160514,363700_rep0_fold0_smac_roc_auc_holdout,LGBM_363700_20260405_160514::363700_rep0_fold0_smac_roc_auc_holdout,0.011158798283261903,0.030843195266272386,0.02466070837470999
215,0.23240923163523786,0.23915613061190033,0.2412246448698735,150,-0.8124120461572424,363700,0,0,smac,roc_auc,binary,LGBM,,False,holdout,0.0,78,3,3,LGBM_363700_20260405_160514,363700_rep0_fold0_smac_roc_auc_holdout,LGBM_363700_20260405_160514::363700_rep0_fold0_smac_roc_auc_holdout,0.1366952789699572,0.053217455621302166,0.05640516385302831
216,0.1995496763298621,0.2300483356903138,0.22755767566540708,150,-0.8124120461572337,363700,0,0,smac,roc_auc,binary,LGBM,,False,holdout,0.0,78,3,3,LGBM_363700_20260405_160514,363700_rep0_fold0_smac_roc_auc_holdout,LGBM_363700_20260405_160514::363700_rep0_fold0_smac_roc_auc_holdout,0.03648068669527899,0.021301775147929018,0.013538563389605237
217,0.21699971854770617,0.2425121894590201,0.24003208307828705,150,-0.8124120461572346,363700,0,0,smac,roc_auc,binary,LGBM,,False,holdout,0.0,78,3,3,LGBM_363700_20260405_160514,363700_rep0_fold0_smac_roc_auc_holdout,LGBM_363700_20260405_160514::363700_rep0_fold0_smac_roc_auc_holdout,0.08969957081545067,0.06497781065088742,0.052664680569348005
218,0.22368421052631582,0.24745129493214013,0.25557760094560655,150,-0.8124120461572332,363700,0,0,smac,roc_auc,binary,LGBM,,False,holdout,0.0,78,3,3,LGBM_363700_20260405_160514,363700_rep0_fold0_smac_roc_auc_holdout,LGBM_363700_20260405_160514::363700_rep0_fold0_smac_roc_auc_holdout,0.11008583690987137,0.08228550295858034,0.10142336974511737
219,0.2198142414860681,0.2409185891888469,0.24391582413407353,150,-0.8124120461572283,363700,0,0,smac,roc_auc,binary,LGBM,,False,holdout,0.0,78,3,3,LGBM_363700_20260405_160514,363700_rep0_fold0_smac_roc_auc_holdout,LGBM_363700_20260405_160514::363700_rep0_fold0_smac_roc_auc_holdout,0.09828326180257509,0.05939349112426056,0.06484607745779529
220,0.5,0.5,0.5,150,-0.8124120461572572,363700,0,0,smac,roc_auc,binary,LGBM,,False,holdout,0.0,78,3,3,LGBM_363700_20260405_160514,363700_rep0_fold0_smac_roc_auc_holdout,LGBM_363700_20260405_160514::363700_rep0_fold0_smac_roc_auc_holdout,0.9527896995708156,0.9672707100591715,0.8680569347898045
221,0.20925978046721083,0.22763155117462053,0.24505561770479345,150,-0.8124120461573489,363700,0,0,smac,roc_auc,binary,LGBM,,False,holdout,0.0,78,3,3,LGBM_363700_20260405_160514,363700_rep0_fold0_smac_roc_auc_holdout,LGBM_363700_20260405_160514::363700_rep0_fold0_smac_roc_auc_holdout,0.06609442060085846,0.01283284023668641,0.06842105263157863
222,0.21671826625387003,0.2604639381978596,0.2701732908373261,150,-0.8124120461576438,363700,0,0,smac,roc_auc,binary,LGBM,,False,holdout,0.0,78,3,3,LGBM_363700_20260405_160514,363700_rep0_fold0_smac_roc_auc_holdout,LGBM_363700_20260405_160514::363700_rep0_fold0_smac_roc_auc_holdout,0.0888412017167384,0.12788461538461526,0.14720291294273388
223,0.20109766394596118,0.22795871414399393,0.22650231124807396,150,-0.812412046157643,363700,0,0,smac,roc_auc,binary,LGBM,,False,holdout,0.0,78,3,3,LGBM_363700_20260405_160514,363700_rep0_fold0_smac_roc_auc_holdout,LGBM_363700_20260405_160514::363700_rep0_fold0_smac_roc_auc_holdout,0.0412017167381975,0.01397928994082871,0.010228401191658132
224,0.264424430059105,0.2821833379065791,0.27496464529201936,150,-0.8124120461576428,363700,0,0,smac,roc_auc,binary,LGBM,,False,holdout,0.0,78,3,3,LGBM_363700_20260405_160514,363700_rep0_fold0_smac_roc_auc_holdout,LGBM_363700_20260405_160514::363700_rep0_fold0_smac_roc_auc_holdout,0.23433476394849792,0.20399408284023682,0.16223104932141658
225,0.27146073740501,0.27829959685079264,0.26730269962217945,150,-0.812412046157645,363700,0,0,smac,roc_auc,binary,LGBM,,False,holdout,0.0,78,3,3,LGBM_363700_20260405_160514,363700_rep0_fold0_smac_roc_auc_holdout,LGBM_363700_20260405_160514::363700_rep0_fold0_smac_roc_auc_holdout,0.25579399141630943,0.1903846153846158,0.13819927176431593
226,0.22783563186039957,0.23627498575258032,0.2322962618992337,150,-0.8124120461576457,363700,0,0,smac,roc_auc,binary,LGBM,,False,holdout,0.0,78,3,3,LGBM_363700_20260405_160514,363700_rep0_fold0_smac_roc_auc_holdout,LGBM_363700_20260405_160514::363700_rep0_fold0_smac_roc_auc_holdout,0.12274678111587957,0.04312130177514803,0.02840119165839064
227,0.21165212496481844,0.23311944614475366,0.239652151888047,150,-0.8124120461576466,363700,0,0,smac,roc_auc,binary,LGBM,,False,holdout,0.0,78,3,3,LGBM_363700_20260405_160514,363700_rep0_fold0_smac_roc_auc_holdout,LGBM_363700_20260405_160514::363700_rep0_fold0_smac_roc_auc_holdout,0.07339055793991413,0.03206360946745545,0.05147302217808666
228,0.19757951027300868,0.23338328724908708,0.2294151170399139,150,-0.8124120461573621,363700,0,0,smac,roc_auc,binary,LGBM,,False,holdout,0.0,78,3,3,LGBM_363700_20260405_160514,363700_rep0_fold0_smac_roc_auc_holdout,LGBM_363700_20260405_160514::363700_rep0_fold0_smac_roc_auc_holdout,0.03047210300429174,0.03298816568047352,0.019364448857993856
229,0.26752040529130316,0.27302277476412595,0.2740570318931127,150,-0.8124120461573632,363700,0,0,smac,roc_auc,binary,LGBM,,False,holdout,0.0,78,3,3,LGBM_363700_20260405_160514,363700_rep0_fold0_smac_roc_auc_holdout,LGBM_363700_20260405_160514::363700_rep0_fold0_smac_roc_auc_holdout,0.24377682403433493,0.1718934911242602,0.15938430983118151
230,0.2058823529411764,0.2306182324756738,0.2302171939970873,150,-0.812412046157353,363700,0,0,smac,roc_auc,binary,LGBM,,False,holdout,0.0,78,3,3,LGBM_363700_20260405_160514,363700_rep0_fold0_smac_roc_auc_holdout,LGBM_363700_20260405_160514::363700_rep0_fold0_smac_roc_auc_holdout,0.055793991416308836,0.02329881656804746,0.021880172128434322
231,0.1985645933014354,0.2275365683770607,0.2262279164995673,150,-0.8124120461573507,363700,0,0,smac,roc_auc,binary,LGBM,,False,holdout,0.0,78,3,3,LGBM_363700_20260405_160514,363700_rep0_fold0_smac_roc_auc_holdout,LGBM_363700_20260405_160514::363700_rep0_fold0_smac_roc_auc_holdout,0.03347639484978537,0.012500000000000651,0.009367759020191739
232,0.21249648184632708,0.2342803470038204,0.24019038774088686,150,-0.8124120461573573,363700,0,0,smac,roc_auc,binary,LGBM,,False,holdout,0.0,78,3,3,LGBM_363700_20260405_160514,363700_rep0_fold0_smac_roc_auc_holdout,LGBM_363700_20260405_160514::363700_rep0_fold0_smac_roc_auc_holdout,0.07596566523605162,0.03613165680473387,0.05316120489903957
233,0.1965944272445821,0.2428604597167402,0.24820060366844665,150,-0.8124120461573507,363700,0,0,smac,roc_auc,binary,LGBM,,False,holdout,0.0,78,3,3,LGBM_363700_20260405_160514,363700_rep0_fold0_smac_roc_auc_holdout,LGBM_363700_20260405_160514::363700_rep0_fold0_smac_roc_auc_holdout,0.02746781115879845,0.06619822485207126,0.07828533598146263
234,0.20067548550520686,0.22962618992338046,0.22724106634020713,150,-0.8124120461573553,363700,0,0,smac,roc_auc,binary,LGBM,,False,holdout,0.0,78,3,3,LGBM_363700_20260405_160514,363700_rep0_fold0_smac_roc_auc_holdout,LGBM_363700_20260405_160514::363700_rep0_fold0_smac_roc_auc_holdout,0.03991416309012876,0.01982248520710057,0.01254551473022107
235,0.2411342527441599,0.23735145745826025,0.23911391603520693,150,-0.8124120461573675,363700,0,0,smac,roc_auc,binary,LGBM,,False,holdout,0.0,78,3,3,LGBM_363700_20260405_160514,363700_rep0_fold0_smac_roc_auc_holdout,LGBM_363700_20260405_160514::363700_rep0_fold0_smac_roc_auc_holdout,0.16330472103004304,0.0468934911242603,0.04978483945713305
236,0.22016605685336343,0.23052324967811377,0.2310087173100871,150,-0.8124120461573692,363700,0,0,smac,roc_auc,binary,LGBM,,False,holdout,0.0,78,3,3,LGBM_363700_20260405_160514,363700_rep0_fold0_smac_roc_auc_holdout,LGBM_363700_20260405_160514::363700_rep0_fold0_smac_roc_auc_holdout,0.09935622317596593,0.022965976331360924,0.024362793776894567
237,0.2203771460737406,0.24184730987610026,0.2438208413365136,150,-0.8124120461573684,363700,0,0,smac,roc_auc,binary,LGBM,,False,holdout,0.0,78,3,3,LGBM_363700_20260405_160514,363700_rep0_fold0_smac_roc_auc_holdout,LGBM_363700_20260405_160514::363700_rep0_fold0_smac_roc_auc_holdout,0.10000000000000031,0.06264792899408322,0.06454816285998022
238,0.21404446946242617,0.2261857019228739,0.2250881229288474,150,-0.8124120461573706,363700,0,0,smac,roc_auc,binary,LGBM,,False,holdout,0.0,78,3,3,LGBM_363700_20260405_160514,363700_rep0_fold0_smac_roc_auc_holdout,LGBM_363700_20260405_160514::363700_rep0_fold0_smac_roc_auc_holdout,0.08068669527897013,0.007766272189349154,0.005792783846408391
239,0.19617224880382778,0.23019608670874048,0.23095594908922057,150,-0.8124120461573721,363700,0,0,smac,roc_auc,binary,LGBM,,False,holdout,0.0,78,3,3,LGBM_363700_20260405_160514,363700_rep0_fold0_smac_roc_auc_holdout,LGBM_363700_20260405_160514::363700_rep0_fold0_smac_roc_auc_holdout,0.026180257510729704,0.021819526627219015,0.02419728566699761
240,0.18969884604559528,0.23716149186314028,0.23445975895476712,150,-0.8124120461573823,363700,0,0,smac,roc_auc,binary,LGBM,,False,holdout,0.0,78,3,3,LGBM_363700_20260405_160514,363700_rep0_fold0_smac_roc_auc_holdout,LGBM_363700_20260405_160514::363700_rep0_fold0_smac_roc_auc_holdout,0.006437768240343392,0.046227810650887616,0.03518702416418389
241,0.2193920630453139,0.23567342803470037,0.24553053169259342,150,-0.8124120461573835,363700,0,0,smac,roc_auc,binary,LGBM,,False,holdout,0.0,78,3,3,LGBM_363700_20260405_160514,363700_rep0_fold0_smac_roc_auc_holdout,LGBM_363700_20260405_160514::363700_rep0_fold0_smac_roc_auc_holdout,0.09699570815450667,0.041013313609467666,0.06991062562065506
242,0.2406417112299465,0.2408552673238069,0.2387973067100071,150,-0.812412046157383,363700,0,0,smac,roc_auc,binary,LGBM,,False,holdout,0.0,78,3,3,LGBM_363700_20260405_160514,363700_rep0_fold0_smac_roc_auc_holdout,LGBM_363700_20260405_160514::363700_rep0_fold0_smac_roc_auc_holdout,0.16180257510729606,0.059171597633136334,0.048791790797749236
243,0.271742189698846,0.29429892141756553,0.30255187116111193,150,-0.8124120461573837,363700,0,0,smac,roc_auc,binary,LGBM,,False,holdout,0.0,78,3,3,LGBM_363700_20260405_160514,363700_rep0_fold0_smac_roc_auc_holdout,LGBM_363700_20260405_160514::363700_rep0_fold0_smac_roc_auc_holdout,0.2566523605150214,0.24644970414201214,0.24875868917576935
244,0.22255840135097094,0.2424699748823269,0.24498174219558,150,-0.8124120461573842,363700,0,0,smac,roc_auc,binary,LGBM,,False,holdout,0.0,78,3,3,LGBM_363700_20260405_160514,363700_rep0_fold0_smac_roc_auc_holdout,LGBM_363700_20260405_160514::363700_rep0_fold0_smac_roc_auc_holdout,0.10665236051502126,0.06482988165680513,0.06818934127772193
245,0.19912749788910789,0.2359583764273805,0.23148363129788718,150,-0.8124120461573573,363700,0,0,smac,roc_auc,binary,LGBM,,False,holdout,0.0,78,3,3,LGBM_363700_20260405_160514,363700_rep0_fold0_smac_roc_auc_holdout,LGBM_363700_20260405_160514::363700_rep0_fold0_smac_roc_auc_holdout,0.03519313304721059,0.04201183431952728,0.025852366765971337
246,0.19265409513087528,0.2364016294826604,0.232496781138527,150,-0.8124120461573563,363700,0,0,smac,roc_auc,binary,LGBM,,False,holdout,0.0,78,3,3,LGBM_363700_20260405_160514,363700_rep0_fold0_smac_roc_auc_holdout,LGBM_363700_20260405_160514::363700_rep0_fold0_smac_roc_auc_holdout,0.015450643776823937,0.043565088757396876,0.029030122476000668
247,0.2430340557275542,0.27488021613863267,0.2754501129239927,150,-0.8124120461573583,363700,0,0,smac,roc_auc,binary,LGBM,,False,holdout,0.0,78,3,3,LGBM_363700_20260405_160514,363700_rep0_fold0_smac_roc_auc_holdout,LGBM_363700_20260405_160514::363700_rep0_fold0_smac_roc_auc_holdout,0.16909871244635205,0.17840236686390554,0.16375372393247253
248,0.19223191669012096,0.23623277117588704,0.2325601030035671,150,-0.812412046157358,363700,0,0,smac,roc_auc,binary,LGBM,,False,holdout,0.0,78,3,3,LGBM_363700_20260405_160514,363700_rep0_fold0_smac_roc_auc_holdout,LGBM_363700_20260405_160514::363700_rep0_fold0_smac_roc_auc_holdout,0.014163090128755192,0.04297337278106534,0.02922873220787785
249,0.18927666760484096,0.2384701437406337,0.23657048778943368,150,-0.8124120461573374,363700,0,0,smac,roc_auc,binary,LGBM,,False,holdout,0.0,78,3,3,LGBM_363700_20260405_160514,363700_rep0_fold0_smac_roc_auc_holdout,LGBM_363700_20260405_160514::363700_rep0_fold0_smac_roc_auc_holdout,0.005150214592274646,0.050813609467456035,0.04180734856007915
0,0.17196735153391496,0.21535640761708696,0.21855163835992442,0,-0.828032648466085,363700,1,0,smac,roc_auc,binary,LGBM,,False,holdout,0.0,78,3,3,LGBM_363700_20260405_160514,363700_rep1_fold0_smac_roc_auc_holdout,LGBM_363700_20260405_160514::363700_rep1_fold0_smac_roc_auc_holdout,0.07989608607965655,0.038167183479580744,0.03605431950290634
1,0.3114269631297494,0.26136558586378444,0.3095942700291645,0,-0.828032648466085,363700,1,0,smac,roc_auc,binary,LGBM,,False,holdout,0.0,78,3,3,LGBM_363700_20260405_160514,363700_rep1_fold0_smac_roc_auc_holdout,LGBM_363700_20260405_160514::363700_rep1_fold0_smac_roc_auc_holdout,0.4569295208650835,0.17971894174308906,0.24879735417919432
2,0.20771179285111174,0.21991336421341567,0.23282295419454446,0,-0.828032648466085,363700,1,0,smac,roc_auc,binary,LGBM,,False,holdout,0.0,78,3,3,LGBM_363700_20260405_160514,363700_rep1_fold0_smac_roc_auc_holdout,LGBM_363700_20260405_160514::363700_rep1_fold0_smac_roc_auc_holdout,0.17653230448076518,0.05218710826680778,0.06940268590899984
3,0.19180973824936676,0.27732029507634237,0.28736704408989544,0,-0.828032648466085,363700,1,0,smac,roc_auc,binary,LGBM,,False,holdout,0.0,78,3,3,LGBM_363700_20260405_160514,363700_rep1_fold0_smac_roc_auc_holdout,LGBM_363700_20260405_160514::363700_rep1_fold0_smac_roc_auc_holdout,0.13354060101885476,0.22880517252754515,0.19685808779314526
4,0.17815930199831131,0.21326556870818314,0.22197203636987473,0,-0.828032648466085,363700,1,0,smac,roc_auc,binary,LGBM,,False,holdout,0.0,78,3,3,LGBM_363700_20260405_160514,363700_rep1_fold0_smac_roc_auc_holdout,LGBM_363700_20260405_160514::363700_rep1_fold0_smac_roc_auc_holdout,0.09663621840110861,0.03173451210661755,0.044046903187011516
5,0.24331550802139035,0.21987047521015612,0.2515011151140847,0,-0.828032648466085,363700,1,0,smac,roc_auc,binary,LGBM,,False,holdout,0.0,78,3,3,LGBM_363700_20260405_160514,363700_rep1_fold0_smac_roc_auc_holdout,LGBM_363700_20260405_160514::363700_rep1_fold0_smac_roc_auc_holdout,0.27278806532911326,0.05205515603351628,0.11304870715574264
6,0.5,0.5,0.5,0,-0.828032648466085,363700,1,0,smac,roc_auc,binary,LGBM,,False,holdout,0.0,78,3,3,LGBM_363700_20260405_160514,363700_rep1_fold0_smac_roc_auc_holdout,LGBM_363700_20260405_160514::363700_rep1_fold0_smac_roc_auc_holdout,0.9667426415638452,0.9139011677772645,0.6937261976347965
7,0.29144385026737973,0.25759135357694285,0.28032252530451196,0,-0.828032648466085,363700,1,0,smac,roc_auc,binary,LGBM,,False,holdout,0.0,78,3,3,LGBM_363700_20260405_160514,363700_rep1_fold0_smac_roc_auc_holdout,LGBM_363700_20260405_160514::363700_rep1_fold0_smac_roc_auc_holdout,0.4029045483731257,0.16810714521343298,0.18039687312086614
8,0.23036870250492525,0.2506004460456339,0.26876393892605943,0,-0.828032648466085,363700,1,0,smac,roc_auc,binary,LGBM,,False,holdout,0.0,78,3,3,LGBM_363700_20260405_160514,363700_rep1_fold0_smac_roc_auc_holdout,LGBM_363700_20260405_160514::363700_rep1_fold0_smac_roc_auc_holdout,0.2377859704751681,0.14659893118691072,0.1533874523952699
9,0.22347312130593866,0.21292245668210663,0.23897752616229195,0,-0.828032648466085,363700,1,0,smac,roc_auc,binary,LGBM,,False,holdout,0.0,78,3,3,LGBM_363700_20260405_160514,363700_rep1_fold0_smac_roc_auc_holdout,LGBM_363700_20260405_160514::363700_rep1_fold0_smac_roc_auc_holdout,0.2191435503899154,0.03067889424028518,0.08378432551613559
10,0.465311004784689,0.4159804426145137,0.506969463029679,0,-0.828032648466085,363700,1,0,smac,roc_auc,binary,LGBM,,False,holdout,0.0,78,3,3,LGBM_363700_20260405_160514,363700_rep1_fold0_smac_roc_auc_holdout,LGBM_363700_20260405_160514::363700_rep1_fold0_smac_roc_auc_holdout,0.8729598548084386,0.6554067427591215,0.7100120264582077
11,0.18097382493667324,0.21587107565620167,0.2316542288557214,0,-0.828032648466085,363700,1,0,smac,roc_auc,binary,LGBM,,False,holdout,0.0,78,3,3,LGBM_363700_20260405_160514,363700_rep1_fold0_smac_roc_auc_holdout,LGBM_363700_20260405_160514::363700_rep1_fold0_smac_roc_auc_holdout,0.10424536945631395,0.03975061027907913,0.06667167769092021
12,0.30453138193076257,0.28489020415165545,0.3362605078057985,0,-0.828032648466085,363700,1,0,smac,roc_auc,binary,LGBM,,False,holdout,0.0,78,3,3,LGBM_363700_20260405_160514,363700_rep1_fold0_smac_roc_auc_holdout,LGBM_363700_20260405_160514::363700_rep1_fold0_smac_roc_auc_holdout,0.4382871007798302,0.2520947417035034,0.31110944076969327
13,0.16858992400788064,0.20711099674043576,0.21785469205695662,13,-0.8314100759921194,363700,1,0,smac,roc_auc,binary,LGBM,,False,holdout,0.0,78,3,3,LGBM_363700_20260405_160514,363700_rep1_fold0_smac_roc_auc_holdout,LGBM_363700_20260405_160514::363700_rep1_fold0_smac_roc_auc_holdout,0.07076510481341014,0.012799366629280632,0.034425736620565486
14,0.2876442443005911,0.25574712643678166,0.28341053353920054,13,-0.8314100759921194,363700,1,0,smac,roc_auc,binary,LGBM,,False,holdout,0.0,78,3,3,LGBM_363700_20260405_160514,363700_rep1_fold0_smac_roc_auc_holdout,LGBM_363700_20260405_160514::363700_rep1_fold0_smac_roc_auc_holdout,0.3926321944485984,0.16243319918189664,0.18761274804570066
15,0.19040247678018574,0.2327800651912849,0.2305927260250472,13,-0.8314100759921194,363700,1,0,smac,roc_auc,binary,LGBM,,False,holdout,0.0,78,3,3,LGBM_363700_20260405_160514,363700_rep1_fold0_smac_roc_auc_holdout,LGBM_363700_20260405_160514::363700_rep1_fold0_smac_roc_auc_holdout,0.12973602549125193,0.09177277825427219,0.06419122068550837
16,0.2718829158457642,0.2568193515182706,0.2897795505232458,13,-0.8314100759921194,363700,1,0,smac,roc_auc,binary,LGBM,,False,holdout,0.0,78,3,3,LGBM_363700_20260405_160514,363700_rep1_fold0_smac_roc_auc_holdout,LGBM_363700_20260405_160514::363700_rep1_fold0_smac_roc_auc_holdout,0.3500209485394482,0.1657320050141849,0.20249549007817197
17,0.16697157331832246,0.21878752787785216,0.22308715045462346,17,-0.8330284266816775,363700,1,0,smac,roc_auc,binary,LGBM,,False,holdout,0.0,78,3,3,LGBM_363700_20260405_160514,363700_rep1_fold0_smac_roc_auc_holdout,LGBM_363700_20260405_160514::363700_rep1_fold0_smac_roc_auc_holdout,0.06638984295666689,0.04872336214290479,0.04665263579875751
18,0.2652687869406135,0.2525518956939441,0.2842254246011322,17,-0.8330284266816775,363700,1,0,smac,roc_auc,binary,LGBM,,False,holdout,0.0,78,3,3,LGBM_363700_20260405_160514,363700_rep1_fold0_smac_roc_auc_holdout,LGBM_363700_20260405_160514::363700_rep1_fold0_smac_roc_auc_holdout,0.33213944355971525,0.1526027578016762,0.18951693726197633
19,0.15747255840135088,0.21002744896208603,0.21502401784182534,19,-0.8425274415986491,363700,1,0,smac,roc_auc,binary,LGBM,,False,holdout,0.0,78,3,3,LGBM_363700_20260405_160514,363700_rep1_fold0_smac_roc_auc_holdout,LGBM_363700_20260405_160514::363700_rep1_fold0_smac_roc_auc_holdout,0.04070895814534866,0.021772118493105612,0.02781118460613365
20,0.24880382775119614,0.23505318236404182,0.2674772688282725,19,-0.8425274415986491,363700,1,0,smac,roc_auc,binary,LGBM,,False,holdout,0.0,78,3,3,LGBM_363700_20260405_160514,363700_rep1_fold0_smac_roc_auc_holdout,LGBM_363700_20260405_160514::363700_rep1_fold0_smac_roc_auc_holdout,0.2876259098867638,0.09876624661872427,0.15038083784325545
21,0.17203771460737405,0.24701921427346019,0.22106064505060907,19,-0.8425274415986491,363700,1,0,smac,roc_auc,binary,LGBM,,False,holdout,0.0,78,3,3,LGBM_363700_20260405_160514,363700_rep1_fold0_smac_roc_auc_holdout,LGBM_363700_20260405_160514::363700_rep1_fold0_smac_roc_auc_holdout,0.0800863148560368,0.13558091970706607,0.04191721787933483
22,0.2662538699690402,0.24294475896380174,0.27841396465946133,19,-0.8425274415986491,363700,1,0,smac,roc_auc,binary,LGBM,,False,holdout,0.0,78,3,3,LGBM_363700_20260405_160514,363700_rep1_fold0_smac_roc_auc_holdout,LGBM_363700_20260405_160514::363700_rep1_fold0_smac_roc_auc_holdout,0.33480264642903723,0.12304545754436948,0.17593706153537803
23,0.1901210244863496,0.2218219248584663,0.2334234002401785,19,-0.8425274415986491,363700,1,0,smac,roc_auc,binary,LGBM,,False,holdout,0.0,78,3,3,LGBM_363700_20260405_160514,363700_rep1_fold0_smac_roc_auc_holdout,LGBM_363700_20260405_160514::363700_rep1_fold0_smac_roc_auc_holdout,0.12897511038573153,0.05805898264828174,0.0708057726999402
24,0.2064452575288488,0.22705438325613314,0.25476067936181157,19,-0.8425274415986491,363700,1,0,smac,roc_auc,binary,LGBM,,False,holdout,0.0,78,3,3,LGBM_363700_20260405_160514,363700_rep1_fold0_smac_roc_auc_holdout,LGBM_363700_20260405_160514::363700_rep1_fold0_smac_roc_auc_holdout,0.17310818650592252,0.07415715510985064,0.12066546402084587
25,0.2835631860399662,0.27198061417052666,0.266340710241894,19,-0.8425274415942945,363700,1,0,smac,roc_auc,binary,LGBM,,False,holdout,0.0,78,3,3,LGBM_363700_20260405_160514,363700_rep1_fold0_smac_roc_auc_holdout,LGBM_363700_20260405_160514::363700_rep1_fold0_smac_roc_auc_holdout,0.38159892541855045,0.21237711948274748,0.1477249949889759
26,0.17013791162397973,0.21165723108594958,0.2218219248584663,19,-0.8425274415974476,363700,1,0,smac,roc_auc,binary,LGBM,,False,holdout,0.0,78,3,3,LGBM_363700_20260405_160514,363700_rep1_fold0_smac_roc_auc_holdout,LGBM_363700_20260405_160514::363700_rep1_fold0_smac_roc_auc_holdout,0.07495013789377315,0.0267863033581848,0.04369613148927662
27,0.15606529693216997,0.20993094870475204,0.21414479327500424,27,-0.843934703067305,363700,1,0,smac,roc_auc,binary,LGBM,,False,holdout,0.0,78,3,3,LGBM_363700_20260405_160514,363700_rep1_fold0_smac_roc_auc_holdout,LGBM_363700_20260405_160514::363700_rep1_fold0_smac_roc_auc_holdout,0.03690438261774614,0.02147522596819973,0.02575666466225704
28,0.5,0.5,0.5,27,-0.8439347030664412,363700,1,0,smac,roc_auc,binary,LGBM,,False,holdout,0.0,78,3,3,LGBM_363700_20260405_160514,363700_rep1_fold0_smac_roc_auc_holdout,LGBM_363700_20260405_160514::363700_rep1_fold0_smac_roc_auc_holdout,0.9667426415638452,0.9139011677772645,0.6937261976347965
29,0.1687306501547987,0.21991336421341567,0.22941327843540926,27,-0.8439347030664595,363700,1,0,smac,roc_auc,binary,LGBM,,False,holdout,0.0,78,3,3,LGBM_363700_20260405_160514,363700_rep1_fold0_smac_roc_auc_holdout,LGBM_363700_20260405_160514::363700_rep1_fold0_smac_roc_auc_holdout,0.07114556236617034,0.05218710826680778,0.061435157346161964
30,0.17041936391781587,0.21028478298164344,0.2226153714187682,27,-0.8439347030660715,363700,1,0,smac,roc_auc,binary,LGBM,,False,holdout,0.0,78,3,3,LGBM_363700_20260405_160514,363700_rep1_fold0_smac_roc_auc_holdout,LGBM_363700_20260405_160514::363700_rep1_fold0_smac_roc_auc_holdout,0.07571105299929354,0.022563831892854973,0.045550210463018735
31,0.5,0.5,0.5,27,-0.8439347030653195,363700,1,0,smac,roc_auc,binary,LGBM,,False,holdout,0.0,78,3,3,LGBM_363700_20260405_160514,363700_rep1_fold0_smac_roc_auc_holdout,LGBM_363700_20260405_160514::363700_rep1_fold0_smac_roc_auc_holdout,0.9667426415638452,0.9139011677772645,0.6937261976347965
32,0.16408668730650156,0.20865500085778,0.21227912163321327,27,-0.8439347030650258,363700,1,0,smac,roc_auc,binary,LGBM,,False,holdout,0.0,78,3,3,LGBM_363700_20260405_160514,363700_rep1_fold0_smac_roc_auc_holdout,LGBM_363700_20260405_160514::363700_rep1_fold0_smac_roc_auc_holdout,0.05859046312508159,0.01754964702777613,0.021397073561836295
33,0.255840135097101,0.25548979241722414,0.2609795848344484,27,-0.8439347030650667,363700,1,0,smac,roc_auc,binary,LGBM,,False,holdout,0.0,78,3,3,LGBM_363700_20260405_160514,363700_rep1_fold0_smac_roc_auc_holdout,LGBM_363700_20260405_160514::363700_rep1_fold0_smac_roc_auc_holdout,0.3066487875247773,0.16164148578214693,0.1351974343555823
34,0.18392907402195313,0.21982758620689657,0.2326085091782466,27,-0.8439347030647166,363700,1,0,smac,roc_auc,binary,LGBM,,False,holdout,0.0,78,3,3,LGBM_363700_20260405_160514,363700_rep1_fold0_smac_roc_auc_holdout,LGBM_363700_20260405_160514::363700_rep1_fold0_smac_roc_auc_holdout,0.11223497806427919,0.051923203800224776,0.06890158348366401
35,0.2005347593582888,0.2568622405215303,0.25882441242065535,27,-0.8439347030646506,363700,1,0,smac,roc_auc,binary,LGBM,,False,holdout,0.0,78,3,3,LGBM_363700_20260405_160514,363700_rep1_fold0_smac_roc_auc_holdout,LGBM_363700_20260405_160514::363700_rep1_fold0_smac_roc_auc_holdout,0.15712896928999145,0.16586395724747674,0.13016135498095827
36,0.1970166056853363,0.2149811288385658,0.24586121118545212,27,-0.8439347030640315,363700,1,0,smac,roc_auc,binary,LGBM,,False,holdout,0.0,78,3,3,LGBM_363700_20260405_160514,363700_rep1_fold0_smac_roc_auc_holdout,LGBM_363700_20260405_160514::363700_rep1_fold0_smac_roc_auc_holdout,0.14761753047098455,0.037012601438279745,0.09986971336941304
37,0.15845764142977758,0.21773674729799275,0.21987047521015612,27,-0.8439347030642346,363700,1,0,smac,roc_auc,binary,LGBM,,False,holdout,0.0,78,3,3,LGBM_363700_20260405_160514,363700_rep1_fold0_smac_roc_auc_holdout,LGBM_363700_20260405_160514::363700_rep1_fold0_smac_roc_auc_holdout,0.043372161014670604,0.04549053242726158,0.039136099418721385
38,0.16654939487756826,0.22994939097615363,0.2292846114256304,27,-0.8439347030642048,363700,1,0,smac,roc_auc,binary,LGBM,,False,holdout,0.0,78,3,3,LGBM_363700_20260405_160514,363700_rep1_fold0_smac_roc_auc_holdout,LGBM_363700_20260405_160514::363700_rep1_fold0_smac_roc_auc_holdout,0.0652484702983863,0.08306393085702987,0.06113449589096011
39,0.18948775682521812,0.22249742665980454,0.22931677817807516,27,-0.8439347030634515,363700,1,0,smac,roc_auc,binary,LGBM,,False,holdout,0.0,78,3,3,LGBM_363700_20260405_160514,363700_rep1_fold0_smac_roc_auc_holdout,LGBM_363700_20260405_160514::363700_rep1_fold0_smac_roc_auc_holdout,0.12726305139831023,0.06013723032262395,0.0612096612547607
40,0.16549394877568246,0.2061031051638359,0.21534568536627208,27,-0.8439347030632169,363700,1,0,smac,roc_auc,binary,LGBM,,False,holdout,0.0,78,3,3,LGBM_363700_20260405_160514,363700_rep1_fold0_smac_roc_auc_holdout,LGBM_363700_20260405_160514::363700_rep1_fold0_smac_roc_auc_holdout,0.062395038652684115,0.009698489146928932,0.02856283824413726
41,0.18702504925415142,0.22386987476411047,0.22991722422370908,27,-0.8439347030630321,363700,1,0,smac,roc_auc,binary,LGBM,,False,holdout,0.0,78,3,3,LGBM_363700_20260405_160514,363700_rep1_fold0_smac_roc_auc_holdout,LGBM_363700_20260405_160514::363700_rep1_fold0_smac_roc_auc_holdout,0.12060504422500552,0.06435970178795308,0.06261274804570081
42,0.18027019420208268,0.20621032767198488,0.2173614685194717,27,-0.843934703062018,363700,1,0,smac,roc_auc,binary,LGBM,,False,holdout,0.0,78,3,3,LGBM_363700_20260405_160514,363700_rep1_fold0_smac_roc_auc_holdout,LGBM_363700_20260405_160514::363700_rep1_fold0_smac_roc_auc_holdout,0.1023430816925124,0.010028369730158032,0.03327320104229342
43,0.15775401069518713,0.21002744896208603,0.2149811288385658,27,-0.8439347030616876,363700,1,0,smac,roc_auc,binary,LGBM,,False,holdout,0.0,78,3,3,LGBM_363700_20260405_160514,363700_rep1_fold0_smac_roc_auc_holdout,LGBM_363700_20260405_160514::363700_rep1_fold0_smac_roc_auc_holdout,0.041469873250869344,0.021772118493105612,0.027710964121066533
44,0.17344497607655507,0.21608552067249953,0.23781952307428367,27,-0.8439347030617155,363700,1,0,smac,roc_auc,binary,LGBM,,False,holdout,0.0,78,3,3,LGBM_363700_20260405_160514,363700_rep1_fold0_smac_roc_auc_holdout,LGBM_363700_20260405_160514::363700_rep1_fold0_smac_roc_auc_holdout,0.08389089038363963,0.04041037144553698,0.08107837241932248
45,0.17407824373768632,0.23119317207068102,0.22098558929490486,27,-0.8439347030617609,363700,1,0,smac,roc_auc,binary,LGBM,,False,holdout,0.0,78,3,3,LGBM_363700_20260405_160514,363700_rep1_fold0_smac_roc_auc_holdout,LGBM_363700_20260405_160514::363700_rep1_fold0_smac_roc_auc_holdout,0.08560294937106033,0.08689054562248484,0.04174183203046738
46,0.17189698846045587,0.2610760850917825,0.25793446560301936,27,-0.8439347030616465,363700,1,0,smac,roc_auc,binary,LGBM,,False,holdout,0.0,78,3,3,LGBM_363700_20260405_160514,363700_rep1_fold0_smac_roc_auc_holdout,LGBM_363700_20260405_160514::363700_rep1_fold0_smac_roc_auc_holdout,0.07970585730327631,0.17882826416837141,0.12808177991581488
47,0.17879256965944268,0.22828744209984553,0.2626629782123864,27,-0.8439347030616134,363700,1,0,smac,roc_auc,binary,LGBM,,False,holdout,0.0,78,3,3,LGBM_363700_20260405_160514,363700_rep1_fold0_smac_roc_auc_holdout,LGBM_363700_20260405_160514::363700_rep1_fold0_smac_roc_auc_holdout,0.09834827738852962,0.07795078181698241,0.13913108839446806
48,0.17520405291303132,0.2206853662720879,0.22651827071538855,27,-0.8439347030616566,363700,1,0,smac,roc_auc,binary,LGBM,,False,holdout,0.0,78,3,3,LGBM_363700_20260405_160514,363700_rep1_fold0_smac_roc_auc_holdout,LGBM_363700_20260405_160514::363700_rep1_fold0_smac_roc_auc_holdout,0.08864660979314308,0.054562248466055875,0.054670274604129196
49,0.22586546580354627,0.2479734945959855,0.2872276548293018,27,-0.8439347030617985,363700,1,0,smac,roc_auc,binary,LGBM,,False,holdout,0.0,78,3,3,LGBM_363700_20260405_160514,363700_rep1_fold0_smac_roc_auc_holdout,LGBM_363700_20260405_160514::363700_rep1_fold0_smac_roc_auc_holdout,0.22561132878683984,0.13851685689780305,0.19653237121667688
50,0.16303124120461587,0.2220042031223195,0.22141447932750036,27,-0.843934703061596,363700,1,0,smac,roc_auc,binary,LGBM,,False,holdout,0.0,78,3,3,LGBM_363700_20260405_160514,363700_rep1_fold0_smac_roc_auc_holdout,LGBM_363700_20260405_160514::363700_rep1_fold0_smac_roc_auc_holdout,0.0557370314793797,0.058619779639770976,0.042744036881138515
51,0.16549394877568246,0.21109967404357532,0.2228727054383256,27,-0.8439347030615661,363700,1,0,smac,roc_auc,binary,LGBM,,False,holdout,0.0,78,3,3,LGBM_363700_20260405_160514,363700_rep1_fold0_smac_roc_auc_holdout,LGBM_363700_20260405_160514::363700_rep1_fold0_smac_roc_auc_holdout,0.062395038652684115,0.02507092432539491,0.04615153337342168
52,0.24204897269912762,0.24230142391490817,0.250793446560302,27,-0.8439347030615735,363700,1,0,smac,roc_auc,binary,LGBM,,False,holdout,0.0,78,3,3,LGBM_363700_20260405_160514,363700_rep1_fold0_smac_roc_auc_holdout,LGBM_363700_20260405_160514::363700_rep1_fold0_smac_roc_auc_holdout,0.26936394735427127,0.1210661740449959,0.111395069152135
53,0.16654939487756826,0.22495282209641443,0.23037828100874935,27,-0.8439347030615538,363700,1,0,smac,roc_auc,binary,LGBM,,False,holdout,0.0,78,3,3,LGBM_363700_20260405_160514,363700_rep1_fold0_smac_roc_auc_holdout,LGBM_363700_20260405_160514::363700_rep1_fold0_smac_roc_auc_holdout,0.0652484702983863,0.06769149567856458,0.06369011826017254
54,0.5,0.27260250471779046,0.5,27,-0.8439347030610551,363700,1,0,smac,roc_auc,binary,LGBM,,False,holdout,0.0,78,3,3,LGBM_363700_20260405_160514,363700_rep1_fold0_smac_roc_auc_holdout,LGBM_363700_20260405_160514::363700_rep1_fold0_smac_roc_auc_holdout,0.9667426415638452,0.2142904268654753,0.6937261976347965
55,0.1628905150576977,0.22537098987819515,0.22518871161434206,27,-0.8439347030609463,363700,1,0,smac,roc_auc,binary,LGBM,,False,holdout,0.0,78,3,3,LGBM_363700_20260405_160514,363700_rep1_fold0_smac_roc_auc_holdout,LGBM_363700_20260405_160514::363700_rep1_fold0_smac_roc_auc_holdout,0.05535657392661921,0.06897802995315708,0.051563439567047634
56,0.19842386715451732,0.25128667009778693,0.25461056785040315,27,-0.8439347030610144,363700,1,0,smac,roc_auc,binary,LGBM,,False,holdout,0.0,78,3,3,LGBM_363700_20260405_160514,363700_rep1_fold0_smac_roc_auc_holdout,LGBM_363700_20260405_160514::363700_rep1_fold0_smac_roc_auc_holdout,0.15142210599858738,0.14871016691957548,0.12031469232311097
57,0.1624683366169435,0.2281373305884371,0.23079644879053007,27,-0.8439347030609751,363700,1,0,smac,roc_auc,binary,LGBM,,False,holdout,0.0,78,3,3,LGBM_363700_20260405_160514,363700_rep1_fold0_smac_roc_auc_holdout,LGBM_363700_20260405_160514::363700_rep1_fold0_smac_roc_auc_holdout,0.054215201268338634,0.07748894900046215,0.06466726798957716
58,0.20166056853363357,0.22396637502144445,0.24170097786927425,27,-0.8439347030610286,363700,1,0,smac,roc_auc,binary,LGBM,,False,holdout,0.0,78,3,3,LGBM_363700_20260405_160514,363700_rep1_fold0_smac_roc_auc_holdout,LGBM_363700_20260405_160514::363700_rep1_fold0_smac_roc_auc_holdout,0.1601726297120736,0.06465659431285897,0.09014832631789937
59,0.22656909653813673,0.22994939097615374,0.2422799794132784,27,-0.8439347030610295,363700,1,0,smac,roc_auc,binary,LGBM,,False,holdout,0.0,78,3,3,LGBM_363700_20260405_160514,363700_rep1_fold0_smac_roc_auc_holdout,LGBM_363700_20260405_160514::363700_rep1_fold0_smac_roc_auc_holdout,0.22751361655064112,0.08306393085703022,0.09150130286630594
60,0.20039403321137073,0.22494209984559954,0.24829516212043234,27,-0.8439347030610493,363700,1,0,smac,roc_auc,binary,LGBM,,False,holdout,0.0,78,3,3,LGBM_363700_20260405_160514,363700_rep1_fold0_smac_roc_auc_holdout,LGBM_363700_20260405_160514::363700_rep1_fold0_smac_roc_auc_holdout,0.15674851173723128,0.0676585076202417,0.10555722589697356
61,0.16760484097945394,0.20974867044089895,0.22649682621375866,27,-0.843934703061,363700,1,0,smac,roc_auc,binary,LGBM,,False,holdout,0.0,78,3,3,LGBM_363700_20260405_160514,363700_rep1_fold0_smac_roc_auc_holdout,LGBM_363700_20260405_160514::363700_rep1_fold0_smac_roc_auc_holdout,0.0681019019440882,0.020914428976710836,0.054620164361595384
62,0.160427807486631,0.21053139475038596,0.21373734774403852,27,-0.8439347030609378,363700,1,0,smac,roc_auc,binary,LGBM,,False,holdout,0.0,78,3,3,LGBM_363700_20260405_160514,363700_rep1_fold0_smac_roc_auc_holdout,LGBM_363700_20260405_160514::363700_rep1_fold0_smac_roc_auc_holdout,0.0486985667533145,0.023322557234281463,0.02480457005411946
63,0.15972417675204054,0.21232201063647282,0.21551724137931028,27,-0.8439347030609322,363700,1,0,smac,roc_auc,binary,LGBM,,False,holdout,0.0,78,3,3,LGBM_363700_20260405_160514,363700_rep1_fold0_smac_roc_auc_holdout,LGBM_363700_20260405_160514::363700_rep1_fold0_smac_roc_auc_holdout,0.04679627898951324,0.028831562974203785,0.028963720184405715
64,0.21277793414016322,0.23048550351689834,0.24515354263166922,27,-0.8439347030608979,363700,1,0,smac,roc_auc,binary,LGBM,,False,holdout,0.0,78,3,3,LGBM_363700_20260405_160514,363700_rep1_fold0_smac_roc_auc_holdout,LGBM_363700_20260405_160514::363700_rep1_fold0_smac_roc_auc_holdout,0.19022877638013477,0.08471333377317469,0.09821607536580489
65,0.2786377708978329,0.2392991936867387,0.24611854520500942,27,-0.8439347030609413,363700,1,0,smac,roc_auc,binary,LGBM,,False,holdout,0.0,78,3,3,LGBM_363700_20260405_160514,363700_rep1_fold0_smac_roc_auc_holdout,LGBM_363700_20260405_160514::363700_rep1_fold0_smac_roc_auc_holdout,0.36828291107194133,0.11182951771458757,0.10047103627981573
66,0.15113988179003657,0.2177689140504374,0.21581746440212735,66,-0.8488601182092883,363700,1,0,smac,roc_auc,binary,LGBM,,False,holdout,0.0,78,3,3,LGBM_363700_20260405_160514,363700_rep1_fold0_smac_roc_auc_holdout,LGBM_363700_20260405_160514::363700_rep1_fold0_smac_roc_auc_holdout,0.023588368271136716,0.04558949660223021,0.02966526357987603
67,0.2078525189980298,0.2336807342597358,0.23977097272259396,66,-0.8488601182088237,363700,1,0,smac,roc_auc,binary,LGBM,,False,holdout,0.0,78,3,3,LGBM_363700_20260405_160514,363700_rep1_fold0_smac_roc_auc_holdout,LGBM_363700_20260405_160514::363700_rep1_fold0_smac_roc_auc_holdout,0.17691276203352535,0.0945437751533948,0.08563840448987796
68,0.15958345060512247,0.22236875965002578,0.2219184251158004,66,-0.8488601182087387,363700,1,0,smac,roc_auc,binary,LGBM,,False,holdout,0.0,78,3,3,LGBM_363700_20260405_160514,363700_rep1_fold0_smac_roc_auc_holdout,LGBM_363700_20260405_160514::363700_rep1_fold0_smac_roc_auc_holdout,0.046415821436753046,0.059741373622749096,0.04392162758067788
69,0.16169434280889394,0.22088908903757065,0.22360181849373828,66,-0.8488601182087263,363700,1,0,smac,roc_auc,binary,LGBM,,False,holdout,0.0,78,3,3,LGBM_363700_20260405_160514,363700_rep1_fold0_smac_roc_auc_holdout,LGBM_363700_20260405_160514::363700_rep1_fold0_smac_roc_auc_holdout,0.05212268472815713,0.05518902157419017,0.04785528161956339
70,0.16647903180410917,0.22561760164693778,0.22888788814547956,66,-0.8488601182086559,363700,1,0,smac,roc_auc,binary,LGBM,,False,holdout,0.0,78,3,3,LGBM_363700_20260405_160514,363700_rep1_fold0_smac_roc_auc_holdout,LGBM_363700_20260405_160514::363700_rep1_fold0_smac_roc_auc_holdout,0.06505824152200607,0.06973675529458391,0.0602074564040893
71,0.15578384463833383,0.2188196946302967,0.22004203122319432,66,-0.8488601182087324,363700,1,0,smac,roc_auc,binary,LGBM,,False,holdout,0.0,78,3,3,LGBM_363700_20260405_160514,363700_rep1_fold0_smac_roc_auc_holdout,LGBM_363700_20260405_160514::363700_rep1_fold0_smac_roc_auc_holdout,0.03614346751222575,0.048822326317873074,0.039536981358989844
72,0.21770334928229662,0.21586035340538678,0.24002830674215136,66,-0.8488601182087385,363700,1,0,smac,roc_auc,binary,LGBM,,False,holdout,0.0,78,3,3,LGBM_363700_20260405_160514,363700_rep1_fold0_smac_roc_auc_holdout,LGBM_363700_20260405_160514::363700_rep1_fold0_smac_roc_auc_holdout,0.20354479072674422,0.03971762222075625,0.08623972740028091
73,0.17041936391781598,0.23818407960199006,0.2445530965860354,66,-0.8488601182087078,363700,1,0,smac,roc_auc,binary,LGBM,,False,holdout,0.0,78,3,3,LGBM_363700_20260405_160514,363700_rep1_fold0_smac_roc_auc_holdout,LGBM_363700_20260405_160514::363700_rep1_fold0_smac_roc_auc_holdout,0.07571105299929384,0.10839875964900746,0.09681298857486503
74,0.16155361666197576,0.2173400240178418,0.22132870132098115,66,-0.8488601182087087,363700,1,0,smac,roc_auc,binary,LGBM,,False,holdout,0.0,78,3,3,LGBM_363700_20260405_160514,363700_rep1_fold0_smac_roc_auc_holdout,LGBM_363700_20260405_160514::363700_rep1_fold0_smac_roc_auc_holdout,0.051742227175396636,0.04426997426931483,0.04254359591100403
75,0.1608499859273853,0.2171577457539885,0.21815491507977347,66,-0.8488601182087281,363700,1,0,smac,roc_auc,binary,LGBM,,False,holdout,0.0,78,3,3,LGBM_363700_20260405_160514,363700_rep1_fold0_smac_roc_auc_holdout,LGBM_363700_20260405_160514::363700_rep1_fold0_smac_roc_auc_holdout,0.049839939411595376,0.04370917727782526,0.03512728001603528
76,0.1609203490008444,0.22315148395951268,0.22369831875107216,66,-0.8488601182083756,363700,1,0,smac,roc_auc,binary,LGBM,,False,holdout,0.0,78,3,3,LGBM_363700_20260405_160514,363700_rep1_fold0_smac_roc_auc_holdout,LGBM_363700_20260405_160514::363700_rep1_fold0_smac_roc_auc_holdout,0.05003016818797562,0.06214950188031938,0.04808077771096414
77,0.16443850267379678,0.21894836164007536,0.22388059701492535,66,-0.8488601182084192,363700,1,0,smac,roc_auc,binary,LGBM,,False,holdout,0.0,78,3,3,LGBM_363700_20260405_160514,363700_rep1_fold0_smac_roc_auc_holdout,LGBM_363700_20260405_160514::363700_rep1_fold0_smac_roc_auc_holdout,0.059541607006982224,0.04921818301774759,0.04850671477249963
78,0.154517309316071,0.21976325270200725,0.22036369874764106,66,-0.8488601182084992,363700,1,0,smac,roc_auc,binary,LGBM,,False,holdout,0.0,78,3,3,LGBM_363700_20260405_160514,363700_rep1_fold0_smac_roc_auc_holdout,LGBM_363700_20260405_160514::363700_rep1_fold0_smac_roc_auc_holdout,0.032719349537383424,0.05172527545028752,0.04028863499699346
79,0.15465803546298895,0.21843369360096065,0.21801552581918004,66,-0.8488601182085936,363700,1,0,smac,roc_auc,binary,LGBM,,False,holdout,0.0,78,3,3,LGBM_363700_20260405_160514,363700_rep1_fold0_smac_roc_auc_holdout,LGBM_363700_20260405_160514::363700_rep1_fold0_smac_roc_auc_holdout,0.03309980709014332,0.0476347562182492,0.034801563439567425
80,0.15430622009569372,0.21888402813518604,0.2198061417052667,66,-0.8488601182085027,363700,1,0,smac,roc_auc,binary,LGBM,,False,holdout,0.0,78,3,3,LGBM_363700_20260405_160514,363700_rep1_fold0_smac_roc_auc_holdout,LGBM_363700_20260405_160514::363700_rep1_fold0_smac_roc_auc_holdout,0.03214866320824269,0.04902025466781033,0.038985768691120457
81,0.15606529693216997,0.21850874935666498,0.21657874420998457,66,-0.8488601182090306,363700,1,0,smac,roc_auc,binary,LGBM,,False,holdout,0.0,78,3,3,LGBM_363700_20260405_160514,363700_rep1_fold0_smac_roc_auc_holdout,LGBM_363700_20260405_160514::363700_rep1_fold0_smac_roc_auc_holdout,0.03690438261774614,0.047865672626509675,0.03144417718981782
82,0.16669012102448633,0.2236554297478126,0.22512437810945274,66,-0.8488601182090383,363700,1,0,smac,roc_auc,binary,LGBM,,False,holdout,0.0,78,3,3,LGBM_363700_20260405_160514,363700_rep1_fold0_smac_roc_auc_holdout,LGBM_363700_20260405_160514::363700_rep1_fold0_smac_roc_auc_holdout,0.0656289278511465,0.06369994062149523,0.05141310883944696
83,0.15866873065015485,0.2176080802882141,0.21863741636644363,66,-0.8488601182090441,363700,1,0,smac,roc_auc,binary,LGBM,,False,holdout,0.0,78,3,3,LGBM_363700_20260405_160514,363700_rep1_fold0_smac_roc_auc_holdout,LGBM_363700_20260405_160514::363700_rep1_fold0_smac_roc_auc_holdout,0.04394284734381135,0.045094675727387075,0.03625476047304083
84,0.1539544047283985,0.21035983873734776,0.21262223365928978,66,-0.8488601182090774,363700,1,0,smac,roc_auc,binary,LGBM,,False,holdout,0.0,78,3,3,LGBM_363700_20260405_160514,363700_rep1_fold0_smac_roc_auc_holdout,LGBM_363700_20260405_160514::363700_rep1_fold0_smac_roc_auc_holdout,0.031197519326342057,0.02279474830111545,0.022198837442373467
85,0.15233605403884032,0.21502401784182523,0.21739363527191635,66,-0.8488601182092391,363700,1,0,smac,roc_auc,binary,LGBM,,False,holdout,0.0,78,3,3,LGBM_363700_20260405_160514,363700_rep1_fold0_smac_roc_auc_holdout,LGBM_363700_20260405_160514::363700_rep1_fold0_smac_roc_auc_holdout,0.0268222574695988,0.03714455367157091,0.03334836640609375
86,0.5,0.5,0.5,66,-0.8488601182089904,363700,1,0,smac,roc_auc,binary,LGBM,,False,holdout,0.0,78,3,3,LGBM_363700_20260405_160514,363700_rep1_fold0_smac_roc_auc_holdout,LGBM_363700_20260405_160514::363700_rep1_fold0_smac_roc_auc_holdout,0.9667426415638452,0.9139011677772645,0.6937261976347965
87,0.17253025612158734,0.2104134499914222,0.2254031566306397,66,-0.8488601182090091,363700,1,0,smac,roc_auc,binary,LGBM,,False,holdout,0.0,78,3,3,LGBM_363700_20260405_160514,363700_rep1_fold0_smac_roc_auc_holdout,LGBM_363700_20260405_160514::363700_rep1_fold0_smac_roc_auc_holdout,0.08141791629069763,0.022959688592729826,0.052064541992382946
88,0.15311004784688997,0.21836936009607144,0.22027792074112196,66,-0.8488601182093114,363700,1,0,smac,roc_auc,binary,LGBM,,False,holdout,0.0,78,3,3,LGBM_363700_20260405_160514,363700_rep1_fold0_smac_roc_auc_holdout,LGBM_363700_20260405_160514::363700_rep1_fold0_smac_roc_auc_holdout,0.028914774009780604,0.047436827868312284,0.040088194026859224
89,0.21108922037714606,0.21877680562703716,0.23995325098644704,66,-0.8488601182093142,363700,1,0,smac,roc_auc,binary,LGBM,,False,holdout,0.0,78,3,3,LGBM_363700_20260405_160514,363700_rep1_fold0_smac_roc_auc_holdout,LGBM_363700_20260405_160514::363700_rep1_fold0_smac_roc_auc_holdout,0.18566328574701157,0.04869037408458157,0.0860643415514132
90,0.14931044188010123,0.21628924343798261,0.21580674215131235,90,-0.8506895581074243,363700,1,0,smac,roc_auc,binary,LGBM,,False,holdout,0.0,78,3,3,LGBM_363700_20260405_160514,363700_rep1_fold0_smac_roc_auc_holdout,LGBM_363700_20260405_160514::363700_rep1_fold0_smac_roc_auc_holdout,0.018642420085253016,0.041037144553672314,0.029640208458608992
91,0.14424430059104987,0.2207604220277921,0.22228298164350657,91,-0.855755699408252,363700,1,0,smac,roc_auc,binary,LGBM,,False,holdout,0.0,78,3,3,LGBM_363700_20260405_160514,363700_rep1_fold0_smac_roc_auc_holdout,LGBM_363700_20260405_160514::363700_rep1_fold0_smac_roc_auc_holdout,0.0049459481858836985,0.05479316487431601,0.044773501703748345
92,0.16106107514776247,0.21947375193000518,0.2219184251158003,91,-0.8557556994083053,363700,1,0,smac,roc_auc,binary,LGBM,,False,holdout,0.0,78,3,3,LGBM_363700_20260405_160514,363700_rep1_fold0_smac_roc_auc_holdout,LGBM_363700_20260405_160514::363700_rep1_fold0_smac_roc_auc_holdout,0.050410625740735814,0.05083459787556953,0.04392162758067762
93,0.5,0.5,0.5,91,-0.8557556994079114,363700,1,0,smac,roc_auc,binary,LGBM,,False,holdout,0.0,78,3,3,LGBM_363700_20260405_160514,363700_rep1_fold0_smac_roc_auc_holdout,LGBM_363700_20260405_160514::363700_rep1_fold0_smac_roc_auc_holdout,0.9667426415638452,0.9139011677772645,0.6937261976347965
94,0.14776245426400225,0.22113570080631328,0.22003130897237955,91,-0.8557556994083032,363700,1,0,smac,roc_auc,binary,LGBM,,False,holdout,0.0,78,3,3,LGBM_363700_20260405_160514,363700_rep1_fold0_smac_roc_auc_holdout,LGBM_363700_20260405_160514::363700_rep1_fold0_smac_roc_auc_holdout,0.014457387004890302,0.055947746915617,0.03951192623772332
95,0.15423585702223475,0.21683607822954198,0.2197096414479327,91,-0.8557556994083498,363700,1,0,smac,roc_auc,binary,LGBM,,False,holdout,0.0,78,3,3,LGBM_363700_20260405_160514,363700_rep1_fold0_smac_roc_auc_holdout,LGBM_363700_20260405_160514::363700_rep1_fold0_smac_roc_auc_holdout,0.03195843443186274,0.04271953552813933,0.03876027259971945
96,0.16795665634674928,0.2632634242580202,0.2686245496654658,91,-0.8557556994083717,363700,1,0,smac,roc_auc,binary,LGBM,,False,holdout,0.0,78,3,3,LGBM_363700_20260405_160514,363700_rep1_fold0_smac_roc_auc_holdout,LGBM_363700_20260405_160514::363700_rep1_fold0_smac_roc_auc_holdout,0.06905304582598913,0.18555782806624016,0.15306173581880153
97,0.1643681396003378,0.21805841482243948,0.23913835992451538,91,-0.8557556994083719,363700,1,0,smac,roc_auc,binary,LGBM,,False,holdout,0.0,78,3,3,LGBM_363700_20260405_160514,363700_rep1_fold0_smac_roc_auc_holdout,LGBM_363700_20260405_160514::363700_rep1_fold0_smac_roc_auc_holdout,0.05935137823060228,0.046480174176948205,0.08416015233513752
98,0.16274978891077962,0.21983830845771135,0.22307642820380857,91,-0.8557556994083505,363700,1,0,smac,roc_auc,binary,LGBM,,False,holdout,0.0,78,3,3,LGBM_363700_20260405_160514,363700_rep1_fold0_smac_roc_auc_holdout,LGBM_363700_20260405_160514::363700_rep1_fold0_smac_roc_auc_holdout,0.05497611637385902,0.05195619185854731,0.04662758067749073
99,0.1534618632141851,0.2227118716761023,0.2197954194544518,91,-0.8557556994083824,363700,1,0,smac,roc_auc,binary,LGBM,,False,holdout,0.0,78,3,3,LGBM_363700_20260405_160514,363700_rep1_fold0_smac_roc_auc_holdout,LGBM_363700_20260405_160514::363700_rep1_fold0_smac_roc_auc_holdout,0.029865917891680936,0.060796991489081464,0.03896071356985368
100,0.5,0.5,0.5,91,-0.8557556994078658,363700,1,0,smac,roc_auc,binary,LGBM,,False,holdout,0.0,78,3,3,LGBM_363700_20260405_160514,363700_rep1_fold0_smac_roc_auc_holdout,LGBM_363700_20260405_160514::363700_rep1_fold0_smac_roc_auc_holdout,0.9667426415638452,0.9139011677772645,0.6937261976347965
101,0.17309316070925973,0.21740435752273124,0.22222937038943213,91,-0.8557556994078743,363700,1,0,smac,roc_auc,binary,LGBM,,False,holdout,0.0,78,3,3,LGBM_363700_20260405_160514,363700_rep1_fold0_smac_roc_auc_holdout,LGBM_363700_20260405_160514::363700_rep1_fold0_smac_roc_auc_holdout,0.08293974650173869,0.04446790261925243,0.04464822609741446
102,0.19223191669012107,0.21493823983530624,0.2390311374163665,91,-0.8557556994078798,363700,1,0,smac,roc_auc,binary,LGBM,,False,holdout,0.0,78,3,3,LGBM_363700_20260405_160514,363700_rep1_fold0_smac_roc_auc_holdout,LGBM_363700_20260405_160514::363700_rep1_fold0_smac_roc_auc_holdout,0.13468197367713564,0.03688064920498824,0.08390960112246973
103,0.15916127216436815,0.22192914736661518,0.22026719849030718,91,-0.8557556994078908,363700,1,0,smac,roc_auc,binary,LGBM,,False,holdout,0.0,78,3,3,LGBM_363700_20260405_160514,363700_rep1_fold0_smac_roc_auc_holdout,LGBM_363700_20260405_160514::363700_rep1_fold0_smac_roc_auc_holdout,0.04527444877847217,0.058388863231510504,0.04006313890559271
104,0.14677737123557555,0.2208569222851261,0.2229692056956596,91,-0.8557556994081025,363700,1,0,smac,roc_auc,binary,LGBM,,False,holdout,0.0,78,3,3,LGBM_363700_20260405_160514,363700_rep1_fold0_smac_roc_auc_holdout,LGBM_363700_20260405_160514::363700_rep1_fold0_smac_roc_auc_holdout,0.011794184135568358,0.05509005739922189,0.04637702946482269
105,0.15177314945116804,0.2225295934122491,0.21961314119059872,91,-0.8557556994081092,363700,1,0,smac,roc_auc,binary,LGBM,,False,holdout,0.0,78,3,3,LGBM_363700_20260405_160514,363700_rep1_fold0_smac_roc_auc_holdout,LGBM_363700_20260405_160514::363700_rep1_fold0_smac_roc_auc_holdout,0.02530042725855803,0.06023619449759224,0.03853477650831844
106,0.1663383056571911,0.21498112883856568,0.22107136730142407,91,-0.855755699408114,363700,1,0,smac,roc_auc,binary,LGBM,,False,holdout,0.0,78,3,3,LGBM_363700_20260405_160514,363700_rep1_fold0_smac_roc_auc_holdout,LGBM_363700_20260405_160514::363700_rep1_fold0_smac_roc_auc_holdout,0.06467778396924587,0.037012601438279405,0.04194227300060187
107,0.147481001970166,0.21983830845771135,0.21957025218733917,91,-0.8557556994081211,363700,1,0,smac,roc_auc,binary,LGBM,,False,holdout,0.0,78,3,3,LGBM_363700_20260405_160514,363700_rep1_fold0_smac_roc_auc_holdout,LGBM_363700_20260405_160514::363700_rep1_fold0_smac_roc_auc_holdout,0.013696471899369619,0.05195619185854731,0.03843455602325133
108,0.16000562904587667,0.21913063990392856,0.22183264710928108,91,-0.8557556994081259,363700,1,0,smac,roc_auc,binary,LGBM,,False,holdout,0.0,78,3,3,LGBM_363700_20260405_160514,363700_rep1_fold0_smac_roc_auc_holdout,LGBM_363700_20260405_160514::363700_rep1_fold0_smac_roc_auc_holdout,0.047557194095033624,0.04977898000923682,0.04372118661054313
109,0.16563467492260053,0.21624635443472295,0.220846200034311,91,-0.855755699408132,363700,1,0,smac,roc_auc,binary,LGBM,,False,holdout,0.0,78,3,3,LGBM_363700_20260405_160514,363700_rep1_fold0_smac_roc_auc_holdout,LGBM_363700_20260405_160514::363700_rep1_fold0_smac_roc_auc_holdout,0.06277549620544431,0.040905192320380465,0.04141611545399848
110,0.14980298339431475,0.22104992279979407,0.2184873048550352,91,-0.85575569940814,363700,1,0,smac,roc_auc,binary,LGBM,,False,holdout,0.0,78,3,3,LGBM_363700_20260405_160514,363700_rep1_fold0_smac_roc_auc_holdout,LGBM_363700_20260405_160514::363700_rep1_fold0_smac_roc_auc_holdout,0.01997402151991444,0.055683842449033655,0.035903988775305935
111,0.19772023641992675,0.23076428203808552,0.23636129696345853,91,-0.8557556994081437,363700,1,0,smac,roc_auc,binary,LGBM,,False,holdout,0.0,78,3,3,LGBM_363700_20260405_160514,363700_rep1_fold0_smac_roc_auc_holdout,LGBM_363700_20260405_160514::363700_rep1_fold0_smac_roc_auc_holdout,0.14951981823478583,0.08557102328956981,0.07767087592703957
112,0.15578384463833383,0.21799408131755005,0.22013853148052842,91,-0.8557556994081483,363700,1,0,smac,roc_auc,binary,LGBM,,False,holdout,0.0,78,3,3,LGBM_363700_20260405_160514,363700_rep1_fold0_smac_roc_auc_holdout,LGBM_363700_20260405_160514::363700_rep1_fold0_smac_roc_auc_holdout,0.03614346751222575,0.046282245827010605,0.039762477450391104
113,0.2723050942865184,0.24566821067078393,0.30682792931892267,91,-0.8557556994081399,363700,1,0,smac,roc_auc,binary,LGBM,,False,holdout,0.0,78,3,3,LGBM_363700_20260405_160514,363700_rep1_fold0_smac_roc_auc_holdout,LGBM_363700_20260405_160514::363700_rep1_fold0_smac_roc_auc_holdout,0.3511623211977288,0.13142442435838234,0.2423331328923634
114,0.1777371235575571,0.23220106364728088,0.23689740950420313,91,-0.8557556994081439,363700,1,0,smac,roc_auc,binary,LGBM,,False,holdout,0.0,78,3,3,LGBM_363700_20260405_160514,363700_rep1_fold0_smac_roc_auc_holdout,LGBM_363700_20260405_160514::363700_rep1_fold0_smac_roc_auc_holdout,0.09549484574282803,0.08999142310483654,0.07892363199037901
115,0.15029552490852804,0.21881969463029682,0.22299065019728936,91,-0.8557556994061251,363700,1,0,smac,roc_auc,binary,LGBM,,False,holdout,0.0,78,3,3,LGBM_363700_20260405_160514,363700_rep1_fold0_smac_roc_auc_holdout,LGBM_363700_20260405_160514::363700_rep1_fold0_smac_roc_auc_holdout,0.021305622954575262,0.048822326317873414,0.04642713970735624
116,0.16176470588235292,0.21791902556184595,0.22097486704408986,91,-0.8557556994059278,363700,1,0,smac,roc_auc,binary,LGBM,,False,holdout,0.0,78,3,3,LGBM_363700_20260405_160514,363700_rep1_fold0_smac_roc_auc_holdout,LGBM_363700_20260405_160514::363700_rep1_fold0_smac_roc_auc_holdout,0.052312913504537074,0.046051329418750814,0.041716776909200344
117,0.1534618632141852,0.2237519300051467,0.22378409675759137,91,-0.8557556994084342,363700,1,0,smac,roc_auc,binary,LGBM,,False,holdout,0.0,78,3,3,LGBM_363700_20260405_160514,363700_rep1_fold0_smac_roc_auc_holdout,LGBM_363700_20260405_160514::363700_rep1_fold0_smac_roc_auc_holdout,0.029865917891681235,0.06399683314640145,0.04828121868109862
118,0.1619054320292711,0.2152491851089381,0.22274403842854684,91,-0.8557556994084285,363700,1,0,smac,roc_auc,binary,LGBM,,False,holdout,0.0,78,3,3,LGBM_363700_20260405_160514,363700_rep1_fold0_smac_roc_auc_holdout,LGBM_363700_20260405_160514::363700_rep1_fold0_smac_roc_auc_holdout,0.052693371057297565,0.03783730289635198,0.04585087191822008
119,0.1702786377708978,0.2136515697375193,0.23415251329559095,91,-0.8557556994083971,363700,1,0,smac,roc_auc,binary,LGBM,,False,holdout,0.0,78,3,3,LGBM_363700_20260405_160514,363700_rep1_fold0_smac_roc_auc_holdout,LGBM_363700_20260405_160514::363700_rep1_fold0_smac_roc_auc_holdout,0.07533059544653335,0.032922082206241765,0.0725095209460814
120,0.18357725865465802,0.22546749013552936,0.228051552581918,91,-0.8557556994083986,363700,1,0,smac,roc_auc,binary,LGBM,,False,holdout,0.0,78,3,3,LGBM_363700_20260405_160514,363700_rep1_fold0_smac_roc_auc_holdout,LGBM_363700_20260405_160514::363700_rep1_fold0_smac_roc_auc_holdout,0.11128383418237886,0.06927492247806365,0.058253156945279806
121,0.16802701942020826,0.21613913192657397,0.21469162806656383,91,-0.8557556994084039,363700,1,0,smac,roc_auc,binary,LGBM,,False,holdout,0.0,78,3,3,LGBM_363700_20260405_160514,363700_rep1_fold0_smac_roc_auc_holdout,LGBM_363700_20260405_160514::363700_rep1_fold0_smac_roc_auc_holdout,0.06924327460236908,0.040575311737151364,0.027034475846863516
122,0.24627075710667035,0.25636901698404535,0.275883513467147,91,-0.8557556994084152,363700,1,0,smac,roc_auc,binary,LGBM,,False,holdout,0.0,78,3,3,LGBM_363700_20260405_160514,363700_rep1_fold0_smac_roc_auc_holdout,LGBM_363700_20260405_160514::363700_rep1_fold0_smac_roc_auc_holdout,0.2807776739370788,0.1643465065646241,0.17002405291641623
123,0.1633830565719111,0.22203636987476416,0.22069608852290268,91,-0.855755699407974,363700,1,0,smac,roc_auc,binary,LGBM,,False,holdout,0.0,78,3,3,LGBM_363700_20260405_160514,363700_rep1_fold0_smac_roc_auc_holdout,LGBM_363700_20260405_160514::363700_rep1_fold0_smac_roc_auc_holdout,0.05668817536128033,0.0587187438147396,0.04106534375626385
124,0.22882071488882638,0.23351990049751248,0.24474609710070339,91,-0.8557556994079819,363700,1,0,smac,roc_auc,binary,LGBM,,False,holdout,0.0,78,3,3,LGBM_363700_20260405_160514,363700_rep1_fold0_smac_roc_auc_holdout,LGBM_363700_20260405_160514::363700_rep1_fold0_smac_roc_auc_holdout,0.2336009373948057,0.09404895427855164,0.09726398075766704
125,0.17759639741063882,0.22325870646766166,0.25344184251158,91,-0.8557556994083633,363700,1,0,smac,roc_auc,binary,LGBM,,False,holdout,0.0,78,3,3,LGBM_363700_20260405_160514,363700_rep1_fold0_smac_roc_auc_holdout,LGBM_363700_20260405_160514::363700_rep1_fold0_smac_roc_auc_holdout,0.09511438819006725,0.06247938246354848,0.11758368410503109
126,0.19068392907402187,0.2253388231257506,0.22994939097615374,91,-0.855755699407977,363700,1,0,smac,roc_auc,binary,LGBM,,False,holdout,0.0,78,3,3,LGBM_363700_20260405_160514,363700_rep1_fold0_smac_roc_auc_holdout,LGBM_363700_20260405_160514::363700_rep1_fold0_smac_roc_auc_holdout,0.1304969405967723,0.0688790657781888,0.06268791340950115
127,0.5,0.234538514324927,0.5,91,-0.8557556994081893,363700,1,0,smac,roc_auc,binary,LGBM,,False,holdout,0.0,78,3,3,LGBM_363700_20260405_160514,363700_rep1_fold0_smac_roc_auc_holdout,LGBM_363700_20260405_160514::363700_rep1_fold0_smac_roc_auc_holdout,0.9667426415638452,0.09718281981922554,0.6937261976347965
128,0.5,0.22571410190427166,0.5,91,-0.8557556994080544,363700,1,0,smac,roc_auc,binary,LGBM,,False,holdout,0.0,78,3,3,LGBM_363700_20260405_160514,363700_rep1_fold0_smac_roc_auc_holdout,LGBM_363700_20260405_160514::363700_rep1_fold0_smac_roc_auc_holdout,0.9667426415638452,0.07003364781948945,0.6937261976347965
129,0.16352378271882917,0.20797949905644186,0.21547435237605073,91,-0.8557556994080915,363700,1,0,smac,roc_auc,binary,LGBM,,False,holdout,0.0,78,3,3,LGBM_363700_20260405_160514,363700_rep1_fold0_smac_roc_auc_holdout,LGBM_363700_20260405_160514::363700_rep1_fold0_smac_roc_auc_holdout,0.057068632914040525,0.015471399353434263,0.0288634996993386
130,0.2025049254151421,0.2097057814376393,0.22975639046148555,91,-0.8557556994080933,363700,1,0,smac,roc_auc,binary,LGBM,,False,holdout,0.0,78,3,3,LGBM_363700_20260405_160514,363700_rep1_fold0_smac_roc_auc_holdout,LGBM_363700_20260405_160514::363700_rep1_fold0_smac_roc_auc_holdout,0.16245537502863505,0.02078247674341899,0.06223692122669862
131,0.5,0.5,0.5,91,-0.8557556994084485,363700,1,0,smac,roc_auc,binary,LGBM,,False,holdout,0.0,78,3,3,LGBM_363700_20260405_160514,363700_rep1_fold0_smac_roc_auc_holdout,LGBM_363700_20260405_160514::363700_rep1_fold0_smac_roc_auc_holdout,0.9667426415638452,0.9139011677772645,0.6937261976347965
132,0.21714044469462424,0.23501029336078227,0.24058586378452562,91,-0.855755699408451,363700,1,0,smac,roc_auc,binary,LGBM,,False,holdout,0.0,78,3,3,LGBM_363700_20260405_160514,363700_rep1_fold0_smac_roc_auc_holdout,LGBM_363700_20260405_160514::363700_rep1_fold0_smac_roc_auc_holdout,0.20202296051570315,0.09863429438543277,0.08754259370615364
133,0.1623979735434843,0.22378409675759126,0.221553868588094,91,-0.8557556994083793,363700,1,0,smac,roc_auc,binary,LGBM,,False,holdout,0.0,78,3,3,LGBM_363700_20260405_160514,363700_rep1_fold0_smac_roc_auc_holdout,LGBM_363700_20260405_160514::363700_rep1_fold0_smac_roc_auc_holdout,0.05402497249195809,0.06409579732136975,0.0430697534576069
134,0.19687587953841823,0.23048550351689834,0.24088608680734258,91,-0.8557556994083823,363700,1,0,smac,roc_auc,binary,LGBM,,False,holdout,0.0,78,3,3,LGBM_363700_20260405_160514,363700_rep1_fold0_smac_roc_auc_holdout,LGBM_363700_20260405_160514::363700_rep1_fold0_smac_roc_auc_holdout,0.14723707291822438,0.08471333377317469,0.0882441371016237
135,0.15965381367858145,0.22066392177045802,0.22175759135357698,91,-0.8557556994083789,363700,1,0,smac,roc_auc,binary,LGBM,,False,holdout,0.0,78,3,3,LGBM_363700_20260405_160514,363700_rep1_fold0_smac_roc_auc_holdout,LGBM_363700_20260405_160514::363700_rep1_fold0_smac_roc_auc_holdout,0.04660605021313299,0.05449627234940978,0.04354580076167595
136,0.1639459611595835,0.2173400240178418,0.23576085091782462,91,-0.8557556994078807,363700,1,0,smac,roc_auc,binary,LGBM,,False,holdout,0.0,78,3,3,LGBM_363700_20260405_160514,363700_rep1_fold0_smac_roc_auc_holdout,LGBM_363700_20260405_160514::363700_rep1_fold0_smac_roc_auc_holdout,0.0582100055723214,0.04426997426931483,0.07626778913609947
137,0.15620602307908804,0.21853019385829464,0.2205888660147537,91,-0.855755699407879,363700,1,0,smac,roc_auc,binary,LGBM,,False,holdout,0.0,78,3,3,LGBM_363700_20260405_160514,363700_rep1_fold0_smac_roc_auc_holdout,LGBM_363700_20260405_160514::363700_rep1_fold0_smac_roc_auc_holdout,0.03728484017050633,0.047931648743155086,0.0408147925435958
138,0.5,0.5,0.5,91,-0.8557556994078763,363700,1,0,smac,roc_auc,binary,LGBM,,False,holdout,0.0,78,3,3,LGBM_363700_20260405_160514,363700_rep1_fold0_smac_roc_auc_holdout,LGBM_363700_20260405_160514::363700_rep1_fold0_smac_roc_auc_holdout,0.9667426415638452,0.9139011677772645,0.6937261976347965
139,0.17407824373768643,0.2079687768056271,0.22167181334705788,91,-0.8557556994078778,363700,1,0,smac,roc_auc,binary,LGBM,,False,holdout,0.0,78,3,3,LGBM_363700_20260405_160514,363700_rep1_fold0_smac_roc_auc_holdout,LGBM_363700_20260405_160514::363700_rep1_fold0_smac_roc_auc_holdout,0.08560294937106064,0.01543841129511173,0.04334535979154172
140,0.19532789192231914,0.24397409504203116,0.24273031394750388,91,-0.8557556994078805,363700,1,0,smac,roc_auc,binary,LGBM,,False,holdout,0.0,78,3,3,LGBM_363700_20260405_160514,363700_rep1_fold0_smac_roc_auc_holdout,LGBM_363700_20260405_160514::363700_rep1_fold0_smac_roc_auc_holdout,0.14305203983786136,0.12621231114336626,0.09255361795951114
141,0.19293554742471142,0.21800480356836505,0.2269042717447246,91,-0.855755699407881,363700,1,0,smac,roc_auc,binary,LGBM,,False,holdout,0.0,78,3,3,LGBM_363700_20260405_160514,363700_rep1_fold0_smac_roc_auc_holdout,LGBM_363700_20260405_160514::363700_rep1_fold0_smac_roc_auc_holdout,0.13658426144093658,0.046315233885333824,0.05557225896973348
142,0.1584576414297777,0.20548121461657232,0.21378023674729796,91,-0.855755699407879,363700,1,0,smac,roc_auc,binary,LGBM,,False,holdout,0.0,78,3,3,LGBM_363700_20260405_160514,363700_rep1_fold0_smac_roc_auc_holdout,LGBM_363700_20260405_160514::363700_rep1_fold0_smac_roc_auc_holdout,0.04337216101467091,0.007785181764201787,0.024904790539186313
143,0.15606529693216997,0.2155708526333847,0.2211142563046834,91,-0.8557556994078845,363700,1,0,smac,roc_auc,binary,LGBM,,False,holdout,0.0,78,3,3,LGBM_363700_20260405_160514,363700_rep1_fold0_smac_roc_auc_holdout,LGBM_363700_20260405_160514::363700_rep1_fold0_smac_roc_auc_holdout,0.03690438261774614,0.03882694464603826,0.042042493485668464
144,0.16267942583732053,0.22021358723623263,0.23862369188540056,91,-0.855755699407885,363700,1,0,smac,roc_auc,binary,LGBM,,False,holdout,0.0,78,3,3,LGBM_363700_20260405_160514,363700_rep1_fold0_smac_roc_auc_holdout,LGBM_363700_20260405_160514::363700_rep1_fold0_smac_roc_auc_holdout,0.05478588759747877,0.05311077389984865,0.08295750651433163
145,0.1534618632141851,0.22160747984216844,0.2197954194544518,91,-0.8557556994078853,363700,1,0,smac,roc_auc,binary,LGBM,,False,holdout,0.0,78,3,3,LGBM_363700_20260405_160514,363700_rep1_fold0_smac_roc_auc_holdout,LGBM_363700_20260405_160514::363700_rep1_fold0_smac_roc_auc_holdout,0.029865917891680936,0.05739922148182388,0.03896071356985368
146,0.1519842386715451,0.22256176016469364,0.21943086292674563,91,-0.8557556994078881,363700,1,0,smac,roc_auc,binary,LGBM,,False,holdout,0.0,78,3,3,LGBM_363700_20260405_160514,363700_rep1_fold0_smac_roc_auc_holdout,LGBM_363700_20260405_160514::363700_rep1_fold0_smac_roc_auc_holdout,0.02587111358769817,0.06033515867256052,0.03810883944678321
147,0.14860681114551078,0.21978469720363702,0.21960241893978383,91,-0.8557556994078898,363700,1,0,smac,roc_auc,binary,LGBM,,False,holdout,0.0,78,3,3,LGBM_363700_20260405_160514,363700_rep1_fold0_smac_roc_auc_holdout,LGBM_363700_20260405_160514::363700_rep1_fold0_smac_roc_auc_holdout,0.016740132321451755,0.051791251566933275,0.038509721387051665
148,0.15437658316915281,0.21832647109281178,0.2190126951449648,91,-0.8557556994078898,363700,1,0,smac,roc_auc,binary,LGBM,,False,holdout,0.0,78,3,3,LGBM_363700_20260405_160514,363700_rep1_fold0_smac_roc_auc_holdout,LGBM_363700_20260405_160514::363700_rep1_fold0_smac_roc_auc_holdout,0.03233889198462293,0.04730487563502044,0.03713168971737833
149,0.2367013791162399,0.2503216675244466,0.2942185623606106,91,-0.8557556994078878,363700,1,0,smac,roc_auc,binary,LGBM,,False,holdout,0.0,78,3,3,LGBM_363700_20260405_160514,363700_rep1_fold0_smac_roc_auc_holdout,LGBM_363700_20260405_160514::363700_rep1_fold0_smac_roc_auc_holdout,0.254906560349381,0.14574124167051528,0.2128683102826216
150,0.15156206023079088,0.21958097443815405,0.218412249099331,91,-0.8557556994078896,363700,1,0,smac,roc_auc,binary,LGBM,,False,holdout,0.0,78,3,3,LGBM_363700_20260405_160514,363700_rep1_fold0_smac_roc_auc_holdout,LGBM_363700_20260405_160514::363700_rep1_fold0_smac_roc_auc_holdout,0.02472974092941759,0.05116447845879829,0.03572860292643849
151,0.15705037996059668,0.218412249099331,0.21773674729799275,91,-0.8557556994078905,363700,1,0,smac,roc_auc,binary,LGBM,,False,holdout,0.0,78,3,3,LGBM_363700_20260405_160514,363700_rep1_fold0_smac_roc_auc_holdout,LGBM_363700_20260405_160514::363700_rep1_fold0_smac_roc_auc_holdout,0.03956758548706808,0.04756878010160379,0.034150130286630664
152,0.15669856459330145,0.22081403328186655,0.2194523074283754,91,-0.855755699407891,363700,1,0,smac,roc_auc,binary,LGBM,,False,holdout,0.0,78,3,3,LGBM_363700_20260405_160514,363700_rep1_fold0_smac_roc_auc_holdout,LGBM_363700_20260405_160514::363700_rep1_fold0_smac_roc_auc_holdout,0.03861644160516745,0.05495810516593038,0.03815894968931677
153,0.15676892766676043,0.21239706639217704,0.21864813861725851,91,-0.8557556994078923,363700,1,0,smac,roc_auc,binary,LGBM,,False,holdout,0.0,78,3,3,LGBM_363700_20260405_160514,363700_rep1_fold0_smac_roc_auc_holdout,LGBM_363700_20260405_160514::363700_rep1_fold0_smac_roc_auc_holdout,0.0388066703815474,0.029062479382463917,0.03627981559430761
154,0.16816774556712633,0.2155172413793104,0.22280837193343617,91,-0.855755699407893,363700,1,0,smac,roc_auc,binary,LGBM,,False,holdout,0.0,78,3,3,LGBM_363700_20260405_160514,363700_rep1_fold0_smac_roc_auc_holdout,LGBM_363700_20260405_160514::363700_rep1_fold0_smac_roc_auc_holdout,0.06962373215512926,0.03866200435442422,0.04600120264582075
155,0.1594427244582043,0.2335091782466976,0.23477440384285475,91,-0.8557556994078934,363700,1,0,smac,roc_auc,binary,LGBM,,False,holdout,0.0,78,3,3,LGBM_363700_20260405_160514,363700_rep1_fold0_smac_roc_auc_holdout,LGBM_363700_20260405_160514::363700_rep1_fold0_smac_roc_auc_holdout,0.046035363883992556,0.09401596622022877,0.07396271797955532
156,0.1657754010695187,0.22662549322353742,0.22835177560473507,91,-0.8557556994078938,363700,1,0,smac,roc_auc,binary,LGBM,,False,holdout,0.0,78,3,3,LGBM_363700_20260405_160514,363700_rep1_fold0_smac_roc_auc_holdout,LGBM_363700_20260405_160514::363700_rep1_fold0_smac_roc_auc_holdout,0.0631559537582048,0.07283763277693493,0.05895470034075012
157,0.1891359414579229,0.22846972036369873,0.23979241722422362,91,-0.8557556994078956,363700,1,0,smac,roc_auc,binary,LGBM,,False,holdout,0.0,78,3,3,LGBM_363700_20260405_160514,363700_rep1_fold0_smac_roc_auc_holdout,LGBM_363700_20260405_160514::363700_rep1_fold0_smac_roc_auc_holdout,0.1263119075164096,0.07851157880847164,0.08568851473241126
158,0.14874753729242896,0.22398781952307434,0.22785855206725003,91,-0.8557556994079607,363700,1,0,smac,roc_auc,binary,LGBM,,False,holdout,0.0,78,3,3,LGBM_363700_20260405_160514,363700_rep1_fold0_smac_roc_auc_holdout,LGBM_363700_20260405_160514::363700_rep1_fold0_smac_roc_auc_holdout,0.017120589874212246,0.06472257042950506,0.0578021647624778
159,0.16746411483253576,0.2260357694287184,0.23303739921084232,91,-0.8557556994079611,363700,1,0,smac,roc_auc,binary,LGBM,,False,holdout,0.0,78,3,3,LGBM_363700_20260405_160514,363700_rep1_fold0_smac_roc_auc_holdout,LGBM_363700_20260405_160514::363700_rep1_fold0_smac_roc_auc_holdout,0.06772144439132771,0.07102328956917607,0.06990378833433566
160,0.16113143822122156,0.2223473151483959,0.2256712129010121,91,-0.8557556994079614,363700,1,0,smac,roc_auc,binary,LGBM,,False,holdout,0.0,78,3,3,LGBM_363700_20260405_160514,363700_rep1_fold0_smac_roc_auc_holdout,LGBM_363700_20260405_160514::363700_rep1_fold0_smac_roc_auc_holdout,0.05060085451711606,0.059675397506103005,0.05269092002405292
161,0.1549394877568252,0.20863355635615033,0.21344784697203634,91,-0.8557556994079625,363700,1,0,smac,roc_auc,binary,LGBM,,False,holdout,0.0,78,3,3,LGBM_363700_20260405_160514,363700_rep1_fold0_smac_roc_auc_holdout,LGBM_363700_20260405_160514::363700_rep1_fold0_smac_roc_auc_holdout,0.033860722195664,0.01748367091113072,0.024128081779915923
162,0.16697157331832257,0.23074283753645564,0.23032466975467492,91,-0.8557556994079629,363700,1,0,smac,roc_auc,binary,LGBM,,False,holdout,0.0,78,3,3,LGBM_363700_20260405_160514,363700_rep1_fold0_smac_roc_auc_holdout,LGBM_363700_20260405_160514::363700_rep1_fold0_smac_roc_auc_holdout,0.06638984295666718,0.08550504717292372,0.06356484265383865
163,0.16113143822122156,0.2149811288385658,0.21998841996911989,91,-0.8557556994079656,363700,1,0,smac,roc_auc,binary,LGBM,,False,holdout,0.0,78,3,3,LGBM_363700_20260405_160514,363700_rep1_fold0_smac_roc_auc_holdout,LGBM_363700_20260405_160514::363700_rep1_fold0_smac_roc_auc_holdout,0.05060085451711606,0.037012601438279745,0.03941170575265595
164,0.19434280889389233,0.22415937553611243,0.2360396294390118,91,-0.8557556994079665,363700,1,0,smac,roc_auc,binary,LGBM,,False,holdout,0.0,78,3,3,LGBM_363700_20260405_160514,363700_rep1_fold0_smac_roc_auc_holdout,LGBM_363700_20260405_160514::363700_rep1_fold0_smac_roc_auc_holdout,0.1403888369685391,0.06525037936267074,0.07691922228903596
165,0.15261750633267657,0.21624635443472284,0.21661091096242924,91,-0.8557556994079673,363700,1,0,smac,roc_auc,binary,LGBM,,False,holdout,0.0,78,3,3,LGBM_363700_20260405_160514,363700_rep1_fold0_smac_roc_auc_holdout,LGBM_363700_20260405_160514::363700_rep1_fold0_smac_roc_auc_holdout,0.027583172575119483,0.040905192320380125,0.03151934255361815
166,0.16514213340838724,0.22790144107050947,0.22853405386858805,91,-0.8557556994079674,363700,1,0,smac,roc_auc,binary,LGBM,,False,holdout,0.0,78,3,3,LGBM_363700_20260405_160514,363700_rep1_fold0_smac_roc_auc_holdout,LGBM_363700_20260405_160514::363700_rep1_fold0_smac_roc_auc_holdout,0.061443894770783485,0.07676321171735853,0.059380637402285094
167,0.1752040529130312,0.22019214273460275,0.2286627208783667,91,-0.8557556994079678,363700,1,0,smac,roc_auc,binary,LGBM,,False,holdout,0.0,78,3,3,LGBM_363700_20260405_160514,363700_rep1_fold0_smac_roc_auc_holdout,LGBM_363700_20260405_160514::363700_rep1_fold0_smac_roc_auc_holdout,0.08864660979314277,0.053044797783202556,0.05968129885748644
168,0.20053475935828868,0.2288342768914049,0.23891319265740263,91,-0.8557556994079674,363700,1,0,smac,roc_auc,binary,LGBM,,False,holdout,0.0,78,3,3,LGBM_363700_20260405_160514,363700_rep1_fold0_smac_roc_auc_holdout,LGBM_363700_20260405_160514::363700_rep1_fold0_smac_roc_auc_holdout,0.15712896928999118,0.07963317279144941,0.08363399478853491
169,0.16274978891077962,0.21854091610910964,0.22376265225596148,91,-0.8557556994079678,363700,1,0,smac,roc_auc,binary,LGBM,,False,holdout,0.0,78,3,3,LGBM_363700_20260405_160514,363700_rep1_fold0_smac_roc_auc_holdout,LGBM_363700_20260405_160514::363700_rep1_fold0_smac_roc_auc_holdout,0.05497611637385902,0.0479646368014783,0.04823110843856481
170,0.15163242330424997,0.21800480356836505,0.21677174472465266,91,-0.8557556994079683,363700,1,0,smac,roc_auc,binary,LGBM,,False,holdout,0.0,78,3,3,LGBM_363700_20260405_160514,363700_rep1_fold0_smac_roc_auc_holdout,LGBM_363700_20260405_160514::363700_rep1_fold0_smac_roc_auc_holdout,0.024919969705797837,0.046315233885333824,0.03189516937262009
171,0.15852800450323667,0.2159354091610911,0.22074969977697712,91,-0.8557556994079702,363700,1,0,smac,roc_auc,binary,LGBM,,False,holdout,0.0,78,3,3,LGBM_363700_20260405_160514,363700_rep1_fold0_smac_roc_auc_holdout,LGBM_363700_20260405_160514::363700_rep1_fold0_smac_roc_auc_holdout,0.04356238979105086,0.039948538629016726,0.041190619362597734
172,0.151913875598086,0.21775819179962252,0.2168253559787271,91,-0.8557556994079712,363700,1,0,smac,roc_auc,binary,LGBM,,False,holdout,0.0,78,3,3,LGBM_363700_20260405_160514,363700_rep1_fold0_smac_roc_auc_holdout,LGBM_363700_20260405_160514::363700_rep1_fold0_smac_roc_auc_holdout,0.02568088481131792,0.04555650854390734,0.03202044497895398
173,0.21080776808330992,0.2274403842854693,0.23087150454623429,91,-0.8557556994079734,363700,1,0,smac,roc_auc,binary,LGBM,,False,holdout,0.0,78,3,3,LGBM_363700_20260405_160514,363700_rep1_fold0_smac_roc_auc_holdout,LGBM_363700_20260405_160514::363700_rep1_fold0_smac_roc_auc_holdout,0.1849023706414912,0.07534472520947487,0.0648426538384446
174,0.15866873065015485,0.2186695831188883,0.22026719849030707,91,-0.8557556994079738,363700,1,0,smac,roc_auc,binary,LGBM,,False,holdout,0.0,78,3,3,LGBM_363700_20260405_160514,363700_rep1_fold0_smac_roc_auc_holdout,LGBM_363700_20260405_160514::363700_rep1_fold0_smac_roc_auc_holdout,0.04394284734381135,0.04836049350135281,0.040063138905592446
175,0.14368139600337748,0.2209427002916453,0.22333376222336587,175,-0.8563186039963409,363700,1,0,smac,roc_auc,binary,LGBM,,False,holdout,0.0,78,3,3,LGBM_363700_20260405_160514,363700_rep1_fold0_smac_roc_auc_holdout,LGBM_363700_20260405_160514::363700_rep1_fold0_smac_roc_auc_holdout,0.0034241179748426298,0.05535396186580523,0.04722890358789341
176,0.14762172811708418,0.22424515354263164,0.22803010808028823,175,-0.8563186039963848,363700,1,0,smac,roc_auc,binary,LGBM,,False,holdout,0.0,78,3,3,LGBM_363700_20260405_160514,363700_rep1_fold0_smac_roc_auc_holdout,LGBM_363700_20260405_160514::363700_rep1_fold0_smac_roc_auc_holdout,0.01407692945213011,0.06551428382925409,0.05820304670274625
177,0.19392063045313812,0.22379481900840625,0.23548207239663754,175,-0.8563186039963826,363700,1,0,smac,roc_auc,binary,LGBM,,False,holdout,0.0,78,3,3,LGBM_363700_20260405_160514,363700_rep1_fold0_smac_roc_auc_holdout,LGBM_363700_20260405_160514::363700_rep1_fold0_smac_roc_auc_holdout,0.13924746431025853,0.06412878537969297,0.07561635598316323
178,0.15515057697720236,0.21279378967232798,0.21843369360096065,175,-0.8563186039963838,363700,1,0,smac,roc_auc,binary,LGBM,,False,holdout,0.0,78,3,3,LGBM_363700_20260405_160514,363700_rep1_fold0_smac_roc_auc_holdout,LGBM_363700_20260405_160514::363700_rep1_fold0_smac_roc_auc_holdout,0.03443140852480444,0.030283037540410666,0.03577871316897178
179,0.15930199831128622,0.22062103276719858,0.23128967232801512,175,-0.8563186039963897,363700,1,0,smac,roc_auc,binary,LGBM,,False,holdout,0.0,78,3,3,LGBM_363700_20260405_160514,363700_rep1_fold0_smac_roc_auc_holdout,LGBM_363700_20260405_160514::363700_rep1_fold0_smac_roc_auc_holdout,0.04565490633123236,0.054364320116118615,0.06581980356784949
180,0.15873909372361372,0.21270801166580888,0.21618202092983352,175,-0.8563186039963908,363700,1,0,smac,roc_auc,binary,LGBM,,False,holdout,0.0,78,3,3,LGBM_363700_20260405_160514,363700_rep1_fold0_smac_roc_auc_holdout,LGBM_363700_20260405_160514::363700_rep1_fold0_smac_roc_auc_holdout,0.04413307612019099,0.03001913307382766,0.030517137702946496
181,0.15184351252462702,0.21493823983530613,0.2171577457539886,175,-0.8563186039963886,363700,1,0,smac,roc_auc,binary,LGBM,,False,holdout,0.0,78,3,3,LGBM_363700_20260405_160514,363700_rep1_fold0_smac_roc_auc_holdout,LGBM_363700_20260405_160514::363700_rep1_fold0_smac_roc_auc_holdout,0.025490656034937977,0.036880649204987896,0.03279715373822411
182,0.2787784970447509,0.25529679190255605,0.2835392005489793,175,-0.8563186039963919,363700,1,0,smac,roc_auc,binary,LGBM,,False,holdout,0.0,78,3,3,LGBM_363700_20260405_160514,363700_rep1_fold0_smac_roc_auc_holdout,LGBM_363700_20260405_160514::363700_rep1_fold0_smac_roc_auc_holdout,0.3686633686247012,0.16104770073233482,0.18791340950090224
183,0.16106107514776236,0.21905558414822446,0.2224223709041001,175,-0.8563186039963901,363700,1,0,smac,roc_auc,binary,LGBM,,False,holdout,0.0,78,3,3,LGBM_363700_20260405_160514,363700_rep1_fold0_smac_roc_auc_holdout,LGBM_363700_20260405_160514::363700_rep1_fold0_smac_roc_auc_holdout,0.050410625740735515,0.04954806360097703,0.045099218280216465
184,0.16310160427807485,0.21727569051295248,0.22561760164693778,175,-0.8563186039963885,363700,1,0,smac,roc_auc,binary,LGBM,,False,holdout,0.0,78,3,3,LGBM_363700_20260405_160514,363700_rep1_fold0_smac_roc_auc_holdout,LGBM_363700_20260405_160514::363700_rep1_fold0_smac_roc_auc_holdout,0.05592726025575965,0.04407204591937758,0.05256564441771929
185,0.15529130312412043,0.21484173957797215,0.21730785726539714,175,-0.8563186039963869,363700,1,0,smac,roc_auc,binary,LGBM,,False,holdout,0.0,78,3,3,LGBM_363700_20260405_160514,363700_rep1_fold0_smac_roc_auc_holdout,LGBM_363700_20260405_160514::363700_rep1_fold0_smac_roc_auc_holdout,0.03481186607756463,0.036583756680082014,0.03314792543595927
186,0.15522094005066145,0.21287956767884708,0.21943086292674563,175,-0.8563186039963847,363700,1,0,smac,roc_auc,binary,LGBM,,False,holdout,0.0,78,3,3,LGBM_363700_20260405_160514,363700_rep1_fold0_smac_roc_auc_holdout,LGBM_363700_20260405_160514::363700_rep1_fold0_smac_roc_auc_holdout,0.034621637301184685,0.030546942006993677,0.03810883944678321
187,0.16000562904587667,0.2133084577114428,0.2214573683307599,175,-0.856318603996384,363700,1,0,smac,roc_auc,binary,LGBM,,False,holdout,0.0,78,3,3,LGBM_363700_20260405_160514,363700_rep1_fold0_smac_roc_auc_holdout,LGBM_363700_20260405_160514::363700_rep1_fold0_smac_roc_auc_holdout,0.047557194095033624,0.031866464339909396,0.04284425736620563
188,0.16464959189417394,0.2185730828615543,0.21740435752273113,175,-0.8563186039963832,363700,1,0,smac,roc_auc,binary,LGBM,,False,holdout,0.0,78,3,3,LGBM_363700_20260405_160514,363700_rep1_fold0_smac_roc_auc_holdout,LGBM_363700_20260405_160514::363700_rep1_fold0_smac_roc_auc_holdout,0.06011229333612266,0.04806360097644693,0.033373421527360274
189,0.16493104418801008,0.21856236061073941,0.22557471264367812,175,-0.8563186039963819,363700,1,0,smac,roc_auc,binary,LGBM,,False,holdout,0.0,78,3,3,LGBM_363700_20260405_160514,363700_rep1_fold0_smac_roc_auc_holdout,LGBM_363700_20260405_160514::363700_rep1_fold0_smac_roc_auc_holdout,0.06087320844164305,0.04803061291812405,0.05246542393265192
190,0.16619757951027303,0.22430948704752096,0.22645393721049922,175,-0.8563186039963813,363700,1,0,smac,roc_auc,binary,LGBM,,False,holdout,0.0,78,3,3,LGBM_363700_20260405_160514,363700_rep1_fold0_smac_roc_auc_holdout,LGBM_363700_20260405_160514::363700_rep1_fold0_smac_roc_auc_holdout,0.06429732641648568,0.06571221217919135,0.054519943876528525
191,0.15810582606248236,0.21185023160061756,0.2160319094184251,175,-0.8563186039963792,363700,1,0,smac,roc_auc,binary,LGBM,,False,holdout,0.0,78,3,3,LGBM_363700_20260405_160514,363700_rep1_fold0_smac_roc_auc_holdout,LGBM_363700_20260405_160514::363700_rep1_fold0_smac_roc_auc_holdout,0.042421017132769974,0.027380088407996564,0.0301663660052116
192,0.277582324795947,0.22529593412249094,0.2648288728769943,175,-0.8563186039963857,363700,1,0,smac,roc_auc,binary,LGBM,,False,holdout,0.0,78,3,3,LGBM_363700_20260405_160514,363700_rep1_fold0_smac_roc_auc_holdout,LGBM_363700_20260405_160514::363700_rep1_fold0_smac_roc_auc_holdout,0.3654294794262388,0.06874711354489695,0.14419222289035885
193,0.1619054320292711,0.2177045805455482,0.21817635958140325,175,-0.8563186039963843,363700,1,0,smac,roc_auc,binary,LGBM,,False,holdout,0.0,78,3,3,LGBM_363700_20260405_160514,363700_rep1_fold0_smac_roc_auc_holdout,LGBM_363700_20260405_160514::363700_rep1_fold0_smac_roc_auc_holdout,0.052693371057297565,0.0453915682522933,0.035177390258568836
194,0.21664790318041094,0.22019214273460275,0.23655429747812662,175,-0.8563186039963867,363700,1,0,smac,roc_auc,binary,LGBM,,False,holdout,0.0,78,3,3,LGBM_363700_20260405_160514,363700_rep1_fold0_smac_roc_auc_holdout,LGBM_363700_20260405_160514::363700_rep1_fold0_smac_roc_auc_holdout,0.20069135908104233,0.053044797783202556,0.07812186810984184
195,0.15733183225443292,0.21398395951278093,0.22072825527534734,175,-0.8563186039963853,363700,1,0,smac,roc_auc,binary,LGBM,,False,holdout,0.0,78,3,3,LGBM_363700_20260405_160514,363700_rep1_fold0_smac_roc_auc_holdout,LGBM_363700_20260405_160514::363700_rep1_fold0_smac_roc_auc_holdout,0.04032850059258877,0.03394471201425126,0.04114050912006418
196,0.1832254432873628,0.2353426831360439,0.22916666666666663,175,-0.8563186039963865,363700,1,0,smac,roc_auc,binary,LGBM,,False,holdout,0.0,78,3,3,LGBM_363700_20260405_160514,363700_rep1_fold0_smac_roc_auc_holdout,LGBM_363700_20260405_160514::363700_rep1_fold0_smac_roc_auc_holdout,0.11033269030047822,0.09965692419344226,0.06085888955702554
197,0.15620602307908815,0.21675030022302266,0.22157531308972378,175,-0.8563186039963856,363700,1,0,smac,roc_auc,binary,LGBM,,False,holdout,0.0,78,3,3,LGBM_363700_20260405_160514,363700_rep1_fold0_smac_roc_auc_holdout,LGBM_363700_20260405_160514::363700_rep1_fold0_smac_roc_auc_holdout,0.03728484017050663,0.042455631061555636,0.043119863700140454
198,0.15212496481846327,0.21495968433693602,0.219098473151484,175,-0.8563186039963864,363700,1,0,smac,roc_auc,binary,LGBM,,False,holdout,0.0,78,3,3,LGBM_363700_20260405_160514,363700_rep1_fold0_smac_roc_auc_holdout,LGBM_363700_20260405_160514::363700_rep1_fold0_smac_roc_auc_holdout,0.02625157114045866,0.036946625321633994,0.03733213068751282
199,0.1881508584294962,0.21606407617086965,0.23601818493738203,175,-0.8563186039963865,363700,1,0,smac,roc_auc,binary,LGBM,,False,holdout,0.0,78,3,3,LGBM_363700_20260405_160514,363700_rep1_fold0_smac_roc_auc_holdout,LGBM_363700_20260405_160514::363700_rep1_fold0_smac_roc_auc_holdout,0.12364870464708766,0.04034439532889089,0.0768691120465024
200,0.1722488038277512,0.20527749185108934,0.2133191799622577,175,-0.8563186039963637,363700,1,0,smac,roc_auc,binary,LGBM,,False,holdout,0.0,78,3,3,LGBM_363700_20260405_160514,363700_rep1_fold0_smac_roc_auc_holdout,LGBM_363700_20260405_160514::363700_rep1_fold0_smac_roc_auc_holdout,0.08065700118517724,0.007158408656066804,0.02382742032471458
201,0.17140444694624257,0.2036584319780409,0.2147881283238977,175,-0.8563186039963653,363700,1,0,smac,roc_auc,binary,LGBM,,False,holdout,0.0,78,3,3,LGBM_363700_20260405_160514,363700_rep1_fold0_smac_roc_auc_holdout,LGBM_363700_20260405_160514::363700_rep1_fold0_smac_roc_auc_holdout,0.07837425586861549,0.0021772118493111757,0.027259971938264262
202,0.15669856459330145,0.21836936009607133,0.22137159032424092,175,-0.8563186039963658,363700,1,0,smac,roc_auc,binary,LGBM,,False,holdout,0.0,78,3,3,LGBM_363700_20260405_160514,363700_rep1_fold0_smac_roc_auc_holdout,LGBM_363700_20260405_160514::363700_rep1_fold0_smac_roc_auc_holdout,0.03861644160516745,0.047436827868311944,0.04264381639607166
203,0.1688713763017169,0.2139303482587065,0.2254996568879738,175,-0.8563186039963638,363700,1,0,smac,roc_auc,binary,LGBM,,False,holdout,0.0,78,3,3,LGBM_363700_20260405_160514,363700_rep1_fold0_smac_roc_auc_holdout,LGBM_363700_20260405_160514::363700_rep1_fold0_smac_roc_auc_holdout,0.07152601991893083,0.03377977172263688,0.05229003808378421
204,0.1678159301998311,0.22206853662720882,0.22255103791387887,175,-0.8563186039963621,363700,1,0,smac,roc_auc,binary,LGBM,,False,holdout,0.0,78,3,3,LGBM_363700_20260405_160514,363700_rep1_fold0_smac_roc_auc_holdout,LGBM_363700_20260405_160514::363700_rep1_fold0_smac_roc_auc_holdout,0.06867258827322864,0.05881770798970823,0.04539987973541807
205,0.5,0.5,0.5,175,-0.8563186039963989,363700,1,0,smac,roc_auc,binary,LGBM,,False,holdout,0.0,78,3,3,LGBM_363700_20260405_160514,363700_rep1_fold0_smac_roc_auc_holdout,LGBM_363700_20260405_160514::363700_rep1_fold0_smac_roc_auc_holdout,0.9667426415638452,0.9139011677772645,0.6937261976347965
206,0.1598649028989586,0.218401526848516,0.22695788299879904,175,-0.8563186039963963,363700,1,0,smac,roc_auc,binary,LGBM,,False,holdout,0.0,78,3,3,LGBM_363700_20260405_160514,363700_rep1_fold0_smac_roc_auc_holdout,LGBM_363700_20260405_160514::363700_rep1_fold0_smac_roc_auc_holdout,0.04717673654227343,0.047535792043280574,0.055697534576067374
207,0.1524064171122994,0.224019986275519,0.22582132441242064,175,-0.8563186039960979,363700,1,0,smac,roc_auc,binary,LGBM,,False,holdout,0.0,78,3,3,LGBM_363700_20260405_160514,363700_rep1_fold0_smac_roc_auc_holdout,LGBM_363700_20260405_160514::363700_rep1_fold0_smac_roc_auc_holdout,0.027012486245979045,0.0648215346044737,0.05304169172178808
208,0.14980298339431464,0.22026719849030707,0.2168253559787271,175,-0.8563186039960947,363700,1,0,smac,roc_auc,binary,LGBM,,False,holdout,0.0,78,3,3,LGBM_363700_20260405_160514,363700_rep1_fold0_smac_roc_auc_holdout,LGBM_363700_20260405_160514::363700_rep1_fold0_smac_roc_auc_holdout,0.019974021519914138,0.05327571419146303,0.03202044497895398
209,0.15831691528285963,0.2151312403499741,0.21974180820037748,175,-0.856318603996092,363700,1,0,smac,roc_auc,binary,LGBM,,False,holdout,0.0,78,3,3,LGBM_363700_20260405_160514,363700_rep1_fold0_smac_roc_auc_holdout,LGBM_363700_20260405_160514::363700_rep1_fold0_smac_roc_auc_holdout,0.04299170346191072,0.03747443425479966,0.03883543796352005
210,0.1464959189417394,0.22118931206038772,0.21907702864985423,210,-0.8567552598989998,363700,1,0,smac,roc_auc,binary,LGBM,,False,holdout,0.0,78,3,3,LGBM_363700_20260405_160514,363700_rep1_fold0_smac_roc_auc_holdout,LGBM_363700_20260405_160514::363700_rep1_fold0_smac_roc_auc_holdout,0.011033269030047973,0.05611268720723138,0.03728202044497927
211,0.15409513087531657,0.2189269171384457,0.22483487733745067,210,-0.8568114513567195,363700,1,0,smac,roc_auc,binary,LGBM,,False,holdout,0.0,78,3,3,LGBM_363700_20260405_160514,363700_rep1_fold0_smac_roc_auc_holdout,LGBM_363700_20260405_160514::363700_rep1_fold0_smac_roc_auc_holdout,0.03157797687910225,0.049152206901102176,0.05073662056524369
212,0.1613425274415986,0.21765096929147365,0.22687210499227994,210,-0.8568875487766399,363700,1,0,smac,roc_auc,binary,LGBM,,False,holdout,0.0,78,3,3,LGBM_363700_20260405_160514,363700_rep1_fold0_smac_roc_auc_holdout,LGBM_363700_20260405_160514::363700_rep1_fold0_smac_roc_auc_holdout,0.0511715408462562,0.04522662796067858,0.05549709360593314
213,0.1490289895862651,0.21968819694630304,0.22818021959169665,210,-0.8568987677365423,363700,1,0,smac,roc_auc,binary,LGBM,,False,holdout,0.0,78,3,3,LGBM_363700_20260405_160514,363700_rep1_fold0_smac_roc_auc_holdout,LGBM_363700_20260405_160514::363700_rep1_fold0_smac_roc_auc_holdout,0.01788150497973263,0.05149435904202739,0.05855381840048115
214,0.18041092034900086,0.22308715045462346,0.23537484988848867,210,-0.8568525233903782,363700,1,0,smac,roc_auc,binary,LGBM,,False,holdout,0.0,78,3,3,LGBM_363700_20260405_160514,363700_rep1_fold0_smac_roc_auc_holdout,LGBM_363700_20260405_160514::363700_rep1_fold0_smac_roc_auc_holdout,0.10272353924527289,0.06195157353038246,0.07536580477049544
215,0.20222347312130595,0.22992794647452397,0.23631840796019898,210,-0.8568894965866864,363700,1,0,smac,roc_auc,binary,LGBM,,False,holdout,0.0,78,3,3,LGBM_363700_20260405_160514,363700_rep1_fold0_smac_roc_auc_holdout,LGBM_363700_20260405_160514::363700_rep1_fold0_smac_roc_auc_holdout,0.16169445992311468,0.08299795474038446,0.07757065544197246
216,0.14494793132564032,0.22197203636987473,0.22202564762394916,210,-0.8566293501376508,363700,1,0,smac,roc_auc,binary,LGBM,,False,holdout,0.0,78,3,3,LGBM_363700_20260405_160514,363700_rep1_fold0_smac_roc_auc_holdout,LGBM_363700_20260405_160514::363700_rep1_fold0_smac_roc_auc_holdout,0.006848235949684959,0.058520815464802006,0.0441721787933454
217,0.1510695187165776,0.21740435752273113,0.21490607308286158,210,-0.8566815013069385,363700,1,0,smac,roc_auc,binary,LGBM,,False,holdout,0.0,78,3,3,LGBM_363700_20260405_160514,363700_rep1_fold0_smac_roc_auc_holdout,LGBM_363700_20260405_160514::363700_rep1_fold0_smac_roc_auc_holdout,0.02339813949475677,0.04446790261925209,0.027535578272199084
218,0.18083309878975506,0.20528821410190434,0.22036369874764117,210,-0.8566551033717124,363700,1,0,smac,roc_auc,binary,LGBM,,False,holdout,0.0,78,3,3,LGBM_363700_20260405_160514,363700_rep1_fold0_smac_roc_auc_holdout,LGBM_363700_20260405_160514::363700_rep1_fold0_smac_roc_auc_holdout,0.10386491190355346,0.007191396714390021,0.040288634996993714
219,0.14734027582324793,0.21932364041859653,0.21799408131755027,216,-0.8561122590964763,363700,1,0,smac,roc_auc,binary,LGBM,,False,holdout,0.0,78,3,3,LGBM_363700_20260405_160514,363700_rep1_fold0_smac_roc_auc_holdout,LGBM_363700_20260405_160514::363700_rep1_fold0_smac_roc_auc_holdout,0.013316014346609426,0.050372765059048585,0.03475145319703386
220,0.14621446664790316,0.2327800651912849,0.23690813175501813,216,-0.8560678335349152,363700,1,0,smac,roc_auc,binary,LGBM,,False,holdout,0.0,78,3,3,LGBM_363700_20260405_160514,363700_rep1_fold0_smac_roc_auc_holdout,LGBM_363700_20260405_160514::363700_rep1_fold0_smac_roc_auc_holdout,0.010272353924527288,0.09177277825427219,0.07894868711164604
221,0.14867717421896987,0.22000986447074966,0.21768313604391842,210,-0.8560755696364313,363700,1,0,smac,roc_auc,binary,LGBM,,False,holdout,0.0,78,3,3,LGBM_363700_20260405_160514,363700_rep1_fold0_smac_roc_auc_holdout,LGBM_363700_20260405_160514::363700_rep1_fold0_smac_roc_auc_holdout,0.016930361097832,0.05248400079171366,0.034024854680297034
222,0.148958626512806,0.22088908903757076,0.21915208440555844,210,-0.8560623061511852,363700,1,0,smac,roc_auc,binary,LGBM,,False,holdout,0.0,78,3,3,LGBM_363700_20260405_160514,363700_rep1_fold0_smac_roc_auc_holdout,LGBM_363700_20260405_160514::363700_rep1_fold0_smac_roc_auc_holdout,0.017691276203352386,0.05518902157419051,0.037457406293846716
223,0.1544469462426118,0.2140911820209298,0.2152277406073082,210,-0.8560984432905617,363700,1,0,smac,roc_auc,binary,LGBM,,False,holdout,0.0,78,3,3,LGBM_363700_20260405_160514,363700_rep1_fold0_smac_roc_auc_holdout,LGBM_363700_20260405_160514::363700_rep1_fold0_smac_roc_auc_holdout,0.03252912076100288,0.034274592597480016,0.028287231910202437
224,0.24317478187447228,0.2414865328529765,0.24749099330931545,210,-0.8561621170212629,363700,1,0,smac,roc_auc,binary,LGBM,,False,holdout,0.0,78,3,3,LGBM_363700_20260405_160514,363700_rep1_fold0_smac_roc_auc_holdout,LGBM_363700_20260405_160514::363700_rep1_fold0_smac_roc_auc_holdout,0.2724076077763531,0.11855908161245664,0.1036780918019644
225,0.22699127497889104,0.24067164179104472,0.24944244295762563,210,-0.8561673328672934,363700,1,0,smac,roc_auc,binary,LGBM,,False,holdout,0.0,78,3,3,LGBM_363700_20260405_160514,363700_rep1_fold0_smac_roc_auc_holdout,LGBM_363700_20260405_160514::363700_rep1_fold0_smac_roc_auc_holdout,0.228654989208922,0.11605198917991705,0.10823812387251963
226,0.16000562904587678,0.229627723451707,0.23258706467661694,210,-0.8561330372562137,363700,1,0,smac,roc_auc,binary,LGBM,,False,holdout,0.0,78,3,3,LGBM_363700_20260405_160514,363700_rep1_fold0_smac_roc_auc_holdout,LGBM_363700_20260405_160514::363700_rep1_fold0_smac_roc_auc_holdout,0.04755719409503392,0.0820742891073436,0.06885147324113071
227,0.16542358570222349,0.22548893463715913,0.22503860010293353,210,-0.8561302056544983,363700,1,0,smac,roc_auc,binary,LGBM,,False,holdout,0.0,78,3,3,LGBM_363700_20260405_160514,363700_rep1_fold0_smac_roc_auc_holdout,LGBM_363700_20260405_160514::363700_rep1_fold0_smac_roc_auc_holdout,0.06220480987630417,0.0693408985947094,0.05121266786931248
228,0.15423585702223475,0.22106064505060907,0.2249849888488592,210,-0.8561311521502386,363700,1,0,smac,roc_auc,binary,LGBM,,False,holdout,0.0,78,3,3,LGBM_363700_20260405_160514,363700_rep1_fold0_smac_roc_auc_holdout,LGBM_363700_20260405_160514::363700_rep1_fold0_smac_roc_auc_holdout,0.03195843443186274,0.055716830507356874,0.05108739226297884
229,0.15184351252462702,0.22250814891061932,0.21920569565963288,210,-0.8561626222284554,363700,1,0,smac,roc_auc,binary,LGBM,,False,holdout,0.0,78,3,3,LGBM_363700_20260405_160514,363700_rep1_fold0_smac_roc_auc_holdout,LGBM_363700_20260405_160514::363700_rep1_fold0_smac_roc_auc_holdout,0.025490656034937977,0.06017021838094649,0.0375826819001806
230,0.14719954967632987,0.22617515868931204,0.23241550866357863,210,-0.8561564532648601,363700,1,0,smac,roc_auc,binary,LGBM,,False,holdout,0.0,78,3,3,LGBM_363700_20260405_160514,363700_rep1_fold0_smac_roc_auc_holdout,LGBM_363700_20260405_160514::363700_rep1_fold0_smac_roc_auc_holdout,0.012935556793849234,0.0714521343273738,0.068450591300862
231,0.15022516183506895,0.22118931206038772,0.2249849888488592,210,-0.8561624989148429,363700,1,0,smac,roc_auc,binary,LGBM,,False,holdout,0.0,78,3,3,LGBM_363700_20260405_160514,363700_rep1_fold0_smac_roc_auc_holdout,LGBM_363700_20260405_160514::363700_rep1_fold0_smac_roc_auc_holdout,0.021115394178195017,0.05611268720723138,0.05108739226297884
232,0.14663664508865748,0.22212214788128315,0.22294776119402981,210,-0.8561790585880708,363700,1,0,smac,roc_auc,binary,LGBM,,False,holdout,0.0,78,3,3,LGBM_363700_20260405_160514,363700_rep1_fold0_smac_roc_auc_holdout,LGBM_363700_20260405_160514::363700_rep1_fold0_smac_roc_auc_holdout,0.011413726582808165,0.05898264828132227,0.046326919222289126
233,0.15374331550802145,0.21527062961056798,0.21668596671813334,210,-0.8562585984224005,363700,1,0,smac,roc_auc,binary,LGBM,,False,holdout,0.0,78,3,3,LGBM_363700_20260405_160514,363700_rep1_fold0_smac_roc_auc_holdout,LGBM_363700_20260405_160514::363700_rep1_fold0_smac_roc_auc_holdout,0.03062683299720192,0.03790327901299807,0.03169472840248534
234,0.16549394877568246,0.2262931034482758,0.22883427689140512,210,-0.8562654377391957,363700,1,0,smac,roc_auc,binary,LGBM,,False,holdout,0.0,78,3,3,LGBM_363700_20260405_160514,363700_rep1_fold0_smac_roc_auc_holdout,LGBM_363700_20260405_160514::363700_rep1_fold0_smac_roc_auc_holdout,0.062395038652684115,0.07181500296892543,0.06008218079775541
235,0.164790318041092,0.21966675244467315,0.2253281008749355,210,-0.8562532828657755,363700,1,0,smac,roc_auc,binary,LGBM,,False,holdout,0.0,78,3,3,LGBM_363700_20260405_160514,363700_rep1_fold0_smac_roc_auc_holdout,LGBM_363700_20260405_160514::363700_rep1_fold0_smac_roc_auc_holdout,0.060492750888882854,0.051428382925381294,0.0518891561435155
236,0.14635519279482123,0.22390204151655513,0.22809444158517744,210,-0.8562464107935072,363700,1,0,smac,roc_auc,binary,LGBM,,False,holdout,0.0,78,3,3,LGBM_363700_20260405_160514,363700_rep1_fold0_smac_roc_auc_holdout,LGBM_363700_20260405_160514::363700_rep1_fold0_smac_roc_auc_holdout,0.01065281147728748,0.06445866596292171,0.058353377430346666
237,0.14916971573318316,0.21948447418081996,0.21756519128495455,216,-0.8558081423873151,363700,1,0,smac,roc_auc,binary,LGBM,,False,holdout,0.0,78,3,3,LGBM_363700_20260405_160514,363700_rep1_fold0_smac_roc_auc_holdout,LGBM_363700_20260405_160514::363700_rep1_fold0_smac_roc_auc_holdout,0.018261962532492824,0.05086758593389206,0.03374924834636221
238,0.1484660849985926,0.23125750557557045,0.23751930005146682,216,-0.8557761253388936,363700,1,0,smac,roc_auc,binary,LGBM,,False,holdout,0.0,78,3,3,LGBM_363700_20260405_160514,363700_rep1_fold0_smac_roc_auc_holdout,LGBM_363700_20260405_160514::363700_rep1_fold0_smac_roc_auc_holdout,0.016359674768691265,0.08708847397242245,0.08037682902385268
239,0.14473684210526316,0.22034225424601117,0.2258642134156803,216,-0.8557733305010979,363700,1,0,smac,roc_auc,binary,LGBM,,False,holdout,0.0,78,3,3,LGBM_363700_20260405_160514,363700_rep1_fold0_smac_roc_auc_holdout,LGBM_363700_20260405_160514::363700_rep1_fold0_smac_roc_auc_holdout,0.006277549620544521,0.05350663059972282,0.053141912206855456
240,0.14241486068111453,0.2220685366272087,0.22607865843197794,240,-0.8561389894529863,363700,1,0,smac,roc_auc,binary,LGBM,,False,holdout,0.0,78,3,3,LGBM_363700_20260405_160514,363700_rep1_fold0_smac_roc_auc_holdout,LGBM_363700_20260405_160514::363700_rep1_fold0_smac_roc_auc_holdout,0.0,0.05881770798970789,0.05364301463219076
241,0.19926822403602584,0.2212858123177217,0.23653285297649684,240,-0.8561241483312321,363700,1,0,smac,roc_auc,binary,LGBM,,False,holdout,0.0,78,3,3,LGBM_363700_20260405_160514,363700_rep1_fold0_smac_roc_auc_holdout,LGBM_363700_20260405_160514::363700_rep1_fold0_smac_roc_auc_holdout,0.15370485131514883,0.05640957973213726,0.07807175786730829
242,0.14537010976639453,0.22259392691713842,0.22064247726882824,240,-0.8561208733643907,363700,1,0,smac,roc_auc,binary,LGBM,,False,holdout,0.0,78,3,3,LGBM_363700_20260405_160514,363700_rep1_fold0_smac_roc_auc_holdout,LGBM_363700_20260405_160514::363700_rep1_fold0_smac_roc_auc_holdout,0.007989608607965536,0.06043412284752949,0.04094006814992995
243,0.16577540106951882,0.2299922799794133,0.23240478641276385,240,-0.8561912234307838,363700,1,0,smac,roc_auc,binary,LGBM,,False,holdout,0.0,78,3,3,LGBM_363700_20260405_160514,363700_rep1_fold0_smac_roc_auc_holdout,LGBM_363700_20260405_160514::363700_rep1_fold0_smac_roc_auc_holdout,0.0631559537582051,0.08319588309032172,0.06842553617959549
244,0.15662820151984236,0.2180584148224396,0.21687896723280153,240,-0.856170708361363,363700,1,0,smac,roc_auc,binary,LGBM,,False,holdout,0.0,78,3,3,LGBM_363700_20260405_160514,363700_rep1_fold0_smac_roc_auc_holdout,LGBM_363700_20260405_160514::363700_rep1_fold0_smac_roc_auc_holdout,0.03842621282878721,0.046480174176948545,0.03214572058528787
245,0.14832535885167464,0.22230442614513646,0.21969891919711793,240,-0.8561785681235957,363700,1,0,smac,roc_auc,binary,LGBM,,False,holdout,0.0,78,3,3,LGBM_363700_20260405_160514,363700_rep1_fold0_smac_roc_auc_holdout,LGBM_363700_20260405_160514::363700_rep1_fold0_smac_roc_auc_holdout,0.01597921721593137,0.05954344527281184,0.03873521747845293
246,0.14719954967632987,0.2224330931549151,0.22573554640590154,240,-0.8560100375356449,363700,1,0,smac,roc_auc,binary,LGBM,,False,holdout,0.0,78,3,3,LGBM_363700_20260405_160514,363700_rep1_fold0_smac_roc_auc_holdout,LGBM_363700_20260405_160514::363700_rep1_fold0_smac_roc_auc_holdout,0.012935556793849234,0.059939301972686355,0.05284125075165386
247,0.1653532226287644,0.23105378281008748,0.22873777663407102,240,-0.8560076292030717,363700,1,0,smac,roc_auc,binary,LGBM,,False,holdout,0.0,78,3,3,LGBM_363700_20260405_160514,363700_rep1_fold0_smac_roc_auc_holdout,LGBM_363700_20260405_160514::363700_rep1_fold0_smac_roc_auc_holdout,0.06201458109992392,0.08646170086428746,0.05985668470635415
248,0.14839572192513362,0.2217254246011322,0.2183050265911819,240,-0.8560013003754953,363700,1,0,smac,roc_auc,binary,LGBM,,False,holdout,0.0,78,3,3,LGBM_363700_20260405_160514,363700_rep1_fold0_smac_roc_auc_holdout,LGBM_363700_20260405_160514::363700_rep1_fold0_smac_roc_auc_holdout,0.016169445992311317,0.05776209012337552,0.03547805171377018
249,0.14537010976639464,0.22405215302796355,0.22781566306399037,240,-0.8560741466029083,363700,1,0,smac,roc_auc,binary,LGBM,,False,holdout,0.0,78,3,3,LGBM_363700_20260405_160514,363700_rep1_fold0_smac_roc_auc_holdout,LGBM_363700_20260405_160514::363700_rep1_fold0_smac_roc_auc_holdout,0.007989608607965836,0.06492049877944198,0.057701944277410426
0,0.21839762094225468,0.27124881291547953,0.27211538461538465,0,-0.7816023790577453,363700,2,0,hebo,roc_auc,binary,LGBM,,False,cv,0.0,78,3,3,LGBM_363700_20260405_160514,363700_rep2_fold0_hebo_roc_auc_cv,LGBM_363700_20260405_160514::363700_rep2_fold0_hebo_roc_auc_cv,0.09605636322463762,0.0725012707361022,0.04425968336154586
1,0.3112679431069123,0.295144824311491,0.314351851851852,0,-0.7816023790577453,363700,2,0,hebo,roc_auc,binary,LGBM,,False,cv,0.0,78,3,3,LGBM_363700_20260405_160514,363700_rep2_fold0_hebo_roc_auc_cv,LGBM_363700_20260405_160514::363700_rep2_fold0_hebo_roc_auc_cv,0.3941700973731886,0.16551915345871243,0.221397988648811
2,0.23381935626326256,0.27154558404558393,0.2731600189933523,0,-0.7816023790577453,363700,2,0,hebo,roc_auc,binary,LGBM,,False,cv,0.0,78,3,3,LGBM_363700_20260405_160514,363700_rep2_fold0_hebo_roc_auc_cv,LGBM_363700_20260405_160514::363700_rep2_fold0_hebo_roc_auc_cv,0.1455601336050729,0.07365648537498186,0.04864084436921261
3,0.5,0.5,0.5,0,-0.7816023790577453,363700,2,0,hebo,roc_auc,binary,LGBM,,False,cv,0.0,78,3,3,LGBM_363700_20260405_160514,363700_rep2_fold0_hebo_roc_auc_cv,LGBM_363700_20260405_160514::363700_rep2_fold0_hebo_roc_auc_cv,1.0,0.962940714384732,1.0
4,0.29794818262111156,0.3634852801519469,0.3646486229819563,0,-0.7816023790577453,363700,2,0,hebo,roc_auc,binary,LGBM,,False,cv,0.0,78,3,3,LGBM_363700_20260405_160514,363700_rep2_fold0_hebo_roc_auc_cv,LGBM_363700_20260405_160514::363700_rep2_fold0_hebo_roc_auc_cv,0.3514136662137682,0.43154198049997683,0.43234093398386964
5,0.2173808407687705,0.2751187084520418,0.2747032288698956,5,-0.7826191592312295,363700,2,0,hebo,roc_auc,binary,LGBM,,False,cv,0.0,78,3,3,LGBM_363700_20260405_160514,363700_rep2_fold0_hebo_roc_auc_cv,LGBM_363700_20260405_160514::363700_rep2_fold0_hebo_roc_auc_cv,0.09279249886775344,0.08756526962709633,0.05511301403963031
6,0.27494582500902986,0.28688271604938276,0.2995726495726496,5,-0.7826191592312295,363700,2,0,hebo,roc_auc,binary,LGBM,,False,cv,0.0,78,3,3,LGBM_363700_20260405_160514,363700_rep2_fold0_hebo_roc_auc_cv,LGBM_363700_20260405_160514::363700_rep2_fold0_hebo_roc_auc_cv,0.27757609827898594,0.1333579779122959,0.15941451757443045
7,0.24263030709625721,0.2942545109211776,0.2900997150997151,5,-0.7826191592312295,363700,2,0,hebo,roc_auc,binary,LGBM,,False,cv,0.0,78,3,3,LGBM_363700_20260405_160514,363700_rep2_fold0_hebo_roc_auc_cv,LGBM_363700_20260405_160514::363700_rep2_fold0_hebo_roc_auc_cv,0.17384328577898575,0.1620535095420726,0.119685352982177
8,0.27018728624881483,0.2878798670465337,0.2915360873694207,5,-0.7826191592312295,363700,2,0,hebo,roc_auc,binary,LGBM,,False,cv,0.0,78,3,3,LGBM_363700_20260405_160514,363700_rep2_fold0_hebo_roc_auc_cv,LGBM_363700_20260405_160514::363700_rep2_fold0_hebo_roc_auc_cv,0.2623011888586957,0.13723949909893204,0.1257094493677192
9,0.22519895614643992,0.29334045584045576,0.29502611585944916,5,-0.7826191592312295,363700,2,0,hebo,roc_auc,binary,LGBM,,False,cv,0.0,78,3,3,LGBM_363700_20260405_160514,363700_rep2_fold0_hebo_roc_auc_cv,LGBM_363700_20260405_160514::363700_rep2_fold0_hebo_roc_auc_cv,0.11788864923007225,0.15849544845432212,0.1403465100069702
10,0.5,0.5,0.5,5,-0.7826191592312295,363700,2,0,hebo,roc_auc,binary,LGBM,,False,cv,0.0,78,3,3,LGBM_363700_20260405_160514,363700_rep2_fold0_hebo_roc_auc_cv,LGBM_363700_20260405_160514::363700_rep2_fold0_hebo_roc_auc_cv,1.0,0.962940714384732,1.0
11,0.2089986056791503,0.2730413105413104,0.27797958214624874,11,-0.7910013943208497,363700,2,0,hebo,roc_auc,binary,LGBM,,False,cv,0.0,78,3,3,LGBM_363700_20260405_160514,363700_rep2_fold0_hebo_roc_auc_cv,LGBM_363700_20260405_160514::363700_rep2_fold0_hebo_roc_auc_cv,0.06588552423007256,0.07947876715493656,0.06885392810913078
12,0.21857356003657036,0.2847578347578348,0.2875474833808167,11,-0.7910013943208497,363700,2,0,hebo,roc_auc,binary,LGBM,,False,cv,0.0,78,3,3,LGBM_363700_20260405_160514,363700_rep2_fold0_hebo_roc_auc_cv,LGBM_363700_20260405_160514::363700_rep2_fold0_hebo_roc_auc_cv,0.09662112771739095,0.1250866410979157,0.10898138006571771
13,0.2914403725901846,0.2848053181386515,0.2987891737891737,11,-0.7910013943208497,363700,2,0,hebo,roc_auc,binary,LGBM,,False,cv,0.0,78,3,3,LGBM_363700_20260405_160514,363700_rep2_fold0_hebo_roc_auc_cv,LGBM_363700_20260405_160514::363700_rep2_fold0_hebo_roc_auc_cv,0.3305235960144927,0.12527147544013653,0.15612864681867958
14,0.21449027925922182,0.2698124406457739,0.27509496676163336,11,-0.7910013943208497,363700,2,0,hebo,roc_auc,binary,LGBM,,False,cv,0.0,78,3,3,LGBM_363700_20260405_160514,363700_rep2_fold0_hebo_roc_auc_cv,LGBM_363700_20260405_160514::363700_rep2_fold0_hebo_roc_auc_cv,0.08351379642210213,0.06691003188392344,0.056755949417504815
15,0.34444015178450493,0.29738841405508076,0.33675213675213667,11,-0.7910013943208497,363700,2,0,hebo,roc_auc,binary,LGBM,,False,cv,0.0,78,3,3,LGBM_363700_20260405_160514,363700_rep2_fold0_hebo_roc_auc_cv,LGBM_363700_20260405_160514::363700_rep2_fold0_hebo_roc_auc_cv,0.5006528872282608,0.17425257612864448,0.31534402071094286
16,0.21597417631721527,0.2820156695156695,0.27952279202279207,11,-0.7910013943208497,363700,2,0,hebo,roc_auc,binary,LGBM,,False,cv,0.0,78,3,3,LGBM_363700_20260405_160514,363700_rep2_fold0_hebo_roc_auc_cv,LGBM_363700_20260405_160514::363700_rep2_fold0_hebo_roc_auc_cv,0.08827710597826112,0.11441245783466515,0.07532609777954848
17,0.24635890023251616,0.29283000949667615,0.2894824311490979,11,-0.7910013943208497,363700,2,0,hebo,roc_auc,binary,LGBM,,False,cv,0.0,78,3,3,LGBM_363700_20260405_160514,363700_rep2_fold0_hebo_roc_auc_cv,LGBM_363700_20260405_160514::363700_rep2_fold0_hebo_roc_auc_cv,0.18581206974637698,0.15650847927544892,0.11709648511401038
18,0.21976597772472795,0.28704890788224124,0.28644349477682807,11,-0.7910013943208497,363700,2,0,hebo,roc_auc,binary,LGBM,,False,cv,0.0,78,3,3,LGBM_363700_20260405_160514,363700_rep2_fold0_hebo_roc_auc_cv,LGBM_363700_20260405_160514::363700_rep2_fold0_hebo_roc_auc_cv,0.10044878849637681,0.13400489811006858,0.1043512894553422
19,0.293746218790916,0.32076210826210827,0.31001899335232674,11,-0.7910013943208497,363700,2,0,hebo,roc_auc,binary,LGBM,,False,cv,0.0,78,3,3,LGBM_363700_20260405_160514,363700_rep2_fold0_hebo_roc_auc_cv,LGBM_363700_20260405_160514::363700_rep2_fold0_hebo_roc_auc_cv,0.33792536231884046,0.26523728108682554,0.20322612765110082
20,0.2767598212673259,0.29608262108262107,0.2924145299145299,11,-0.7910013943208497,363700,2,0,hebo,roc_auc,binary,LGBM,,False,cv,0.0,78,3,3,LGBM_363700_20260405_160514,363700_rep2_fold0_hebo_roc_auc_cv,LGBM_363700_20260405_160514::363700_rep2_fold0_hebo_roc_auc_cv,0.2833990262681162,0.16916963171757265,0.12939360748780263
21,0.2272649407140278,0.28438983855650524,0.2835351377018043,11,-0.7910013943208497,363700,2,0,hebo,roc_auc,binary,LGBM,,False,cv,0.0,78,3,3,LGBM_363700_20260405_160514,363700_rep2_fold0_hebo_roc_auc_cv,LGBM_363700_20260405_160514::363700_rep2_fold0_hebo_roc_auc_cv,0.12452045969202936,0.12365417494570458,0.09215373892263262
22,0.30387067065668893,0.31324786324786325,0.3383784425451093,11,-0.7910013943208497,363700,2,0,hebo,roc_auc,binary,LGBM,,False,cv,0.0,78,3,3,LGBM_363700_20260405_160514,363700_rep2_fold0_hebo_roc_auc_cv,LGBM_363700_20260405_160514::363700_rep2_fold0_hebo_roc_auc_cv,0.37042485280797155,0.23598724643038635,0.32216469182515245
23,0.21755295103616423,0.2692188983855651,0.2727801519468186,11,-0.7910013943208497,363700,2,0,hebo,roc_auc,binary,LGBM,,False,cv,0.0,78,3,3,LGBM_363700_20260405_160514,363700_rep2_fold0_hebo_roc_auc_cv,LGBM_363700_20260405_160514::363700_rep2_fold0_hebo_roc_auc_cv,0.0933449728260873,0.06459960260616412,0.0470476949118792
24,0.30703130643595644,0.30857075023741687,0.3098053181386514,11,-0.7910013943208497,363700,2,0,hebo,roc_auc,binary,LGBM,,False,cv,0.0,78,3,3,LGBM_363700_20260405_160514,363700_rep2_fold0_hebo_roc_auc_cv,LGBM_363700_20260405_160514::363700_rep2_fold0_hebo_roc_auc_cv,0.38057049365942025,0.21778106372163894,0.20232998108135028
25,0.5,0.5,0.5,11,-0.7907061576843262,363700,2,0,hebo,roc_auc,binary,LGBM,,False,cv,0.0,78,3,3,LGBM_363700_20260405_160514,363700_rep2_fold0_hebo_roc_auc_cv,LGBM_363700_20260405_160514::363700_rep2_fold0_hebo_roc_auc_cv,1.0,0.962940714384732,1.0
26,0.2130520477081358,0.2693257359924027,0.2742996201329535,11,-0.7906273007392883,363700,2,0,hebo,roc_auc,binary,LGBM,,False,cv,0.0,78,3,3,LGBM_363700_20260405_160514,363700_rep2_fold0_hebo_roc_auc_cv,LGBM_363700_20260405_160514::363700_rep2_fold0_hebo_roc_auc_cv,0.078897073143116,0.06501547987616088,0.0534202927412133
27,0.22635443826470714,0.2973290598290599,0.29820750237416904,11,-0.7906166315078735,363700,2,0,hebo,roc_auc,binary,LGBM,,False,cv,0.0,78,3,3,LGBM_363700_20260405_160514,363700_rep2_fold0_hebo_roc_auc_cv,LGBM_363700_20260405_160514::363700_rep2_fold0_hebo_roc_auc_cv,0.12159774682971,0.17402153320086852,0.15368913671213813
28,0.21747065330263216,0.27849002849002846,0.2902659069325735,11,-0.7907398343086243,363700,2,0,hebo,roc_auc,binary,LGBM,,False,cv,0.0,78,3,3,LGBM_363700_20260405_160514,363700_rep2_fold0_hebo_roc_auc_cv,LGBM_363700_20260405_160514::363700_rep2_fold0_hebo_roc_auc_cv,0.09308079710144931,0.10068850792477194,0.12038235586975987
29,0.21120706105523945,0.28182573599240257,0.2891025641025642,11,-0.7909462451934814,363700,2,0,hebo,roc_auc,binary,LGBM,,False,cv,0.0,78,3,3,LGBM_363700_20260405_160514,363700_rep2_fold0_hebo_roc_auc_cv,LGBM_363700_20260405_160514::363700_rep2_fold0_hebo_roc_auc_cv,0.07297466598731875,0.11367312046578182,0.11550333565667698
30,0.21358686834055718,0.26961063627730286,0.27789648622981955,11,-0.7909954786300659,363700,2,0,hebo,roc_auc,binary,LGBM,,False,cv,0.0,78,3,3,LGBM_363700_20260405_160514,363700_rep2_fold0_hebo_roc_auc_cv,LGBM_363700_20260405_160514::363700_rep2_fold0_hebo_roc_auc_cv,0.08061384737318865,0.06612448592948501,0.06850542666533935
31,0.21008120957774623,0.27211538461538465,0.27680436847103507,11,-0.791085958480835,363700,2,0,hebo,roc_auc,binary,LGBM,,False,cv,0.0,78,3,3,LGBM_363700_20260405_160514,363700_rep2_fold0_hebo_roc_auc_cv,LGBM_363700_20260405_160514::363700_rep2_fold0_hebo_roc_auc_cv,0.0693606827445655,0.07587449748163184,0.06392512197550539
32,0.21023605396970513,0.2747269705603038,0.2786680911680912,32,-0.790902316570282,363700,2,0,hebo,roc_auc,binary,LGBM,,False,cv,0.0,78,3,3,LGBM_363700_20260405_160514,363700_rep2_fold0_hebo_roc_auc_cv,LGBM_363700_20260405_160514::363700_rep2_fold0_hebo_roc_auc_cv,0.06985773324275356,0.08604038630377457,0.0717415115005482
33,0.21043019718723188,0.27401471984805326,0.27865622032288695,32,-0.790822446346283,363700,2,0,hebo,roc_auc,binary,LGBM,,False,cv,0.0,78,3,3,LGBM_363700_20260405_160514,363700_rep2_fold0_hebo_roc_auc_cv,LGBM_363700_20260405_160514::363700_rep2_fold0_hebo_roc_auc_cv,0.07048093297101445,0.08326787117046339,0.07169172558000615
34,0.20873928069551673,0.272210351377018,0.2778846153846154,34,-0.7913704514503479,363700,2,0,hebo,roc_auc,binary,LGBM,,False,cv,0.0,78,3,3,LGBM_363700_20260405_160514,363700_rep2_fold0_hebo_roc_auc_cv,LGBM_363700_20260405_160514::363700_rep2_fold0_hebo_roc_auc_cv,0.0650530910326088,0.07624416616607307,0.06845564074479778
35,0.2107955106607522,0.2709876543209877,0.27488129154795815,34,-0.7915360927581787,363700,2,0,hebo,roc_auc,binary,LGBM,,False,cv,0.0,78,3,3,LGBM_363700_20260405_160514,363700_rep2_fold0_hebo_roc_auc_cv,LGBM_363700_20260405_160514::363700_rep2_fold0_hebo_roc_auc_cv,0.07165358922101464,0.07148468185388827,0.05585980284775475
36,0.2082539014882162,0.2725902184235517,0.2766619183285849,34,-0.7916060090065002,363700,2,0,hebo,roc_auc,binary,LGBM,,False,cv,0.0,78,3,3,LGBM_363700_20260405_160514,363700_rep2_fold0_hebo_roc_auc_cv,LGBM_363700_20260405_160514::363700_rep2_fold0_hebo_roc_auc_cv,0.06349502377717413,0.0777228409038393,0.06332769092900518
37,0.21216095040972505,0.26810303893637233,0.2723765432098766,34,-0.7917143702507019,363700,2,0,hebo,roc_auc,binary,LGBM,,False,cv,0.0,78,3,3,LGBM_363700_20260405_160514,363700_rep2_fold0_hebo_roc_auc_cv,LGBM_363700_20260405_160514::363700_rep2_fold0_hebo_roc_auc_cv,0.0760366508152175,0.06025599556397565,0.045354973613462655
38,0.2090666162975755,0.2743589743589744,0.2785137701804369,34,-0.7915548086166382,363700,2,0,hebo,roc_auc,binary,LGBM,,False,cv,0.0,78,3,3,LGBM_363700_20260405_160514,363700_rep2_fold0_hebo_roc_auc_cv,LGBM_363700_20260405_160514::363700_rep2_fold0_hebo_roc_auc_cv,0.06610383831521746,0.08460792015156389,0.07109429453350642
39,0.21541274436769153,0.26296296296296295,0.26977682811016146,34,-0.7916169166564941,363700,2,0,hebo,roc_auc,binary,LGBM,,False,cv,0.0,78,3,3,LGBM_363700_20260405_160514,363700_rep2_fold0_hebo_roc_auc_cv,LGBM_363700_20260405_160514::363700_rep2_fold0_hebo_roc_auc_cv,0.08647490942028992,0.040247678018575456,0.03445185701483664
40,0.21000481821978423,0.2748100664767331,0.2785018993352326,34,-0.7916615605354309,363700,2,0,hebo,roc_auc,binary,LGBM,,False,cv,0.0,78,3,3,LGBM_363700_20260405_160514,363700_rep2_fold0_hebo_roc_auc_cv,LGBM_363700_20260405_160514::363700_rep2_fold0_hebo_roc_auc_cv,0.06911546648550748,0.08636384640266113,0.0710445086129644
41,0.2079915077994492,0.2734924026590694,0.2772910731244065,34,-0.7917045950889587,363700,2,0,hebo,roc_auc,binary,LGBM,,False,cv,0.0,78,3,3,LGBM_363700_20260405_160514,363700_rep2_fold0_hebo_roc_auc_cv,LGBM_363700_20260405_160514::363700_rep2_fold0_hebo_roc_auc_cv,0.06265274003623202,0.08123469340603467,0.0659663447177143
42,0.209341050244932,0.2717236467236467,0.27727920227920233,36,-0.7916813492774963,363700,2,0,hebo,roc_auc,binary,LGBM,,False,cv,0.0,78,3,3,LGBM_363700_20260405_160514,363700_rep2_fold0_hebo_roc_auc_cv,LGBM_363700_20260405_160514::363700_rep2_fold0_hebo_roc_auc_cv,0.0669847712862318,0.07434961415831008,0.06591655879717273
43,0.21754098484976758,0.2817188983855652,0.2948599240265908,36,-0.7917425632476807,363700,2,0,hebo,roc_auc,binary,LGBM,,False,cv,0.0,78,3,3,LGBM_363700_20260405_160514,363700_rep2_fold0_hebo_roc_auc_cv,LGBM_363700_20260405_160514::363700_rep2_fold0_hebo_roc_auc_cv,0.09330656136775405,0.11325724319578592,0.13964950711938734
44,0.21039664601110653,0.2757359924026591,0.27876305792972456,36,-0.7916849851608276,363700,2,0,hebo,roc_auc,binary,LGBM,,False,cv,0.0,78,3,3,LGBM_363700_20260405_160514,363700_rep2_fold0_hebo_roc_auc_cv,LGBM_363700_20260405_160514::363700_rep2_fold0_hebo_roc_auc_cv,0.07037323369565204,0.08996811607596672,0.0721397988648812
45,0.2086434489141722,0.2711538461538462,0.27194919278252616,36,-0.7922505140304565,363700,2,0,hebo,roc_auc,binary,LGBM,,False,cv,0.0,78,3,3,LGBM_363700_20260405_160514,363700_rep2_fold0_hebo_roc_auc_cv,LGBM_363700_20260405_160514::363700_rep2_fold0_hebo_roc_auc_cv,0.06474547101449284,0.07213160205166097,0.043562680473962515
46,0.21350987205968674,0.2735636277302944,0.2747625830959164,36,-0.7921860218048096,363700,2,0,hebo,roc_auc,binary,LGBM,,False,cv,0.0,78,3,3,LGBM_363700_20260405_160514,363700_rep2_fold0_hebo_roc_auc_cv,LGBM_363700_20260405_160514::363700_rep2_fold0_hebo_roc_auc_cv,0.08036668931159455,0.08151194491936571,0.055361943642338145
47,0.2245642332893133,0.2847815764482431,0.28158831908831905,36,-0.7921876311302185,363700,2,0,hebo,roc_auc,binary,LGBM,,False,cv,0.0,78,3,3,LGBM_363700_20260405_160514,363700_rep2_fold0_hebo_roc_auc_cv,LGBM_363700_20260405_160514::363700_rep2_fold0_hebo_roc_auc_cv,0.11585118885869579,0.1251790582690259,0.08398884795379885
48,0.21840458020113762,0.2739197530864197,0.2769824311490978,36,-0.7923722863197327,363700,2,0,hebo,roc_auc,binary,LGBM,,False,cv,0.0,78,3,3,LGBM_363700_20260405_160514,363700_rep2_fold0_hebo_roc_auc_cv,LGBM_363700_20260405_160514::363700_rep2_fold0_hebo_roc_auc_cv,0.09607870244565186,0.0828982024860213,0.06467191078363076
49,0.20943354525034985,0.2732312440645773,0.27846628679962016,36,-0.7922117114067078,363700,2,0,hebo,roc_auc,binary,LGBM,,False,cv,0.0,78,3,3,LGBM_363700_20260405_160514,363700_rep2_fold0_hebo_roc_auc_cv,LGBM_363700_20260405_160514::363700_rep2_fold0_hebo_roc_auc_cv,0.06728168025362312,0.08021810452381987,0.07089515085133968
50,0.2120510590207233,0.271011396011396,0.2747388414055081,36,-0.7922808527946472,363700,2,0,hebo,roc_auc,binary,LGBM,,False,cv,0.0,78,3,3,LGBM_363700_20260405_160514,363700_rep2_fold0_hebo_roc_auc_cv,LGBM_363700_20260405_160514::363700_rep2_fold0_hebo_roc_auc_cv,0.07568389945652189,0.07157709902499848,0.05526237180125501
51,0.20922697201340912,0.2784306742640076,0.27873931623931625,36,-0.7921302914619446,363700,2,0,hebo,roc_auc,binary,LGBM,,False,cv,0.0,78,3,3,LGBM_363700_20260405_160514,363700_rep2_fold0_hebo_roc_auc_cv,LGBM_363700_20260405_160514::363700_rep2_fold0_hebo_roc_auc_cv,0.06661858016304337,0.10045746499699601,0.07204022702379806
52,0.21833712336053546,0.28658594491927825,0.29293684710351375,36,-0.792159378528595,363700,2,0,hebo,roc_auc,binary,LGBM,,False,cv,0.0,78,3,3,LGBM_363700_20260405_160514,363700_rep2_fold0_hebo_roc_auc_cv,LGBM_363700_20260405_160514::363700_rep2_fold0_hebo_roc_auc_cv,0.09586216598731892,0.1322027632734158,0.13158418799163624
53,0.20865766901158067,0.27762345679012357,0.28061490978157644,36,-0.7923015356063843,363700,2,0,hebo,roc_auc,binary,LGBM,,False,cv,0.0,78,3,3,LGBM_363700_20260405_160514,363700_rep2_fold0_hebo_roc_auc_cv,LGBM_363700_20260405_160514::363700_rep2_fold0_hebo_roc_auc_cv,0.06479111752717406,0.09731528117924317,0.07990640246938197
54,0.2083489202390627,0.2725071225071226,0.2778252611585945,36,-0.7920830845832825,363700,2,0,hebo,roc_auc,binary,LGBM,,False,cv,0.0,78,3,3,LGBM_363700_20260405_160514,363700_rep2_fold0_hebo_roc_auc_cv,LGBM_363700_20260405_160514::363700_rep2_fold0_hebo_roc_auc_cv,0.0638000339673914,0.0773993808049536,0.06820671114208947
55,0.21836257421328276,0.2697649572649573,0.2730769230769232,36,-0.792019248008728,363700,2,0,hebo,roc_auc,binary,LGBM,,False,cv,0.0,78,3,3,LGBM_363700_20260405_160514,363700_rep2_fold0_hebo_roc_auc_cv,LGBM_363700_20260405_160514::363700_rep2_fold0_hebo_roc_auc_cv,0.09594386322463774,0.06672519754170304,0.04829234292542164
56,0.21356504173438984,0.27651946818613493,0.2870251661918328,36,-0.7919637560844421,363700,2,0,hebo,roc_auc,binary,LGBM,,False,cv,0.0,78,3,3,LGBM_363700_20260405_160514,363700_rep2_fold0_hebo_roc_auc_cv,LGBM_363700_20260405_160514::363700_rep2_fold0_hebo_roc_auc_cv,0.08054378396739148,0.09301788272260979,0.1067907995618841
57,0.2093376111788342,0.27137939221272556,0.2751068376068375,36,-0.7921927571296692,363700,2,0,hebo,roc_auc,binary,LGBM,,False,cv,0.0,78,3,3,LGBM_363700_20260405_160514,363700_rep2_fold0_hebo_roc_auc_cv,LGBM_363700_20260405_160514::363700_rep2_fold0_hebo_roc_auc_cv,0.0669737318840579,0.07300956517720959,0.056805735338046386
58,0.20819959775272023,0.272340930674264,0.27775403608736937,41,-0.7921777367591858,363700,2,0,hebo,roc_auc,binary,LGBM,,False,cv,0.0,78,3,3,LGBM_363700_20260405_160514,363700_rep2_fold0_hebo_roc_auc_cv,LGBM_363700_20260405_160514::363700_rep2_fold0_hebo_roc_auc_cv,0.06332070878623206,0.07675246060718047,0.06790799561883915
59,0.20814380375524855,0.27338556505223166,0.2773148148148148,41,-0.7922220230102539,363700,2,0,hebo,roc_auc,binary,LGBM,,False,cv,0.0,78,3,3,LGBM_363700_20260405_160514,363700_rep2_fold0_hebo_roc_auc_cv,LGBM_363700_20260405_160514::363700_rep2_fold0_hebo_roc_auc_cv,0.06314161005434794,0.08081881613603747,0.06606591655879743
60,0.239143284544449,0.30236229819563143,0.3012820512820513,41,-0.7920069098472595,363700,2,0,hebo,roc_auc,binary,LGBM,,False,cv,0.0,78,3,3,LGBM_363700_20260405_160514,363700_rep2_fold0_hebo_roc_auc_cv,LGBM_363700_20260405_160514::363700_rep2_fold0_hebo_roc_auc_cv,0.16264994338768138,0.1936139734762711,0.16658369013243104
61,0.20838620500643368,0.2732431149097816,0.27768281101614445,41,-0.7920276522636414,363700,2,0,hebo,roc_auc,binary,LGBM,,False,cv,0.0,78,3,3,LGBM_363700_20260405_160514,363700_rep2_fold0_hebo_roc_auc_cv,LGBM_363700_20260405_160514::363700_rep2_fold0_hebo_roc_auc_cv,0.0639197180706522,0.08026431310937542,0.06760928009558974
62,0.21414474129757555,0.27197293447293447,0.2775047483380817,41,-0.7920719385147095,363700,2,0,hebo,roc_auc,binary,LGBM,,False,cv,0.0,78,3,3,LGBM_363700_20260405_160514,363700_rep2_fold0_hebo_roc_auc_cv,LGBM_363700_20260405_160514::363700_rep2_fold0_hebo_roc_auc_cv,0.08240461956521761,0.07531999445496934,0.06686249128746437
63,0.2124946685657365,0.27140313390313386,0.27640075973409306,41,-0.7920159101486206,363700,2,0,hebo,roc_auc,binary,LGBM,,False,cv,0.0,78,3,3,LGBM_363700_20260405_160514,363700_rep2_fold0_hebo_roc_auc_cv,LGBM_363700_20260405_160514::363700_rep2_fold0_hebo_roc_auc_cv,0.07710788609601431,0.0731019823483198,0.062232400677088844
64,0.2083481160266828,0.27768281101614434,0.279724596391263,59,-0.7920070290565491,363700,2,0,hebo,roc_auc,binary,LGBM,,False,cv,0.0,78,3,3,LGBM_363700_20260405_160514,363700_rep2_fold0_hebo_roc_auc_cv,LGBM_363700_20260405_160514::363700_rep2_fold0_hebo_roc_auc_cv,0.06379745244565188,0.09754632410701866,0.07617245842875651
65,0.21015366805499125,0.27213912630579307,0.27656695156695155,59,-0.7920712232589722,363700,2,0,hebo,roc_auc,binary,LGBM,,False,cv,0.0,78,3,3,LGBM_363700_20260405_160514,363700_rep2_fold0_hebo_roc_auc_cv,LGBM_363700_20260405_160514::363700_rep2_fold0_hebo_roc_auc_cv,0.06959327445652201,0.07596691465274248,0.06292940356467218
66,0.2092218257596279,0.2726495726495727,0.2778252611585945,59,-0.7920553088188171,363700,2,0,hebo,roc_auc,binary,LGBM,,False,cv,0.0,78,3,3,LGBM_363700_20260405_160514,363700_rep2_fold0_hebo_roc_auc_cv,LGBM_363700_20260405_160514::363700_rep2_fold0_hebo_roc_auc_cv,0.06660206068840563,0.07795388383161567,0.06820671114208947
67,0.20752851073976264,0.274465811965812,0.27566476733143397,67,-0.7920369505882263,363700,2,0,hebo,roc_auc,binary,LGBM,,False,cv,0.0,78,3,3,LGBM_363700_20260405_160514,363700_rep2_fold0_hebo_roc_auc_cv,LGBM_363700_20260405_160514::363700_rep2_fold0_hebo_roc_auc_cv,0.06116651947463818,0.08502379742156065,0.059145673603505165
68,0.20765635934466575,0.2738129154795822,0.27789648622981955,68,-0.7925134301185608,363700,2,0,hebo,roc_auc,binary,LGBM,,False,cv,0.0,78,3,3,LGBM_363700_20260405_160514,363700_rep2_fold0_hebo_roc_auc_cv,LGBM_363700_20260405_160514::363700_rep2_fold0_hebo_roc_auc_cv,0.06157691349637717,0.08248232521602497,0.06850542666533935
69,0.21416475489864095,0.26739078822412155,0.2709876543209877,68,-0.7925583124160767,363700,2,0,hebo,roc_auc,binary,LGBM,,False,cv,0.0,78,3,3,LGBM_363700_20260405_160514,363700_rep2_fold0_hebo_roc_auc_cv,LGBM_363700_20260405_160514::363700_rep2_fold0_hebo_roc_auc_cv,0.08246886322463756,0.057483480430663605,0.0395300209100872
70,0.2114126836990382,0.2715099715099716,0.27330246913580236,68,-0.7925940155982971,363700,2,0,hebo,roc_auc,binary,LGBM,,False,cv,0.0,78,3,3,LGBM_363700_20260405_160514,363700_rep2_fold0_hebo_roc_auc_cv,LGBM_363700_20260405_160514::363700_rep2_fold0_hebo_roc_auc_cv,0.07363471467391275,0.073517859618317,0.049238275415712345
71,0.21025849078965186,0.2734093067426401,0.2764245014245015,68,-0.792343020439148,363700,2,0,hebo,roc_auc,binary,LGBM,,False,cv,0.0,78,3,3,LGBM_363700_20260405_160514,363700_rep2_fold0_hebo_roc_auc_cv,LGBM_363700_20260405_160514::363700_rep2_fold0_hebo_roc_auc_cv,0.06992975543478258,0.08091123330714811,0.06233197251817244
72,0.21075480975439065,0.2830959164292497,0.2880104463437797,68,-0.7923820614814758,363700,2,0,hebo,roc_auc,binary,LGBM,,False,cv,0.0,78,3,3,LGBM_363700_20260405_160514,363700_rep2_fold0_hebo_roc_auc_cv,LGBM_363700_20260405_160514::363700_rep2_fold0_hebo_roc_auc_cv,0.07152293931159409,0.11861743912018788,0.11092303096684301
73,0.20895229115874314,0.2766025641025641,0.27968898385565044,68,-0.7923492193222046,363700,2,0,hebo,roc_auc,binary,LGBM,,False,cv,0.0,78,3,3,LGBM_363700_20260405_160514,363700_rep2_fold0_hebo_roc_auc_cv,LGBM_363700_20260405_160514::363700_rep2_fold0_hebo_roc_auc_cv,0.06573685461956559,0.09334134282149592,0.07602310066713135
74,0.21447854234389818,0.2765550807217474,0.2834757834757835,68,-0.7923639416694641,363700,2,0,hebo,roc_auc,binary,LGBM,,False,cv,0.0,78,3,3,LGBM_363700_20260405_160514,363700_rep2_fold0_hebo_roc_auc_cv,LGBM_363700_20260405_160514::363700_rep2_fold0_hebo_roc_auc_cv,0.08347612092391327,0.09315650847927509,0.09190480931992479
75,0.2110146955703417,0.2791073124406458,0.28405745489078815,68,-0.7922652363777161,363700,2,0,hebo,roc_auc,binary,LGBM,,False,cv,0.0,78,3,3,LGBM_363700_20260405_160514,363700_rep2_fold0_hebo_roc_auc_cv,LGBM_363700_20260405_160514::363700_rep2_fold0_hebo_roc_auc_cv,0.07235717278079694,0.10309135437364232,0.09434431942646623
76,0.2137098634532033,0.2775522317188983,0.27914292497625826,68,-0.7923192977905273,363700,2,0,hebo,roc_auc,binary,LGBM,,False,cv,0.0,78,3,3,LGBM_363700_20260405_160514,363700_rep2_fold0_hebo_roc_auc_cv,LGBM_363700_20260405_160514::363700_rep2_fold0_hebo_roc_auc_cv,0.08100866168478273,0.09703802966591127,0.0737329483222146
77,0.2094398308050025,0.2770180436847104,0.2790479582146248,68,-0.7922767996788025,363700,2,0,hebo,roc_auc,binary,LGBM,,False,cv,0.0,78,3,3,LGBM_363700_20260405_160514,363700_rep2_fold0_hebo_roc_auc_cv,LGBM_363700_20260405_160514::363700_rep2_fold0_hebo_roc_auc_cv,0.06730185688405814,0.09495864331592788,0.07333466095788113
78,0.21171781704309445,0.2794871794871794,0.28593304843304834,68,-0.7922380566596985,363700,2,0,hebo,roc_auc,binary,LGBM,,False,cv,0.0,78,3,3,LGBM_363700_20260405_160514,363700_rep2_fold0_hebo_roc_auc_cv,LGBM_363700_20260405_160514::363700_rep2_fold0_hebo_roc_auc_cv,0.07461419270833328,0.10457002911140811,0.10221049487205014
79,0.21158683095173603,0.27325498575498586,0.2763651471984806,68,-0.7922599911689758,363700,2,0,hebo,roc_auc,binary,LGBM,,False,cv,0.0,78,3,3,LGBM_363700_20260405_160514,363700_rep2_fold0_hebo_roc_auc_cv,LGBM_363700_20260405_160514::363700_rep2_fold0_hebo_roc_auc_cv,0.07419372735507275,0.08031052169493094,0.06208304291546414
80,0.20966470869170162,0.2712606837606838,0.277469135802469,68,-0.7923010587692261,363700,2,0,hebo,roc_auc,binary,LGBM,,False,cv,0.0,78,3,3,LGBM_363700_20260405_160514,363700_rep2_fold0_hebo_roc_auc_cv,LGBM_363700_20260405_160514::363700_rep2_fold0_hebo_roc_auc_cv,0.0680237149003623,0.07254747932165774,0.06671313352583873
81,0.20924617787484767,0.2734093067426401,0.27778964862298183,68,-0.7922895550727844,363700,2,0,hebo,roc_auc,binary,LGBM,,False,cv,0.0,78,3,3,LGBM_363700_20260405_160514,363700_rep2_fold0_hebo_roc_auc_cv,LGBM_363700_20260405_160514::363700_rep2_fold0_hebo_roc_auc_cv,0.06668023097826113,0.08091123330714811,0.06805735338046384
82,0.2108538813123617,0.2770180436847103,0.28907882241215577,68,-0.7922579646110535,363700,2,0,hebo,roc_auc,binary,LGBM,,False,cv,0.0,78,3,3,LGBM_363700_20260405_160514,363700_rep2_fold0_hebo_roc_auc_cv,LGBM_363700_20260405_160514::363700_rep2_fold0_hebo_roc_auc_cv,0.0718409590126812,0.09495864331592745,0.11540376381559338
83,0.20987747048399474,0.27838319088319086,0.28454415954415957,68,-0.7922478914260864,363700,2,0,hebo,roc_auc,binary,LGBM,,False,cv,0.0,78,3,3,LGBM_363700_20260405_160514,363700_rep2_fold0_hebo_roc_auc_cv,LGBM_363700_20260405_160514::363700_rep2_fold0_hebo_roc_auc_cv,0.06870668025362323,0.10027263065477518,0.09638554216867515
84,0.20888377085308585,0.2720916429249761,0.2787511870845205,68,-0.7922682762145996,363700,2,0,hebo,roc_auc,binary,LGBM,,False,cv,0.0,78,3,3,LGBM_363700_20260405_160514,363700_rep2_fold0_hebo_roc_auc_cv,LGBM_363700_20260405_160514::363700_rep2_fold0_hebo_roc_auc_cv,0.06551690443840567,0.07578208031052078,0.07209001294434009
85,0.2133766849660257,0.2756054131054131,0.27935660018993347,68,-0.792263925075531,363700,2,0,hebo,roc_auc,binary,LGBM,,False,cv,0.0,78,3,3,LGBM_363700_20260405_160514,363700_rep2_fold0_hebo_roc_auc_cv,LGBM_363700_20260405_160514::363700_rep2_fold0_hebo_roc_auc_cv,0.07993915874094255,0.08945982163485931,0.07462909489196468
86,0.21225676984570407,0.2711538461538462,0.27966524216524224,68,-0.7922511696815491,363700,2,0,hebo,roc_auc,binary,LGBM,,False,cv,0.0,78,3,3,LGBM_363700_20260405_160514,363700_rep2_fold0_hebo_roc_auc_cv,LGBM_363700_20260405_160514::363700_rep2_fold0_hebo_roc_auc_cv,0.07634423120471018,0.07213160205166097,0.07592352882604868
87,0.20735370036457623,0.2773979107312441,0.28000949667616337,68,-0.7926439642906189,363700,2,0,hebo,roc_auc,binary,LGBM,,False,cv,0.0,78,3,3,LGBM_363700_20260405_160514,363700_rep2_fold0_hebo_roc_auc_cv,LGBM_363700_20260405_160514::363700_rep2_fold0_hebo_roc_auc_cv,0.06060537817028981,0.0964373180536941,0.07736732052175692
88,0.2106542585161858,0.2725427350427351,0.27707739791073127,68,-0.7924196124076843,363700,2,0,hebo,roc_auc,binary,LGBM,,False,cv,0.0,78,3,3,LGBM_363700_20260405_160514,363700_rep2_fold0_hebo_roc_auc_cv,LGBM_363700_20260405_160514::363700_rep2_fold0_hebo_roc_auc_cv,0.07120016983695653,0.0775380065616189,0.06507019814796422
89,0.2124607487922705,0.27409781576448244,0.2771486229819564,68,-0.7923776507377625,363700,2,0,hebo,roc_auc,binary,LGBM,,False,cv,0.0,78,3,3,LGBM_363700_20260405_160514,363700_rep2_fold0_hebo_roc_auc_cv,LGBM_363700_20260405_160514::363700_rep2_fold0_hebo_roc_auc_cv,0.07699900362318841,0.08359133126934952,0.06536891367121456
90,0.21088082948157927,0.27740978157644824,0.2780151946818614,68,-0.7924322485923767,363700,2,0,hebo,roc_auc,binary,LGBM,,False,cv,0.0,78,3,3,LGBM_363700_20260405_160514,363700_rep2_fold0_hebo_roc_auc_cv,LGBM_363700_20260405_160514::363700_rep2_fold0_hebo_roc_auc_cv,0.07192746263586955,0.0964835266392492,0.06900328587075641
91,0.2100887490688066,0.27363485280151956,0.27800332383665716,68,-0.7923421263694763,363700,2,0,hebo,roc_auc,binary,LGBM,,False,cv,0.0,78,3,3,LGBM_363700_20260405_160514,363700_rep2_fold0_hebo_roc_auc_cv,LGBM_363700_20260405_160514::363700_rep2_fold0_hebo_roc_auc_cv,0.06938488451086926,0.08178919643269716,0.06895349995021438
92,0.20753760045600256,0.2775878442545109,0.28036562203228876,87,-0.7924945950508118,363700,2,0,hebo,roc_auc,binary,LGBM,,False,cv,0.0,78,3,3,LGBM_363700_20260405_160514,363700_rep2_fold0_hebo_roc_auc_cv,LGBM_363700_20260405_160514::363700_rep2_fold0_hebo_roc_auc_cv,0.061195697463768316,0.097176655422577,0.07886089813800719
93,0.21555653613029935,0.26728395061728394,0.27579534662868,87,-0.792511522769928,363700,2,0,hebo,roc_auc,binary,LGBM,,False,cv,0.0,78,3,3,LGBM_363700_20260405_160514,363700_rep2_fold0_hebo_roc_auc_cv,LGBM_363700_20260405_160514::363700_rep2_fold0_hebo_roc_auc_cv,0.08693648097826101,0.05706760316066684,0.0596933187294638
94,0.20874145700708835,0.27494064577397914,0.2788105413105413,87,-0.7924684882164001,363700,2,0,hebo,roc_auc,binary,LGBM,,False,cv,0.0,78,3,3,LGBM_363700_20260405_160514,363700_rep2_fold0_hebo_roc_auc_cv,LGBM_363700_20260405_160514::363700_rep2_fold0_hebo_roc_auc_cv,0.06506007699275371,0.08687214084376853,0.07233894254704792
95,0.20882071072621788,0.2746794871794872,0.27947530864197534,87,-0.7924000024795532,363700,2,0,hebo,roc_auc,binary,LGBM,,False,cv,0.0,78,3,3,LGBM_363700_20260405_160514,363700_rep2_fold0_hebo_roc_auc_cv,LGBM_363700_20260405_160514::363700_rep2_fold0_hebo_roc_auc_cv,0.06531448143115952,0.08585555196155417,0.07512695409738174
96,0.20778754119824816,0.27181861348528014,0.27721984805318134,87,-0.7923360466957092,363700,2,0,hebo,roc_auc,binary,LGBM,,False,cv,0.0,78,3,3,LGBM_363700_20260405_160514,363700_rep2_fold0_hebo_roc_auc_cv,LGBM_363700_20260405_160514::363700_rep2_fold0_hebo_roc_auc_cv,0.0619980072463767,0.07471928284275176,0.06566762919446396
97,0.2101381322943474,0.27560541310541287,0.2790004748338082,87,-0.792275071144104,363700,2,0,hebo,roc_auc,binary,LGBM,,False,cv,0.0,78,3,3,LGBM_363700_20260405_160514,363700_rep2_fold0_hebo_roc_auc_cv,LGBM_363700_20260405_160514::363700_rep2_fold0_hebo_roc_auc_cv,0.0695434046648553,0.08945982163485845,0.07313551727571486
98,0.21003997782066908,0.27661443494776816,0.27890550807217473,92,-0.7922689914703369,363700,2,0,hebo,roc_auc,binary,LGBM,,False,cv,0.0,78,3,3,LGBM_363700_20260405_160514,363700_rep2_fold0_hebo_roc_auc_cv,LGBM_363700_20260405_160514::363700_rep2_fold0_hebo_roc_auc_cv,0.06922832880434784,0.09338755140705059,0.0727372299113814
99,0.2186348230309495,0.2719966761633429,0.2755816714150048,92,-0.7922626733779907,363700,2,0,hebo,roc_auc,binary,LGBM,,False,cv,0.0,78,3,3,LGBM_363700_20260405_160514,363700_rep2_fold0_hebo_roc_auc_cv,LGBM_363700_20260405_160514::363700_rep2_fold0_hebo_roc_auc_cv,0.09681778192934799,0.07541241162607998,0.05879717215971372
100,0.21516992337408003,0.2676519468186135,0.2729700854700854,92,-0.7922853827476501,363700,2,0,hebo,roc_auc,binary,LGBM,,False,cv,0.0,78,3,3,LGBM_363700_20260405_160514,363700_rep2_fold0_hebo_roc_auc_cv,LGBM_363700_20260405_160514::363700_rep2_fold0_hebo_roc_auc_cv,0.085695454030797,0.05850006931287796,0.047844269640545674
101,0.20974638033884152,0.27778964862298183,0.2826329534662868,92,-0.7922719717025757,363700,2,0,hebo,roc_auc,binary,LGBM,,False,cv,0.0,78,3,3,LGBM_363700_20260405_160514,363700_rep2_fold0_hebo_roc_auc_cv,LGBM_363700_20260405_160514::363700_rep2_fold0_hebo_roc_auc_cv,0.06828588088768138,0.09796220137701499,0.08837000896146607
102,0.20850605557812985,0.276994301994302,0.279202279202279,92,-0.7922723889350891,363700,2,0,hebo,roc_auc,binary,LGBM,,False,cv,0.0,78,3,3,LGBM_363700_20260405_160514,363700_rep2_fold0_hebo_roc_auc_cv,LGBM_363700_20260405_160514::363700_rep2_fold0_hebo_roc_auc_cv,0.0643044384057969,0.09486622614481725,0.07398187792492243
103,0.20856288305905457,0.2738603988603989,0.2778252611585945,92,-0.792269766330719,363700,2,0,hebo,roc_auc,binary,LGBM,,False,cv,0.0,78,3,3,LGBM_363700_20260405_160514,363700_rep2_fold0_hebo_roc_auc_cv,LGBM_363700_20260405_160514::363700_rep2_fold0_hebo_roc_auc_cv,0.06448685461956528,0.0826671595582458,0.06820671114208947
104,0.3217559060228453,0.29757834757834756,0.38424738841405504,92,-0.7922779321670532,363700,2,0,hebo,roc_auc,binary,LGBM,,False,cv,0.0,78,3,3,LGBM_363700_20260405_160514,363700_rep2_fold0_hebo_roc_auc_cv,LGBM_363700_20260405_160514::363700_rep2_fold0_hebo_roc_auc_cv,0.42783645833333356,0.17499191349752735,0.5145374887981679
105,0.21494913709422536,0.26956315289648636,0.2723765432098766,87,-0.7922795414924622,363700,2,0,hebo,roc_auc,binary,LGBM,,False,cv,0.0,78,3,3,LGBM_363700_20260405_160514,363700_rep2_fold0_hebo_roc_auc_cv,LGBM_363700_20260405_160514::363700_rep2_fold0_hebo_roc_auc_cv,0.08498673007246352,0.06593965158726504,0.045354973613462655
106,0.21201783940584218,0.27228157644824325,0.27583095916429246,87,-0.792265772819519,363700,2,0,hebo,roc_auc,binary,LGBM,,False,cv,0.0,78,3,3,LGBM_363700_20260405_160514,363700_rep2_fold0_hebo_roc_auc_cv,LGBM_363700_20260405_160514::363700_rep2_fold0_hebo_roc_auc_cv,0.0755772644927535,0.07652141767940497,0.0598426764910885
107,0.2110828508059054,0.2691714150047483,0.27787274453941113,87,-0.7922651171684265,363700,2,0,hebo,roc_auc,binary,LGBM,,False,cv,0.0,78,3,3,LGBM_363700_20260405_160514,363700_rep2_fold0_hebo_roc_auc_cv,LGBM_363700_20260405_160514::363700_rep2_fold0_hebo_roc_auc_cv,0.0725759510869564,0.06441476826394285,0.06840585482425574
108,0.20835238046864424,0.27434710351377034,0.2787037037037037,87,-0.7922766804695129,363700,2,0,hebo,roc_auc,binary,LGBM,,False,cv,0.0,78,3,3,LGBM_363700_20260405_160514,363700_rep2_fold0_hebo_roc_auc_cv,LGBM_363700_20260405_160514::363700_rep2_fold0_hebo_roc_auc_cv,0.0638111413043481,0.08456171156600921,0.07189086926217289
109,0.21120769948699714,0.27416904083570737,0.27974833808167143,87,-0.7922756671905518,363700,2,0,hebo,roc_auc,binary,LGBM,,False,cv,0.0,78,3,3,LGBM_363700_20260405_160514,363700_rep2_fold0_hebo_roc_auc_cv,LGBM_363700_20260405_160514::363700_rep2_fold0_hebo_roc_auc_cv,0.0729767153532609,0.08386858278268013,0.07627203026984011
110,0.21007558714558217,0.2777421652421652,0.2799145299145299,87,-0.7922587990760803,363700,2,0,hebo,roc_auc,binary,LGBM,,False,cv,0.0,78,3,3,LGBM_363700_20260405_160514,363700_rep2_fold0_hebo_roc_auc_cv,LGBM_363700_20260405_160514::363700_rep2_fold0_hebo_roc_auc_cv,0.06934263473731886,0.09777736703479459,0.07696903315742346
111,0.2088810936724006,0.2742758784425451,0.2783475783475784,87,-0.7922577261924744,363700,2,0,hebo,roc_auc,binary,LGBM,,False,cv,0.0,78,3,3,LGBM_363700_20260405_160514,363700_rep2_fold0_hebo_roc_auc_cv,LGBM_363700_20260405_160514::363700_rep2_fold0_hebo_roc_auc_cv,0.06550831068840603,0.08428446005267733,0.07039729164592308
112,0.21143311880615379,0.2720441595441596,0.2781220322886989,87,-0.7922720909118652,363700,2,0,hebo,roc_auc,binary,LGBM,,False,cv,0.0,78,3,3,LGBM_363700_20260405_160514,363700_rep2_fold0_hebo_roc_auc_cv,LGBM_363700_20260405_160514::363700_rep2_fold0_hebo_roc_auc_cv,0.07370031136775375,0.07559724596830081,0.06945135915563098
113,0.2100640124836335,0.26901709401709406,0.2768162393162392,87,-0.7922760248184204,363700,2,0,hebo,roc_auc,binary,LGBM,,False,cv,0.0,78,3,3,LGBM_363700_20260405_160514,363700_rep2_fold0_hebo_roc_auc_cv,LGBM_363700_20260405_160514::363700_rep2_fold0_hebo_roc_auc_cv,0.06930548007246361,0.0638140566517257,0.06397490789604696
114,0.20824990335342464,0.2735636277302943,0.2774810066476734,87,-0.7923035621643066,363700,2,0,hebo,roc_auc,binary,LGBM,,False,cv,0.0,78,3,3,LGBM_363700_20260405_160514,363700_rep2_fold0_hebo_roc_auc_cv,LGBM_363700_20260405_160514::363700_rep2_fold0_hebo_roc_auc_cv,0.06348218976449319,0.08151194491936527,0.06676291944638123
115,0.20958529095557366,0.2661562203228871,0.2629154795821462,87,-0.792279839515686,363700,2,0,hebo,roc_auc,binary,LGBM,,False,cv,0.0,78,3,3,LGBM_363700_20260405_160514,363700_rep2_fold0_hebo_roc_auc_cv,LGBM_363700_20260405_160514::363700_rep2_fold0_hebo_roc_auc_cv,0.06776878396739154,0.0526777875329237,0.005675594941750761
116,0.21772277388369665,0.2736229819563153,0.2695512820512821,87,-0.7922835946083069,363700,2,0,hebo,roc_auc,binary,LGBM,,False,cv,0.0,78,3,3,LGBM_363700_20260405_160514,363700_rep2_fold0_hebo_roc_auc_cv,LGBM_363700_20260405_160514::363700_rep2_fold0_hebo_roc_auc_cv,0.09389010416666635,0.08174298784714164,0.033505924524545
117,0.210463700745519,0.2792972459639127,0.2818019943019944,87,-0.7923051118850708,363700,2,0,hebo,roc_auc,binary,LGBM,,False,cv,0.0,78,3,3,LGBM_363700_20260405_160514,363700_rep2_fold0_hebo_roc_auc_cv,LGBM_363700_20260405_160514::363700_rep2_fold0_hebo_roc_auc_cv,0.07058847939311613,0.10383069174252565,0.08488499452354939
118,0.20822878925120758,0.27420465337132005,0.27811016144349476,87,-0.792258083820343,363700,2,0,hebo,roc_auc,binary,LGBM,,False,cv,0.0,78,3,3,LGBM_363700_20260405_160514,363700_rep2_fold0_hebo_roc_auc_cv,LGBM_363700_20260405_160514::363700_rep2_fold0_hebo_roc_auc_cv,0.06341441349637643,0.08400720853934629,0.06940157323508941
119,0.2102478614299742,0.2771486229819563,0.2795940170940171,87,-0.7922723293304443,363700,2,0,hebo,roc_auc,binary,LGBM,,False,cv,0.0,78,3,3,LGBM_363700_20260405_160514,363700_rep2_fold0_hebo_roc_auc_cv,LGBM_363700_20260405_160514::363700_rep2_fold0_hebo_roc_auc_cv,0.0698956351902173,0.09546693775703484,0.07562481330279834
120,0.23132478822407332,0.2664529914529915,0.2775284900284901,87,-0.792253851890564,363700,2,0,hebo,roc_auc,binary,LGBM,,False,cv,0.0,78,3,3,LGBM_363700_20260405_160514,363700_rep2_fold0_hebo_roc_auc_cv,LGBM_363700_20260405_160514::363700_rep2_fold0_hebo_roc_auc_cv,0.13755257019927544,0.05383300217180336,0.06696206312854797
121,0.20925269270057334,0.2755460588793922,0.2793684710351376,87,-0.7922624349594116,363700,2,0,hebo,roc_auc,binary,LGBM,,False,cv,0.0,78,3,3,LGBM_363700_20260405_160514,363700_rep2_fold0_hebo_roc_auc_cv,LGBM_363700_20260405_160514::363700_rep2_fold0_hebo_roc_auc_cv,0.06670114356884052,0.08922877870708339,0.07467888081250625
122,0.20927354049562052,0.27640075973409306,0.2793803418803419,87,-0.7922692894935608,363700,2,0,hebo,roc_auc,binary,LGBM,,False,cv,0.0,78,3,3,LGBM_363700_20260405_160514,363700_rep2_fold0_hebo_roc_auc_cv,LGBM_363700_20260405_160514::363700_rep2_fold0_hebo_roc_auc_cv,0.06676806499094198,0.09255579686705749,0.07472866673304827
123,0.20792773164138334,0.27338556505223166,0.2776709401709401,87,-0.7922533750534058,363700,2,0,hebo,roc_auc,binary,LGBM,,False,cv,0.0,78,3,3,LGBM_363700_20260405_160514,363700_rep2_fold0_hebo_roc_auc_cv,LGBM_363700_20260405_160514::363700_rep2_fold0_hebo_roc_auc_cv,0.06244801856884063,0.08081881613603747,0.06755949417504724
124,0.2082270115185787,0.2722340930674264,0.27865622032288706,87,-0.792277991771698,363700,2,0,hebo,roc_auc,binary,LGBM,,False,cv,0.0,78,3,3,LGBM_363700_20260405_160514,363700_rep2_fold0_hebo_roc_auc_cv,LGBM_363700_20260405_160514::363700_rep2_fold0_hebo_roc_auc_cv,0.06340870697463773,0.07633658333718371,0.07169172558000662
125,0.20836616847826084,0.2747981956315291,0.2784188034188033,87,-0.7922691702842712,363700,2,0,hebo,roc_auc,binary,LGBM,,False,cv,0.0,78,3,3,LGBM_363700_20260405_160514,363700_rep2_fold0_hebo_roc_auc_cv,LGBM_363700_20260405_160514::363700_rep2_fold0_hebo_roc_auc_cv,0.0638554008152174,0.08631763781710647,0.07069600716917249
126,0.23066241351189665,0.2857312440645774,0.2868352326685659,87,-0.7922971844673157,363700,2,0,hebo,roc_auc,binary,LGBM,,False,cv,0.0,78,3,3,LGBM_363700_20260405_160514,363700_rep2_fold0_hebo_roc_auc_cv,LGBM_363700_20260405_160514::363700_rep2_fold0_hebo_roc_auc_cv,0.13542634737318834,0.1288757451134417,0.10599422483321716
127,0.21764119570860996,0.2819563152896487,0.2901234567901234,87,-0.7923030257225037,363700,2,0,hebo,roc_auc,binary,LGBM,,False,cv,0.0,78,3,3,LGBM_363700_20260405_160514,363700_rep2_fold0_hebo_roc_auc_cv,LGBM_363700_20260405_160514::363700_rep2_fold0_hebo_roc_auc_cv,0.09362823822463806,0.11418141490688964,0.11978492482326013
128,0.20916484307982297,0.27520180436847097,0.274002849002849,87,-0.7922815680503845,363700,2,0,hebo,roc_auc,binary,LGBM,,False,cv,0.0,78,3,3,LGBM_363700_20260405_160514,363700_rep2_fold0_hebo_roc_auc_cv,LGBM_363700_20260405_160514::363700_rep2_fold0_hebo_roc_auc_cv,0.06641914628623184,0.08788872972598247,0.052175644727671326
129,0.21014981630096163,0.2734805318138652,0.2734567901234568,87,-0.7922954559326172,363700,2,0,hebo,roc_auc,binary,LGBM,,False,cv,0.0,78,3,3,LGBM_363700_20260405_160514,363700_rep2_fold0_hebo_roc_auc_cv,LGBM_363700_20260405_160514::363700_rep2_fold0_hebo_roc_auc_cv,0.06958091032608694,0.08118848482047958,0.04988549238275458
130,0.5,0.5,0.5,87,-0.7923231720924377,363700,2,0,hebo,roc_auc,binary,LGBM,,False,cv,0.0,78,3,3,LGBM_363700_20260405_160514,363700_rep2_fold0_hebo_roc_auc_cv,LGBM_363700_20260405_160514::363700_rep2_fold0_hebo_roc_auc_cv,1.0,0.962940714384732,1.0
131,0.21948550160278113,0.27336182336182346,0.2694325735992402,87,-0.7923358678817749,363700,2,0,hebo,roc_auc,binary,LGBM,,False,cv,0.0,78,3,3,LGBM_363700_20260405_160514,363700_rep2_fold0_hebo_roc_auc_cv,LGBM_363700_20260405_160514::363700_rep2_fold0_hebo_roc_auc_cv,0.09954846014492753,0.08072639896492771,0.03300806531912793
132,0.5,0.5,0.5,87,-0.7923275232315063,363700,2,0,hebo,roc_auc,binary,LGBM,,False,cv,0.0,78,3,3,LGBM_363700_20260405_160514,363700_rep2_fold0_hebo_roc_auc_cv,LGBM_363700_20260405_160514::363700_rep2_fold0_hebo_roc_auc_cv,1.0,0.962940714384732,1.0
133,0.212298654143528,0.2758190883190883,0.27665004748338085,87,-0.7923603057861328,363700,2,0,hebo,roc_auc,binary,LGBM,,False,cv,0.0,78,3,3,LGBM_363700_20260405_160514,363700_rep2_fold0_hebo_roc_auc_cv,LGBM_363700_20260405_160514::363700_rep2_fold0_hebo_roc_auc_cv,0.07647867980072498,0.09029157617485284,0.06327790500846409
134,0.21134996218790914,0.2732193732193732,0.27579534662868,68,-0.7923683524131775,363700,2,0,hebo,roc_auc,binary,LGBM,,False,cv,0.0,78,3,3,LGBM_363700_20260405_160514,363700_rep2_fold0_hebo_roc_auc_cv,LGBM_363700_20260405_160514::363700_rep2_fold0_hebo_roc_auc_cv,0.07343337862318843,0.08017189593826478,0.0596933187294638
135,0.21124162807858138,0.2761514719848054,0.27933285849952527,68,-0.7924026846885681,363700,2,0,hebo,roc_auc,binary,LGBM,,False,cv,0.0,78,3,3,LGBM_363700_20260405_160514,363700_rep2_fold0_hebo_roc_auc_cv,LGBM_363700_20260405_160514::363700_rep2_fold0_hebo_roc_auc_cv,0.07308562613224633,0.09158541657039866,0.07452952305088201
136,0.21033691207842353,0.2780151946818613,0.27797958214624874,68,-0.7924003601074219,363700,2,0,hebo,roc_auc,binary,LGBM,,False,cv,0.0,78,3,3,LGBM_363700_20260405_160514,363700_rep2_fold0_hebo_roc_auc_cv,LGBM_363700_20260405_160514::363700_rep2_fold0_hebo_roc_auc_cv,0.07018148777173965,0.09884016450256405,0.06885392810913078
137,0.20762717490067262,0.27792022792022786,0.27958214624881284,68,-0.7923863530158997,363700,2,0,hebo,roc_auc,binary,LGBM,,False,cv,0.0,78,3,3,LGBM_363700_20260405_160514,363700_rep2_fold0_hebo_roc_auc_cv,LGBM_363700_20260405_160514::363700_rep2_fold0_hebo_roc_auc_cv,0.061483231431159205,0.0984704958181224,0.07557502738225631
138,0.20827046367781843,0.2782882241215575,0.27933285849952516,68,-0.7923682928085327,363700,2,0,hebo,roc_auc,binary,LGBM,,False,cv,0.0,78,3,3,LGBM_363700_20260405_160514,363700_rep2_fold0_hebo_roc_auc_cv,LGBM_363700_20260405_160514::363700_rep2_fold0_hebo_roc_auc_cv,0.06354818840579726,0.09990296197033395,0.07452952305088154
139,0.21129581717854085,0.2776471984805319,0.27985517568850904,87,-0.7923972606658936,363700,2,0,hebo,roc_auc,binary,LGBM,,False,cv,0.0,78,3,3,LGBM_363700_20260405_160514,363700_rep2_fold0_hebo_roc_auc_cv,LGBM_363700_20260405_160514::363700_rep2_fold0_hebo_roc_auc_cv,0.07325957314311622,0.09740769835035336,0.07672010355471515
140,0.2083286738396768,0.27650759734093067,0.27947530864197534,68,-0.7923669219017029,363700,2,0,hebo,roc_auc,binary,LGBM,,False,cv,0.0,78,3,3,LGBM_363700_20260405_160514,363700_rep2_fold0_hebo_roc_auc_cv,LGBM_363700_20260405_160514::363700_rep2_fold0_hebo_roc_auc_cv,0.0637350430253626,0.09297167413705426,0.07512695409738174
141,0.20931678631089434,0.27574786324786327,0.2802706552706553,68,-0.7923650741577148,363700,2,0,hebo,roc_auc,binary,LGBM,,False,cv,0.0,78,3,3,LGBM_363700_20260405_160514,363700_rep2_fold0_hebo_roc_auc_cv,LGBM_363700_20260405_160514::363700_rep2_fold0_hebo_roc_auc_cv,0.06690688405797095,0.09001432466152182,0.07846261077367372
142,0.21336846471624005,0.27148622981956316,0.2732668566001899,68,-0.7923782467842102,363700,2,0,hebo,roc_auc,binary,LGBM,,False,cv,0.0,78,3,3,LGBM_363700_20260405_160514,363700_rep2_fold0_hebo_roc_auc_cv,LGBM_363700_20260405_160514::363700_rep2_fold0_hebo_roc_auc_cv,0.07991277173913065,0.07342544244720636,0.04908891765408765
143,0.21337801121100275,0.2713675213675213,0.28278727445394103,87,-0.7924219965934753,363700,2,0,hebo,roc_auc,binary,LGBM,,False,cv,0.0,78,3,3,LGBM_363700_20260405_160514,363700_rep2_fold0_hebo_roc_auc_cv,LGBM_363700_20260405_160514::363700_rep2_fold0_hebo_roc_auc_cv,0.07994341598731892,0.07296335659165407,0.08901722592850737
144,0.20900422634769067,0.2736467236467236,0.2773741690408358,87,-0.792415201663971,363700,2,0,hebo,roc_auc,binary,LGBM,,False,cv,0.0,78,3,3,LGBM_363700_20260405_160514,363700_rep2_fold0_hebo_roc_auc_cv,LGBM_363700_20260405_160514::363700_rep2_fold0_hebo_roc_auc_cv,0.06590356657608715,0.08183540501825183,0.0663148461615062
145,0.20900423692943249,0.27697056030389366,0.28148148148148144,68,-0.7923786044120789,363700,2,0,hebo,roc_auc,binary,LGBM,,False,cv,0.0,78,3,3,LGBM_363700_20260405_160514,363700_rep2_fold0_hebo_roc_auc_cv,LGBM_363700_20260405_160514::363700_rep2_fold0_hebo_roc_auc_cv,0.06590360054347838,0.09477380897370705,0.08354077466892382
146,0.21366231615987175,0.2780151946818614,0.2771842355175689,87,-0.7923996448516846,363700,2,0,hebo,roc_auc,binary,LGBM,,False,cv,0.0,78,3,3,LGBM_363700_20260405_160514,363700_rep2_fold0_hebo_roc_auc_cv,LGBM_363700_20260405_160514::363700_rep2_fold0_hebo_roc_auc_cv,0.0808560348731884,0.09884016450256448,0.06551827143283925
147,0.21581144323671497,0.27247150997151004,0.2761514719848053,68,-0.7923843264579773,363700,2,0,hebo,roc_auc,binary,LGBM,,False,cv,0.0,78,3,3,LGBM_363700_20260405_160514,363700_rep2_fold0_hebo_roc_auc_cv,LGBM_363700_20260405_160514::363700_rep2_fold0_hebo_roc_auc_cv,0.08775473278985517,0.07726075504828787,0.06118689634571361
148,0.2106966630829834,0.2773979107312441,0.2808760683760684,68,-0.792346715927124,363700,2,0,hebo,roc_auc,binary,LGBM,,False,cv,0.0,78,3,3,LGBM_363700_20260405_160514,363700_rep2_fold0_hebo_roc_auc_cv,LGBM_363700_20260405_160514::363700_rep2_fold0_hebo_roc_auc_cv,0.07133628849637683,0.0964373180536941,0.08100169272129877
149,0.20707305493476003,0.27536799620132946,0.27730294396961064,149,-0.7929558753967285,363700,2,0,hebo,roc_auc,binary,LGBM,,False,cv,0.0,78,3,3,LGBM_363700_20260405_160514,363700_rep2_fold0_hebo_roc_auc_cv,LGBM_363700_20260405_160514::363700_rep2_fold0_hebo_roc_auc_cv,0.059704506340579784,0.08853564992375516,0.06601613063825586
150,0.20747689300307004,0.27534425451092126,0.2777421652421652,149,-0.7929627895355225,363700,2,0,hebo,roc_auc,binary,LGBM,,False,cv,0.0,78,3,3,LGBM_363700_20260405_160514,363700_rep2_fold0_hebo_roc_auc_cv,LGBM_363700_20260405_160514::363700_rep2_fold0_hebo_roc_auc_cv,0.06100082653985493,0.08844323275264539,0.06785820969829758
151,0.20750326623098103,0.27504748338081675,0.27789648622981955,149,-0.7930067777633667,363700,2,0,hebo,roc_auc,binary,LGBM,,False,cv,0.0,78,3,3,LGBM_363700_20260405_160514,363700_rep2_fold0_hebo_roc_auc_cv,LGBM_363700_20260405_160514::363700_rep2_fold0_hebo_roc_auc_cv,0.06108548460144922,0.0872880181137653,0.06850542666533935
152,0.20425504890175628,0.26703466286799626,0.2706552706552705,152,-0.7956129908561707,363700,2,0,hebo,roc_auc,binary,LGBM,,False,cv,0.0,78,3,3,LGBM_363700_20260405_160514,363700_rep2_fold0_hebo_roc_auc_cv,LGBM_363700_20260405_160514::363700_rep2_fold0_hebo_roc_auc_cv,0.05065870697463775,0.05609722286400801,0.03813601513491959
153,0.20864560582588376,0.28281101614434956,0.2839743589743591,152,-0.795622706413269,363700,2,0,hebo,roc_auc,binary,LGBM,,False,cv,0.0,78,3,3,LGBM_363700_20260405_160514,363700_rep2_fold0_hebo_roc_auc_cv,LGBM_363700_20260405_160514::363700_rep2_fold0_hebo_roc_auc_cv,0.06475239470108698,0.11750843306686376,0.09399581798267527
154,0.20930059977312754,0.2754985754985755,0.2788105413105414,152,-0.7958195209503174,363700,2,0,hebo,roc_auc,binary,LGBM,,False,cv,0.0,78,3,3,LGBM_363700_20260405_160514,363700_rep2_fold0_hebo_roc_auc_cv,LGBM_363700_20260405_160514::363700_rep2_fold0_hebo_roc_auc_cv,0.0668549252717395,0.08904394436486256,0.0723389425470484
155,0.2102120739790735,0.2777421652421652,0.2795584045584045,152,-0.7957980036735535,363700,2,0,hebo,roc_auc,binary,LGBM,,False,cv,0.0,78,3,3,LGBM_363700_20260405_160514,363700_rep2_fold0_hebo_roc_auc_cv,LGBM_363700_20260405_160514::363700_rep2_fold0_hebo_roc_auc_cv,0.069780757472826,0.09777736703479459,0.07547545554117317
156,0.23242616060544496,0.28993352326685673,0.2841524216524217,152,-0.7958011031150818,363700,2,0,hebo,roc_auc,binary,LGBM,,False,cv,0.0,78,3,3,LGBM_363700_20260405_160514,363700_rep2_fold0_hebo_roc_auc_cv,LGBM_363700_20260405_160514::363700_rep2_fold0_hebo_roc_auc_cv,0.14108797554347843,0.14523358439998163,0.09474260679080017
157,0.20539863890581955,0.2672602089268755,0.271011396011396,152,-0.7958149909973145,363700,2,0,hebo,roc_auc,binary,LGBM,,False,cv,0.0,78,3,3,LGBM_363700_20260405_160514,363700_rep2_fold0_hebo_roc_auc_cv,LGBM_363700_20260405_160514::363700_rep2_fold0_hebo_roc_auc_cv,0.05432963088768087,0.056975185989556205,0.03962959275117033
158,0.21354453079145785,0.27409781576448244,0.27561728395061724,152,-0.795866072177887,363700,2,0,hebo,roc_auc,binary,LGBM,,False,cv,0.0,78,3,3,LGBM_363700_20260405_160514,363700_rep2_fold0_hebo_roc_auc_cv,LGBM_363700_20260405_160514::363700_rep2_fold0_hebo_roc_auc_cv,0.08047794384057981,0.08359133126934952,0.05894652992133843
159,0.20676736957650466,0.2729700854700855,0.2751187084520418,152,-0.7958284616470337,363700,2,0,hebo,roc_auc,binary,LGBM,,False,cv,0.0,78,3,3,LGBM_363700_20260405_160514,363700_rep2_fold0_hebo_roc_auc_cv,LGBM_363700_20260405_160514::363700_rep2_fold0_hebo_roc_auc_cv,0.05872325634058005,0.07920151564160595,0.056855521258588414
160,0.20850931475461632,0.28049620132953457,0.28004510921177594,152,-0.7952727675437927,363700,2,0,hebo,roc_auc,binary,LGBM,,False,cv,0.0,78,3,3,LGBM_363700_20260405_160514,363700_rep2_fold0_hebo_roc_auc_cv,LGBM_363700_20260405_160514::363700_rep2_fold0_hebo_roc_auc_cv,0.06431490036231848,0.10849775888359982,0.07751667828338209
161,0.20832068991545882,0.2829059829059828,0.2832264957264957,157,-0.7943757176399231,363700,2,0,hebo,roc_auc,binary,LGBM,,False,cv,0.0,78,3,3,LGBM_363700_20260405_160514,363700_rep2_fold0_hebo_roc_auc_cv,LGBM_363700_20260405_160514::363700_rep2_fold0_hebo_roc_auc_cv,0.06370941462862292,0.11787810175130456,0.09085930498854955
162,0.23137527018714155,0.27962962962962956,0.28403371320037984,157,-0.7940977215766907,363700,2,0,hebo,roc_auc,binary,LGBM,,False,cv,0.0,78,3,3,LGBM_363700_20260405_160514,363700_rep2_fold0_hebo_roc_auc_cv,LGBM_363700_20260405_160514::363700_rep2_fold0_hebo_roc_auc_cv,0.13771461730072446,0.1051245321380706,0.0942447475853831
163,0.2088626849688473,0.2725308641975308,0.27099952516619186,157,-0.794082522392273,363700,2,0,hebo,roc_auc,binary,LGBM,,False,cv,0.0,78,3,3,LGBM_363700_20260405_160514,363700_rep2_fold0_hebo_roc_auc_cv,LGBM_363700_20260405_160514::363700_rep2_fold0_hebo_roc_auc_cv,0.06544921874999994,0.07749179797606337,0.03957980683062876
164,0.21208074433383006,0.27274453941120613,0.27188983855650517,152,-0.7936877012252808,363700,2,0,hebo,roc_auc,binary,LGBM,,False,cv,0.0,78,3,3,LGBM_363700_20260405_160514,363700_rep2_fold0_hebo_roc_auc_cv,LGBM_363700_20260405_160514::363700_rep2_fold0_hebo_roc_auc_cv,0.07577918931159461,0.07832355251605733,0.04331375087125375
165,0.2107188071414059,0.26093304843304843,0.2688509021842356,157,-0.7940253615379333,363700,2,0,hebo,roc_auc,binary,LGBM,,False,cv,0.0,78,3,3,LGBM_363700_20260405_160514,363700_rep2_fold0_hebo_roc_auc_cv,LGBM_363700_20260405_160514::363700_rep2_fold0_hebo_roc_auc_cv,0.07140737092391303,0.032346009888636944,0.030568555212586484
166,0.20653010223373525,0.27175925925925926,0.2725902184235518,152,-0.7936716675758362,363700,2,0,hebo,roc_auc,binary,LGBM,,False,cv,0.0,78,3,3,LGBM_363700_20260405_160514,363700_rep2_fold0_hebo_roc_auc_cv,LGBM_363700_20260405_160514::363700_rep2_fold0_hebo_roc_auc_cv,0.05796162817029025,0.07448823991497582,0.04625112018321273
167,0.21652324879227058,0.27407407407407414,0.27665004748338085,152,-0.7936681509017944,363700,2,0,hebo,roc_auc,binary,LGBM,,False,cv,0.0,78,3,3,LGBM_363700_20260405_160514,363700_rep2_fold0_hebo_roc_auc_cv,LGBM_363700_20260405_160514::363700_rep2_fold0_hebo_roc_auc_cv,0.09003962862318868,0.08349891409823933,0.06327790500846409
168,0.2339066344699534,0.27675688509021834,0.2786918328584995,152,-0.793678879737854,363700,2,0,hebo,roc_auc,binary,LGBM,,False,cv,0.0,78,3,3,LGBM_363700_20260405_160514,363700_rep2_fold0_hebo_roc_auc_cv,LGBM_363700_20260405_160514::363700_rep2_fold0_hebo_roc_auc_cv,0.14584029664855055,0.09394205443371309,0.07184108334163132
169,0.22667953406474317,0.2645773979107313,0.2727564102564102,152,-0.7936932444572449,363700,2,0,hebo,roc_auc,binary,LGBM,,False,cv,0.0,78,3,3,LGBM_363700_20260405_160514,363700_rep2_fold0_hebo_roc_auc_cv,LGBM_363700_20260405_160514::363700_rep2_fold0_hebo_roc_auc_cv,0.12264130434782568,0.04653204565408245,0.0469481230707956
170,0.20487135070996432,0.2675688509021842,0.2705840455840456,170,-0.794821560382843,363700,2,0,hebo,roc_auc,binary,LGBM,,False,cv,0.0,78,3,3,LGBM_363700_20260405_160514,363700_rep2_fold0_hebo_roc_auc_cv,LGBM_363700_20260405_160514::363700_rep2_fold0_hebo_roc_auc_cv,0.05263703577898556,0.0581766092139914,0.03783729961167019
171,0.2069510933055667,0.274869420702754,0.27441832858499526,170,-0.7948434948921204,363700,2,0,hebo,roc_auc,binary,LGBM,,False,cv,0.0,78,3,3,LGBM_363700_20260405_160514,363700_rep2_fold0_hebo_roc_auc_cv,LGBM_363700_20260405_160514::363700_rep2_fold0_hebo_roc_auc_cv,0.059313009510869256,0.08659488933043707,0.053918151946629904
172,0.20425617762088577,0.26703466286799626,0.2706315289648622,170,-0.7948431372642517,363700,2,0,hebo,roc_auc,binary,LGBM,,False,cv,0.0,78,3,3,LGBM_363700_20260405_160514,363700_rep2_fold0_hebo_roc_auc_cv,LGBM_363700_20260405_160514::363700_rep2_fold0_hebo_roc_auc_cv,0.05066233016304343,0.05609722286400801,0.03803644329383646
173,0.22039814861844775,0.27730294396961064,0.26956315289648614,170,-0.7948296666145325,363700,2,0,hebo,roc_auc,binary,LGBM,,False,cv,0.0,78,3,3,LGBM_363700_20260405_160514,363700_rep2_fold0_hebo_roc_auc_cv,LGBM_363700_20260405_160514::363700_rep2_fold0_hebo_roc_auc_cv,0.10247805706521738,0.09606764936925244,0.0335557104450861
174,0.21108416294189358,0.27977207977207974,0.28764245014245016,170,-0.7948160171508789,363700,2,0,hebo,roc_auc,binary,LGBM,,False,cv,0.0,78,3,3,LGBM_363700_20260405_160514,363700_rep2_fold0_hebo_roc_auc_cv,LGBM_363700_20260405_160514::363700_rep2_fold0_hebo_roc_auc_cv,0.0725801630434785,0.1056790351647331,0.10937966743005118
175,0.22076046745902755,0.27993827160493834,0.2902659069325736,170,-0.7948102951049805,363700,2,0,hebo,roc_auc,binary,LGBM,,False,cv,0.0,78,3,3,LGBM_363700_20260405_160514,363700_rep2_fold0_hebo_roc_auc_cv,LGBM_363700_20260405_160514::363700_rep2_fold0_hebo_roc_auc_cv,0.10364110054347855,0.10632595536250623,0.12038235586976033
176,0.20805879885942935,0.27577160493827146,0.27993827160493834,170,-0.7947980761528015,363700,2,0,hebo,roc_auc,binary,LGBM,,False,cv,0.0,78,3,3,LGBM_363700_20260405_160514,363700_rep2_fold0_hebo_roc_auc_cv,LGBM_363700_20260405_160514::363700_rep2_fold0_hebo_roc_auc_cv,0.06286874433876832,0.09010674183263158,0.07706860499850705
177,0.211657776239898,0.27602089268755936,0.28639601139601134,170,-0.7948020696640015,363700,2,0,hebo,roc_auc,binary,LGBM,,False,cv,0.0,78,3,3,LGBM_363700_20260405_160514,363700_rep2_fold0_hebo_roc_auc_cv,LGBM_363700_20260405_160514::363700_rep2_fold0_hebo_roc_auc_cv,0.07442146173007272,0.09107712212929127,0.10415214577317546
178,0.21057247399713308,0.26534900284900276,0.27439458689458684,170,-0.7947995066642761,363700,2,0,hebo,roc_auc,binary,LGBM,,False,cv,0.0,78,3,3,LGBM_363700_20260405_160514,363700_rep2_fold0_hebo_roc_auc_cv,LGBM_363700_20260405_160514::363700_rep2_fold0_hebo_roc_auc_cv,0.07093764153079729,0.04953560371516956,0.0538185801055463
179,0.21620517221432112,0.27532051282051284,0.2754392212725546,170,-0.7943132519721985,363700,2,0,hebo,roc_auc,binary,LGBM,,False,cv,0.0,78,3,3,LGBM_363700_20260405_160514,363700_rep2_fold0_hebo_roc_auc_cv,LGBM_363700_20260405_160514::363700_rep2_fold0_hebo_roc_auc_cv,0.08901860280797089,0.08835081558153476,0.05819974111321352
180,0.21154209487448639,0.2719610636277303,0.27935660018993347,170,-0.7948185205459595,363700,2,0,hebo,roc_auc,binary,LGBM,,False,cv,0.0,78,3,3,LGBM_363700_20260405_160514,363700_rep2_fold0_hebo_roc_auc_cv,LGBM_363700_20260405_160514::363700_rep2_fold0_hebo_roc_auc_cv,0.0740501245471014,0.07527378586941424,0.07462909489196468
181,0.23463803388414828,0.29643874643874657,0.28922127255460595,170,-0.7947654128074646,363700,2,0,hebo,roc_auc,binary,LGBM,,False,cv,0.0,78,3,3,LGBM_363700_20260405_160514,363700_rep2_fold0_hebo_roc_auc_cv,LGBM_363700_20260405_160514::363700_rep2_fold0_hebo_roc_auc_cv,0.14818808876811607,0.17055588928422913,0.11600119486209358
182,0.21384598698022483,0.2718542260208927,0.27013295346628685,170,-0.7949467897415161,363700,2,0,hebo,roc_auc,binary,LGBM,,False,cv,0.0,78,3,3,LGBM_363700_20260405_160514,363700_rep2_fold0_hebo_roc_auc_cv,LGBM_363700_20260405_160514::363700_rep2_fold0_hebo_roc_auc_cv,0.08144561820652182,0.07485790859941749,0.03594543463108691
183,0.21278231381777957,0.27083333333333337,0.268755935422602,170,-0.7950394153594971,363700,2,0,hebo,roc_auc,binary,LGBM,,False,cv,0.0,78,3,3,LGBM_363700_20260405_160514,363700_rep2_fold0_hebo_roc_auc_cv,LGBM_363700_20260405_160514::363700_rep2_fold0_hebo_roc_auc_cv,0.07803122735507251,0.07088397024167067,0.030170267848252552
184,0.21233202013917118,0.2692426400759733,0.2841286799620133,170,-0.7950483560562134,363700,2,0,hebo,roc_auc,binary,LGBM,,False,cv,0.0,78,3,3,LGBM_363700_20260405_160514,363700_rep2_fold0_hebo_roc_auc_cv,LGBM_363700_20260405_160514::363700_rep2_fold0_hebo_roc_auc_cv,0.07658578464673961,0.06469201977727389,0.09464303494971657
185,0.2084043897297846,0.27730294396961064,0.2787511870845204,161,-0.7943224310874939,363700,2,0,hebo,roc_auc,binary,LGBM,,False,cv,0.0,78,3,3,LGBM_363700_20260405_160514,363700_rep2_fold0_hebo_roc_auc_cv,LGBM_363700_20260405_160514::363700_rep2_fold0_hebo_roc_auc_cv,0.06397809103260864,0.09606764936925244,0.07209001294433963
186,0.24553299528195416,0.28272792022792015,0.2921415004748338,170,-0.795065701007843,363700,2,0,hebo,roc_auc,binary,LGBM,,False,cv,0.0,78,3,3,LGBM_363700_20260405_160514,363700_rep2_fold0_hebo_roc_auc_cv,LGBM_363700_20260405_160514::363700_rep2_fold0_hebo_roc_auc_cv,0.18316091485507294,0.11718497296797677,0.12824853131534425
187,0.5,0.2815764482431149,0.5,170,-0.7951058149337769,363700,2,0,hebo,roc_auc,binary,LGBM,,False,cv,0.0,78,3,3,LGBM_363700_20260405_160514,363700_rep2_fold0_hebo_roc_auc_cv,LGBM_363700_20260405_160514::363700_rep2_fold0_hebo_roc_auc_cv,1.0,0.11270274016912299,1.0
188,0.21006532461962169,0.27977207977207985,0.2864434947768282,170,-0.7951187491416931,363700,2,0,hebo,roc_auc,binary,LGBM,,False,cv,0.0,78,3,3,LGBM_363700_20260405_160514,363700_rep2_fold0_hebo_roc_auc_cv,LGBM_363700_20260405_160514::363700_rep2_fold0_hebo_roc_auc_cv,0.06930969202898571,0.10567903516473354,0.10435128945534265
189,0.20557446160097526,0.273670465337132,0.27333808167141505,170,-0.7951236367225647,363700,2,0,hebo,roc_auc,binary,LGBM,,False,cv,0.0,78,3,3,LGBM_363700_20260405_160514,363700_rep2_fold0_hebo_roc_auc_cv,LGBM_363700_20260405_160514::363700_rep2_fold0_hebo_roc_auc_cv,0.054894021739130675,0.08192782218936247,0.04938763317733798
190,0.2155882848830648,0.2730531813865148,0.274002849002849,170,-0.795092761516571,363700,2,0,hebo,roc_auc,binary,LGBM,,False,cv,0.0,78,3,3,LGBM_363700_20260405_160514,363700_rep2_fold0_hebo_roc_auc_cv,LGBM_363700_20260405_160514::363700_rep2_fold0_hebo_roc_auc_cv,0.08703839447463813,0.07952497574049251,0.052175644727671326
191,0.21141893574484172,0.27768281101614445,0.28148148148148144,170,-0.7951098680496216,363700,2,0,hebo,roc_auc,binary,LGBM,,False,cv,0.0,78,3,3,LGBM_363700_20260405_160514,363700_rep2_fold0_hebo_roc_auc_cv,LGBM_363700_20260405_160514::363700_rep2_fold0_hebo_roc_auc_cv,0.07365478374094202,0.09754632410701909,0.08354077466892382
192,0.21672066000440193,0.2703347578347578,0.2837488129154795,170,-0.7951061129570007,363700,2,0,hebo,roc_auc,binary,LGBM,,False,cv,0.0,78,3,3,LGBM_363700_20260405_160514,363700_rep2_fold0_hebo_roc_auc_cv,LGBM_363700_20260405_160514::363700_rep2_fold0_hebo_roc_auc_cv,0.0906733186141303,0.06894320964835216,0.0930498854923827
193,0.5,0.5,0.5,170,-0.795068085193634,363700,2,0,hebo,roc_auc,binary,LGBM,,False,cv,0.0,78,3,3,LGBM_363700_20260405_160514,363700_rep2_fold0_hebo_roc_auc_cv,LGBM_363700_20260405_160514::363700_rep2_fold0_hebo_roc_auc_cv,1.0,0.962940714384732,1.0
194,0.20896889214806535,0.28199192782526106,0.2835826210826211,170,-0.7949963808059692,363700,2,0,hebo,roc_auc,binary,LGBM,,False,cv,0.0,78,3,3,LGBM_363700_20260405_160514,363700_rep2_fold0_hebo_roc_auc_cv,LGBM_363700_20260405_160514::363700_rep2_fold0_hebo_roc_auc_cv,0.0657901437952899,0.11432004066355451,0.09235288260479983
195,0.21461922307440529,0.27770655270655276,0.28690645773979107,170,-0.7950448393821716,363700,2,0,hebo,roc_auc,binary,LGBM,,False,cv,0.0,78,3,3,LGBM_363700_20260405_160514,363700_rep2_fold0_hebo_roc_auc_cv,LGBM_363700_20260405_160514::363700_rep2_fold0_hebo_roc_auc_cv,0.08392770606884106,0.0976387412781293,0.1062929403564675
196,0.21381087852442549,0.27599715099715094,0.285185185185185,170,-0.7950605750083923,363700,2,0,hebo,roc_auc,binary,LGBM,,False,cv,0.0,78,3,3,LGBM_363700_20260405_160514,363700_rep2_fold0_hebo_roc_auc_cv,LGBM_363700_20260405_160514::363700_rep2_fold0_hebo_roc_auc_cv,0.08133292006340591,0.09098470495818065,0.09907398187792443
197,0.20482457941103438,0.2702872744539411,0.26956315289648614,197,-0.7955886125564575,363700,2,0,hebo,roc_auc,binary,LGBM,,False,cv,0.0,78,3,3,LGBM_363700_20260405_160514,363700_rep2_fold0_hebo_roc_auc_cv,LGBM_363700_20260405_160514::363700_rep2_fold0_hebo_roc_auc_cv,0.052486899909420466,0.06875837530613133,0.0335557104450861
198,0.21235300902410947,0.27209164292497623,0.28382003798670463,197,-0.7955748438835144,363700,2,0,hebo,roc_auc,binary,LGBM,,False,cv,0.0,78,3,3,LGBM_363700_20260405_160514,363700_rep2_fold0_hebo_roc_auc_cv,LGBM_363700_20260405_160514::363700_rep2_fold0_hebo_roc_auc_cv,0.07665315896739151,0.07578208031052121,0.09334860101563303
199,0.21268366905672942,0.2792616334283,0.2871676163342829,197,-0.7955659627914429,363700,2,0,hebo,roc_auc,binary,LGBM,,False,cv,0.0,78,3,3,LGBM_363700_20260405_160514,363700_rep2_fold0_hebo_roc_auc_cv,LGBM_363700_20260405_160514::363700_rep2_fold0_hebo_roc_auc_cv,0.07771457767210153,0.10369206598585949,0.10738823060838383
200,0.2127631255925776,0.27583095916429246,0.28314339981006653,197,-0.795567512512207,363700,2,0,hebo,roc_auc,binary,LGBM,,False,cv,0.0,78,3,3,LGBM_363700_20260405_160514,363700_rep2_fold0_hebo_roc_auc_cv,LGBM_363700_20260405_160514::363700_rep2_fold0_hebo_roc_auc_cv,0.07796963315217419,0.09033778476040795,0.09051080354475811
201,0.21025574659126822,0.27830009496676156,0.2808998100664766,197,-0.795555830001831,363700,2,0,hebo,roc_auc,binary,LGBM,,False,cv,0.0,78,3,3,LGBM_363700_20260405_160514,363700_rep2_fold0_hebo_roc_auc_cv,LGBM_363700_20260405_160514::363700_rep2_fold0_hebo_roc_auc_cv,0.0699209465579711,0.09994917055588862,0.08110126456238144
202,0.20105272458688872,0.27143874643874644,0.27086894586894594,202,-0.7989326119422913,363700,2,0,hebo,roc_auc,binary,LGBM,,False,cv,0.0,78,3,3,LGBM_363700_20260405_160514,363700_rep2_fold0_hebo_roc_auc_cv,LGBM_363700_20260405_160514::363700_rep2_fold0_hebo_roc_auc_cv,0.0403792459239129,0.07324060810498553,0.039032161704670595
203,0.20478047823829515,0.2697056030389364,0.2701210826210827,202,-0.7979985475540161,363700,2,0,hebo,roc_auc,binary,LGBM,,False,cv,0.0,78,3,3,LGBM_363700_20260405_160514,363700_rep2_fold0_hebo_roc_auc_cv,LGBM_363700_20260405_160514::363700_rep2_fold0_hebo_roc_auc_cv,0.052345335144927535,0.0664941546139271,0.03589564871054535
204,0.3493059506072508,0.3846984805318139,0.40656457739791074,202,-0.7979819178581238,363700,2,0,hebo,roc_auc,binary,LGBM,,False,cv,0.0,78,3,3,LGBM_363700_20260405_160514,363700_rep2_fold0_hebo_roc_auc_cv,LGBM_363700_20260405_160514::363700_rep2_fold0_hebo_roc_auc_cv,0.516272101449275,0.514116722887112,0.6081350194165092
205,0.21935401816955624,0.27952279202279184,0.29196343779677114,202,-0.7979183793067932,363700,2,0,hebo,roc_auc,binary,LGBM,,False,cv,0.0,78,3,3,LGBM_363700_20260405_160514,363700_rep2_fold0_hebo_roc_auc_cv,LGBM_363700_20260405_160514::363700_rep2_fold0_hebo_roc_auc_cv,0.09912639832427564,0.10470865486807342,0.12750174250721932
206,0.5,0.291084995251662,0.5,202,-0.7979285717010498,363700,2,0,hebo,roc_auc,binary,LGBM,,False,cv,0.0,78,3,3,LGBM_363700_20260405_160514,363700_rep2_fold0_hebo_roc_auc_cv,LGBM_363700_20260405_160514::363700_rep2_fold0_hebo_roc_auc_cv,1.0,0.1497158171988354,1.0
207,0.21356079845591214,0.2700617283950617,0.27507122507122506,202,-0.7979907393455505,363700,2,0,hebo,roc_auc,binary,LGBM,,False,cv,0.0,78,3,3,LGBM_363700_20260405_160514,363700_rep2_fold0_hebo_roc_auc_cv,LGBM_363700_20260405_160514::363700_rep2_fold0_hebo_roc_auc_cv,0.08053016304347807,0.0678804121805827,0.05665637757642168
208,0.21193965444263851,0.27490503323836657,0.28036562203228876,202,-0.7980054020881653,363700,2,0,hebo,roc_auc,binary,LGBM,,False,cv,0.0,78,3,3,LGBM_363700_20260405_160514,363700_rep2_fold0_hebo_roc_auc_cv,LGBM_363700_20260405_160514::363700_rep2_fold0_hebo_roc_auc_cv,0.07532629076086973,0.08673351508710281,0.07886089813800719
209,0.21551212279617593,0.2698124406457739,0.28335707502374174,202,-0.7980528473854065,363700,2,0,hebo,roc_auc,binary,LGBM,,False,cv,0.0,78,3,3,LGBM_363700_20260405_160514,363700_rep2_fold0_hebo_roc_auc_cv,LGBM_363700_20260405_160514::363700_rep2_fold0_hebo_roc_auc_cv,0.08679391417572484,0.06691003188392344,0.0914069501145082
210,0.21396012870219872,0.273611111111111,0.27529677113010453,202,-0.7979984283447266,363700,2,0,hebo,roc_auc,binary,LGBM,,False,cv,0.0,78,3,3,LGBM_363700_20260405_160514,363700_rep2_fold0_hebo_roc_auc_cv,LGBM_363700_20260405_160514::363700_rep2_fold0_hebo_roc_auc_cv,0.08181201313405798,0.08169677926158611,0.057602310066713784
211,0.2129595068485034,0.2701092117758783,0.2843186134852802,202,-0.798049807548523,363700,2,0,hebo,roc_auc,binary,LGBM,,False,cv,0.0,78,3,3,LGBM_363700_20260405_160514,363700_rep2_fold0_hebo_roc_auc_cv,LGBM_363700_20260405_160514::363700_rep2_fold0_hebo_roc_auc_cv,0.07860001698369601,0.0680652465228031,0.09543960967838351
212,0.5,0.5,0.5,202,-0.797706127166748,363700,2,0,hebo,roc_auc,binary,LGBM,,False,cv,0.0,78,3,3,LGBM_363700_20260405_160514,363700_rep2_fold0_hebo_roc_auc_cv,LGBM_363700_20260405_160514::363700_rep2_fold0_hebo_roc_auc_cv,1.0,0.962940714384732,1.0
213,0.20794986159081674,0.27095204178537524,0.2704653371320038,202,-0.7976957559585571,363700,2,0,hebo,roc_auc,binary,LGBM,,False,cv,0.0,78,3,3,LGBM_363700_20260405_160514,363700_rep2_fold0_hebo_roc_auc_cv,LGBM_363700_20260405_160514::363700_rep2_fold0_hebo_roc_auc_cv,0.06251905570652184,0.07134605609722297,0.03733944040625359
214,0.21282472543907183,0.28253798670465335,0.28831908831908837,202,-0.7976418137550354,363700,2,0,hebo,roc_auc,binary,LGBM,,False,cv,0.0,78,3,3,LGBM_363700_20260405_160514,363700_rep2_fold0_hebo_roc_auc_cv,LGBM_363700_20260405_160514::363700_rep2_fold0_hebo_roc_auc_cv,0.07816736865942067,0.11644563559909386,0.11221746490092656
215,0.20578844558445075,0.2654795821462489,0.2697174738841406,202,-0.797390341758728,363700,2,0,hebo,roc_auc,binary,LGBM,,False,cv,0.0,78,3,3,LGBM_363700_20260405_160514,363700_rep2_fold0_hebo_roc_auc_cv,LGBM_363700_20260405_160514::363700_rep2_fold0_hebo_roc_auc_cv,0.055580910326087016,0.05004389815627739,0.03420292741212834
216,0.21124446045814715,0.27070275403608746,0.275735992402659,202,-0.797215461730957,363700,2,0,hebo,roc_auc,binary,LGBM,,False,cv,0.0,78,3,3,LGBM_363700_20260405_160514,363700_rep2_fold0_hebo_roc_auc_cv,LGBM_363700_20260405_160514::363700_rep2_fold0_hebo_roc_auc_cv,0.07309471807065247,0.07037567580056371,0.05944438912675503
217,0.21133891132218152,0.2734805318138651,0.27667378917378926,202,-0.797278642654419,363700,2,0,hebo,roc_auc,binary,LGBM,,False,cv,0.0,78,3,3,LGBM_363700_20260405_160514,363700_rep2_fold0_hebo_roc_auc_cv,LGBM_363700_20260405_160514::363700_rep2_fold0_hebo_roc_auc_cv,0.07339790534420279,0.08118848482047913,0.06337747684954768
218,0.21931581631789254,0.26929012345679015,0.27456077872744544,202,-0.7973227500915527,363700,2,0,hebo,roc_auc,binary,LGBM,,False,cv,0.0,78,3,3,LGBM_363700_20260405_160514,363700_rep2_fold0_hebo_roc_auc_cv,LGBM_363700_20260405_160514::363700_rep2_fold0_hebo_roc_auc_cv,0.09900377038043516,0.06487685411949515,0.054515582993130106
219,0.2107499386258973,0.27352801519468184,0.2771248812915479,202,-0.7972756028175354,363700,2,0,hebo,roc_auc,binary,LGBM,,False,cv,0.0,78,3,3,LGBM_363700_20260405_160514,363700_rep2_fold0_hebo_roc_auc_cv,LGBM_363700_20260405_160514::363700_rep2_fold0_hebo_roc_auc_cv,0.07150730298913045,0.08137331916269998,0.06526934183013049
220,0.2092614667281818,0.2762464387464387,0.2815289648622983,202,-0.7973266839981079,363700,2,0,hebo,roc_auc,binary,LGBM,,False,cv,0.0,78,3,3,LGBM_363700_20260405_160514,363700_rep2_fold0_hebo_roc_auc_cv,LGBM_363700_20260405_160514::363700_rep2_fold0_hebo_roc_auc_cv,0.06672930819746369,0.0919550852548399,0.08373991835109101
221,0.22344108015598896,0.2698124406457739,0.26931386514719846,202,-0.7973334193229675,363700,2,0,hebo,roc_auc,binary,LGBM,,False,cv,0.0,78,3,3,LGBM_363700_20260405_160514,363700_rep2_fold0_hebo_roc_auc_cv,LGBM_363700_20260405_160514::363700_rep2_fold0_hebo_roc_auc_cv,0.11224586730072465,0.06691003188392344,0.03251020611371133
222,0.2141621288630412,0.2792616334283001,0.27998575498575495,202,-0.7972378134727478,363700,2,0,hebo,roc_auc,binary,LGBM,,False,cv,0.0,78,3,3,LGBM_363700_20260405_160514,363700_rep2_fold0_hebo_roc_auc_cv,LGBM_363700_20260405_160514::363700_rep2_fold0_hebo_roc_auc_cv,0.08246043365036236,0.10369206598585992,0.07726774868067332
223,0.21177485439523225,0.2747032288698954,0.2837250712250712,202,-0.7973952889442444,363700,2,0,hebo,roc_auc,binary,LGBM,,False,cv,0.0,78,3,3,LGBM_363700_20260405_160514,363700_rep2_fold0_hebo_roc_auc_cv,LGBM_363700_20260405_160514::363700_rep2_fold0_hebo_roc_auc_cv,0.07479728260869561,0.08594796913266395,0.09295031365129956
224,0.21019312913393384,0.2756647673314341,0.28038936372269707,202,-0.7972668409347534,363700,2,0,hebo,roc_auc,binary,LGBM,,False,cv,0.0,78,3,3,LGBM_363700_20260405_160514,363700_rep2_fold0_hebo_roc_auc_cv,LGBM_363700_20260405_160514::363700_rep2_fold0_hebo_roc_auc_cv,0.06971994451992773,0.08969086456263568,0.07896046997909033
225,0.20081899860038832,0.26942070275403607,0.2699786324786325,225,-0.7991673350334167,363700,2,0,hebo,roc_auc,binary,LGBM,,False,cv,0.0,78,3,3,LGBM_363700_20260405_160514,363700_rep2_fold0_hebo_roc_auc_cv,LGBM_363700_20260405_160514::363700_rep2_fold0_hebo_roc_auc_cv,0.03962898550724662,0.06538514856060211,0.035298217664045145
226,0.2015423382545487,0.2693019943019943,0.27188983855650517,225,-0.7991957664489746,363700,2,0,hebo,roc_auc,binary,LGBM,,False,cv,0.0,78,3,3,LGBM_363700_20260405_160514,363700_rep2_fold0_hebo_roc_auc_cv,LGBM_363700_20260405_160514::363700_rep2_fold0_hebo_roc_auc_cv,0.041950905797101444,0.06492306270505026,0.04331375087125375
227,0.21238227459478976,0.26568138651471984,0.2637701804368471,225,-0.7991997003555298,363700,2,0,hebo,roc_auc,binary,LGBM,,False,cv,0.0,78,3,3,LGBM_363700_20260405_160514,363700_rep2_fold0_hebo_roc_auc_cv,LGBM_363700_20260405_160514::363700_rep2_fold0_hebo_roc_auc_cv,0.07674710144927521,0.05082944411071538,0.009260181220751045
228,0.21520769490157565,0.2738722697056031,0.28095916429249757,225,-0.7991902232170105,363700,2,0,hebo,roc_auc,binary,LGBM,,False,cv,0.0,78,3,3,LGBM_363700_20260405_160514,363700_rep2_fold0_hebo_roc_auc_cv,LGBM_363700_20260405_160514::363700_rep2_fold0_hebo_roc_auc_cv,0.08581670063405794,0.0827133681438009,0.0813501941650902
229,0.20175140172806905,0.26926638176638185,0.26934947768281103,225,-0.7989202737808228,363700,2,0,hebo,roc_auc,binary,LGBM,,False,cv,0.0,78,3,3,LGBM_363700_20260405_160514,363700_rep2_fold0_hebo_roc_auc_cv,LGBM_363700_20260405_160514::363700_rep2_fold0_hebo_roc_auc_cv,0.04262199954710175,0.06478443694838495,0.03265956387533649
230,0.212235481144747,0.265693257359924,0.2704415954415955,229,-0.7978647947311401,363700,2,0,hebo,roc_auc,binary,LGBM,,False,cv,0.0,78,3,3,LGBM_363700_20260405_160514,363700_rep2_fold0_hebo_roc_auc_cv,LGBM_363700_20260405_160514::363700_rep2_fold0_hebo_roc_auc_cv,0.07627589447463796,0.050875652696270486,0.037239868565170454
231,0.20800838567768298,0.27521367521367524,0.2771011396011396,229,-0.7978656888008118,363700,2,0,hebo,roc_auc,binary,LGBM,,False,cv,0.0,78,3,3,LGBM_363700_20260405_160514,363700_rep2_fold0_hebo_roc_auc_cv,LGBM_363700_20260405_160514::363700_rep2_fold0_hebo_roc_auc_cv,0.06270691802536248,0.087934938311538,0.06516976998904736
232,0.21683579464648517,0.270607787274454,0.2678418803418804,229,-0.7978519201278687,363700,2,0,hebo,roc_auc,binary,LGBM,,False,cv,0.0,78,3,3,LGBM_363700_20260405_160514,363700_rep2_fold0_hebo_roc_auc_cv,LGBM_363700_20260405_160514::363700_rep2_fold0_hebo_roc_auc_cv,0.0910429008152175,0.07000600711612205,0.02633675196654443
233,0.21172841465754666,0.2716642924976259,0.279190408357075,229,-0.7979121804237366,363700,2,0,hebo,roc_auc,binary,LGBM,,False,cv,0.0,78,3,3,LGBM_363700_20260405_160514,363700_rep2_fold0_hebo_roc_auc_cv,LGBM_363700_20260405_160514::363700_rep2_fold0_hebo_roc_auc_cv,0.07464821105072487,0.07411857123053459,0.07393209200438133
234,0.20249675493250252,0.2664292497625831,0.27018043684710347,234,-0.7983858585357666,363700,2,0,hebo,roc_auc,binary,LGBM,,False,cv,0.0,78,3,3,LGBM_363700_20260405_160514,363700_rep2_fold0_hebo_roc_auc_cv,LGBM_363700_20260405_160514::363700_rep2_fold0_hebo_roc_auc_cv,0.0450145833333332,0.05374058500069273,0.03614457831325318
235,0.21486238973825,0.27007359924026586,0.274537037037037,234,-0.7983246445655823,363700,2,0,hebo,roc_auc,binary,LGBM,,False,cv,0.0,78,3,3,LGBM_363700_20260405_160514,363700_rep2_fold0_hebo_roc_auc_cv,LGBM_363700_20260405_160514::363700_rep2_fold0_hebo_roc_auc_cv,0.08470827105978261,0.0679266207661378,0.05441601115204651
236,0.2108331675527111,0.27418091168091163,0.2798907882241215,234,-0.7983477115631104,363700,2,0,hebo,roc_auc,binary,LGBM,,False,cv,0.0,78,3,3,LGBM_363700_20260405_160514,363700_rep2_fold0_hebo_roc_auc_cv,LGBM_363700_20260405_160514::363700_rep2_fold0_hebo_roc_auc_cv,0.07177446784420269,0.08391479136823565,0.07686946131633986
237,0.20964532470427555,0.27871557454890783,0.2798076923076923,234,-0.7983607053756714,363700,2,0,hebo,roc_auc,binary,LGBM,,False,cv,0.0,78,3,3,LGBM_363700_20260405_160514,363700_rep2_fold0_hebo_roc_auc_cv,LGBM_363700_20260405_160514::363700_rep2_fold0_hebo_roc_auc_cv,0.06796149230072461,0.10156647105032057,0.07652095987254842
238,0.23442496345771813,0.27740978157644824,0.2836063627730294,234,-0.7983716130256653,363700,2,0,hebo,roc_auc,binary,LGBM,,False,cv,0.0,78,3,3,LGBM_363700_20260405_160514,363700_rep2_fold0_hebo_roc_auc_cv,LGBM_363700_20260405_160514::363700_rep2_fold0_hebo_roc_auc_cv,0.1475041326992753,0.0964835266392492,0.09245245444588296
239,0.2074834730828704,0.26988366571699896,0.27762345679012346,234,-0.7983537316322327,363700,2,0,hebo,roc_auc,binary,LGBM,,False,cv,0.0,78,3,3,LGBM_363700_20260405_160514,363700_rep2_fold0_hebo_roc_auc_cv,LGBM_363700_20260405_160514::363700_rep2_fold0_hebo_roc_auc_cv,0.06102194859601411,0.06718728339725447,0.06736035049288097
240,0.5,0.5,0.5,225,-0.7984410524368286,363700,2,0,hebo,roc_auc,binary,LGBM,,False,cv,0.0,78,3,3,LGBM_363700_20260405_160514,363700_rep2_fold0_hebo_roc_auc_cv,LGBM_363700_20260405_160514::363700_rep2_fold0_hebo_roc_auc_cv,1.0,0.962940714384732,1.0
241,0.2039241860524177,0.2707977207977208,0.26956315289648625,225,-0.7984212636947632,363700,2,0,hebo,roc_auc,binary,LGBM,,False,cv,0.0,78,3,3,LGBM_363700_20260405_160514,363700_rep2_fold0_hebo_roc_auc_cv,LGBM_363700_20260405_160514::363700_rep2_fold0_hebo_roc_auc_cv,0.04959663722826089,0.07074534448500494,0.03355571044508657
242,0.20820262060363892,0.27745726495726497,0.27551044634377964,225,-0.7985212802886963,363700,2,0,hebo,roc_auc,binary,LGBM,,False,cv,0.0,78,3,3,LGBM_363700_20260405_160514,363700_rep2_fold0_hebo_roc_auc_cv,LGBM_363700_20260405_160514::363700_rep2_fold0_hebo_roc_auc_cv,0.06333041213768104,0.09666836098147004,0.05849845663646339
243,0.2147096863853898,0.27026353276353265,0.275735992402659,225,-0.7985325455665588,363700,2,0,hebo,roc_auc,binary,LGBM,,False,cv,0.0,78,3,3,LGBM_363700_20260405_160514,363700_rep2_fold0_hebo_roc_auc_cv,LGBM_363700_20260405_160514::363700_rep2_fold0_hebo_roc_auc_cv,0.08421809329710131,0.06866595813502069,0.05944438912675503
244,0.209624238820037,0.2754985754985755,0.2752967711301044,225,-0.7984837889671326,363700,2,0,hebo,roc_auc,binary,LGBM,,False,cv,0.0,78,3,3,LGBM_363700_20260405_160514,363700_rep2_fold0_hebo_roc_auc_cv,LGBM_363700_20260405_160514::363700_rep2_fold0_hebo_roc_auc_cv,0.06789380661231888,0.08904394436486256,0.05760231006671332
245,0.214196246162355,0.27599715099715105,0.2770180436847104,225,-0.7985207438468933,363700,2,0,hebo,roc_auc,binary,LGBM,,False,cv,0.0,78,3,3,LGBM_363700_20260405_160514,363700_rep2_fold0_hebo_roc_auc_cv,LGBM_363700_20260405_160514::363700_rep2_fold0_hebo_roc_auc_cv,0.08256995018115965,0.09098470495818108,0.06482126854525593
246,0.20351373792270533,0.26557454890788235,0.26893399810066476,246,-0.7979076504707336,363700,2,0,hebo,roc_auc,binary,LGBM,,False,cv,0.0,78,3,3,LGBM_363700_20260405_160514,363700_rep2_fold0_hebo_roc_auc_cv,LGBM_363700_20260405_160514::363700_rep2_fold0_hebo_roc_auc_cv,0.04827909873188421,0.05041356684071905,0.03091705665637792
247,0.21168719171858774,0.2702279202279202,0.2754154795821463,225,-0.7980163097381592,363700,2,0,hebo,roc_auc,binary,LGBM,,False,cv,0.0,78,3,3,LGBM_363700_20260405_160514,363700_rep2_fold0_hebo_roc_auc_cv,LGBM_363700_20260405_160514::363700_rep2_fold0_hebo_roc_auc_cv,0.07451588541666675,0.0685273323783554,0.05810016927213039
248,0.22598394679218026,0.277469135802469,0.2747150997150998,226,-0.7974886298179626,363700,2,0,hebo,roc_auc,binary,LGBM,,False,cv,0.0,78,3,3,LGBM_363700_20260405_160514,363700_rep2_fold0_hebo_roc_auc_cv,LGBM_363700_20260405_160514::363700_rep2_fold0_hebo_roc_auc_cv,0.12040846920289872,0.0967145695670247,0.05516279996017187
249,0.4329426624791187,0.42991452991452994,0.4446106362773029,226,-0.7973874807357788,363700,2,0,hebo,roc_auc,binary,LGBM,,False,cv,0.0,78,3,3,LGBM_363700_20260405_160514,363700_rep2_fold0_hebo_roc_auc_cv,LGBM_363700_20260405_160514::363700_rep2_fold0_hebo_roc_auc_cv,0.7847459465579711,0.6901252252668542,0.7676988947525639
